# USDConverter OBJ File: stormtrooper.obj
mtllib stormtrooper.mtl
g submesh
v -0.00739043 0.0230866 -0.00430048
v -0.00543992 0.0221842 -0.00631062
v -0.00527805 0.0216819 -0.00523591
v -0.00845868 0.0236452 -0.00207036
v -0.00879241 0.024475 -0.000265615
v -0.0103723 0.0243231 -0.000482542
v -0.0113374 0.024429 -0.00114202
v -0.0100876 0.0239079 -0.00237014
v -0.00593211 0.0229362 -0.00368194
v -0.00973713 0.0251725 0.0011082
v -0.0110436 0.0254387 0.000850812
v -0.0121739 0.0252882 -0.000135257
v -0.0119504 0.0247453 -0.00194918
v -0.00869769 0.0254756 0.000745772
v -0.00807348 0.0254137 -0.000568351
v -0.012536 0.0281389 -1.22118e-05
v -0.0117853 0.0283909 -0.000201302
v -0.0129129 0.0280751 -0.000642877
v -0.0109498 0.0283045 -0.00076948
v -0.0118534 0.0283055 -0.00143483
v -0.0128954 0.0274222 2.85016e-06
v -0.0121277 0.0279491 0.000623144
v -0.0124657 0.0283384 -0.00104438
v -0.0113251 0.0284402 0.000840186
v -0.0115573 0.0262526 0.00109726
v -0.0113821 0.0275483 0.0014579
v -0.0123025 0.0268494 0.000506682
v -0.0102105 0.0286455 0.000280643
v -0.0106726 0.0284498 0.00154383
v -0.0103974 0.0276988 0.0018617
v -0.00975232 0.0285107 0.00176863
v -0.0104726 0.0265182 0.00173896
v -0.0097267 0.0274496 0.00189842
v -0.00911342 0.0264975 0.00156949
v -0.00916375 0.0277781 0.00161901
v -0.0128302 0.0265288 -0.000302535
v -0.0128088 0.0261085 -0.00143843
v -0.0129634 0.0271235 -0.000803017
v -0.0120757 0.0277003 -0.0020254
v -0.0126425 0.02751 -0.0014572
v -0.0121376 0.0267772 -0.0020767
v -0.0114309 0.0273689 -0.00249042
v -0.0120253 0.0258228 -0.00221487
v -0.00580173 0.0254197 -0.00667904
v -0.00501432 0.0250739 -0.00734767
v -0.00602523 0.0246037 -0.00665255
v -0.00488387 0.0261576 -0.00684901
v -0.00567592 0.0262355 -0.00609021
v -0.00501881 0.0264545 -0.00578247
v -0.00447651 0.0226354 -0.00752223
v -0.00495151 0.0239251 -0.00746796
v -0.00380239 0.0234145 -0.00796928
v -0.00589634 0.0235366 -0.00655502
v -0.00376652 0.0257683 -0.0079006
v -0.00385423 0.0245955 -0.00806368
v -0.00335444 0.0271202 -0.00642011
v -0.00318819 0.0267224 -0.00749769
v -0.00247654 0.025315 -0.0083755
v -0.0061646 0.0258886 -0.0061462
v -0.0025029 0.0238873 -0.00842646
v -0.00914366 0.0281661 -0.00174346
v -0.00970969 0.0280991 -0.00246065
v -0.0098757 0.0284103 -0.00168521
v -0.0102811 0.0283256 -0.002198
v -0.0107527 0.028362 -0.00168261
v -0.0107313 0.0280996 -0.00252541
v -0.0115517 0.028156 -0.00220124
v -0.00859894 0.0276684 -0.00190199
v -0.00918935 0.027766 -0.00218751
v -0.00948224 0.0284559 -0.000841291
v -0.0102197 0.0284148 -0.000907185
v -0.0086734 0.0282328 -0.00111131
v -0.00824196 0.0277257 -0.00127066
v -0.00803306 0.0269844 -0.00140821
v -0.00857481 0.0276065 0.000896117
v -0.00908606 0.0284836 0.00104351
v -0.00900136 0.0285435 -0.000108924
v -0.00836411 0.027103 -7.51052e-05
v -0.00842836 0.0277748 0.000247992
v -0.00854513 0.0281823 0.000414635
v -0.00836948 0.027931 -0.00046308
v -0.00766065 0.0259894 -0.0013085
v -0.00810131 0.0264105 -0.000508396
v -0.00838111 0.0264613 0.00047001
v -0.00881552 0.025971 -0.00350903
v -0.00869488 0.0263036 -0.00297665
v -0.00822483 0.0265337 -0.00335835
v -0.0102757 0.0258333 -0.0028154
v -0.0111479 0.0253576 -0.00251692
v -0.0111612 0.0264906 -0.0026949
v -0.00940823 0.0261997 -0.00311299
v -0.00914272 0.0266216 -0.00270922
v -0.00995329 0.0266105 -0.0027936
v -0.00839032 0.0269155 -0.00258871
v -0.00770576 0.026822 -0.00309314
v -0.0107508 0.0246847 -0.00247723
v -0.00928352 0.0272871 -0.0025145
v -0.0104377 0.0273139 -0.00267444
v -0.00737585 0.0266114 -0.00243537
v -0.00683851 0.0268551 -0.00321672
v -0.0101588 0.0250953 -0.00258841
v -0.0095134 0.0254266 -0.0032529
v -0.00178302 0.016396 -0.00631139
v -0.00135157 0.0148685 -0.00648594
v -0.0021577 0.0152233 -0.0057552
v -0.00195253 0.014334 -0.0060319
v -0.00327838 0.016105 -0.0053955
v -0.0024563 0.0146136 -0.00523813
v -0.000609223 0.019078 -0.0079165
v 0.000838111 0.0176979 -0.00858746
v -0.000420847 0.0172023 -0.00737678
v -0.00208951 0.0203833 -0.00742113
v -0.00361638 0.0213465 -0.00710966
v -0.00253498 0.022234 -0.0080174
v -0.00411986 0.0210291 -0.00628117
v -0.00239924 0.0185125 -0.00630666
v -0.00312561 0.0201851 -0.00644178
v -0.000820958 0.0210101 -0.00834373
v -0.000414622 0.0155658 -0.00723609
v 0.00158009 0.015015 -0.00857452
v 0.00168483 0.0138033 -0.00861584
v 0.000602789 0.0144072 -0.0081509
v -0.00393353 0.0204597 -0.00564053
v 0.0014875 0.0160886 -0.00874401
v 0.000708723 0.0160545 -0.00812124
v -0.00049591 0.0142345 -0.00748195
v -1.662e-05 0.0129203 -0.00813488
v 0.00100994 0.0131452 -0.00863199
v 0.00259748 0.0144381 -0.00870613
v 0.00046608 0.0169408 -0.00807814
v -0.00328231 0.0194923 -0.00575576
v -0.00370318 0.0197724 -0.00505016
v -0.00345503 0.0188198 -0.00540525
v -0.00292104 0.0171704 -0.00577576
v -0.00359904 0.0176867 -0.00554802
v -0.00676949 0.0253441 -0.00599512
v -0.00709852 0.0245272 -0.00570427
v -0.00768699 0.025494 -0.00533212
v -0.00835867 0.0263534 -0.00414638
v -0.00884653 0.0258363 -0.00414547
v -0.0065179 0.0263056 -0.00531818
v -0.00598855 0.0264467 -0.00466064
v -0.00842395 0.0258153 -0.00471567
v -0.00768526 0.0262032 -0.00488319
v -0.00729981 0.0267138 -0.00403531
v -0.00982498 0.0244765 -0.0029103
v -0.00912175 0.0240191 -0.00366868
v -0.00822999 0.0250458 -0.00503947
v -0.00706092 0.0259382 -0.00559002
v -0.00682741 0.023499 -0.00551534
v -0.00828322 0.0242361 -0.00469966
v -0.00917581 0.0247324 -0.00365408
v -0.00892704 0.0251263 -0.0044948
v -0.00957884 0.0249051 -0.00289301
v -0.00893506 0.0254156 -0.00374134
v -0.00638979 0.0265883 -0.00390909
v 0.00958537 0.0305206 -0.00178615
v 0.00942237 0.0301913 -0.000580664
v 0.00864854 0.0296141 -0.00176111
v 0.00606871 0.0349626 -0.00786383
v 0.0071128 0.0350014 -0.00702701
v 0.00627126 0.0338442 -0.00791194
v 0.00785852 0.0288379 -0.00277776
v 0.00830049 0.0296252 -0.00336926
v 0.00359335 0.0328088 -0.00831402
v 0.00434345 0.0340718 -0.00827772
v 0.00446037 0.0322109 -0.00831531
v 0.00651523 0.0324128 -0.00791861
v 0.00672162 0.031382 -0.00749838
v 0.0054781 0.0312368 -0.00788347
v 0.00740986 0.0290257 -0.00398966
v 0.0071712 0.0284605 -0.00352259
v 0.0095366 0.0299447 0.000612892
v 0.00949669 0.029302 0.000120409
v 0.00788293 0.0338599 -0.00656603
v 0.00837285 0.0330227 -0.00601441
v 0.00792504 0.0328256 -0.00670792
v 0.005656 0.0273762 -0.00495863
v 0.0067135 0.0277414 -0.00360458
v 0.00672342 0.0267292 -0.00365946
v 0.00721436 0.0333216 -0.00739784
v 0.00906823 0.0288146 -0.000592525
v 0.0063126 0.0288619 -0.00487733
v 0.00548949 0.0300018 -0.00692646
v 0.00431363 0.029913 -0.0073668
v 0.0077995 0.0279328 -0.00236671
v 0.00441688 0.027739 -0.0065103
v 0.00509529 0.0285912 -0.00571617
v 0.00398188 0.0288813 -0.00699178
v 0.00463439 0.0292103 -0.00654408
v 0.00624326 0.0306366 -0.00704903
v 0.00619849 0.0255109 -0.00430929
v 0.00789149 0.0297218 0.00267417
v 0.00838193 0.0292022 0.0022045
v 0.00861703 0.0297152 0.00185602
v 0.00547625 0.0342866 -0.00806835
v 0.00542974 0.032938 -0.00830107
v 0.00722142 0.0309235 -0.0064973
v 0.00843648 0.0317811 -0.0057734
v 0.00768193 0.0299252 -0.00502113
v 0.00743901 0.0320407 -0.00715124
v 0.0084661 0.033882 -0.00556084
v 0.00647105 0.0298901 -0.0062038
v 0.00415256 0.0309297 -0.00788846
v 0.00978437 0.0285437 0.000195427
v 0.00337532 0.0316587 -0.00802378
v 0.00831661 0.0286463 -0.00154888
v 0.0052399 0.0357164 -0.00793687
v 0.00762516 0.026855 -0.00255169
v 0.00886592 0.0277944 -0.00106846
v 0.00630876 0.0362024 -0.0075513
v 0.00910779 0.0329757 -0.00505131
v 0.0072483 0.0258785 -0.00293279
v 0.00470324 0.0256431 -0.00603221
v 0.00949548 0.027942 0.00161726
v 0.00966478 0.028836 0.000785843
v 0.0090341 0.0291957 0.00131948
v 0.00839434 0.026891 -0.00143566
v 0.00832156 0.0253236 -0.00168382
v 0.0100078 0.0278218 0.000749081
v 0.00930203 0.0263375 -0.000438423
v 0.00966586 0.0276625 1.13871e-05
v 0.0101672 0.0265105 0.00231145
v 0.00908743 0.0275751 0.00240806
v 0.0101766 0.0270713 0.00140015
v 0.00733759 0.0243087 -0.00293161
v 0.00807213 0.0242282 -0.00194399
v 0.00799836 0.0235932 -0.00220021
v 0.00869207 0.0306584 0.00219497
v 0.0102249 0.0265633 0.000699951
v 0.00624687 0.0241252 -0.00427455
v 0.00663967 0.0230107 -0.00395435
v 0.00598387 0.0219137 -0.00472196
v 0.005139 0.0224119 -0.00577807
v 0.00588803 0.0230979 -0.0048425
v 0.00763215 0.022527 -0.00265306
v 0.00674575 0.0215606 -0.00369595
v 0.00544117 0.0241877 -0.00540723
v 0.00418706 0.0234313 -0.00679807
v 0.00921038 0.0301218 0.00142845
v 0.00862751 0.02336 -0.00145524
v 0.00336291 0.0362201 -0.00777987
v 0.00406281 0.036098 -0.00796179
v 0.00324481 0.0350846 -0.00792807
v 0.0101361 0.0251561 0.00047089
v 0.00341039 0.0374725 -0.00773112
v 0.00935879 0.0244632 -0.000362132
v 0.00477128 0.0372029 -0.0080116
v 0.00543396 0.0294024 -0.006036
v 0.00863569 0.0284562 0.00217161
v 0.00778585 0.0287853 0.00286923
v 0.00812985 0.027955 0.0031208
v 0.00637483 0.0281422 0.00441612
v 0.00701659 0.027782 0.00451298
v 0.007232 0.0279302 0.00389598
v 0.00732265 0.0284084 0.0033359
v 0.00937305 0.0320031 -0.00448439
v 0.00966446 0.0326795 -0.00397049
v 0.0098396 0.0319249 -0.00318604
v 0.00678282 0.0292205 0.00396959
v 0.0100938 0.0313781 -0.00103246
v 0.0103085 0.0322709 -0.00190188
v 0.0102917 0.032531 -0.000568476
v 0.00901833 0.0307397 -0.00391322
v 0.00997723 0.0314692 -0.00205683
v 0.00959865 0.0309367 -0.00266311
v 0.00988784 0.0309741 0.00135784
v 0.0063639 0.0199672 -0.00434923
v 0.00746872 0.0207927 -0.00286843
v 0.00303767 0.0338008 -0.00812579
v 0.00525102 0.0198275 -0.00556943
v 0.0053133 0.0208212 -0.0055797
v 0.00558369 0.0178843 -0.00531431
v 0.00568175 0.0191164 -0.00521314
v 0.00619301 0.0187036 -0.00460994
v 0.00745761 0.03057 0.00363136
v 0.0100116 0.0329569 -0.00284569
v 0.00920255 0.0301719 -0.00265219
v 0.010132 0.0312191 0.000125436
v 0.0033755 0.0164677 -0.00821805
v 0.00423459 0.0159913 -0.00725621
v 0.00351826 0.0151037 -0.00805424
v 0.00259086 0.0360284 -0.00757
v 0.00143937 0.0349912 -0.00705043
v 0.0019215 0.0370267 -0.00744086
v 0.000485943 0.0368419 -0.00686052
v 0.00240603 0.0349644 -0.00748936
v 0.0021401 0.0343807 -0.00728336
v 0.00259593 0.0343055 -0.00768148
v -0.000300079 0.0334431 -0.00636731
v -0.000360041 0.0348646 -0.00613316
v 0.00041755 0.0341697 -0.00653211
v -0.00121258 0.0335282 -0.00576479
v 0.00204708 0.033675 -0.00747566
v 0.000760827 0.0335263 -0.00698243
v -0.00123503 0.0277329 -0.00531614
v -0.00109661 0.0280366 -0.00610411
v -0.0019146 0.0276308 -0.00574915
v 0.00142415 0.032543 -0.00730254
v 0.00258051 0.032576 -0.00804331
v -0.000995619 0.0284715 -0.00488557
v -0.00037751 0.02843 -0.00576046
v 0.00417066 0.0176576 -0.00707887
v 0.00478789 0.0165822 -0.00649126
v -0.00030831 0.0315037 -0.00631556
v 0.000222186 0.0324435 -0.00662746
v 0.000842194 0.0313344 -0.00691313
v 0.0031413 0.030271 -0.00747045
v 0.00150368 0.02987 -0.00692715
v 0.00212218 0.0313487 -0.00763839
v 0.000309043 0.0197373 -0.00876229
v -2.03134e-05 0.0302621 -0.00630191
v 0.00217626 0.0280491 -0.00721279
v 0.00196616 0.027294 -0.00727874
v 0.00133515 0.0279081 -0.00678706
v 0.00263384 0.0273563 -0.00778191
v -0.00213001 0.027751 -0.00643766
v -0.000892923 0.0277264 -0.00675318
v 0.00269034 0.0287877 -0.00723279
v 0.00116352 0.0263175 -0.0078636
v 0.000345452 0.0265457 -0.00783615
v 0.00112246 0.026974 -0.0073266
v 0.00084592 0.0244638 -0.00855416
v -0.0008306 0.0246259 -0.00873844
v 0.000269654 0.0255939 -0.00852832
v 0.000988399 0.0286813 -0.00652045
v 0.000361707 0.0291676 -0.00620754
v -0.000443925 0.0292935 -0.00551396
v 0.00189848 0.0263175 -0.00764445
v 0.00247728 0.0259495 -0.00800471
v -0.00121154 0.0323177 -0.00573226
v 0.000744402 0.0260624 -0.00817786
v 0.00116552 0.0194283 -0.00914445
v 0.000135945 0.0261493 -0.00822791
v 0.00120252 0.0256163 -0.00811003
v 0.00194003 0.0251159 -0.00814247
v 0.00206572 0.0237544 -0.0086241
v 0.0018341 0.0287269 -0.00695965
v -0.00257951 0.0263373 -0.0080905
v 0.000862698 0.0213464 -0.00902468
v 3.30272e-05 0.0281649 -0.00648586
v 0.000318637 0.0285996 -0.00622896
v 0.000156317 0.0234126 -0.00879339
v -0.000924289 0.0228345 -0.00858459
v -0.00077247 0.0270606 -0.00736668
v -0.000951234 0.0262667 -0.00839063
v 0.00118768 0.0230323 -0.00893926
v 0.00209499 0.0222912 -0.00885796
v 0.000224604 0.0273475 -0.00684451
v -0.00210928 0.0273276 -0.00708006
v -0.00189063 0.026887 -0.00772769
v 0.000287328 0.0270439 -0.00734568
v 0.00239649 0.038286 -0.007664
v 0.00177727 0.0183809 -0.00913484
v 0.00387255 0.0260624 -0.00741694
v 0.00288279 0.0241946 -0.00832576
v 0.00360631 0.0245361 -0.00775841
v 0.00318139 0.0229872 -0.00818886
v 0.00199795 0.0198461 -0.00922971
v 0.00221967 0.020996 -0.00898474
v 0.0038737 0.0251566 -0.00747435
v 0.00303512 0.0254658 -0.00816296
v 0.00321877 0.0267043 -0.00794095
v 0.00241793 0.024654 -0.00832621
v 0.00246249 0.0252909 -0.00830042
v 0.00306169 0.0201274 -0.00849439
v 0.00414443 0.0209897 -0.00699029
v 0.00368034 0.0191816 -0.00786883
v 0.00401332 0.0249588 -0.00711084
v 0.00286895 0.0169843 -0.00891472
v 0.00314363 0.0175687 -0.00837514
v 0.0031494 0.0214727 -0.0083636
v 0.0036922 0.0221672 -0.00761819
v 0.00274897 0.0184074 -0.00877899
v 0.00352672 0.0292168 -0.00726197
v 0.0035975 0.0279362 -0.00761379
v 0.00284385 0.0264007 -0.00802625
v 0.00337295 0.0182257 -0.00814916
v 0.00206004 0.016933 -0.00921229
v 0.00279071 0.0157766 -0.00883667
v 0.00465388 0.019189 -0.00627917
v 0.00212147 0.0155128 -0.0089462
v -0.0015171 0.0303689 -0.00512735
v -0.000818532 0.0300431 -0.00542807
v -0.00137821 0.0294817 -0.00478282
v -0.00103533 0.0309329 -0.00571547
v 0.00483719 0.0202394 -0.00620689
v -0.00212931 0.0301402 -0.00436227
v -0.00199685 0.0293947 -0.00392681
v -0.00183225 0.0285819 -0.00427195
v 0.0050289 0.0170936 -0.00598058
v -0.00290922 0.0308594 -0.00357631
v -0.00229361 0.0300107 -0.00334247
v -0.00229594 0.031262 -0.00495097
v -0.00306416 0.0316593 -0.00408704
v -0.00294293 0.0312499 -0.00243814
v -0.00318547 0.0316045 -0.00316224
v -0.00324437 0.0319497 -0.00224737
v -0.00274616 0.0328598 -0.00469169
v -0.00320406 0.0322547 -0.00337342
v -0.00181115 0.0341046 -0.0046627
v -0.00133316 0.0342062 -0.00544205
v -0.00176004 0.0334256 -0.00511316
v -0.00170761 0.0329619 -0.00526666
v 0.00265158 0.00323285 -0.00705148
v 0.00282876 0.00296839 -0.00768545
v 0.00260722 0.00382186 -0.00787836
v 0.0035183 0.00398083 -0.00585085
v 0.00278037 0.00420508 -0.00696923
v 0.00350078 0.00508919 -0.00669048
v 0.00737222 0.00256881 -0.00199363
v 0.00666333 0.00208429 -0.00282219
v 0.00669663 0.0028142 -0.00291839
v 0.00491336 0.0030589 -0.00505023
v 0.00400062 0.0031604 -0.0052545
v 0.00460244 0.00340599 -0.00487885
v 0.00910931 0.00393274 0.00145979
v 0.00987555 0.00379877 0.00167607
v 0.00954462 0.00320554 0.0015691
v 0.00426506 0.00385913 -0.00505828
v 0.0100165 0.00250252 0.00137507
v 0.00904749 0.00211976 0.00029924
v 0.00834755 0.0013535 4.85196e-06
v 0.00786797 0.00163354 -0.00184083
v 0.00504276 0.00390065 -0.0048669
v 0.00286625 0.00357841 -0.00651923
v 0.00323083 0.00283805 -0.0061076
v 0.00534451 0.00257215 -0.00510214
v 0.00611991 0.00247999 -0.00397798
v 0.00558549 0.00204243 -0.00497305
v 0.00573317 0.00339976 -0.0045896
v 0.00775111 0.00240247 -0.000786512
v 0.00721969 0.00301005 -0.00116892
v 0.00842973 0.003213 0.00117858
v 0.00865688 0.00255899 0.00103525
v 0.00796107 0.00271311 0.000469728
v 0.00489564 0.000836343 -0.00359474
v 0.00481759 0.00153008 -0.00581958
v 0.00625553 0.00157072 -0.00398681
v 0.00309073 0.00256023 -0.00698494
v 0.00489645 0.00214368 -0.00565091
v 0.00930088 0.0019955 0.000638333
v 0.00438125 0.00255212 -0.00558417
v 0.00282211 0.00309037 -0.00837798
v 0.00420093 0.0123999 -0.00536503
v 0.00495445 0.0116756 -0.00482935
v 0.00387109 0.0111276 -0.00572478
v 0.00796806 0.00600669 -0.00132833
v 0.00706909 0.00594869 -0.00263734
v 0.00760083 0.00753821 -0.00206395
v 0.00917682 0.00499849 0.000696562
v 0.00985284 0.00461319 0.00140614
v 0.00919191 0.00181723 0.0035985
v 0.00942411 0.00244333 0.00390533
v 0.00848399 0.00155465 0.00425722
v 0.00906808 0.00146936 0.00252414
v 0.00339816 0.0022881 -0.00728853
v 0.00583694 0.00961754 -0.00435103
v 0.00531457 0.00788072 -0.00514316
v 0.0052262 0.00966541 -0.00512554
v 0.00759273 0.000556141 0.00318984
v 0.00256126 0.000850365 -0.00660232
v 0.00198667 0.00172345 -0.00820622
v 0.00349464 0.0013897 -0.0068525
v 0.00902093 0.00307193 0.00144464
v 0.00146063 0.00269765 -0.00880589
v 0.00195071 0.00235924 -0.00866693
v 0.00394462 0.00226095 -0.00634518
v 0.00267042 0.0022433 -0.00833199
v 0.00361849 0.00877157 -0.00753414
v 0.00360768 0.00985339 -0.00727451
v 0.00447439 0.00927289 -0.006253
v 0.0075945 0.00423573 -0.000520279
v 0.00720119 0.00400217 -0.00119913
v 0.00768477 0.00479598 -0.00111883
v 0.00911167 0.00626954 4.0668e-05
v 0.00833129 0.00505796 -0.000323331
v 0.00809144 0.00382127 0.000349017
v 0.00729289 0.00353348 -0.000478322
v 0.00708758 0.00382468 -0.00242948
v 0.00753788 0.00482206 -0.00185802
v 0.00561328 0.0107351 -0.00471961
v 0.00471962 0.0103713 -0.00548316
v 0.0105927 0.00428666 0.00195209
v 0.00638991 0.00493976 -0.00336294
v 0.00603149 0.00634319 -0.00395818
v 0.00184704 0.0124418 -0.0089291
v 0.00166939 0.0111275 -0.00905584
v 0.000861444 0.0117156 -0.00872641
v 0.0063349 0.00364228 -0.00358441
v 0.00134309 0.00402106 -0.00891694
v 0.00212256 0.00311372 -0.00896267
v 0.00422161 0.00799981 -0.0065909
v 0.00430608 0.00648989 -0.00638723
v 0.00579802 0.00463612 -0.00448489
v 0.00534429 0.00614415 -0.00512855
v 0.00455877 0.00488107 -0.00542522
v 0.00322776 0.00733243 -0.00773023
v -0.000261455 0.00235908 -0.00781679
v -0.000926148 0.00317974 -0.0072771
v 0.000451083 0.00251958 -0.00840481
v 0.0102043 0.00570488 0.00135736
v -0.000398106 0.0106156 -0.007986
v 0.00086641 0.00843585 -0.00845871
v -0.000353034 0.00792213 -0.00751349
v 0.00228126 0.00999185 -0.00892136
v 0.00236882 0.0113246 -0.00883845
v 0.00248672 0.013243 -0.00826157
v 0.00307831 0.0126555 -0.00743381
v 0.00259653 0.0121633 -0.00831816
v 0.00247774 0.00761414 -0.00868061
v 0.00277348 0.00871049 -0.00853081
v 0.00119671 0.0100591 -0.00886351
v 0.000374154 0.00445214 -0.00824789
v 0.000780495 0.00639082 -0.00840996
v 0.00109334 0.00508982 -0.00870605
v 0.00169866 0.00553465 -0.00899895
v 0.00336535 0.00602217 -0.00750227
v 0.00171912 0.00715581 -0.00904165
v 0.00295086 0.0115356 -0.00737523
v 0.00342499 0.012015 -0.00634176
v 0.0024166 0.00436361 -0.00876513
v 0.00750442 0.00289281 -0.000131576
v 0.00290242 0.00496465 -0.00783395
v 0.00919876 0.00252038 0.00112768
v 0.00117621 0.00110267 -0.00768112
v 0.00646984 0.00848648 -0.00330165
v 0.00401562 0.0102089 -0.00626599
v -0.000921713 0.00555414 -0.00725208
v 0.00191615 0.00867482 -0.00897716
v 0.00593843 0.0105614 -0.00411444
v 0.00851482 0.00229874 0.00012081
v -0.000385922 0.00142017 -0.00761391
v 0.00259192 0.00620776 -0.00851021
v 0.0034522 0.0138046 -0.00768531
v 0.00304574 0.00958282 -0.00820689
v 0.00283305 0.0106511 -0.00807913
v 0.00615253 0.0102987 -0.00345838
v 0.00258867 0.0114372 -0.00825838
v 0.00332528 0.0106808 -0.00685267
v 0.00844099 0.00730285 -0.000872873
v 0.00340196 0.0112504 -0.00662897
v 0.0102977 0.00314026 0.0029139
v 0.00634558 0 0.000596468
v 0.0011262 0.000305295 -0.00559784
v 0.00146513 0.000437647 -0.00125847
v -0.00248227 0.0246896 -0.00297529
v -0.00219955 0.0261348 -0.00240292
v -0.00280018 0.0255964 -0.00340452
v 0.00545918 0.0262923 0.00530244
v 0.00599153 0.0271865 0.0050343
v 0.00503393 0.0271726 0.00514732
v -0.00265568 0.0278413 -0.00318738
v -0.00227455 0.0279724 -0.00385286
v -0.00246815 0.0272276 -0.00391847
v 0.00205497 0.0241759 0.00283946
v 0.00133822 0.0245475 0.00200295
v 0.00150699 0.023136 0.00201998
v -0.0021833 0.0293533 -0.00319947
v -0.00209399 0.0296717 -0.00256947
v 0.00377069 0.0285731 0.00517027
v 0.00398707 0.0273186 0.00527962
v 0.00473984 0.0281988 0.00530107
v -0.00234871 0.0280654 -0.00234223
v -0.00247369 0.027251 -0.00258673
v -0.00186376 0.0275503 -0.00176585
v -0.00240003 0.0305234 -0.0021717
v -0.00179025 0.0298571 0.00029352
v -0.000729702 0.0292295 0.00186822
v -0.00247753 0.0306187 0.00192007
v -0.0017358 0.0276254 -0.00437881
v -0.00202917 0.0271496 -0.00507357
v -0.00222716 0.0268493 -0.00443785
v -0.00229709 0.0288542 -0.00252016
v -0.0018284 0.0284982 -0.00180831
v 0.00195374 0.0284937 0.00398815
v 0.000746618 0.0285582 0.00303594
v 0.00155552 0.0275425 0.0032174
v -0.00116954 0.0292446 -0.000497445
v -0.00173381 0.0295521 -0.00139944
v 0.00313729 0.0281485 0.00444457
v 0.00252652 0.0295965 0.00515542
v 0.000924059 0.0176978 0.00134979
v 0.000440578 0.0188001 0.000668296
v 0.000108317 0.0179129 0.00010421
v 0.00300581 0.0266627 0.00439148
v 0.00369558 0.0251001 0.00507257
v 0.00292266 0.0240844 0.00397674
v 0.00389156 0.0235085 0.00525383
v -0.000390517 0.0297993 0.00386398
v 0.00102251 0.0294596 0.00429999
v -0.000984211 0.0289949 0.000265348
v 0.00237416 0.0274433 0.00395093
v -0.00107156 0.0283898 -0.000893846
v -0.00436335 0.0210496 -0.00473976
v -0.00285692 0.0188259 -0.00344781
v -0.00297058 0.017069 -0.00363971
v -0.00216377 0.0175912 -0.00275342
v 0.00373242 0.0263324 0.00517136
v -0.00362639 0.018554 -0.00447966
v -0.00318137 0.0147605 -0.00487298
v -0.00346549 0.0153943 -0.00418022
v -0.00371692 0.0169429 -0.00456345
v -0.00200293 0.0190278 -0.00248478
v -0.00262304 0.0203881 -0.00307186
v -0.00740349 0.0242678 -0.00179114
v -0.00691882 0.0252063 -0.00165181
v -0.00442355 0.0234708 -0.003774
v -0.0040192 0.0220721 -0.00430994
v 0.00223611 0.0254447 0.00315059
v -0.00134579 0.017958 -0.0017342
v 0.00455467 0.0261282 0.00553171
v 0.000482363 0.020257 0.000771721
v 0.00122592 0.0189836 0.00168876
v -0.00264892 0.0275616 -0.00602939
v -0.00200567 0.0233375 -0.00231239
v -0.00180331 0.0243648 -0.00184256
v -0.00327198 0.022519 -0.00387742
v -0.00312317 0.0232796 -0.00387031
v -0.00331492 0.0204174 -0.00428466
v -0.00571717 0.0249032 -0.00200735
v -0.00589632 0.0241302 -0.00243852
v -0.00371429 0.0245313 -0.00367857
v -0.00488115 0.0244399 -0.00272213
v -0.00292448 0.0271443 -0.00558919
v -0.00304588 0.0214909 -0.0037776
v -0.00233543 0.0220981 -0.00283125
v -0.00264707 0.0235951 -0.00320756
v -0.0015429 0.0199513 -0.00174867
v -0.000734171 0.0182981 -0.000800868
v -0.00191255 0.0251079 -0.00223499
v -0.00609698 0.0256135 -0.0018106
v -0.00501997 0.0254077 -0.00250235
v -0.0013782 0.0254153 -0.00135368
v -0.00612798 0.0265627 -0.00275951
v -0.00518367 0.0260071 -0.00283479
v -0.00498592 0.0261898 -0.00348337
v -0.00690167 0.0258893 -0.00190982
v -0.00415459 0.0257421 -0.00325719
v -0.00598405 0.0261654 -0.00214869
v -0.00583074 0.0264413 -0.00358012
v -0.00681353 0.0262886 -0.00225591
v -0.00744488 0.0263511 -0.00186543
v -0.00340891 0.0254473 -0.00382428
v -0.00390294 0.0261079 -0.00414443
v -0.00271407 0.0266101 -0.0034031
v 0.000646496 0.0279064 0.00169132
v 0.00109809 0.0275529 0.00252948
v -0.000383262 0.019699 -0.000257022
v -0.00132842 0.0235038 -0.00153045
v -0.00232305 0.0286875 -0.00352533
v -0.000284877 0.0278898 0.000381499
v -0.000362667 0.0267701 0.000233393
v 0.000552987 0.0267328 0.000859321
v -0.00106543 0.0220542 -0.0011214
v -0.00294431 0.0249338 -0.00379547
v 0.00236814 0.0221005 0.00319753
v 0.00323108 0.0214298 0.00431621
v 0.003369 0.022585 0.00439084
v 0.00083687 0.0254481 0.00128325
v -4.28613e-05 0.0248739 0.000343892
v 0.000377097 0.0242328 0.000864502
v -0.00115648 0.0268567 -0.000707186
v -0.000646296 0.0240976 -0.000474587
v -0.00495826 0.0263976 -0.00409693
v -0.00560062 0.0264531 -0.00419862
v -0.00469032 0.0264925 -0.0048598
v 0.00207154 0.0267017 0.00346902
v -0.000120229 0.0210589 -0.000122465
v 0.000262786 0.022286 0.00048366
v -0.000323746 0.0257799 4.73595e-05
v -0.000240076 0.0244697 0.00020123
v 0.00253172 0.0233442 0.00334649
v 0.00150463 0.0209617 0.00216242
v 0.00265484 0.0206045 0.00362241
v 0.00557689 0.027931 0.00483178
v 0.00131254 0.0266934 0.00226001
v 0.00248309 0.0187383 0.00315104
v -0.00392289 0.0267347 -0.00557377
v -0.00345705 0.0266014 -0.00496967
v -0.00304678 0.0259909 -0.00399084
v -0.00290189 0.0264854 -0.00428478
v -0.00265087 0.026776 -0.00487299
v -0.00320615 0.0312806 -0.00104959
v -0.0016485 0.030377 0.00336133
v -0.00235918 0.0303989 -0.000835349
v -0.00284934 0.0307672 0.000334381
v 0.00613098 0.0277538 0.00472793
v 0.00664766 0.0275573 0.00479246
v -0.00224499 0.0389832 0.0023077
v -0.00164207 0.038665 0.00309349
v -0.00172612 0.0393241 0.00293997
v -0.00205609 0.0341738 0.000588087
v -0.00189421 0.0344601 0.00135024
v -0.00242012 0.0352722 0.000304065
v -0.00193635 0.038362 0.00238545
v -0.00142775 0.0378396 0.00290722
v -0.00141886 0.035454 0.00288916
v -0.00089617 0.0351848 0.00401776
v -0.00124638 0.036382 0.00352987
v -0.00170016 0.0338898 0.00208776
v -0.00148827 0.0345868 0.00228111
v -0.00152941 0.037282 0.00243432
v -0.00190622 0.0376967 0.001861
v -0.00226355 0.038329 0.0011995
v -0.00247757 0.0382051 0.000641056
v -0.00214126 0.0377072 0.00102003
v -0.00289448 0.0394062 -0.000803244
v -0.00261951 0.0401003 -0.0018031
v -0.00289772 0.0392318 -0.00180272
v -0.0024414 0.0332505 0.000619781
v -0.00197461 0.0336783 0.00142884
v -0.00285129 0.0382344 -0.000321078
v -0.00284303 0.0386188 -0.00139458
v -0.00263114 0.0375871 -0.00153139
v -0.00299877 0.0394539 -0.00249339
v -0.00287643 0.0382527 -0.00248604
v -0.00045529 0.0361608 0.00449119
v -0.000241091 0.0352372 0.00480257
v -0.00225523 0.0344284 -0.000178134
v -0.00128971 0.037112 0.00299765
v -0.00128668 0.0344932 0.00331715
v -0.00184589 0.0405383 0.000601468
v -0.00194713 0.0401037 0.00168334
v -0.00125742 0.0406815 0.00147711
v -0.00238269 0.0373338 0.00035121
v 0.00233891 0.0444614 0.0014622
v 0.0011393 0.0434796 0.0020217
v 0.00214988 0.0435688 0.00284631
v -0.00257325 0.0366489 -0.000498141
v -0.000993131 0.0335149 0.00474806
v -0.00056582 0.0343293 0.00474104
v -0.000949459 0.0339131 0.00436736
v -0.00181245 0.0365899 0.00236758
v -0.0020725 0.0395086 0.00205629
v -0.00267656 0.0393293 0.000956098
v -0.00202495 0.0368165 0.00123077
v -0.00234893 0.0363437 0.000544199
v -0.00236902 0.0404857 -0.000543652
v -0.000535056 0.0373551 0.00389597
v -0.000824948 0.034306 0.00408371
v -3.45159e-05 0.0414064 0.0028759
v 0.000875877 0.0416258 0.00387669
v 0.000719319 0.0423938 0.00308195
v -0.0019281 0.035636 0.00151103
v 3.90134e-05 0.0346124 0.00518877
v 0.000460037 0.0357203 0.0052279
v -0.00166427 0.0339221 0.00290837
v 0.00313315 0.0417859 0.0043363
v 0.00195051 0.0409777 0.00472121
v 0.0033002 0.040353 0.00491917
v -0.000867441 0.041092 0.000667058
v -3.9957e-05 0.0406238 0.00366499
v -0.00240803 0.035436 -0.00101801
v -0.000730303 0.0406392 0.00292219
v -0.000737542 0.0408686 0.00224497
v -0.000977646 0.0401227 0.00319723
v -0.00108282 0.0395543 0.00331171
v -0.00103952 0.0390691 0.00376672
v 0.00173366 0.0399041 0.00496094
v 0.000904943 0.039303 0.00491365
v 0.00185436 0.0389685 0.00527996
v 0.00286897 0.0386606 0.0052349
v 0.00363574 0.0393575 0.00533117
v 0.00264349 0.0395501 0.00528286
v -0.000215738 0.039683 0.00405307
v -0.00216689 0.0332438 0.00263573
v -0.00156342 0.0397957 0.00262404
v -0.00097681 0.0383394 0.00374653
v 0.00166167 0.0367718 0.00533438
v 0.00151541 0.0348859 0.00581418
v 0.00050413 0.0345002 0.00561832
v -0.000292169 0.0336195 0.00566858
v 0.00312272 0.0375175 0.00529827
v 0.00269739 0.0357646 0.00555737
v 0.000775863 0.0339101 0.00616765
v -0.000608523 0.0318894 0.00603605
v 0.000702708 0.0327835 0.00650626
v 0.00229775 0.0348689 0.00579501
v 0.00214325 0.0343772 0.00596534
v 0.00201021 0.0336803 0.0064114
v 0.00308907 0.0344811 0.00555941
v -0.0012755 0.0336738 0.00373617
v 0.00122737 0.0311678 0.00663544
v 0.00180692 0.0323615 0.00682468
v -0.0022471 0.0385561 0.00174154
v 0.00396356 0.0358063 0.00540954
v 0.00276085 0.0326706 0.00666455
v 0.00225407 0.0428073 0.00364924
v 0.00181577 0.0420798 0.0041677
v 0.00278296 0.0315814 0.00700375
v 0.0032062 0.0303154 0.00667889
v 0.00386135 0.0331947 0.00608518
v -0.000113234 0.0385092 0.00459287
v 0.00388391 0.0321698 0.00661989
v 0.00414691 0.0311667 0.00688821
v 0.00406167 0.0339834 0.00535499
v 0.00433705 0.0346897 0.00513762
v 0.00233734 0.0401683 0.00500645
v 7.10458e-05 0.0368987 0.0046759
v 0.00374425 0.0367579 0.00538771
v 0.00471215 0.0301719 0.00649613
v 0.005111 0.0317074 0.00651398
v 0.0048294 0.0324783 0.00625098
v -0.000333942 0.0415058 0.00163348
v 0.0003639 0.0423637 0.0023283
v -0.00139007 0.0403766 0.00239563
v 0.000807645 0.0403482 0.00447438
v 0.00144606 0.0427788 0.00344368
v 0.00119537 0.0384511 -0.00744023
v 0.000871464 0.0402607 -0.00671835
v -0.000122805 0.0398242 -0.0062786
v 0.000236811 0.040788 -0.00634589
v 0.00176194 0.0396016 -0.00716102
v 0.000640358 0.0393992 -0.00687167
v 0.00142268 0.0412008 -0.00644512
v 0.00174642 0.040469 -0.00685264
v -0.000192094 0.0384478 -0.00656171
v -0.000827666 0.0369261 -0.00585841
v 0.00212408 0.0389607 -0.00761859
v -0.000785971 0.0406184 -0.00562726
v 0.00164891 0.0442073 0.000816672
v 0.000428714 0.0415313 -0.00602258
v 0.00240537 0.0447354 -0.000217601
v 0.000869129 0.0434728 0.000112354
v 0.00167779 0.044271 -7.20308e-05
v 0.000284629 0.04205 -0.00514813
v 0.00175609 0.0442827 -0.00121568
v -0.00279986 0.0402724 -0.00274214
v -0.00213886 0.0407989 -0.00240389
v -0.00222292 0.0398058 -0.00438432
v -0.00233308 0.0391671 -0.00410846
v -0.00219597 0.0396448 -0.00390473
v 0.00070638 0.0431473 -0.00190847
v -0.00271473 0.0394031 -0.00343608
v -0.00211327 0.0409319 -0.00336957
v -0.00128399 0.0413326 -0.00446086
v -0.000919435 0.0417761 -0.00355716
v -0.000200284 0.0420716 -0.00421903
v -0.00223547 0.0403398 -0.004118
v 0.0026491 0.0448815 -0.00153101
v 0.00254472 0.0444411 -0.00263547
v 0.00174282 0.0439533 -0.0022812
v -0.00179784 0.0403347 -0.00478248
v -0.00115536 0.041208 -0.00058228
v -9.56925e-05 0.0419683 0.000362656
v -6.53292e-05 0.0422874 -0.000846477
v 0.000375353 0.0425934 0.00143347
v 0.000264721 0.0424514 -0.00323671
v -0.000895171 0.0417541 -0.00222874
v 0.00168907 0.0434436 -0.0033646
v -0.00191981 0.040861 -0.00152806
v -0.00149603 0.0380364 -0.00515882
v -0.000942902 0.0382132 -0.00588824
v -0.00186243 0.0393599 -0.00498487
v -0.0010068 0.0391605 -0.00575029
v 0.00102086 0.0426247 -0.00427763
v 0.00224792 0.0432641 -0.00480265
v 0.00184003 0.0423347 -0.00589276
v 0.000344332 0.0304094 0.0052771
v 0.0013651 0.0425585 -0.00503887
v 0.00422508 0.0293087 0.00581425
v -0.00250073 0.0341659 -0.00377972
v -0.00307543 0.0330152 -0.00279398
v -0.00234101 0.0340871 -0.00100578
v -0.00248716 0.0371186 -0.0044647
v -0.00219529 0.0382124 -0.00444037
v -0.00197281 0.0375046 -0.0047406
v -0.00221619 0.0363555 -0.00445824
v -0.00172339 0.0366648 -0.00492081
v -0.00221638 0.0354128 -0.00439823
v -0.00123675 0.0328803 0.00521976
v -0.00342147 0.0313767 0.00115712
v -0.00305609 0.0317045 0.00242077
v -0.00306439 0.0322048 0.00127968
v 0.00298447 0.0439041 -0.0039056
v -0.00133715 0.0309068 0.00475053
v -0.00240102 0.031231 0.00370834
v -0.00248427 0.0323667 0.00342366
v -0.00258273 0.0363938 -0.00400778
v -0.00274081 0.035555 -0.00330211
v -0.0029725 0.0369986 -0.00324718
v -0.00284271 0.0332015 -0.000794685
v -0.00246651 0.0384617 -0.00378306
v -0.00135158 0.0353441 -0.0052764
v -0.00324881 0.0321806 -0.000104142
v -0.00327824 0.031394 6.69381e-05
v -0.00264343 0.0378036 -0.00399312
v -0.00314858 0.0327139 -0.00138963
v -0.00255767 0.0363506 -0.00161779
v -0.00286095 0.0366734 -0.00242446
v -0.00268332 0.0342283 -0.00277116
v -0.00274213 0.0352143 -0.0020602
v -0.00195346 0.0320944 0.00479789
v -0.00180685 0.032963 0.00423557
v 0.000759263 0.0371384 0.00488574
v 0.00028651 0.0376158 0.00449997
v 0.00110416 0.0381213 0.00511509
v 0.00214711 0.0379391 0.00512247
v 0.000578232 0.0379109 0.00479218
v -0.00269719 0.0337497 -0.00188253
v -0.00270361 0.0324672 0.00217217
v -0.0034633 0.0320648 -0.00130697
v -0.00325074 0.0324146 -0.00185634
v -0.00278254 0.0372023 -0.00384998
v -0.00280742 0.0380115 -0.00345008
v -0.00218126 0.00214933 -0.0063979
v -0.00118458 0.000876665 -0.00640467
v -0.00247716 0.000971645 -0.0052754
v -0.00264744 0.00333853 -0.00605125
v -0.00185545 0.0044401 -0.00645766
v -0.00376431 0.00241145 -0.00434025
v -0.00339721 0.00232977 -0.00541006
v -0.00308469 0.00153343 -0.00411425
v -0.00257999 0.00425854 -0.00569595
v -0.00207036 0.00754949 -0.00540892
v -0.00189872 0.00726649 -0.0064934
v -0.00222223 0.00686049 -0.00564976
v -0.00232625 0.00644378 -0.00600675
v -0.00119457 0.00190508 -0.00697811
v -0.00154944 0.000495613 -0.00338925
v -0.00189424 0.00134763 -0.00240765
v -0.00396965 0.00307664 -0.00476224
v -0.00355179 0.0036715 -0.00471078
v -0.00349649 0.00336871 -0.00541453
v -0.00149252 0.0130222 -0.00693227
v -0.00214452 0.00564398 -0.00629399
v -0.00216192 0.00594594 -0.00545635
v -0.00120981 0.00800014 -0.00460344
v -0.00140576 0.00683388 -0.00469276
v -0.000654288 0.00686717 -0.00388717
v -0.00181194 0.00666404 -0.00526394
v -0.00350185 0.00308669 -0.00389503
v 0.000516606 0.00358833 0.000765334
v 0.00128092 0.00389458 0.00137287
v 0.00123254 0.00370528 0.000226356
v -0.00224999 0.00499506 -0.005613
v -0.00225049 0.00475563 -0.00599966
v -0.00310336 0.00219315 -0.00346543
v -0.0025777 0.00251488 -0.00273876
v -0.00225962 0.00429696 -0.00517785
v -0.00316675 0.00384727 -0.00549056
v -0.00295282 0.00369367 -0.00407873
v -0.000788616 0.00145964 -0.000327331
v -0.00160273 0.00256757 -0.00161379
v -0.00186062 0.00199202 -0.00174247
v -0.00171945 0.00608739 -0.00478051
v -0.00202118 0.00339797 -0.00198178
v -0.00223667 0.00383149 -0.00303097
v -0.00239895 0.00313339 -0.00256884
v -0.00297193 0.00335461 -0.00316843
v -7.74998e-05 0.00624417 -0.00302296
v -0.00099406 0.00560583 -0.00377147
v -8.21192e-05 0.00521816 -0.00248546
v -0.00279779 0.00390315 -0.00499178
v -0.00180665 0.00497043 -0.00474633
v -0.00220362 0.00405362 -0.00437579
v -0.00262835 0.0126169 -0.00586792
v -0.00195275 0.0111858 -0.00649292
v -0.00138781 0.00431925 -0.00380738
v -0.000637934 0.00272016 -0.00028466
v -0.000435877 0.00308414 5.98562e-05
v -0.000654228 0.00324725 -0.000433588
v -0.00127821 0.00415432 -0.0027106
v -0.000501898 0.0037339 -0.000879277
v 0.000444582 0.00409378 -0.000755277
v -0.000393015 0.00426853 -0.00188785
v -0.00125864 0.00325304 -0.00111349
v -0.000749672 0.00458151 -0.00296176
v 1.94125e-05 0.00305012 0.000549435
v -0.000173128 0.00351524 3.22997e-05
v 5.00925e-05 0.00765213 -0.00294464
v 0.00578041 0.00202772 0.00646456
v 0.00720768 0.00178297 0.00559912
v 0.00692768 0.00299746 0.0062006
v 0.00698419 0.000902697 0.00450357
v 0.000301144 0.00380197 -0.00011043
v 0.00838544 0.00288907 0.00509765
v -0.00140867 0.0038217 -0.0019424
v 0.005425 0.00104791 0.00521117
v 0.00394843 0.00183825 0.00575945
v 0.000750205 0.00597477 -0.00174508
v 0.000626142 0.00476006 -0.00139916
v 0.00408746 0.00366694 0.00582606
v 0.00372175 0.00295617 0.0056267
v 0.00423389 0.00311083 0.0064962
v 0.00536418 0.000211984 0.00276462
v 0.0026941 0.00200363 0.00395659
v 0.00334433 0.000956967 0.00330631
v 0.00338276 0.0152139 0.00431851
v 0.0024521 0.0142267 0.00282181
v 0.00372683 0.0134827 0.00376575
v 0.00212764 0.0154265 0.00268024
v 0.0029641 0.0168454 0.00394835
v 0.0048738 0.0026142 0.00678922
v 0.00046913 0.0166786 0.000809685
v 0.0015458 0.0169193 0.0022408
v -0.000606015 0.0163951 -0.000500823
v 0.0048283 0.00384861 0.00641051
v 0.00466779 0.0101019 0.00453366
v 0.00386227 0.0116103 0.0041382
v 0.00369452 0.0101251 0.00340579
v 0.00270169 0.0110102 0.00240389
v 0.00268597 0.0125154 0.00258684
v 0.00528307 0.00455564 0.00513082
v 0.00478681 0.004123 0.00553107
v 0.00585058 0.00432642 0.00585664
v 0.000755877 0.0154037 0.000982598
v 0.00156414 0.0179939 0.00204747
v 0.00498919 0.00337116 0.00698211
v 0.00584234 0.00306721 0.00680269
v 0.00561365 0.00373252 0.00663688
v 0.00162021 0.0144993 0.00165146
v 0.00648816 0.00381374 0.00627928
v 0.00264571 0.0134149 0.00273419
v 0.00196328 0.0134101 0.00141259
v 0.000755961 0.012906 -0.000131786
v 0.00142007 0.0117572 0.000839138
v 0.000868139 0.0139554 0.000443848
v -2.05144e-05 0.0118307 -0.00103085
v -0.000301162 0.0143177 -0.000663204
v 0.000410562 0.0135574 -0.000568898
v -0.000232821 0.0130169 -0.00130517
v -0.00146255 0.0123196 -0.0025069
v -0.000939242 0.01367 -0.00205353
v -0.00157842 0.0150985 -0.00196227
v -0.00164804 0.0166022 -0.001804
v -0.00187835 0.0139081 -0.00279024
v -0.00224319 0.0162018 -0.00258488
v -0.00273212 0.0136651 -0.0037166
v -0.00267092 0.0152225 -0.00312525
v -0.00326039 0.0128457 -0.00478341
v -0.00331489 0.0140969 -0.0045329
v -0.00286262 0.0137419 -0.00506254
v 0.00657855 0.00521055 0.00564286
v 0.00590972 0.00519936 0.00522485
v 0.00680535 0.00453839 0.00574354
v -0.00230257 0.0135982 -0.00579601
v 0.000713881 0.00306293 0.00149669
v 0.000748627 0.00364365 0.00153556
v 0.00360271 0.00350007 0.00542498
v 0.000245173 0.00230664 0.000984469
v -0.00167715 0.00922787 -0.00657598
v 0.00317384 0.00327121 0.0049299
v 0.00322473 0.0025631 0.00497112
v 0.00130929 0.00158064 0.00180417
v 0.00371552 0.00391573 0.00497383
v -0.00305984 0.0113508 -0.00537735
v -0.00230755 0.00835747 -0.00602532
v -0.00227335 0.00924799 -0.00575477
v -0.00241878 0.0101655 -0.00580061
v 0.00258857 0.00378154 0.00406687
v 0.00459443 0.00432248 0.00471449
v 0.00581506 0.00638121 0.004765
v 0.00496624 0.00513716 0.00432583
v 0.00252212 0.00281973 0.00404533
v 0.00170704 0.00238793 0.0029848
v 0.00181277 0.00316128 0.00319811
v 0.00124191 0.00286551 0.00242623
v 0.000978536 0.0023797 0.00200165
v -0.00268954 0.0116252 -0.0039478
v -0.00250497 0.00963312 -0.00530819
v 0.00547252 0.00784875 0.00406976
v 0.0047841 0.00909391 0.00344066
v 0.00473779 0.00815567 0.00318842
v 0.00374735 0.00427541 0.00374637
v 0.00490582 0.00632949 0.00358755
v 0.000476676 0.0103023 -0.000851076
v -0.000740359 0.0110151 -0.00184585
v -0.00202512 0.00915773 -0.00503531
v 0.00196926 0.010207 0.00073816
v 0.00457168 0.00720489 0.00290936
v 0.0038916 0.00511995 0.00290029
v 0.00273669 0.00396727 0.00320996
v 0.00206138 0.00371391 0.00287284
v 0.00120794 0.00351486 0.00223352
v -0.00123344 0.0102134 -0.00268636
v -0.00254774 0.010111 -0.00456242
v -0.00204317 0.00851099 -0.00535568
v 0.00301812 0.00977945 0.00212152
v 0.000943814 0.00840072 -0.00161039
v -0.000134927 0.0088744 -0.00274877
v 0.00412074 0.00823186 0.0023494
v 0.0013158 0.00716731 -0.00123464
v 0.00405747 0.00621532 0.00256079
v 0.0023666 0.00390631 0.00242239
v 0.00212105 0.00831668 -0.00042978
v 0.00291889 0.00776604 0.00103908
v 0.00279023 0.00913055 0.000757037
v 0.0038493 0.00925736 0.00257313
v 0.00344427 0.00891627 0.0016741
v 0.00134007 0.00917165 -0.00100341
v 0.000401681 0.00919424 -0.00175788
v 0.00142646 0.00971152 -0.000246677
v 0.0036256 0.00686109 0.00184467
v 0.00300947 0.00421335 0.0025377
v 0.00195151 0.00931218 4.3057e-05
v 0.00180478 0.0037761 0.00208019
v 0.00230969 0.00388131 0.00136787
v 0.00218885 0.00395334 0.000104249
v 0.00220771 0.00485009 -0.00044028
v 0.0014998 0.00414509 -0.000699037
v 0.00237579 0.00687222 -0.000198183
v 0.00237761 0.00568081 -9.06443e-06
v 0.00286165 0.00623941 0.000804497
v -0.00117711 0.00901029 -0.00389285
v 0.000945654 0.0088532 -0.00146008
v 0.00333587 0.00558499 0.00172
v 0.00309459 0.00464842 0.0017501
v 0.00285587 0.00482456 0.000603931
v 0.00178111 0.00593799 -0.000763955
v 0.00138674 0.0051052 -0.000986806
v -0.000725984 0.000100449 -0.00439604
v -0.000433956 0.000271246 -0.00319903
v 0.00516946 0.0396863 0.00483224
v 0.00701829 0.0401852 0.00378653
v 0.00576517 0.040772 0.0039434
v 0.00705947 0.0410185 0.00322277
v 0.0045374 0.0413354 0.00380089
v 0.00432992 0.0408146 0.00442523
v 0.00566273 0.0413211 0.00327791
v 0.00458136 0.0417959 0.00310067
v 0.00661352 0.0412386 0.00238451
v 0.00368482 0.0420736 0.00355843
v 0.00539104 0.0416706 0.00258905
v 0.00760728 0.0361626 0.00359279
v 0.00798448 0.035207 0.00293022
v 0.00843121 0.0365836 0.0025162
v 0.00692297 0.035156 0.00383193
v 0.00611887 0.0344738 0.00412353
v 0.00724035 0.0341853 0.00336499
v 0.00775265 0.0377232 0.00320562
v 0.00743393 0.0351642 0.00345831
v 0.00705095 0.0369379 0.0038554
v 0.00815047 0.0403524 0.00264476
v 0.00778328 0.0410324 0.00240405
v 0.00949799 0.036743 0.00167874
v 0.00900511 0.0381863 0.00197087
v 0.00658081 0.0376388 0.00412933
v 0.00620401 0.0360968 0.00432057
v 0.00894216 0.03923 0.00210331
v 0.00855761 0.0396492 0.00246392
v 0.00833692 0.0390066 0.00296918
v 0.00963888 0.0377776 0.00140392
v 0.00971089 0.0382531 0.000824109
v 0.00970767 0.0394786 0.000384626
v 0.00912965 0.0391013 0.0013308
v 0.00876426 0.0409372 0.00174773
v 0.00730712 0.0387902 0.00390199
v 0.00779575 0.0393142 0.00338869
v 0.00892117 0.0352558 0.00215828
v 0.00784295 0.0396488 0.00301604
v 0.00926293 0.0399604 0.00182468
v 0.00951061 0.0404139 0.00107509
v 0.00736503 0.0395255 0.00363474
v 0.00906707 0.0409405 0.000615353
v 0.00764197 0.0410031 0.00186172
v 0.00810817 0.0409265 0.00108738
v 0.00446908 0.041493 -0.00678015
v 0.00553753 0.0415731 -0.00648636
v 0.00511453 0.0412463 -0.00684461
v 0.00465888 0.043641 -0.00495176
v 0.00435734 0.044167 -0.00418981
v 0.00525669 0.0437068 -0.00447823
v 0.00423961 0.0408192 -0.00724244
v 0.0033978 0.0413918 -0.00697696
v 0.00333208 0.0405727 -0.00725035
v 0.00357531 0.0398072 -0.00737455
v 0.00262972 0.040133 -0.00718465
v 0.00605057 0.0430711 -0.00414485
v 0.00601133 0.0430218 -0.00482563
v 0.00471081 0.0401798 -0.00730484
v 0.00564984 0.0397704 -0.00748075
v 0.00434098 0.0396628 -0.00748385
v 0.00331139 0.0421841 -0.00647924
v 0.00296962 0.0391409 -0.0077939
v 0.00247549 0.0409612 -0.00695547
v 0.00242098 0.0417503 -0.00658376
v 0.00514153 0.0407209 -0.00688506
v 0.00378513 0.0433163 -0.00514688
v 0.00309954 0.0428407 -0.00566461
v 0.0086198 0.0410647 -0.00378231
v 0.00783863 0.0412598 -0.00361321
v 0.00847527 0.041053 -0.00273291
v 0.00907804 0.0410752 -0.00227352
v 0.00950828 0.0405524 -0.0019258
v 0.00918273 0.0408882 -0.00295876
v 0.00774681 0.0414514 -0.00450206
v 0.00930452 0.0403765 -0.00304338
v 0.00897167 0.0406063 -0.00374191
v 0.00832316 0.0406508 -0.00485143
v 0.00932675 0.0398966 -0.00276707
v 0.00961953 0.0395617 -0.00193546
v 0.00741541 0.0414014 -0.00545874
v 0.00834614 0.0357988 -0.00520642
v 0.0086915 0.0367467 -0.00493553
v 0.00903094 0.035889 -0.00428464
v 0.00905712 0.0399572 -0.00375475
v 0.00990313 0.0389933 -0.00104264
v 0.00981355 0.0386707 -0.0021258
v 0.0073981 0.0406568 -0.00602078
v 0.00909954 0.0373842 -0.00417764
v 0.00882821 0.0387361 -0.00505316
v 0.00934615 0.0385343 -0.003895
v 0.00959465 0.0391758 -0.00309496
v 0.00785901 0.0400546 -0.00571753
v 0.00843325 0.0397063 -0.00494629
v 0.00956387 0.0377552 -0.00278922
v 0.00860033 0.0346588 -0.00462048
v 0.00809428 0.0348721 -0.00595619
v 0.00793707 0.0393518 -0.00602073
v 0.00910637 0.0392992 -0.0042147
v 0.00670916 0.0412401 -0.00614762
v 0.00797581 0.0383833 -0.00608316
v 0.00803861 0.0366909 -0.00554162
v 0.00832039 0.0375818 -0.00539037
v 0.0073517 0.0370731 -0.00649139
v 0.00955547 0.0360473 -0.00307785
v 0.00912637 0.0349167 -0.00368217
v 0.00776291 0.0359026 -0.00610893
v 0.00347224 0.0449368 -0.00245927
v 0.00406787 0.040232 -0.00741984
v 0.00424012 0.0424145 -0.00606102
v 0.00437962 0.0445587 -0.0033868
v 0.0039001 0.0394003 -0.00769011
v 0.00509948 0.0427355 -0.00576035
v 0.00626764 0.0420313 -0.00575039
v 0.00358489 0.0444865 -0.00353473
v 0.00443248 0.0387646 -0.00786387
v 0.00333064 0.0450322 -0.00108991
v 0.00576896 0.0429309 -0.00527573
v 0.00387608 0.0440175 -0.00435756
v 0.00670667 0.0422246 -0.00495917
v 0.0069596 0.0418683 -0.00404827
v 0.00945823 0.0353012 0.0014213
v 0.00935421 0.0339693 0.0016137
v 0.00881331 0.0340473 0.00216354
v 0.00876388 0.0331888 0.00272801
v 0.00821043 0.0341076 0.00260091
v 0.00796774 0.0334119 0.00322083
v 0.00514545 0.0441542 -0.00325556
v 0.00426792 0.0448464 -0.00220809
v 0.00316926 0.0448048 0.00019693
v 0.00622217 0.0311716 0.00586002
v 0.00589585 0.032212 0.00597163
v 0.00517147 0.0337733 0.00498886
v 0.00524375 0.0329071 0.00579214
v 0.00690458 0.0318633 0.00522686
v 0.00628557 0.0327503 0.00524737
v 0.00649199 0.0303897 0.00482841
v 0.00709785 0.0310488 0.004884
v 0.00746662 0.0325613 0.00448062
v 0.00530238 0.030931 0.00648502
v 0.00863111 0.0313759 0.00316024
v 0.00856886 0.0322188 0.00366081
v 0.00780218 0.0315285 0.00428411
v 0.00930053 0.0314132 0.00221767
v 0.00567915 0.0303542 0.00583038
v 0.00585387 0.0297635 0.00504627
v 0.00526058 0.0349296 0.00454442
v 0.00655484 0.0333569 0.0043021
v 0.00549881 0.0289317 0.0049886
v 0.00593065 0.0385978 0.00467275
v 0.00665354 0.0394382 0.00420752
v 0.00823932 0.0329041 0.00371843
v 0.00372273 0.0385353 0.00521589
v 0.00434719 0.038987 0.00525816
v 0.00753887 0.0331702 0.0039282
v 0.00922763 0.0321805 0.0026334
v 0.0044812 0.0383097 0.00509565
v 0.00496472 0.0370204 0.00489716
v 0.00520044 0.0297538 0.00563996
v 0.0049908 0.0357668 0.0049507
v 0.00403156 0.0374441 0.00500237
v 0.00887152 0.0337012 -0.00456408
v 0.00713179 0.0386223 -0.00681278
v 0.00645283 0.0384662 -0.00729226
v 0.00635149 0.0390382 -0.00724207
v 0.00570054 0.0383224 -0.00765523
v 0.00640045 0.0376202 -0.0073065
v 0.0057619 0.0370543 -0.00782334
v 0.00689009 0.0397466 -0.00652938
v 0.00625693 0.0406035 -0.00667555
v 0.00549213 0.0434045 -0.00300043
v 0.00481989 0.0443595 -0.00190558
v 0.00499909 0.0434598 -0.00140976
v 0.0055004 0.0413911 0.00166234
v 0.0045679 0.0417598 0.00101282
v 0.00446938 0.0421032 0.00209014
v 0.00957348 0.0403735 0.000194174
v 0.00443885 0.0442489 -0.000637827
v 0.00431484 0.0436147 0.000333005
v 0.004332 0.0425904 0.000923386
v 0.00461509 0.0425358 -0.000414256
v 0.00558774 0.0427074 -0.00262892
v 0.00857047 0.0409748 -0.00143216
v 0.0093237 0.0409097 -0.000571893
v 0.00615666 0.0424716 -0.00350689
v 0.00660676 0.0417716 -0.00341523
v 0.00318665 0.0444392 0.00119516
v 0.00504741 0.0417555 -0.00096895
v 0.00549998 0.0411445 -0.00127724
v 0.00544834 0.0416498 -0.00201247
v 0.00836385 0.0408695 -1.82974e-05
v 0.00734223 0.0407559 0.000566345
v 0.00688052 0.0409456 0.00137521
v 0.00398175 0.0448124 -0.000846961
v 0.00377887 0.0444423 0.000365447
v 0.00360177 0.0438613 0.00145174
v 0.00398375 0.0430708 0.00174981
v 0.00733141 0.040646 -0.000694507
v 0.00708207 0.0406702 -0.00207932
v 0.00614909 0.040764 -0.000890468
v 0.00528192 0.0411087 -0.000298288
v 0.00561577 0.042201 -0.00241601
v 0.00604657 0.0418835 -0.00285105
v 0.00525108 0.042455 -0.00178198
v 0.00596592 0.041024 -0.00212244
v 0.00473827 0.041741 7.0823e-05
v 0.00299057 0.042837 0.00313691
v 0.00657863 0.0412565 -0.0028132
v 0.00716188 0.0412732 -0.00325589
v 0.00776715 0.0410348 -0.0027939
v 0.00378814 0.0425143 0.00277043
v 0.00956081 0.0399643 -0.000807045
v 0.00445515 0.04222 0.000427582
v 0.0077291 0.0407205 -0.00152965
v 0.00616941 0.0407833 0.000484034
v 0.00295699 0.0438974 0.0021724
v 0.00795426 0.0408991 -0.00218351
v 0.00336747 0.0432866 0.00233475
v 0.0050871 0.0412899 0.000693911
v 0.0099082 0.0321376 0.00182788
v 0.0102739 0.0322098 0.000830317
v 0.0099469 0.032968 0.00140708
v 0.00937657 0.0351338 -0.000910427
v 0.00955934 0.0353574 -0.00198569
v 0.00949534 0.0366302 -0.00109607
v 0.00962054 0.033984 -0.00233674
v 0.00907626 0.0340831 -0.00360677
v 0.00936128 0.03472 -0.00287481
v 0.00965108 0.0379903 -0.000386189
v 0.00942429 0.0333916 -0.00383587
v 0.00972352 0.0377901 -0.00153631
v 0.00976708 0.0366595 -0.00205505
v 0.00977666 0.0366323 6.94164e-05
v 0.00981261 0.0371892 0.000927929
v 0.00980905 0.0335911 0.000561797
v 0.00973244 0.0338104 -0.000718232
v 0.0101257 0.0331913 -0.00163213
v 0.00958025 0.0347765 0.000898522
v 0.00980311 0.0360341 0.000887357
v 0.00957707 0.0328618 0.00208374
v 0.00964202 0.0349113 0.000105783
v 0.012893 0.0226969 0.00417775
v 0.0128971 0.02169 0.0038731
v 0.0127403 0.0226007 0.00339729
v 0.00960384 0.00966027 0.00590955
v 0.00931777 0.00742397 0.00458798
v 0.0103542 0.00863583 0.0039297
v 0.00939368 0.0139983 0.00832907
v 0.0091349 0.013862 0.00782643
v 0.00862851 0.0131179 0.00756506
v 0.0120231 0.0162521 0.00487279
v 0.0124484 0.0162088 0.0056601
v 0.0123636 0.0152456 0.00544429
v 0.0107411 0.0081744 0.00245095
v 0.010786 0.00939485 0.00288884
v 0.0106677 0.00702007 0.00297291
v 0.0108047 0.0113651 0.00222829
v 0.0106954 0.0102742 0.00243887
v 0.0101769 0.0105347 0.00124561
v 0.00798739 0.0164678 0.00636743
v 0.00774365 0.0167324 0.00593476
v 0.00738386 0.016099 0.00639282
v 0.0111538 0.0107651 0.00382614
v 0.0113624 0.0242791 0.00510879
v 0.0117834 0.0231723 0.00567687
v 0.0124837 0.0230906 0.00498472
v 0.0109418 0.0155718 0.00184287
v 0.0104618 0.0155866 0.000856373
v 0.0112708 0.0166731 0.00188931
v 0.0104529 0.023118 0.00635288
v 0.00946875 0.0232713 0.00641881
v 0.0100617 0.0222942 0.00663241
v 0.0106672 0.0153776 0.00243186
v 0.0108178 0.0149491 0.00191143
v 0.0104755 0.0169331 0.000808695
v 0.0110336 0.0180409 0.0015813
v 0.0100086 0.0117307 0.00109304
v 0.0105803 0.0125033 0.00195111
v 0.00883503 0.0143318 0.00790817
v 0.010669 0.0131742 0.00309878
v 0.0104269 0.01385 0.00376649
v 0.0112045 0.0137196 0.00424944
v 0.0101881 0.0140563 0.00287406
v 0.0102603 0.0136823 0.00175966
v 0.0105444 0.0145732 0.00218786
v 0.0108531 0.0157899 0.00792599
v 0.011286 0.0149608 0.00845102
v 0.0115065 0.0153262 0.00759547
v 0.0129634 0.0217039 0.0049145
v 0.00787894 0.00447984 0.00544294
v 0.0110249 0.0197507 0.00163216
v 0.0110791 0.0206459 0.00239966
v 0.0115826 0.0198753 0.00288153
v 0.0118525 0.0185837 0.00696723
v 0.0107708 0.0186717 0.0072887
v 0.0109567 0.0176121 0.00699944
v 0.012364 0.0219797 0.00285435
v 0.0124911 0.0205199 0.00359696
v 0.0117029 0.0210391 0.00274028
v 0.0108725 0.0104003 0.00531096
v 0.00983682 0.0188017 0.00696588
v 0.0101407 0.0179058 0.00700501
v 0.0104186 0.0211528 0.000796346
v 0.0100413 0.0200214 0.000318037
v 0.010192 0.0150527 0.00307033
v 0.0105704 0.0158855 0.00319721
v 0.0107141 0.0155126 0.00417408
v 0.00454983 0.0155573 0.0059996
v 0.00393555 0.0164893 0.00518958
v 0.0106582 0.0146629 0.00134233
v 0.00909023 0.0225372 0.00643539
v 0.011099 0.0121929 0.00328104
v 0.0122752 0.0199993 0.00629547
v 0.0117863 0.0197773 0.00666314
v 0.0110759 0.0161424 0.0026701
v 0.0104157 0.0252305 0.00521815
v 0.0108531 0.0251377 0.00453565
v 0.0113898 0.0186867 0.00281912
v 0.0112069 0.0176891 0.00272611
v 0.0102007 0.0160925 0.00847814
v 0.0105873 0.0155682 0.00888884
v 0.0129508 0.020661 0.00454282
v 0.0128293 0.0203655 0.00544713
v 0.0127806 0.0194432 0.00475922
v 0.0103504 0.0225222 0.000952461
v 0.010777 0.0212949 0.00166579
v 0.0102003 0.00819111 0.00110436
v 0.00922626 0.00773326 -2.59578e-05
v 0.00913155 0.00904308 -0.000234744
v 0.00941485 0.0181823 0.00670669
v 0.0122202 0.0128469 0.00739066
v 0.0119115 0.0116767 0.00578765
v 0.0127159 0.0128243 0.00597282
v 0.0105741 0.00932673 0.00180615
v 0.0124308 0.0216613 0.00590969
v 0.00969639 0.0260276 0.00434579
v 0.0106246 0.0255248 0.0035695
v 0.0092615 0.0269146 0.003342
v 0.00977672 0.012895 0.000768259
v 0.00875651 0.0268546 0.00421543
v 0.0105386 0.0144684 0.0040523
v 0.010802 0.0143344 0.00444336
v 0.0123728 0.0167728 0.00579588
v 0.0120398 0.0162809 0.00622335
v 0.00848719 0.0176352 0.00579506
v 0.00915522 0.0179275 0.00625337
v 0.00915822 0.0187825 0.00598289
v 0.011219 0.0112946 0.00691094
v 0.0104925 0.0188879 0.000976315
v 0.00528898 0.0169489 0.00678353
v 0.00632995 0.0174634 0.00650868
v 0.00570352 0.0187791 0.00641285
v 0.010134 0.00617878 0.0037065
v 0.00944523 0.00411218 0.00425722
v 0.0104627 0.00464652 0.00310119
v 0.0112068 0.0170845 0.00311518
v 0.00975475 0.00959654 0.00065939
v 0.0109573 0.0164186 0.0035202
v 0.00946288 0.0160274 -0.000489697
v 0.0123899 0.0138198 0.0051294
v 0.0115087 0.0130539 0.00400845
v 0.00547525 0.00911684 0.00462632
v 0.0126003 0.0186625 0.00598323
v 0.0115666 0.0147939 0.00483152
v 0.00783516 0.0144821 0.00720481
v 0.0078016 0.0249309 0.00590816
v 0.00880011 0.0250798 0.00594051
v 0.00797176 0.0257309 0.00543258
v 0.0116462 0.0178687 0.00354228
v 0.0122155 0.0188835 0.00391424
v 0.00717891 0.0175744 0.00585688
v 0.00671033 0.0184274 0.00604696
v 0.00856989 0.0149905 0.00794025
v 0.00999424 0.0218568 0.000375705
v 0.0101347 0.023765 0.000608925
v 0.0104357 0.0244544 0.00136206
v 0.00966025 0.0165596 0.00811106
v 0.00940817 0.0154505 0.00857867
v 0.0102106 0.0145363 0.00365305
v 0.0118772 0.0123467 0.0046426
v 0.00782991 0.0187707 0.0055147
v 0.0105614 0.0254444 0.00132517
v 0.0104771 0.0262398 0.00155082
v 0.0109068 0.0254488 0.00203561
v 0.00623866 0.016539 0.00676434
v 0.00677089 0.0166729 0.00616517
v 0.0128842 0.0140154 0.00666178
v 0.0125079 0.0173289 0.00591196
v 0.00395778 0.0213794 0.00533776
v 0.00711651 0.0149973 0.00643086
v 0.00666068 0.0138845 0.0060528
v 0.0120625 0.0173318 0.00650531
v 0.0103723 0.0232563 0.000980725
v 0.0106709 0.0234757 0.00148075
v 0.0123101 0.0175301 0.00440454
v 0.0128261 0.0147859 0.00601776
v 0.00902616 0.00583151 0.0046645
v 0.00798705 0.00708775 0.00537336
v 0.00452535 0.023925 0.00582194
v 0.00561892 0.023139 0.00630709
v 0.00492663 0.0248051 0.00589824
v 0.0102353 0.0178853 0.000716853
v 0.00778484 0.0156538 0.00693479
v 0.00720239 0.0155812 0.00655283
v 0.0123087 0.0151202 0.00674023
v 0.0117501 0.0156809 0.00698215
v 0.0118938 0.0151641 0.00729038
v 0.00881706 0.0207699 -0.00111991
v 0.0124897 0.0155721 0.00606107
v 0.00907847 0.0110898 0.000449467
v 0.00935071 0.0103651 0.000450401
v 0.0117326 0.0210528 0.00658643
v 0.012381 0.0231838 0.00272048
v 0.00476658 0.0216605 0.00620493
v 0.00456576 0.020458 0.0059278
v 0.00515423 0.0207708 0.00633522
v 0.00968956 0.0189646 -5.23779e-05
v 0.00605785 0.0128294 0.00628401
v 0.00614407 0.011393 0.00631084
v 0.00710758 0.0127998 0.00671877
v 0.0108315 0.00572635 0.00250628
v 0.0081079 0.0100206 -0.00152851
v 0.0083807 0.00848722 -0.00127204
v 0.0126276 0.0181958 0.00505303
v 0.00699388 0.00632463 0.00568619
v 0.0068427 0.00780754 0.00559846
v 0.00649134 0.00678951 0.00534362
v 0.011685 0.0243975 0.00435708
v 0.0118976 0.0243414 0.0033963
v 0.0110822 0.0247028 0.00178528
v 0.0115819 0.0168848 0.00399269
v 0.0122174 0.0208827 0.0062473
v 0.0122045 0.0239951 0.00282268
v 0.0126303 0.0234203 0.00346858
v 0.00641412 0.0059392 0.00539566
v 0.00969899 0.0251571 0.00573962
v 0.00947279 0.0257668 0.00503898
v 0.00871292 0.0258232 0.00524578
v 0.0115201 0.013702 0.0086447
v 0.0120014 0.0144707 0.00757768
v 0.00781602 0.0198305 0.00566368
v 0.00876693 0.0201177 0.00555329
v 0.0124849 0.0170994 0.00531822
v 0.00955125 0.0225814 -0.000162894
v 0.00494219 0.0157131 -0.00623753
v 0.00578681 0.0161884 -0.00516116
v 0.00439649 0.0145601 -0.00675944
v 0.00675033 0.0166824 -0.00394176
v 0.00681072 0.0151394 -0.00367575
v 0.00522242 0.0148393 -0.00571817
v 0.0058242 0.0144873 -0.00470761
v 0.00485073 0.0137885 -0.00543736
v 0.00389328 0.0131086 -0.00641153
v 0.00637839 0.0138892 -0.00373211
v 0.00701351 0.0143298 -0.00319116
v 0.00530791 0.0130334 -0.00445915
v 0.00684687 0.0134735 -0.0028724
v 0.00621412 0.0125514 -0.00375352
v 0.00580622 0.0118006 -0.00452679
v 0.00559869 0.0123446 -0.00453577
v 0.00777894 0.0193074 -0.00243276
v 0.0100028 0.0128173 0.00856346
v 0.0112224 0.0123371 0.00810177
v 0.00712868 0.0179842 -0.00337935
v 0.00664199 0.0115179 -0.00318553
v 0.00691441 0.0124824 -0.00263346
v 0.00745768 0.0114473 -0.00213106
v 0.00610401 0.0112954 -0.00402918
v 0.00617934 0.0075205 0.0051217
v 0.00616038 0.00852561 0.005064
v 0.00953651 0.0172313 0.00653361
v 0.00934871 0.0164697 0.00712106
v 0.00994448 0.0165757 0.00728287
v 0.00703224 0.0101965 -0.00270861
v 0.00360224 0.0199853 0.00473348
v 0.00379289 0.0181245 0.00497267
v 0.00451572 0.0191644 0.00598338
v 0.00756027 0.00900023 -0.00230989
v 0.0100099 0.00697927 0.000933295
v 0.0102564 0.0114484 0.00759551
v 0.0124426 0.0236406 0.00411954
v 0.011493 0.0225728 0.00624896
v 0.0106088 0.00691734 0.00186964
v 0.0111649 0.0197631 0.00686379
v 0.00510542 0.0199503 0.00642868
v 0.00891829 0.0163949 0.00791643
v 0.00837864 0.015655 0.00773277
v 0.00581827 0.00972645 0.00561791
v 0.00592812 0.0245164 0.0059982
v 0.00683747 0.0236146 0.00609729
v 0.00682441 0.0247857 0.00591227
v 0.00778 0.0240152 0.00619291
v 0.00859175 0.023412 0.00636767
v 0.0086738 0.0241863 0.00632319
v 0.0106913 0.0211627 0.00679837
v 0.00786737 0.020567 0.00582588
v 0.00888174 0.0263587 0.00469091
v 0.00694453 0.0197333 0.00607987
v 0.00418398 0.0224493 0.00551126
v 0.00871755 0.0165572 0.00626999
v 0.00816086 0.0160722 0.00647095
v 0.00597325 0.0209259 0.00635504
v 0.00661923 0.0160697 0.0065656
v 0.00467963 0.0178443 0.0060447
v 0.00598207 0.0254229 0.00551074
v 0.00489998 0.0127331 0.00559738
v 0.00975832 0.0198257 0.00644708
v 0.0104306 0.0195152 0.00686673
v 0.00462822 0.0228982 0.00594487
v 0.00823641 0.0273953 0.00384635
v 0.00801783 0.0215964 0.00593403
v 0.00721241 0.0210288 0.00605865
v 0.00752521 0.0096205 0.00601405
v 0.00666363 0.00899841 0.0055051
v 0.0112661 0.0158521 0.00733559
v 0.00618828 0.0263803 0.00544498
v 0.00700915 0.0259608 0.00557961
v 0.00588433 0.015624 0.00651066
v 0.0102171 0.0162428 0.00783699
v 0.00803931 0.0228559 0.00613208
v 0.0109795 0.0220525 0.0066161
v 0.00888697 0.0113073 0.00714601
v 0.0104165 0.0143745 0.00922973
v 0.0114393 0.0172594 0.00685372
v 0.0117394 0.0239098 0.00210665
v 0.0109123 0.0223299 0.00194966
v 0.0111891 0.0214899 0.00223918
v 0.0117477 0.0229819 0.0019244
v 0.0116349 0.0220255 0.00228826
v 0.00877552 0.01062 -8.67923e-06
v 0.00769157 0.0129627 -0.00137619
v 0.00815596 0.0111898 -0.000607099
v 0.00885994 0.0101189 -0.000299658
v 0.00890153 0.0121133 9.42569e-05
v 0.00763774 0.0144125 -0.00244248
v 0.00897987 0.0133121 -0.000325844
v 0.00889775 0.0187037 -0.00100146
v 0.00850128 0.0175364 -0.00162557
v 0.00872688 0.0143844 -0.00120858
v 0.00792662 0.0161139 -0.00238874
v 0.0099083 0.0142564 0.00034367
v 0.0095834 0.017611 -0.00022229
v 0.00527859 0.0254894 0.00553948
v 0.00547581 0.0250577 0.00575575
v 0.00864425 0.0161144 0.00705693
v 0.00438455 0.014213 0.00525992
v 0.00777638 0.02697 0.00482951
v 0.00728751 0.00540283 0.00566398
v 0.00671182 0.0269155 0.00523762
v 0.00841607 0.0209121 0.00579342
v 0.00875016 0.0212394 0.00600512
v 0.00677519 0.0155718 0.00630227
v 0.0095462 0.0212132 0.00643534
v 0.0103448 0.020332 0.00675575
v 0.0058019 0.0133949 0.00600033
v 0.00550315 0.0143251 0.00602253
v 0.0107581 0.0239641 0.00580571
v 0.00876813 0.0219637 0.00609056
v 0.00452118 0.01685 0.00599796
v 0.00760765 0.0116439 0.00675707
v 0.00384239 0.0172105 0.00489781
v 0.00641343 0.0149049 0.00589877
v 0.0109211 0.0161665 0.00719043
v 0.00692547 0.0222956 0.00620341
v 0.0113794 0.0236926 0.00165512
v 0.0111378 0.0241218 0.00159319
v 0.00967912 0.0241267 0.00614863
v 0.0104821 0.0163497 0.00734116
v 0.010337 0.0170591 0.00698589
v 0.00502081 0.0110392 0.00544287
v 0.0114591 0.0164326 0.00680614
v 0.0109655 0.0167603 0.00696273
v 0.00419616 0.0173102 0.00546745
v 0.0115491 0.0246087 0.00254036
v 0.011035 0.0253217 0.00276743
v 0.00970317 0.0213041 9.9311e-05
vn -0.504793 -0.843778 -0.18227
vn -0.65075 -0.564122 -0.508223
vn -0.639153 -0.76851 0.0295904
vn -0.00405278 -0.934734 0.355326
vn 0.373187 -0.760225 0.53178
vn -0.177739 -0.903962 0.388924
vn -0.404356 -0.897359 0.176758
vn -0.394447 -0.904266 -0.163446
vn 0.0159505 -0.723642 0.689992
vn 0.0339572 -0.691053 0.722006
vn -0.3378 -0.671236 0.659798
vn -0.658753 -0.633149 0.406409
vn -0.68106 -0.640026 -0.355701
vn 0.696673 -0.411658 0.587524
vn 0.815571 -0.139145 0.561678
vn -0.553641 0.721877 0.41518
vn -0.187458 0.979627 0.0720464
vn -0.80831 0.587588 -0.0370781
vn -0.0672431 0.991877 -0.107972
vn -0.289669 0.91965 -0.265208
vn -0.867178 0.0533414 0.495133
vn -0.612871 0.467654 0.636937
vn -0.418833 0.852695 -0.312233
vn -0.405449 0.843364 0.35263
vn -0.576848 -0.323352 0.750126
vn -0.577604 0.0899042 0.811351
vn -0.708776 -0.17918 0.682298
vn -0.0498282 0.998243 -0.0320719
vn -0.350376 0.763266 0.542828
vn -0.249154 0.0819107 0.964994
vn 0.142215 0.743799 0.653098
vn -0.196082 -0.32707 0.924434
vn 0.166869 -0.0626151 0.983989
vn 0.535114 -0.234147 0.811682
vn 0.662804 0.164713 0.730452
vn -0.888964 -0.325038 0.322634
vn -0.916566 -0.269263 -0.295643
vn -0.992557 -0.0094356 -0.121418
vn -0.662346 0.340676 -0.667261
vn -0.760889 0.26596 -0.591873
vn -0.626915 0.0515151 -0.777383
vn -0.373882 0.140909 -0.91671
vn -0.570557 -0.111545 -0.813648
vn -0.537446 0.310572 -0.784026
vn -0.530786 0.211505 -0.82069
vn -0.625007 -0.00734345 -0.780584
vn -0.431755 0.676212 -0.596929
vn -0.299227 0.864899 -0.403005
vn -0.235793 0.965298 -0.112254
vn -0.494706 -0.375699 -0.783656
vn -0.552224 -0.0790597 -0.829939
vn -0.334631 -0.174601 -0.926033
vn -0.668676 -0.258797 -0.697062
vn -0.42289 0.343036 -0.838743
vn -0.371202 0.0410997 -0.927642
vn -0.44766 0.876933 -0.174896
vn -0.370513 0.738565 -0.563242
vn -0.20609 0.143454 -0.967961
vn -0.471961 0.575735 -0.667669
vn -0.221262 -0.0985945 -0.970218
vn 0.400487 0.839606 -0.366977
vn 0.291135 0.572632 -0.766376
vn 0.113634 0.980305 -0.16152
vn -0.0127509 0.941997 -0.33538
vn -0.0972105 0.988286 -0.117644
vn -0.165608 0.57995 -0.797642
vn -0.347896 0.721338 -0.598866
vn 0.60212 0.575263 -0.553646
vn 0.536074 0.506862 -0.675067
vn 0.111007 0.980704 -0.160926
vn -0.0928515 0.991142 -0.0949539
vn 0.498759 0.834519 -0.234131
vn 0.844672 0.486405 -0.223472
vn 0.879663 0.468216 0.0834693
vn 0.87581 0.0852137 0.475073
vn 0.477288 0.815347 0.327728
vn 0.342298 0.938445 -0.0463966
vn 0.972784 0.120605 0.197855
vn 0.981649 0.087833 0.169264
vn 0.791779 0.577392 0.199258
vn 0.909818 0.411294 0.0553948
vn 0.748868 0.351815 0.561625
vn 0.940561 0.156081 0.301634
vn 0.912396 -0.0287219 0.4083
vn -0.654362 0.628843 -0.419962
vn -0.293455 0.735826 -0.610283
vn -0.490038 0.813021 -0.314419
vn -0.325122 -0.0526568 -0.944205
vn -0.303087 -0.215291 -0.928325
vn -0.30222 0.0142688 -0.953131
vn -0.242493 0.478034 -0.844204
vn 0.0352603 0.490494 -0.870731
vn -0.0537086 0.27558 -0.959776
vn 0.113904 0.848994 -0.515979
vn -0.0579007 0.995931 -0.0690546
vn -0.367166 -0.228173 -0.901735
vn 0.23746 0.363766 -0.900715
vn -0.0113096 0.162495 -0.986645
vn 0.294509 0.91575 0.273253
vn 0.163065 0.985998 0.0348951
vn -0.360159 -0.162953 -0.918549
vn -0.62523 0.0364009 -0.779591
vn -0.557858 -0.142505 -0.81761
vn -0.676415 0.0906307 -0.730923
vn -0.636933 -0.167293 -0.752549
vn -0.761347 0.136404 -0.633834
vn -0.694561 -0.250758 -0.674319
vn -0.659354 -0.0993749 -0.745237
vn -0.569048 -0.267764 -0.777488
vn -0.557816 -0.179016 -0.810429
vn -0.585903 -0.181047 -0.789898
vn -0.500085 -0.379826 -0.778233
vn -0.473376 -0.518465 -0.712116
vn -0.312026 -0.303334 -0.900349
vn -0.623784 -0.652795 -0.429828
vn -0.60465 -0.205181 -0.769609
vn -0.649232 -0.483609 -0.587044
vn -0.412553 -0.197501 -0.889265
vn -0.612898 0.0241403 -0.789794
vn -0.386312 -0.0992024 -0.917018
vn -0.0563201 0.0913552 -0.994224
vn -0.473309 0.138533 -0.869935
vn -0.754896 -0.588248 -0.289995
vn -0.537141 -0.158927 -0.828385
vn -0.603199 -0.0818771 -0.793377
vn -0.611332 0.188251 -0.768658
vn -0.559208 0.109005 -0.82183
vn -0.339189 0.167074 -0.925763
vn 0.340315 -0.254673 -0.905167
vn -0.651008 -0.159284 -0.742171
vn -0.779498 -0.33361 -0.530177
vn -0.959237 -0.282554 -0.00521037
vn -0.836647 -0.0317046 -0.546824
vn -0.47431 -0.154795 -0.866642
vn -0.832296 -0.00513714 -0.554307
vn -0.580326 0.161833 -0.798143
vn -0.615764 -0.150832 -0.773359
vn -0.553619 0.21039 -0.805756
vn -0.485516 0.817063 -0.310939
vn -0.850766 0.438638 -0.289471
vn -0.214078 0.899877 -0.379989
vn 0.0282933 0.995603 -0.0892971
vn -0.584091 0.419694 -0.694763
vn -0.377255 0.734772 -0.563727
vn -0.111594 0.952087 -0.284741
vn -0.643914 0.0412971 -0.763983
vn -0.663195 -0.444738 -0.60198
vn -0.58357 -0.0555875 -0.810158
vn -0.450402 0.557024 -0.697756
vn -0.673076 -0.415142 -0.612067
vn -0.635169 -0.439926 -0.634843
vn -0.834826 -0.00618481 -0.550479
vn -0.844477 -0.0416331 -0.533972
vn -0.735553 -0.00306744 -0.67746
vn -0.879039 0.295412 -0.374195
vn 0.199005 0.974262 -0.105876
vn 0.824315 -0.558996 -0.0896029
vn 0.888683 -0.406224 -0.212663
vn 0.780437 -0.559751 -0.278563
vn 0.435626 0.135883 -0.889812
vn 0.677107 0.148136 -0.72082
vn 0.457905 0.130563 -0.879361
vn 0.805687 -0.460795 -0.372205
vn 0.69531 -0.653755 -0.298576
vn -0.137769 -0.0408355 -0.989622
vn -0.0115173 0.116464 -0.993128
vn 0.0263368 -0.162082 -0.986426
vn 0.42599 -0.106229 -0.89847
vn 0.486899 -0.462757 -0.7408
vn 0.231187 -0.412369 -0.881195
vn 0.620376 -0.657573 -0.427471
vn 0.70724 -0.465546 -0.532051
vn 0.960798 -0.216993 0.172571
vn 0.952709 0.0680947 -0.296158
vn 0.779925 0.172361 -0.601672
vn 0.824353 0.060591 -0.562825
vn 0.781277 -0.0169702 -0.623953
vn 0.763225 -0.0826571 -0.640823
vn 0.781883 -0.170272 -0.599721
vn 0.779572 0.00205288 -0.626309
vn 0.633318 0.107148 -0.766438
vn 0.827073 -0.0485138 -0.559998
vn 0.5852 -0.558246 -0.588135
vn 0.360855 -0.65903 -0.659896
vn 0.233853 -0.463801 -0.854518
vn 0.800526 -0.12513 -0.58609
vn 0.788617 -0.0204565 -0.614544
vn 0.684699 -0.237365 -0.68909
vn 0.643641 -0.130604 -0.754102
vn 0.615752 -0.430478 -0.659953
vn 0.424783 -0.60733 -0.671349
vn 0.779862 0.0229447 -0.625531
vn 0.763546 -0.14202 0.629942
vn 0.751001 0.134371 0.646484
vn 0.729194 -0.16954 0.662972
vn 0.200085 0.128452 -0.971322
vn 0.187802 -0.0267392 -0.981843
vn 0.621729 -0.539949 -0.567369
vn 0.764926 -0.336481 -0.549245
vn 0.634441 -0.599327 -0.488151
vn 0.697228 -0.236516 -0.676708
vn 0.871003 0.252177 -0.421617
vn 0.454841 -0.688445 -0.564946
vn -0.0188136 -0.37697 -0.926034
vn 0.896868 0.174487 -0.406425
vn -0.181026 -0.273855 -0.944581
vn 0.83622 -0.146683 -0.528413
vn 0.184614 0.0771206 -0.979781
vn 0.78341 -0.00312425 -0.621498
vn 0.780581 0.0179925 -0.624796
vn 0.55276 0.0774969 -0.829729
vn 0.850853 0.154903 -0.502049
vn 0.777226 0.00487292 -0.629203
vn 0.789689 0.00619891 -0.613476
vn 0.72209 0.46248 0.514488
vn 0.900902 0.277902 0.333386
vn 0.744785 0.163367 0.646998
vn 0.778703 -0.0159851 -0.627189
vn 0.777367 0.0245096 -0.62857
vn 0.96632 0.255332 0.0321008
vn 0.766555 0.00377154 -0.642167
vn 0.816526 0.0384219 -0.576029
vn 0.757571 0.587924 0.283606
vn 0.63148 0.597052 0.494735
vn 0.903372 0.400458 0.153465
vn 0.782614 0.0414409 -0.621126
vn 0.767162 0.0476075 -0.639685
vn 0.771589 0.0642296 -0.632871
vn 0.670259 -0.437557 0.599414
vn 0.891473 0.105782 -0.440552
vn 0.787148 0.0414243 -0.615371
vn 0.785504 0.0157624 -0.618656
vn 0.782962 0.00719509 -0.622027
vn 0.765593 0.0109017 -0.643232
vn 0.781466 0.0212916 -0.623585
vn 0.77843 -0.000899208 -0.62773
vn 0.786722 0.00716604 -0.617266
vn 0.764051 0.0487709 -0.643309
vn 0.790263 0.0189809 -0.612473
vn 0.724184 -0.339071 0.60049
vn 0.791967 0.0191823 -0.610263
vn -0.260286 0.0972805 -0.960618
vn -0.115107 0.0953396 -0.988767
vn -0.326317 0.128309 -0.936511
vn 0.828278 -0.0198622 -0.559965
vn -0.181484 -0.00936469 -0.983349
vn 0.785518 0.00578681 -0.618811
vn 0.0227 0.068224 -0.997412
vn 0.421132 -0.687845 -0.591199
vn 0.6731 0.391829 0.627221
vn 0.693283 0.203733 0.691268
vn 0.546369 0.611745 0.572056
vn 0.431157 0.324265 0.841995
vn 0.422393 0.705668 0.568873
vn 0.573915 0.589635 0.568289
vn 0.700103 0.315599 0.64051
vn 0.84725 -0.269142 -0.457963
vn 0.927084 0.0828713 -0.365578
vn 0.912056 -0.2629 -0.314703
vn 0.725563 -0.0663408 0.684951
vn 0.930402 -0.363453 -0.0474812
vn 0.987706 -0.0770566 -0.136013
vn 0.989204 0.138309 0.0484396
vn 0.767378 -0.488639 -0.415166
vn 0.908065 -0.371383 -0.193632
vn 0.870526 -0.409148 -0.273465
vn 0.822826 -0.368526 0.432603
vn 0.784668 0.0272928 -0.619315
vn 0.788732 0.0100851 -0.614655
vn -0.354688 0.143009 -0.923983
vn 0.758061 -0.00700755 -0.652146
vn 0.774748 0.00125928 -0.632269
vn 0.768805 0.0201163 -0.639166
vn 0.738917 0.0383755 -0.672703
vn 0.783391 -0.00547654 -0.621506
vn 0.716215 -0.443242 0.539048
vn 0.936068 0.235688 -0.261205
vn 0.728286 -0.645786 -0.229259
vn 0.944302 -0.328417 -0.0208798
vn 0.775422 0.0291764 -0.630769
vn 0.781547 -0.00875599 -0.623785
vn 0.736156 -0.127866 -0.664624
vn -0.345563 0.026969 -0.938008
vn -0.398696 -0.00673709 -0.917058
vn -0.264176 -0.101415 -0.959128
vn -0.490137 -0.105821 -0.865198
vn -0.474172 0.00815442 -0.880395
vn -0.425571 0.108934 -0.898344
vn -0.569281 0.174948 -0.803313
vn -0.512561 0.064347 -0.856236
vn -0.54038 0.031688 -0.840824
vn -0.475399 0.151767 -0.866581
vn -0.638917 0.090481 -0.763936
vn -0.451825 0.182946 -0.873147
vn -0.455559 0.0966443 -0.884944
vn -0.632871 0.771953 -0.0596899
vn -0.311452 0.945131 -0.098612
vn -0.307484 0.862122 0.402739
vn -0.486076 0.0012369 -0.873916
vn -0.41807 -0.0262792 -0.908035
vn -0.719898 0.121651 -0.683336
vn -0.63509 0.51421 -0.576411
vn 0.791863 0.0419579 -0.609256
vn 0.799396 0.0750018 -0.596105
vn -0.525075 -0.0707071 -0.848114
vn -0.501323 -0.0342067 -0.864584
vn -0.465498 -0.111154 -0.878041
vn -0.135128 -0.272517 -0.952615
vn -0.389632 -0.162322 -0.906553
vn -0.371958 -0.219641 -0.90189
vn -0.480454 -0.136009 -0.866409
vn -0.533476 -0.22824 -0.814438
vn -0.478639 0.221349 -0.849653
vn -0.383289 0.351043 -0.854317
vn -0.282793 0.315138 -0.905934
vn -0.312823 0.297112 -0.902145
vn -0.275951 0.921952 -0.271763
vn -0.0427633 0.735392 -0.676291
vn -0.254298 0.131808 -0.958102
vn 0.249365 0.534182 -0.807754
vn 0.115981 0.694095 -0.710479
vn 0.0011149 0.606325 -0.795216
vn 0.146836 0.242414 -0.958997
vn -0.0696255 0.074308 -0.994802
vn 0.168853 0.225761 -0.959438
vn -0.4222 0.112751 -0.899463
vn -0.53464 -0.0707126 -0.842116
vn -0.68544 -0.121059 -0.717995
vn -0.129933 0.376027 -0.917453
vn -0.238745 0.254185 -0.937225
vn -0.56483 -0.0226108 -0.824898
vn 0.265207 0.494678 -0.827623
vn -0.314035 -0.0917898 -0.944964
vn 0.169599 0.570762 -0.80341
vn 0.316303 0.309039 -0.89691
vn -0.0171424 0.329409 -0.944032
vn 0.212173 0.19563 -0.95745
vn -0.403608 0.0234933 -0.91463
vn -0.226076 0.455816 -0.860884
vn -0.167617 0.0350398 -0.985229
vn -0.241999 0.586849 -0.772687
vn -0.502124 0.380207 -0.776733
vn -0.0787041 0.0890053 -0.992917
vn -0.241592 -0.100544 -0.965155
vn 0.064453 0.763871 -0.642143
vn -0.0271551 0.484126 -0.874577
vn 0.0481918 0.151408 -0.987296
vn 0.309659 0.10466 -0.94507
vn -0.0125757 0.597905 -0.801468
vn -0.179752 0.808363 -0.56057
vn -0.0752879 0.753808 -0.652768
vn 0.0488365 0.779592 -0.62438
vn -0.167342 -0.0757238 -0.982987
vn -0.0649911 -0.08798 -0.994
vn 0.780181 0.0484211 -0.623677
vn 0.420293 0.0527964 -0.905851
vn 0.731983 -0.0330498 -0.680521
vn 0.637736 0.0464491 -0.768853
vn 0.25841 0.0505731 -0.964711
vn 0.341949 0.113079 -0.93289
vn 0.855989 -0.0339016 -0.515881
vn 0.393538 0.100983 -0.913745
vn 0.395843 0.151249 -0.905777
vn 0.0336732 0.172741 -0.984392
vn -0.0960068 0.243901 -0.965036
vn 0.684828 0.0443802 -0.727352
vn 0.794811 0.0226477 -0.606435
vn 0.796748 0.0217607 -0.60392
vn 0.861823 -0.0317749 -0.506213
vn 0.633406 0.0261907 -0.773377
vn 0.788302 0.0583997 -0.612511
vn 0.676652 0.0377476 -0.735335
vn 0.809709 0.0390408 -0.585532
vn 0.582614 0.0494373 -0.811244
vn 0.148548 -0.0168621 -0.988761
vn 0.4654 0.166936 -0.869215
vn -0.096024 0.177055 -0.979505
vn 0.756072 -0.0466623 -0.652823
vn -0.0749432 -0.0215061 -0.996956
vn 0.542518 -0.11285 -0.83243
vn 0.795705 0.0318958 -0.604844
vn -0.161683 -0.216656 -0.962766
vn -0.584512 -0.370901 -0.721649
vn -0.604946 -0.324985 -0.726929
vn -0.665019 -0.233264 -0.709463
vn -0.570318 -0.211026 -0.793855
vn 0.772127 -0.0401631 -0.634197
vn -0.783156 -0.415701 -0.46245
vn -0.904972 -0.0705787 -0.419577
vn -0.728417 0.0414447 -0.68388
vn 0.788623 0.0701656 -0.61086
vn -0.854449 -0.500706 -0.138603
vn -0.923455 -0.382924 -0.0244851
vn -0.68415 -0.221111 -0.695017
vn -0.900157 -0.154429 -0.407271
vn -0.880555 -0.473938 0.00233712
vn -0.967809 -0.250527 -0.0241201
vn -0.990296 -0.0961232 -0.100366
vn -0.801754 0.197419 -0.564107
vn -0.979932 0.139204 -0.14267
vn -0.740748 0.174324 -0.648771
vn -0.748256 0.163438 -0.642963
vn -0.684019 0.270515 -0.677451
vn -0.607245 0.136726 -0.782662
vn 0.958335 0.21472 -0.188389
vn 0.859315 0.501219 0.101774
vn 0.997986 0.0147503 -0.0616885
vn 0.711907 -0.27568 -0.645902
vn 0.870808 -0.341725 -0.353438
vn 0.759254 -0.372789 -0.533444
vn 0.890769 0.202917 -0.40664
vn 0.799551 0.236149 -0.552224
vn 0.844191 -0.0533257 -0.533383
vn 0.251884 0.390852 -0.885319
vn 0.58817 0.306545 -0.748389
vn 0.230237 0.176908 -0.956919
vn 0.500808 -0.33713 -0.797204
vn 0.206188 0.0209079 -0.978289
vn 0.146915 0.236545 -0.960449
vn 0.52567 -0.280131 -0.803242
vn 0.896412 -0.322627 -0.303905
vn 0.749613 0.22332 -0.623063
vn 0.516414 -0.828199 -0.217724
vn 0.808831 -0.275777 -0.519364
vn 0.329118 -0.084834 -0.94047
vn 0.830068 -0.0747903 -0.552625
vn 0.696507 0.406242 -0.591478
vn 0.630184 0.269668 -0.728112
vn 0.866265 0.0424342 -0.49778
vn 0.794483 0.0531672 -0.604955
vn 0.696338 0.068925 -0.714397
vn 0.711299 0.653709 -0.258299
vn 0.958173 0.272595 -0.0871536
vn 0.708005 -0.0637561 -0.703324
vn 0.427779 0.67117 -0.605422
vn 0.766222 0.393639 -0.50789
vn 0.257408 -0.947458 -0.189908
vn 0.578925 -0.567928 -0.585068
vn 0.743283 -0.455674 -0.489788
vn 0.696251 0.691847 -0.191265
vn 0.582948 0.338048 -0.738847
vn 0.729965 -0.479765 -0.486802
vn 0.399941 0.616262 -0.678431
vn 0.888886 0.13127 -0.43892
vn 0.736719 -0.19052 -0.648805
vn 0.502082 0.169512 -0.848044
vn 0.713932 0.209813 -0.668042
vn 0.820484 -0.155672 -0.550066
vn 0.790749 -0.0296754 -0.611421
vn 0.767915 -0.0813874 -0.63536
vn 0.647597 -0.388382 -0.655574
vn 0.469543 -0.321273 -0.822383
vn 0.712855 -0.646391 0.27206
vn 0.799891 -0.338666 0.495458
vn 0.543394 -0.677649 0.495495
vn 0.641001 -0.767483 -0.00934634
vn 0.836063 0.301398 -0.458429
vn 0.866141 0.00142336 -0.499797
vn 0.820053 0.00116884 -0.572286
vn 0.769218 0.0638045 -0.635792
vn 0.34511 -0.925116 0.158301
vn 0.271457 -0.899327 -0.342814
vn 0.0899336 -0.74066 -0.665833
vn 0.477193 -0.722075 -0.500894
vn 0.29054 0.250623 -0.923458
vn -0.256985 -0.342145 -0.903823
vn 0.155656 -0.48381 -0.86122
vn 0.569673 0.660017 -0.489745
vn 0.59661 -0.407038 -0.691648
vn 0.802608 -0.0129423 -0.596366
vn 0.810585 0.30239 -0.50151
vn 0.80623 0.138892 -0.575067
vn 0.752592 -0.450694 -0.480084
vn 0.946811 -0.284058 -0.151196
vn 0.836969 -0.40821 -0.364483
vn 0.740554 -0.179012 -0.647715
vn 0.731469 -0.38969 -0.559549
vn 0.728287 -0.338052 -0.596087
vn 0.88565 -0.128537 -0.446209
vn 0.916817 -0.0490383 -0.396285
vn 0.896469 -0.233414 -0.376644
vn 0.699129 0.0469351 -0.713453
vn 0.621122 0.295463 -0.725885
vn 0.919049 -0.129418 -0.37229
vn 0.829013 -0.00494666 -0.559207
vn 0.836855 0.00160225 -0.547422
vn 0.204672 0.179951 -0.962147
vn -0.0657364 0.00997593 -0.997787
vn -0.428275 0.0487502 -0.902332
vn 0.857634 0.011665 -0.514129
vn -0.284975 -0.0147415 -0.958422
vn 0.304357 -0.10175 -0.947108
vn 0.795584 -0.0467664 -0.604036
vn 0.770888 -0.141782 -0.620991
vn 0.751022 -0.0151647 -0.660103
vn 0.764675 -0.0738222 -0.640174
vn 0.600892 -0.318381 -0.733187
vn 0.774586 -0.0676398 -0.628842
vn -0.647841 -0.0534475 -0.759898
vn -0.607664 -0.00024986 -0.794194
vn -0.403449 -0.224898 -0.886933
vn 0.754967 -0.127149 -0.643318
vn -0.613786 -0.0552375 -0.787538
vn -0.521534 -0.0525226 -0.851613
vn -0.594971 -0.0338438 -0.803034
vn 0.461672 0.00859708 -0.887009
vn 0.683187 0.0703868 -0.726843
vn 0.630169 -0.0969919 -0.770376
vn 0.835826 -0.217105 -0.504243
vn 0.845691 0.0724307 -0.528735
vn 0.616629 -0.0499545 -0.785668
vn 0.674704 -0.0588699 -0.735737
vn -0.365553 -0.0721248 -0.927992
vn -0.587213 0.0380158 -0.808539
vn -0.566068 0.0320878 -0.823734
vn -0.526922 0.0563327 -0.848045
vn -0.0407056 0.0346461 -0.99857
vn 0.804875 -0.153249 -0.573316
vn -0.0977313 -0.0138688 -0.995116
vn 0.911958 0.0354934 -0.408746
vn 0.856659 -0.142182 -0.495903
vn 0.664715 0.0334078 -0.74635
vn 0.847983 0.237316 -0.473926
vn 0.889729 -0.229897 -0.394373
vn 0.193194 0.760569 -0.619848
vn -0.054395 -0.81535 -0.576408
vn 0.781224 0.0196106 -0.623943
vn 0.719056 0.420802 -0.553069
vn -0.598122 0.0203348 -0.801147
vn 0.029394 -0.00784928 -0.999537
vn 0.909065 -0.0657726 -0.411431
vn 0.412977 0.830534 -0.373716
vn -0.404416 -0.61698 -0.675118
vn 0.694785 -0.0209802 -0.718912
vn 0.726109 -0.309341 -0.614064
vn 0.770614 0.130719 -0.623752
vn 0.860114 0.202292 -0.468275
vn 0.810227 -0.0210905 -0.585736
vn 0.921645 0.084278 -0.37877
vn 0.842784 0.319349 -0.43328
vn 0.779517 -0.108573 -0.616899
vn 0.879436 0.111487 -0.462778
vn 0.880581 -0.367599 0.299079
vn 0.211931 -0.967526 -0.137765
vn 0.0543448 -0.983927 -0.170102
vn -0.138317 -0.976434 0.165664
vn -0.770525 0.0493618 0.635495
vn -0.836355 -0.0758636 0.542914
vn -0.803924 0.0340147 0.593759
vn 0.0393304 0.246698 0.968294
vn 0.0329354 0.398403 0.916619
vn 0.209854 0.165062 0.963699
vn -0.985813 0.164774 -0.0319675
vn -0.778552 0.167833 -0.604722
vn -0.778918 0.393733 -0.48812
vn -0.78531 -0.0628757 0.615902
vn -0.776016 -0.0291097 0.630041
vn -0.77243 -0.017543 0.634858
vn -0.994341 0.0890955 -0.0578696
vn -0.980158 -0.102106 0.169898
vn -0.421204 -0.308311 0.852955
vn -0.404539 0.0542452 0.91291
vn 0.223625 -0.138652 0.964763
vn -0.854423 0.0679707 0.515112
vn -0.884529 -0.0703968 0.461144
vn -0.788687 -0.00221725 0.614791
vn -0.819946 -0.570018 0.0526199
vn -0.677717 -0.730601 0.0831966
vn -0.63968 -0.718289 0.273625
vn -0.669414 -0.717901 0.191059
vn -0.749434 0.374648 -0.545882
vn -0.525781 0.803758 0.278436
vn -0.663937 0.717168 -0.211797
vn -0.944713 0.198492 0.260996
vn -0.794605 -0.0108713 0.607029
vn -0.504342 -0.458365 0.731807
vn -0.613694 -0.613905 0.496488
vn -0.704702 -0.350276 0.61701
vn -0.815798 -0.548351 0.183808
vn -0.874371 -0.38421 0.29641
vn -0.573953 -0.250895 0.779506
vn -0.344995 -0.68742 0.639087
vn -0.799807 0.0327167 0.599365
vn -0.793134 -0.0283301 0.608388
vn -0.779417 0.0160769 0.626299
vn -0.712651 -0.0553199 0.699334
vn -0.703821 -0.00966826 0.710312
vn -0.801185 -0.0573224 0.595664
vn -0.76385 -0.0324427 0.644578
vn -0.458073 -0.7717 0.441189
vn -0.35702 -0.712872 0.603614
vn -0.826542 -0.530493 0.188162
vn -0.603838 -0.166875 0.779444
vn -0.861761 -0.0925428 0.498802
vn -0.573319 -0.595702 0.562534
vn -0.787968 -0.00652027 0.615682
vn -0.781776 0.0264412 0.622999
vn -0.772248 0.0455881 0.633684
vn -0.592261 0.00261645 0.805742
vn -0.94833 0.0182449 0.316761
vn -0.774874 -0.146917 -0.614805
vn -0.949713 -0.088094 0.300475
vn -0.984307 -0.0700157 0.161978
vn -0.769631 -0.0593476 0.635725
vn -0.807047 -0.003754 0.590475
vn 0.433028 -0.556001 0.709472
vn 0.42891 -0.0896179 0.898891
vn 0.248146 -0.386749 0.888171
vn -0.17966 -0.286379 0.941121
vn -0.791863 -0.105538 0.601511
vn -0.808728 0.0149333 0.587993
vn -0.135807 0.162512 0.977316
vn -0.794438 0.000268243 0.607345
vn -0.774086 -0.017169 0.632848
vn -0.419927 0.876901 0.233892
vn -0.804866 -0.0407613 0.592055
vn -0.807817 -0.0311248 0.588611
vn -0.49466 -0.138139 0.858038
vn -0.4601 -0.0893017 0.883365
vn -0.768664 -0.107911 0.630485
vn 0.397934 -0.267262 0.877621
vn 0.268334 -0.604164 0.750322
vn 0.210104 -0.0237217 0.977391
vn 0.545792 -0.369326 0.752136
vn -0.356086 0.829675 0.429932
vn -0.723973 -0.0702068 0.686246
vn -0.792553 0.00641859 0.609769
vn -0.7195 -0.104291 0.686617
vn -0.793506 -0.0300632 0.60782
vn -0.786472 -0.0144704 0.617457
vn -0.825333 -0.00601427 0.564614
vn 0.338367 0.21509 0.916102
vn 0.619378 0.151029 0.77043
vn -0.809198 -0.0596143 0.584505
vn 0.308668 0.895958 0.319348
vn 0.49496 0.7025 0.511379
vn 0.34432 0.890601 0.297108
vn 0.30348 0.500722 0.810665
vn 0.58889 0.450313 0.671138
vn 0.365624 0.628161 0.686828
vn 0.255921 0.96625 0.0294127
vn 0.21143 0.729812 0.650133
vn 0.634303 0.565615 0.527011
vn 0.0578788 0.249112 0.966744
vn 0.144127 0.820586 0.553052
vn -0.959415 0.11161 0.258972
vn -0.745798 -0.497435 0.443108
vn -0.822495 -0.412533 0.39156
vn -0.77364 -0.0133214 0.633486
vn -0.790013 -0.0619105 0.609957
vn -0.926139 0.227931 -0.300524
vn -0.786231 -0.338082 0.517244
vn -0.676058 -0.103089 0.729601
vn -0.769623 -0.127184 0.625703
vn -0.782482 -0.0108649 0.622579
vn -0.534344 0.250923 0.807164
vn -0.782737 0.0342993 0.621407
vn -0.789957 0.0132793 0.613018
vn -0.799153 -0.0053028 0.601105
vn -0.784138 -0.0041234 0.620573
vn -0.76895 0.0423155 0.637907
vn -0.753817 -0.047211 0.655386
vn -0.808214 -0.0378581 0.587671
vn -0.794585 -0.0523022 0.604896
vn 0.203953 0.954173 0.218991
vn 0.078163 0.996076 0.0415085
vn 0.00650004 0.983692 0.179743
vn -0.740382 -0.257873 0.620754
vn -0.769724 0.00946871 0.638306
vn -0.785709 -0.0348358 0.617615
vn -0.737621 -0.0650472 0.672074
vn -0.79305 -0.0252478 0.608633
vn -0.790935 -0.0301915 0.611155
vn -0.788954 -0.00976711 0.614375
vn -0.784783 -0.0327618 0.618904
vn 0.406367 0.131785 0.904156
vn -0.834234 -0.239514 0.496676
vn -0.788725 -0.00538689 0.614723
vn -0.258494 0.935194 0.242061
vn -0.185229 0.888144 0.420583
vn -0.596655 0.393875 0.699189
vn -0.565991 0.801472 0.193123
vn -0.315189 0.856926 0.40784
vn -0.872765 -0.484595 -0.0587315
vn -0.573994 -0.757874 0.310093
vn -0.734189 -0.67872 -0.0174732
vn -0.702817 -0.711368 -0.00198116
vn 0.19742 0.475373 0.857348
vn 0.167612 0.543049 0.822803
vn -0.906151 -0.00984175 0.422839
vn -0.778964 -0.175675 0.601958
vn -0.735328 0.354735 0.577456
vn -0.952955 0.0698931 0.294945
vn -0.938924 -0.0141587 0.343832
vn -0.972784 -0.112026 0.202833
vn -0.840684 -0.34978 0.413406
vn -0.820691 -0.249663 0.513941
vn -0.931913 -0.0948882 0.350049
vn -0.852578 0.0398662 0.521078
vn -0.831758 0.108406 0.544451
vn -0.898623 0.398766 0.182927
vn -0.959519 0.0553165 0.276159
vn -0.866332 0.0521898 0.496734
vn -0.922432 -0.152608 0.354726
vn -0.91367 -0.298914 0.275424
vn -0.889194 -0.252751 0.38138
vn -0.926309 -0.158867 0.341632
vn -0.97686 0.198263 0.0802267
vn -0.860652 0.497611 0.107983
vn -0.996079 0.0749724 0.0469675
vn -0.859146 0.478566 0.181226
vn -0.887343 0.409074 0.212795
vn -0.981807 -0.139192 0.129154
vn -0.992724 -0.119648 0.0135289
vn -0.990383 -0.116579 0.0745075
vn -0.995298 0.0947174 -0.0202804
vn -0.999468 -0.0239634 0.0221437
vn -0.688023 0.166684 0.706286
vn -0.680889 0.164328 0.713714
vn -0.993422 0.00594174 0.114356
vn -0.838724 0.157854 0.521176
vn -0.906336 0.152087 0.39424
vn -0.626317 0.751832 0.206096
vn -0.748734 0.597648 0.28673
vn -0.604898 0.772485 0.193301
vn -0.924336 -0.10662 0.36638
vn -0.235223 0.903944 0.357148
vn -0.641019 0.713945 0.281741
vn -0.0848952 0.796153 0.59911
vn -0.991004 -0.101783 0.0868936
vn -0.747797 0.533509 0.395181
vn -0.79456 0.307375 0.523637
vn -0.84353 0.439075 0.309304
vn -0.929822 0.0122935 0.367803
vn -0.793249 0.457238 0.402105
vn -0.957726 0.195651 0.210905
vn -0.956456 -0.00625391 0.29181
vn -0.945813 0.00706372 0.324636
vn -0.740266 0.655549 0.149204
vn -0.724908 0.066065 0.68567
vn -0.876844 0.176002 0.447402
vn -0.734463 0.555257 0.390197
vn -0.560175 0.436262 0.704187
vn -0.681789 0.562068 0.468234
vn -0.934947 -0.0800294 0.345643
vn -0.633641 0.332483 0.698538
vn -0.438903 0.242253 0.865261
vn -0.877139 0.404472 0.258901
vn 0.236893 0.56287 0.79187
vn -0.185839 0.390698 0.901565
vn 0.122772 0.404767 0.90614
vn -0.626785 0.76202 0.162686
vn -0.595814 0.475572 0.647177
vn -0.988773 -0.0937096 0.116388
vn -0.622564 0.643983 0.444635
vn -0.648906 0.721152 0.242613
vn -0.650969 0.423945 0.629691
vn -0.631965 0.439304 0.638461
vn -0.645463 0.209005 0.734639
vn -0.2601 0.28772 0.921719
vn -0.401487 0.238435 0.884283
vn -0.14853 0.0474583 0.987768
vn -0.0291018 -0.0474069 0.998452
vn 0.0830096 0.185985 0.97904
vn -0.0569493 0.21656 0.974607
vn -0.5559 0.358862 0.749796
vn -0.809862 0.552204 0.197976
vn -0.73459 0.448422 0.50921
vn -0.718902 -0.201652 0.665219
vn -0.156209 0.187418 0.96978
vn -0.115755 0.348821 0.930013
vn -0.43699 0.392698 0.809214
vn -0.585963 0.377947 0.716801
vn 0.0554758 0.0925457 0.994162
vn 0.080664 0.136083 0.987408
vn -0.297186 0.385222 0.873661
vn -0.514742 -0.181701 0.83787
vn -0.321709 0.172787 0.930939
vn 0.206354 0.19928 0.957969
vn 0.245624 0.398774 0.883543
vn 0.0981486 0.385244 0.917581
vn 0.293174 0.246124 0.923836
vn -0.776412 0.490187 0.396108
vn -0.337716 -0.474869 0.812679
vn -0.132707 0.165085 0.97731
vn -0.91549 -0.322855 0.240089
vn 0.288138 0.00543608 0.957573
vn 0.170595 0.359022 0.917606
vn 0.0978613 0.685011 0.72193
vn -0.211111 0.497746 0.841238
vn -0.00902858 0.0148476 0.999849
vn -0.179279 -0.590214 0.787087
vn 0.291271 0.534287 0.793536
vn -0.552969 0.00696512 0.833173
vn 0.192454 0.368 0.909691
vn 0.158894 -0.0384859 0.986545
vn 0.368243 0.411316 0.833796
vn 0.400928 0.0253512 0.915759
vn -0.0709849 0.335162 0.939483
vn -0.540672 0.283766 0.791929
vn 0.211802 0.174711 0.961569
vn 0.281233 -0.514399 0.810124
vn 0.368032 0.219825 0.903454
vn 0.266096 0.466875 0.843339
vn -0.762544 0.627842 0.156015
vn -0.799401 0.553037 0.23475
vn -0.665969 0.66294 0.342047
vn -0.458144 0.353807 0.815429
vn -0.450506 0.65597 0.605597
vn -0.401786 0.0412605 -0.914804
vn -0.321441 0.294124 -0.900093
vn -0.542208 0.184366 -0.819768
vn -0.423991 0.322468 -0.846313
vn -0.283309 0.357199 -0.890025
vn -0.431198 0.246994 -0.867792
vn -0.273022 0.424872 -0.8631
vn -0.259704 0.317063 -0.912154
vn -0.584138 0.0315074 -0.811043
vn -0.678658 -0.0535299 -0.732501
vn -0.273973 0.22531 -0.934973
vn -0.624347 0.380939 -0.681965
vn -0.606085 0.78493 0.128631
vn -0.41846 0.599905 -0.681913
vn -0.389065 0.918711 0.0678085
vn -0.771136 0.636022 0.0287398
vn -0.635583 0.772017 -0.00491039
vn -0.47804 0.765849 -0.430062
vn -0.639209 0.759869 -0.118371
vn -0.873879 0.475728 -0.100096
vn -0.658253 0.740214 0.137063
vn -0.915892 0.0963237 -0.389698
vn -0.905139 0.0692744 -0.419434
vn -0.89749 0.0711611 -0.435257
vn -0.667922 0.733089 -0.128301
vn -0.915837 0.130997 -0.379582
vn -0.720434 0.679068 -0.140861
vn -0.606188 0.680953 -0.410901
vn -0.538573 0.839998 -0.0658948
vn -0.461843 0.864569 -0.198044
vn -0.869661 0.369166 -0.32773
vn -0.426452 0.895613 -0.126557
vn -0.497058 0.791318 -0.356019
vn -0.623078 0.734982 -0.267537
vn -0.697889 0.358399 -0.620081
vn -0.596976 0.783914 0.170583
vn -0.773699 0.61921 0.134047
vn -0.730201 0.676167 0.0980044
vn -0.814455 0.5733 0.0893883
vn -0.5326 0.830641 -0.1624
vn -0.610725 0.789326 0.0630845
vn -0.551019 0.773086 -0.314192
vn -0.635387 0.767259 0.0871576
vn -0.728072 -0.0355988 -0.684576
vn -0.728526 -0.0252843 -0.684552
vn -0.730605 0.0377902 -0.681754
vn -0.675503 0.0967963 -0.730976
vn -0.481175 0.837298 -0.259621
vn -0.342989 0.839037 -0.422345
vn -0.305924 0.705498 -0.639284
vn -0.342805 -0.718865 0.604746
vn -0.440547 0.817817 -0.370261
vn 0.00293017 -0.584663 0.811271
vn -0.92058 0.140897 -0.364253
vn -0.954311 0.288075 -0.0793927
vn -0.959939 0.179455 0.215203
vn -0.72995 -0.00780734 -0.683456
vn -0.791986 0.106312 -0.601213
vn -0.609151 0.0597452 -0.790801
vn -0.700333 -0.138462 -0.700258
vn -0.663312 -0.0398211 -0.747283
vn -0.789897 -0.0850508 -0.607314
vn -0.676064 0.383832 0.628976
vn -0.954387 -0.262969 0.141398
vn -0.945313 -0.0492602 0.322423
vn -0.864281 0.482933 0.140689
vn -0.367155 0.794339 -0.483967
vn -0.53305 -0.61944 0.576326
vn -0.813936 -0.416678 0.404831
vn -0.884779 0.32555 0.333442
vn -0.883575 -0.162797 -0.439081
vn -0.974294 -0.107538 -0.197958
vn -0.993437 -0.050234 -0.102759
vn -0.859336 0.481752 0.17163
vn -0.852468 0.116492 -0.509636
vn -0.714597 -0.00905949 -0.699478
vn -0.948638 0.301638 0.0953944
vn -0.952425 -0.294051 -0.0801281
vn -0.851185 0.238124 -0.46774
vn -0.906208 0.418263 0.062
vn -0.98043 -0.0491156 0.190643
vn -0.98375 -0.0504794 0.172303
vn -0.995366 0.0787639 -0.0551605
vn -0.983788 -0.0247304 0.17762
vn -0.803612 -0.00939221 0.595079
vn -0.748999 0.561825 0.351217
vn -0.481079 0.161398 0.861693
vn -0.547864 -0.0212936 0.836296
vn -0.292735 0.0232857 0.95591
vn -0.0487701 0.0327836 0.998272
vn -0.529058 -0.158631 0.833627
vn -0.954916 0.26031 0.142742
vn -0.845932 0.507615 0.163485
vn -0.999308 0.0322115 0.0186155
vn -0.96658 0.235327 -0.101708
vn -0.935482 -0.000234019 -0.353374
vn -0.951306 0.13984 -0.274702
vn -0.599375 -0.256337 -0.758315
vn -0.345544 -0.804858 -0.482498
vn -0.567228 -0.774001 -0.28138
vn -0.594406 0.109426 -0.796685
vn -0.685545 0.0485654 -0.726409
vn -0.896176 -0.401187 0.189518
vn -0.727489 -0.405402 -0.553543
vn -0.708645 -0.68642 0.163249
vn -0.832222 0.480539 -0.276565
vn -0.895396 -0.0092526 0.445176
vn -0.762616 0.0590191 -0.644154
vn -0.956358 0.187943 0.223732
vn -0.979714 0.0412665 -0.196105
vn -0.606876 -0.221096 -0.763425
vn -0.459328 -0.832048 0.31099
vn -0.594954 -0.684336 0.421562
vn -0.993265 0.0594131 -0.0994749
vn -0.618649 0.769539 0.158379
vn -0.756471 0.179864 -0.628808
vn -0.673974 0.115506 -0.72967
vn -0.839361 -0.00944653 -0.543492
vn -0.925193 0.0194829 0.378996
vn -0.770174 -0.131703 0.624089
vn -0.759229 0.129937 0.637721
vn -0.764423 0.119992 0.633451
vn -0.78289 0.077824 0.617273
vn -0.806914 0.24582 0.537087
vn -0.535211 0.79207 0.293554
vn -0.17361 0.982545 0.0668195
vn -0.137632 0.975727 0.170337
vn -0.940962 0.235561 0.243107
vn -0.882812 0.0775049 -0.463288
vn -0.775892 -0.289969 0.560276
vn -0.785911 -0.102741 0.609744
vn -0.771832 0.540646 0.33463
vn -0.628702 0.660767 -0.410026
vn -0.477577 0.842567 0.248998
vn -0.619418 -0.586357 0.522022
vn -0.786737 0.0413014 0.615905
vn -0.82475 -0.156531 0.543401
vn -0.799279 0.17073 0.576198
vn -0.752199 0.337569 0.565902
vn -0.495802 0.815863 0.29757
vn -0.758245 0.209486 0.617397
vn -0.727191 0.42225 0.5412
vn -0.783102 0.181615 0.594784
vn -0.757737 0.234592 0.608935
vn -0.726562 0.377621 0.57403
vn -0.389462 0.898601 0.202077
vn -0.832181 0.234551 0.502454
vn -0.569203 0.781191 0.256415
vn -0.758954 0.111025 -0.641609
vn -0.706194 -0.0507166 -0.7062
vn -0.646871 0.633434 0.424641
vn -0.806589 0.0585618 0.588205
vn -0.781978 0.225494 0.581088
vn -0.747167 0.420205 0.514946
vn -0.431015 0.861207 0.269348
vn -0.483088 0.772835 0.411524
vn -0.266201 0.837979 0.47637
vn -0.518569 0.729325 0.446286
vn -0.709546 0.351822 0.610545
vn -0.726796 0.500134 0.470779
vn -0.751524 0.23743 0.615499
vn -0.608774 0.635489 0.474919
vn -0.799787 -0.0767197 0.595362
vn 0.14591 -0.638935 0.755296
vn 0.42409 -0.589489 0.687496
vn 0.540774 -0.102758 0.834868
vn 0.208106 -0.886772 0.412706
vn -0.233364 0.920388 0.313731
vn 0.640483 -0.176778 0.74735
vn -0.462058 0.779033 0.423804
vn -0.0818056 -0.889096 0.450352
vn -0.519416 -0.635169 0.571636
vn -0.738347 0.166057 0.653658
vn -0.541921 0.43924 0.716512
vn -0.601692 0.599724 0.527539
vn -0.788727 0.0319135 0.613914
vn -0.73288 0.0910774 0.674234
vn -0.102043 -0.97692 0.187658
vn -0.713054 -0.456517 0.532115
vn -0.399558 -0.857428 0.324302
vn -0.78524 -0.180439 0.592318
vn -0.772663 -0.252742 0.582335
vn -0.791781 -0.148945 0.592366
vn -0.783837 -0.138095 0.605417
vn -0.78403 -0.00802063 0.620671
vn -0.221041 -0.457271 0.86142
vn -0.798156 0.0124416 0.602322
vn -0.773754 -0.0110971 0.63339
vn -0.780152 -0.0248443 0.625096
vn -0.34908 0.788693 0.506069
vn -0.721401 -0.41324 0.55571
vn -0.79047 -0.100197 0.60425
vn -0.706884 -0.413655 0.573763
vn -0.804705 -0.213766 0.553854
vn -0.802038 -0.0331809 0.596351
vn -0.527204 0.643387 0.555077
vn -0.357534 0.865976 0.34965
vn -0.224382 0.693204 0.684924
vn -0.764922 -0.182043 0.617863
vn -0.769522 0.0509966 0.636581
vn -0.188057 0.255922 0.948229
vn 0.354847 -0.0684741 0.932413
vn 0.14862 0.639369 0.7544
vn -0.769453 -0.288233 0.569968
vn 0.292398 0.437909 0.850141
vn -0.783086 -0.188395 0.592692
vn -0.808525 -0.145404 0.570215
vn -0.794895 -0.0347635 0.605751
vn -0.793354 -0.10594 0.599471
vn -0.735334 -0.320391 0.597189
vn -0.748158 -0.0531243 0.661391
vn -0.741224 -0.282828 0.608765
vn -0.722159 -0.30754 0.619601
vn -0.722601 -0.113185 0.681936
vn -0.720002 -0.0593011 0.691433
vn -0.729013 -0.203865 0.653437
vn -0.740028 -0.202499 0.641368
vn -0.787204 0.0391334 0.61545
vn -0.685142 -0.185629 0.70436
vn -0.785203 0.0223754 0.618834
vn -0.784068 -0.152711 0.601596
vn -0.773276 -0.11279 0.623958
vn -0.99608 -0.0881234 -0.00769481
vn -0.992173 -0.124833 -0.00306862
vn -0.730049 0.139262 -0.669055
vn -0.27882 0.204766 0.938259
vn -0.602579 0.362908 0.710772
vn 0.126658 0.260863 0.957031
vn -0.748444 0.232514 -0.621103
vn -0.845929 0.136384 0.515561
vn -0.738657 0.55959 0.375825
vn -0.726007 0.383614 0.570748
vn -0.786315 -0.0595202 0.614953
vn -0.710708 -0.0208389 -0.703179
vn -0.778547 0.196494 0.596033
vn -0.799203 -0.128594 0.587144
vn -0.557483 -0.691169 0.459889
vn -0.459626 0.80647 0.371955
vn -0.94815 -0.183051 -0.259814
vn -0.964672 -0.0569639 -0.257224
vn -0.974045 -0.17743 -0.140554
vn -0.890924 -0.15164 -0.428089
vn -0.624329 0.629167 0.462992
vn -0.481248 0.762978 0.431584
vn -0.724441 0.15129 0.67253
vn -0.683574 0.421033 0.596202
vn -0.785946 -0.0722392 0.614061
vn -0.754974 -0.259608 0.602178
vn -0.783347 0.191007 0.59151
vn -0.830683 0.0263962 0.55612
vn -0.806846 -0.196138 0.557252
vn -0.822366 -0.185147 0.537992
vn -0.938952 -0.342571 0.0318655
vn -0.805447 -0.032951 0.591751
vn -0.73726 -0.403378 0.541972
vn -0.792401 -0.0809466 0.604606
vn -0.515992 0.788923 0.333696
vn -0.781863 0.223357 0.582068
vn -0.685886 -0.356111 0.634622
vn -0.725342 -0.144887 0.672968
vn -0.792616 -0.452423 0.408745
vn -0.720291 -0.417877 0.553678
vn -0.783999 0.0764993 0.61603
vn -0.77418 0.41081 0.481541
vn -0.392912 0.908198 0.14421
vn -0.499864 0.82534 0.262584
vn -0.650869 0.566335 0.505603
vn -0.722088 -0.364165 0.588194
vn -0.845737 -0.360086 0.393786
vn -0.836691 -0.108755 0.536769
vn -0.746312 -0.473088 0.468195
vn -0.725055 -0.190041 0.661951
vn -0.698693 -0.402948 0.591152
vn -0.760793 -0.10034 0.641191
vn -0.742741 0.0171609 0.669359
vn -0.781701 0.216181 0.584987
vn -0.369456 0.926305 0.073898
vn -0.786169 -0.117304 0.606776
vn -0.826199 -0.0214312 0.562971
vn -0.786695 -0.316235 0.530194
vn -0.681018 -0.491611 0.542709
vn -0.769102 -0.283946 0.572587
vn -0.680364 -0.418367 0.601725
vn -0.641675 -0.429619 0.635358
vn -0.669478 -0.506771 0.543123
vn -0.779391 0.0667547 0.622971
vn -0.627189 0.743502 0.232035
vn -0.688614 -0.449151 0.569275
vn -0.221854 0.962197 0.157981
vn -0.461405 0.876222 0.139071
vn -0.620726 0.701883 0.349371
vn -0.726075 0.131126 0.674998
vn -0.369944 0.617937 0.693755
vn -0.817874 -0.0166519 0.575157
vn -0.829677 -0.0213288 0.557836
vn -0.863062 -0.00595602 0.505063
vn -0.727102 -0.441634 0.525626
vn -0.606342 -0.275619 0.745911
vn -0.870131 0.151382 0.468994
vn -0.815212 0.485402 0.315933
vn -0.891892 0.235742 0.385945
vn -0.699383 0.017638 0.714529
vn -0.571631 0.168439 0.803035
vn -0.0799605 -0.991312 -0.104433
vn -0.179862 -0.956801 0.228435
vn 0.318463 0.318127 0.892959
vn 0.515805 0.370027 0.772674
vn 0.283571 0.611042 0.739064
vn 0.37949 0.749233 0.542805
vn 0.363689 0.727268 0.582075
vn 0.29164 0.52396 0.800257
vn 0.285479 0.859467 0.42405
vn 0.417745 0.830536 0.368374
vn 0.222874 0.974285 -0.0330972
vn 0.462671 0.717036 0.521339
vn 0.37133 0.925928 0.0690805
vn 0.641456 -0.0167642 0.766976
vn 0.683787 -0.113401 0.720816
vn 0.69785 0.00737813 0.716206
vn 0.492837 -0.169481 0.853456
vn 0.522776 0.0572657 0.850544
vn 0.606069 0.151191 0.780911
vn 0.676164 -0.0386846 0.735735
vn 0.639465 -0.20406 0.741245
vn 0.535884 0.0667152 0.841652
vn 0.629805 0.333597 0.70147
vn 0.338345 0.881593 0.329115
vn 0.773095 -0.0187468 0.634013
vn 0.776612 0.0639883 0.626722
vn 0.525506 -0.0755485 0.847429
vn 0.4465 -0.0670443 0.892268
vn 0.857889 -0.0477298 0.511613
vn 0.65358 0.197602 0.730607
vn 0.738157 0.0159015 0.674441
vn 0.849677 0.163863 0.501196
vn 0.961125 0.180775 0.208706
vn 0.983495 0.0294424 0.178523
vn 0.896892 -0.017705 0.441894
vn 0.47953 0.806095 0.346789
vn 0.587402 -0.0628508 0.806851
vn 0.645057 0.315546 0.695939
vn 0.682136 -0.029007 0.73065
vn 0.664562 0.265833 0.698348
vn 0.843725 0.0972094 0.5279
vn 0.886476 0.384313 0.257805
vn 0.639139 0.259865 0.723858
vn 0.355937 0.932844 0.0557692
vn 0.070505 0.989198 -0.128517
vn -0.0376492 0.994887 -0.0937173
vn 0.153254 0.529811 -0.834154
vn 0.288695 0.531488 -0.796352
vn 0.22824 0.323545 -0.918273
vn 0.107833 0.753641 -0.648381
vn 0.116056 0.869264 -0.480532
vn 0.481945 0.809131 -0.336208
vn 0.149676 0.40762 -0.900801
vn -0.0653151 0.452803 -0.889215
vn -0.15309 0.240012 -0.958623
vn -0.0521183 0.348658 -0.9358
vn -0.19592 0.323904 -0.925582
vn 0.777267 0.623472 0.0844984
vn 0.650069 0.717299 -0.250782
vn 0.156437 0.358919 -0.920166
vn 0.290171 0.338695 -0.895034
vn 0.00170155 0.345958 -0.938248
vn -0.0341415 0.66921 -0.742289
vn -0.124514 0.225826 -0.966177
vn -0.264008 0.320614 -0.909674
vn -0.271466 0.503087 -0.820494
vn 0.235365 0.421057 -0.875965
vn -0.121082 0.755197 -0.644218
vn -0.0969278 0.775128 -0.624325
vn 0.50015 0.847094 -0.17967
vn 0.254951 0.93382 0.250957
vn 0.0435763 0.996035 0.0775597
vn 0.371871 0.92323 0.0967401
vn 0.909879 0.414793 -0.00821876
vn 0.668929 0.718427 -0.190779
vn 0.591935 0.797883 -0.113995
vn 0.956738 0.0991174 -0.273547
vn 0.845475 0.311938 -0.433436
vn 0.779561 0.380182 -0.497742
vn 0.951191 0.195868 -0.238477
vn 0.963521 0.237434 -0.123497
vn 0.62762 0.611346 -0.482026
vn 0.834323 0.00646057 -0.551238
vn 0.798666 -0.0310695 -0.600972
vn 0.876735 -0.0962318 -0.471248
vn 0.887829 0.220896 -0.403689
vn 0.997881 0.0581479 0.029208
vn 0.989786 9.70682e-05 -0.142563
vn 0.616443 0.299753 -0.728111
vn 0.902478 -0.0410108 -0.42878
vn 0.843251 0.0371139 -0.536238
vn 0.93881 -0.036404 -0.342507
vn 0.956099 0.158975 -0.246174
vn 0.715877 0.250292 -0.651824
vn 0.815275 0.291183 -0.500539
vn 0.972697 -0.0322036 -0.229833
vn 0.917669 0.0320974 -0.396047
vn 0.848852 0.155031 -0.505386
vn 0.692464 0.250402 -0.676603
vn 0.862047 0.270921 -0.428343
vn 0.440766 0.498264 -0.746632
vn 0.732598 -0.0664258 -0.677413
vn 0.777367 -0.0186387 -0.628771
vn 0.785284 -0.124352 -0.606519
vn 0.733724 -0.0012931 -0.679446
vn 0.959443 -0.063739 -0.274602
vn 0.910552 -0.144396 -0.387357
vn 0.805222 0.116007 -0.581516
vn -0.127348 0.959194 -0.252448
vn -0.0154039 0.189318 -0.981795
vn 0.0970381 0.677276 -0.729301
vn 0.264038 0.912684 -0.311918
vn 0.0323463 0.44631 -0.894294
vn 0.156364 0.63771 -0.754239
vn 0.457716 0.61394 -0.643097
vn -0.248335 0.855164 -0.454999
vn 0.0563997 0.136484 -0.989035
vn 0.0101556 0.998325 0.0569488
vn 0.442767 0.679908 -0.584535
vn -0.237011 0.767848 -0.595177
vn 0.682193 0.693052 -0.233009
vn 0.621876 0.709587 0.331296
vn 0.880611 -0.077466 0.467464
vn 0.839179 0.184022 0.511775
vn 0.656215 0.153689 0.738757
vn 0.668967 0.416432 0.615684
vn 0.602989 0.147477 0.783999
vn 0.567422 0.553885 0.609298
vn 0.700294 0.712782 -0.0391184
vn 0.405615 0.913584 -0.028986
vn 0.1217 0.961859 0.244981
vn 0.646313 -0.191635 0.738617
vn 0.510696 0.342679 0.788518
vn 0.427858 0.465484 0.774766
vn 0.352623 0.614772 0.705488
vn 0.67344 0.144159 0.725049
vn 0.503784 0.577993 0.64197
vn 0.677631 -0.452584 0.579642
vn 0.698929 -0.432644 0.569489
vn 0.553277 0.37503 0.743799
vn 0.472299 -0.185252 0.861752
vn 0.711758 -0.449324 0.539915
vn 0.767779 0.0623426 0.637674
vn 0.718813 -0.260269 0.644646
vn 0.717391 -0.367885 0.591617
vn 0.610087 -0.503495 0.61179
vn 0.621224 -0.422487 0.659989
vn 0.484856 -0.00368863 0.874587
vn 0.487292 0.524357 0.698281
vn 0.546289 -0.192917 0.815077
vn 0.399871 -0.0275713 0.916157
vn 0.475474 0.181627 0.860777
vn 0.599528 0.516837 0.611102
vn 0.0690811 -0.071894 0.995017
vn 0.261033 -0.00634572 0.965309
vn 0.464532 0.583619 0.666032
vn 0.784191 0.00929039 0.62045
vn 0.250498 -0.0842381 0.964445
vn 0.358052 0.0247664 0.933373
vn 0.495571 -0.553997 0.668952
vn 0.467823 -0.0762965 0.880523
vn 0.230953 0.0729195 0.970229
vn 0.865218 0.383747 -0.322702
vn 0.620302 0.083392 -0.779918
vn 0.49763 0.0565106 -0.865547
vn 0.508244 0.236616 -0.828071
vn 0.32939 0.116642 -0.936962
vn 0.580935 0.0398335 -0.812975
vn 0.363672 0.061533 -0.929493
vn 0.557039 0.276209 -0.783209
vn 0.391427 0.383963 -0.836276
vn 0.878459 0.386563 0.280853
vn 0.809492 0.551072 0.202588
vn 0.917341 0.20199 0.343053
vn 0.371318 0.890217 -0.263889
vn 0.782367 0.614983 -0.0984757
vn 0.684881 0.72593 0.0629604
vn 0.93392 0.357327 0.0105383
vn 0.811 0.483915 0.328793
vn 0.893871 0.297532 0.335364
vn 0.964997 0.227329 0.130775
vn 0.935378 0.129507 0.329084
vn 0.874649 0.238372 0.422099
vn -0.0268884 0.995213 0.0939584
vn 0.573808 0.81822 -0.0355074
vn 0.774311 0.445088 0.449821
vn 0.605784 0.600006 0.522512
vn 0.3841 0.813812 0.436094
vn 0.883687 0.362689 0.295895
vn 0.679192 0.702176 0.213654
vn 0.830431 0.341308 0.440333
vn -0.118591 0.992644 -0.0243802
vn -0.0554774 0.989616 -0.132601
vn 0.104532 0.965952 -0.236663
vn 0.505058 0.833572 0.223772
vn 0.648048 0.661298 0.377781
vn 0.696477 0.557816 0.451399
vn 0.798411 0.482613 0.360033
vn -0.0729056 0.996725 -0.0349876
vn 0.107141 0.963996 0.243378
vn 0.26596 0.962505 0.0533742
vn 0.6001 0.797015 0.0681657
vn 0.833712 0.191909 0.517779
vn 0.70745 0.404491 0.57957
vn 0.90691 0.124206 0.402599
vn 0.487934 0.771649 0.408017
vn 0.843587 0.497561 0.201973
vn 0.447083 0.669388 0.593327
vn 0.441435 0.712194 0.545816
vn 0.286879 0.830154 0.478062
vn -0.0397323 0.945639 0.322783
vn 0.599918 0.671195 0.435426
vn 0.970365 0.24087 -0.0192981
vn 0.945384 0.272227 0.179283
vn -0.228866 0.970989 0.0692914
vn 0.21752 0.965177 -0.145319
vn 0.377849 0.712494 0.591255
vn -0.218289 0.960844 0.170671
vn 0.61761 0.575988 0.535533
vn 0.540554 0.832657 -0.12035
vn 0.856309 -0.0708947 0.511575
vn 0.989628 0.0446376 0.136544
vn 0.894312 0.323866 0.308736
vn 0.996412 0.04201 -0.0734738
vn 0.996762 -0.0745415 0.0301556
vn 0.995405 -0.0890429 0.0352193
vn 0.941438 0.284053 -0.181683
vn 0.911231 0.194365 -0.363152
vn 0.955659 -0.0744077 -0.28492
vn 0.997863 -0.0652037 0.0043327
vn 0.825986 0.453364 -0.334975
vn 0.994577 -0.103234 0.0126343
vn 0.998847 -0.0478765 -0.00346282
vn 0.986445 -0.0163333 -0.163278
vn 0.986441 0.0151017 0.163419
vn 0.955031 0.269202 0.124279
vn 0.94809 0.316559 -0.0302503
vn 0.926457 0.374498 -0.0377857
vn 0.970279 -0.032503 0.239795
vn 0.981864 -0.0845053 0.169711
vn 0.736894 0.291031 0.610153
vn 0.996233 0.0109476 -0.0860283
vn 0.97051 0.231002 0.0689119
vn 0.950434 -0.0852053 -0.299023
vn 0.929799 0.0239985 -0.367284
vn 0.36894 -0.599638 0.710153
vn 0.637691 -0.271552 0.72084
vn 0.885028 -0.259321 0.386625
vn -0.669376 -0.135559 0.730451
vn -0.638231 -0.106903 0.762387
vn -0.528664 -0.127343 0.839225
vn 0.73121 -0.264795 -0.628661
vn 0.999918 -0.00303585 -0.0124682
vn 0.816102 0.0661207 -0.574112
vn 0.997286 -0.0196161 -0.0709673
vn 0.990658 -0.13094 -0.0380866
vn 0.96845 -0.0163325 0.248671
vn 0.918753 -0.0341176 -0.393356
vn 0.946774 -0.0393697 -0.319483
vn 0.78411 0.0557264 -0.618115
vn -0.123986 0.577209 0.807129
vn -0.0327224 0.389637 0.920387
vn -0.130167 0.432826 0.892031
vn 0.948344 -0.264201 -0.175617
vn 0.624526 0.573386 0.530279
vn 0.585767 0.462215 0.665759
vn 0.765245 0.45089 0.459454
vn 0.969509 -0.217496 -0.112909
vn 0.823988 -0.086506 -0.559965
vn 0.956561 -0.0607949 -0.285123
vn 0.209712 0.349476 0.913175
vn 0.0285825 0.17503 0.984148
vn -0.0891295 0.106986 0.990258
vn 0.839157 -0.373863 0.395022
vn 0.932832 -0.304777 0.192185
vn 0.78434 0.0329534 -0.619455
vn 0.88965 0.0190754 -0.456244
vn 0.732225 -0.0290595 -0.680443
vn 0.897491 0.142836 -0.417263
vn -0.553478 -0.226732 0.801408
vn 0.821844 0.43938 -0.362655
vn 0.757739 0.478665 -0.443521
vn 0.492963 0.499831 -0.712149
vn 0.985948 0.161839 0.0413981
vn 0.977358 -0.0853092 -0.193632
vn 0.895633 -0.324592 0.304109
vn 0.594935 0.700593 0.393982
vn 0.719605 0.359668 0.593976
vn 0.689318 0.508838 0.515679
vn 0.962216 0.123676 0.242579
vn 0.506629 0.0408902 0.861194
vn 0.885654 0.0499016 -0.461657
vn 0.824956 0.0391644 -0.563838
vn 0.787255 -0.0792932 -0.611508
vn 0.51802 0.00641702 0.855345
vn 0.0072268 0.0716982 0.9974
vn 0.0990436 -0.126348 0.987029
vn 0.746101 -0.214181 -0.630444
vn 0.789683 -0.234928 -0.566754
vn 0.57875 -0.252962 -0.77528
vn 0.750217 -0.617618 0.236058
vn -0.547918 0.205863 0.810806
vn -0.309038 -0.145761 0.939813
vn 0.818613 0.0509839 -0.572078
vn 0.77392 0.00624937 -0.633253
vn 0.958404 -0.269488 0.094011
vn 0.861323 -0.50208 0.0777125
vn 0.730634 -0.326362 -0.599718
vn -0.642436 -0.215008 0.73556
vn -0.80814 0.0154331 0.588788
vn 0.882311 -0.327392 -0.338146
vn -0.267105 -0.0906345 0.959396
vn 0.903153 0.060855 -0.424983
vn 0.728494 0.0766506 0.68075
vn 0.423052 0.158146 0.892198
vn 0.895117 -0.391587 0.213131
vn 0.52662 0.665506 0.528935
vn 0.635257 0.730777 0.249827
vn 0.901939 -0.124007 -0.413677
vn 0.977348 -0.0551287 -0.204333
vn 0.25135 0.699341 0.669138
vn 0.308825 0.466752 0.828716
vn 0.979732 -0.125332 -0.156258
vn 0.941592 -0.00760408 0.33667
vn 0.964447 -0.178395 -0.194982
vn 0.84864 0.0268177 -0.528291
vn 0.898697 0.059539 -0.43451
vn 0.838394 0.00876541 -0.544995
vn 0.768863 -0.0786659 -0.634557
vn 0.799271 0.0534593 -0.598589
vn -0.695252 0.00931695 0.718706
vn 0.800473 -0.373145 0.469048
vn 0.820288 -0.570312 0.0432627
vn 0.936812 -0.33257 -0.108536
vn 0.91389 0.0259791 -0.405129
vn 0.749792 0.241139 0.616169
vn 0.546321 0.756731 0.359015
vn 0.66786 0.712315 0.215801
vn 0.610061 0.705074 0.361519
vn 0.804965 -0.117294 -0.581613
vn 0.499597 0.725582 0.473215
vn 0.801602 0.00811127 -0.597803
vn 0.559177 0.146342 -0.81603
vn 0.930676 -0.126561 0.343256
vn 0.810053 0.119148 0.574123
vn -0.290339 0.192012 0.937462
vn -0.719814 0.0696657 0.690662
vn -0.631554 0.132829 0.763869
vn 0.585311 -0.691654 0.423114
vn 0.776125 -0.0240457 -0.630121
vn -0.347646 0.0281181 0.937204
vn 0.435661 0.168927 0.884117
vn -0.0141714 0.0677695 0.9976
vn 0.760077 -0.0862218 0.644088
vn 0.702382 -0.0863338 0.706545
vn 0.878648 -0.129218 0.459652
vn 0.958904 -0.259324 -0.115129
vn 0.779403 0.097884 -0.618829
vn 0.854885 -0.502124 -0.13055
vn 0.782366 -0.0281441 -0.622183
vn 0.802139 0.0643134 -0.593663
vn 0.753033 0.19654 -0.627944
vn -0.743493 -0.397066 0.538105
vn 0.923017 -0.0391772 0.382759
vn 0.523726 0.039396 -0.850975
vn -0.66738 -0.0121285 0.744619
vn -0.0410265 0.380736 0.923773
vn 0.0637817 0.508106 0.85893
vn 0.124758 0.515592 0.847703
vn 0.811402 -0.239474 -0.533178
vn 0.820471 -0.185583 -0.540728
vn 0.30685 0.131695 0.942603
vn 0.439376 0.0424444 0.8973
vn -0.61514 -0.108657 0.780895
vn 0.768967 0.03836 -0.638137
vn 0.833566 0.0139044 -0.552245
vn 0.762826 0.00713427 -0.646565
vn -0.0838366 0.862774 0.498591
vn -0.476379 0.128462 0.869805
vn 0.944626 -0.0445852 -0.325106
vn 0.877064 -0.211235 -0.431438
vn 0.105052 0.0555818 0.992912
vn 0.86865 0.0739216 -0.48988
vn 0.934216 0.351221 -0.0623295
vn 0.858774 0.468179 -0.208124
vn 0.288775 0.0374706 0.956663
vn 0.435193 0.253481 0.863918
vn 0.968532 -0.00986787 0.248693
vn 0.940598 -0.119462 0.31781
vn -0.782269 -0.0017813 0.622939
vn -0.623673 -0.00308286 0.781679
vn -0.461306 0.149628 0.874533
vn 0.700339 -0.135168 0.700896
vn 0.85227 0.00331672 -0.523092
vn 0.616185 -0.0482032 -0.786125
vn 0.828171 -0.24712 -0.503056
vn 0.983 0.147356 -0.109537
vn 0.600777 -0.0392652 0.798452
vn 0.332283 -0.128467 0.93439
vn -0.51788 0.0785155 0.851843
vn -0.0906644 0.0979471 0.991053
vn -0.251966 0.210259 0.944619
vn 0.778163 0.0381939 -0.626901
vn -0.560776 0.421326 0.712752
vn -0.533412 0.158142 0.830941
vn 0.772115 0.384067 0.506292
vn 0.666906 0.459924 0.586265
vn 0.709205 0.424344 0.562993
vn 0.787191 9.98226e-05 -0.61671
vn 0.935625 0.297741 0.189621
vn 0.671472 0.00912451 -0.740974
vn 0.690715 0.267866 -0.671685
vn 0.409595 0.161518 0.897855
vn 0.841483 0.0812609 -0.534137
vn -0.474061 0.0396444 0.879599
vn -0.706754 -0.0047824 0.707443
vn -0.308979 0.0629408 0.948984
vn 0.780754 -0.0113559 -0.624735
vn -0.401087 0.151318 0.903456
vn -0.396478 -0.191423 0.897866
vn -0.476307 0.0352286 0.878573
vn 0.998335 -0.0424659 0.0390316
vn 0.806099 0.153654 -0.571485
vn 0.78993 -0.0542898 -0.610789
vn 0.978307 -0.114204 -0.172839
vn -0.117046 0.0750433 0.990287
vn -0.347182 -0.0318692 0.937256
vn -0.608714 0.0242106 0.793021
vn 0.69795 0.673864 0.242432
vn 0.730288 0.681074 0.0530787
vn 0.715364 0.27618 -0.641856
vn 0.718348 -0.433706 -0.543944
vn 0.636545 0.117328 0.762263
vn 0.815393 0.490696 -0.307167
vn 0.907306 0.401643 -0.124415
vn -0.583905 0.164028 0.795078
vn 0.295509 0.559583 0.774301
vn 0.336478 0.765106 0.548994
vn 0.224054 0.644229 0.731279
vn 0.591467 -0.167821 0.788671
vn 0.797537 0.237448 0.554575
vn 0.306284 -0.168687 0.936875
vn -0.352969 -0.0547556 0.934032
vn 0.964165 -0.18169 -0.193326
vn 0.801636 2.0886e-05 -0.597812
vn 0.801377 -0.0806039 -0.592704
vn 0.801637 -0.0342806 -0.596828
vn 0.787637 -0.254909 -0.560936
vn 0.78853 -0.00710633 -0.614955
vn 0.771808 -0.139625 -0.620337
vn 0.800871 -0.220535 -0.55675
vn 0.754756 -0.267684 -0.598905
vn 0.745994 -0.384488 -0.543747
vn 0.788088 -0.380094 -0.484196
vn 0.742364 -0.220831 -0.632558
vn 0.741197 -0.278469 -0.610804
vn 0.666789 -0.13974 -0.732028
vn 0.807776 -0.220631 -0.546644
vn 0.795303 0.059494 -0.603286
vn 0.649078 0.0974687 -0.754452
vn 0.519475 0.254746 -0.815629
vn 0.796775 0.0151539 -0.604086
vn -0.255799 -0.404366 0.878097
vn 0.404279 -0.544624 0.734808
vn 0.792622 0.0171362 -0.609473
vn 0.797508 -0.0193465 -0.602998
vn 0.833208 0.047835 -0.550887
vn 0.838524 0.108902 -0.533871
vn 0.872006 -0.0801992 -0.48288
vn -0.727237 0.0346534 0.685512
vn -0.673633 -0.236435 0.700227
vn -0.542851 0.216567 0.811425
vn -0.42454 0.865277 0.266574
vn 0.0821629 0.849854 0.520575
vn 0.712442 0.0287037 -0.701143
vn -0.79239 -0.0256012 0.609478
vn -0.794145 -0.0182522 0.607454
vn -0.671725 -0.0417307 0.739624
vn 0.73092 -0.00258155 -0.682458
vn 0.779834 -0.0693316 -0.622135
vn 0.0581566 -0.667842 0.742027
vn 0.798259 0.573096 0.18532
vn 0.449276 0.366622 0.814702
vn 0.9355 -0.00417758 -0.353301
vn 0.112177 0.175922 0.977992
vn -0.305875 -0.0186168 0.95189
vn -0.563267 0.692939 0.450073
vn -0.728193 0.312065 0.610205
vn -0.503922 -0.356936 0.786549
vn 0.0302571 0.299282 0.953685
vn 0.0156293 0.110095 0.993798
vn -0.0812818 0.271331 0.959048
vn -0.163736 0.0981608 0.981608
vn -0.178982 -0.012609 0.983772
vn -0.0100158 0.267189 0.963592
vn -0.0490843 0.0814644 0.995467
vn 0.262397 -0.1439 0.95417
vn 0.429273 0.672292 0.603116
vn 0.339443 -0.0884328 0.93646
vn -0.766608 0.0140781 0.641961
vn -0.435996 0.523825 0.731789
vn -0.262665 0.701576 0.662418
vn 0.103469 0.0285239 0.994224
vn 0.270807 -0.0462417 0.961522
vn -0.678152 0.0897485 0.729421
vn -0.0978237 0.307929 0.946367
vn -0.687381 -0.0634847 0.723517
vn -0.607409 0.0891008 0.789377
vn -0.265123 0.287693 0.920295
vn -0.557237 0.0730531 0.827134
vn 0.474171 0.740156 0.476792
vn 0.0528874 -0.166877 0.984558
vn 0.242638 -0.0632293 0.968054
vn -0.178639 -0.305852 0.93517
vn -0.421898 -0.234111 0.875896
vn 0.557696 0.566102 0.607044
vn -0.125313 0.269724 0.954749
vn 0.0647905 0.350401 0.934356
vn -0.0624368 -0.378141 0.92364
vn 0.512188 0.814045 0.27385
vn -0.123696 -0.115038 0.985629
vn 0.210271 0.242088 0.947196
vn -0.281136 -0.466483 0.838663
vn -0.0621028 -0.0784344 0.994983
vn 0.350156 -0.114543 0.929661
vn 0.758142 0.298371 -0.579824
vn 0.629528 -0.18042 -0.75574
vn 0.640509 -0.179139 -0.746764
vn 0.551192 -0.186857 -0.813186
vn 0.459621 -0.31236 -0.831372
vn 0.739803 0.298678 -0.602896
vn 0.774403 -0.18435 -0.60524
vn 0.853178 0.1099 -0.509911
vn 0.772494 0.291116 -0.564362
vn 0.699112 -0.164643 -0.695798
vn 0.76626 -0.254109 -0.590148
vn 0.698222 -0.304812 -0.647747
vn 0.783788 0.0196849 -0.620716
vn 0.789006 0.0377504 -0.613225
vn 0.737666 -0.218405 -0.638864
vn 0.781621 -0.0448332 -0.62214
vn 0.806043 -0.213651 -0.551949
vn 0.788819 0.0476823 -0.612773
vn 0.159318 0.327621 0.93128
vn 0.0582014 0.457234 0.88744
vn -0.557711 0.794976 0.238686
vn -0.739547 -0.227863 0.633363
vn 0.36049 0.596742 0.716901
vn 0.202996 0.013659 0.979084
vn 0.143167 0.466727 0.872736
vn -0.00481462 -0.251638 0.967809
vn -0.324386 -0.283292 0.902507
vn -0.102028 -0.246109 0.963857
vn -0.444137 -0.117471 0.888225
vn -0.288108 0.0437781 0.956597
vn -0.286982 0.0607033 0.956011
vn -0.226862 -0.162475 0.960279
vn 0.427279 0.456441 0.780445
vn -0.341174 -0.187148 0.921182
vn -0.768762 0.0304498 0.638809
vn -0.328573 -0.248434 0.911219
vn -0.778849 0.0152274 0.627027
vn -0.0648986 -0.206951 0.976196
vn 0.440006 0.584867 0.681414
vn 0.133107 -0.00939743 0.991057
vn 0.500479 0.0162471 -0.865596
vn 0.463855 0.157771 -0.87175
vn 0.225632 0.342186 0.91214
vn 0.341181 0.647554 0.681373
vn -0.117294 0.259442 0.958609
vn -0.690303 -0.201444 0.694912
vn 0.518302 0.191904 0.833388
vn 0.282897 0.153482 0.946791
vn -0.815777 0.0320412 0.577478
vn 0.790858 0.539862 -0.288258
vn 0.769657 0.636303 0.0524195
vn 0.768083 0.0347559 -0.639406
vt 0.396276 0.998218
vt 0.426173 0.987804
vt 0.42541 0.999952
vt 0.192709 0.881286
vt 0.191132 0.847381
vt 0.218052 0.847285
vt 0.223922 0.999966
vt 0.232474 0.985749
vt 0.253629 0.998249
vt 0.311791 0.996172
vt 0.281741 0.978208
vt 0.310609 0.974679
vt 0.348871 0.999811
vt 0.238158 0.977713
vt 0.266844 0.978411
vt 0.268124 0.999837
vt 0.302659 0.998694
vt 0.212114 0.956082
vt 0.233749 0.952891
vt 0.226481 0.974265
vt 0.210237 0.978366
vt 0.199787 0.951161
vt 0.194728 0.968915
vt 0.189846 0.949185
vt 0.240868 0.972182
vt 0.246888 0.952045
vt 0.733491 0.950051
vt 0.723451 0.958941
vt 0.728213 0.939861
vt 0.710476 0.963919
vt 0.709447 0.950468
vt 0.742954 0.939263
vt 0.743867 0.960346
vt 0.718652 0.944105
vt 0.735737 0.973686
vt 0.773206 0.957888
vt 0.75916 0.982046
vt 0.759391 0.946044
vt 0.71885 0.982166
vt 0.685701 0.961736
vt 0.673707 0.959847
vt 0.687924 0.941547
vt 0.676016 0.982611
vt 0.655858 0.962576
vt 0.652193 0.981158
vt 0.668964 0.948888
vt 0.638606 0.97406
vt 0.651491 0.941171
vt 0.69387 0.976714
vt 0.705052 0.954767
vt 0.633126 0.956753
vt 0.670808 0.937797
vt 0.631683 0.938778
vt 0.681259 0.03709
vt 0.696993 0.0221311
vt 0.703191 0.0368239
vt 0.70085 0.0092995
vt 0.684723 0.0115498
vt 0.707375 0.0217834
vt 0.729421 0.029613
vt 0.717898 0.0240207
vt 0.735651 0.0162724
vt 0.720975 0.0425424
vt 0.665412 0.0146921
vt 0.735079 0.042741
vt 0.715501 0.010234
vt 0.725163 0.0115464
vt 0.7115 0.0525619
vt 0.69351 0.0560065
vt 0.660267 0.0360996
vt 0.844422 0.909653
vt 0.834299 0.894447
vt 0.855085 0.899876
vt 0.821476 0.910959
vt 0.83417 0.928366
vt 0.82301 0.930463
vt 0.852819 0.86185
vt 0.844705 0.879151
vt 0.836208 0.860036
vt 0.864653 0.88656
vt 0.803095 0.886109
vt 0.823986 0.873327
vt 0.787862 0.919131
vt 0.785869 0.897641
vt 0.875355 0.870693
vt 0.803024 0.865771
vt 0.845358 0.923569
vt 0.821727 0.850149
vt 0.579767 0.948969
vt 0.590093 0.940628
vt 0.590184 0.952658
vt 0.597963 0.9472
vt 0.601592 0.956689
vt 0.606351 0.944043
vt 0.61705 0.954428
vt 0.628215 0.959165
vt 0.624199 0.940073
vt 0.570081 0.941041
vt 0.579864 0.938908
vt 0.614471 0.964829
vt 0.580444 0.962239
vt 0.5999 0.970842
vt 0.585628 0.9815
vt 0.590944 0.965044
vt 0.569917 0.95505
vt 0.561293 0.949138
vt 0.553417 0.938943
vt 0.769202 0.0256744
vt 0.75568 0.00588546
vt 0.778094 0.00543334
vt 0.739799 0.0431454
vt 0.753341 0.0279474
vt 0.757433 0.0441413
vt 0.781836 0.0352903
vt 0.770939 0.0349555
vt 0.764405 0.0351355
vt 0.741855 0.0166979
vt 0.78914 0.0542271
vt 0.771876 0.0446468
vt 0.805809 0.0481259
vt 0.794249 0.0369332
vt 0.78807 0.0244263
vt 0.797885 0.0124549
vt 0.80816 0.0309921
vt 0.755004 0.0561241
vt 0.777355 0.0568114
vt 0.767994 0.0560426
vt 0.200999 0.942469
vt 0.206879 0.933807
vt 0.21376 0.942385
vt 0.178416 0.926751
vt 0.161625 0.92441
vt 0.171353 0.909594
vt 0.143887 0.925858
vt 0.142022 0.905279
vt 0.194619 0.931261
vt 0.203413 0.924643
vt 0.190389 0.918766
vt 0.218418 0.927124
vt 0.223681 0.940326
vt 0.158969 0.937562
vt 0.206398 0.913681
vt 0.189641 0.90365
vt 0.207253 0.896937
vt 0.236409 0.933763
vt 0.236409 0.947603
vt 0.212016 0.906274
vt 0.236409 0.910884
vt 0.221338 0.909831
vt 0.193686 0.888111
vt 0.170829 0.93725
vt 0.145776 0.94437
vt 0.131958 0.933023
vt 0.185629 0.94123
vt 0.159158 0.895175
vt 0.175781 0.891361
vt 0.607125 0.878073
vt 0.584445 0.874291
vt 0.594456 0.859497
vt 0.578598 0.856579
vt 0.613845 0.852781
vt 0.591349 0.842956
vt 0.632342 0.919071
vt 0.60475 0.929847
vt 0.606606 0.905376
vt 0.65848 0.908645
vt 0.680358 0.902294
vt 0.682246 0.918838
vt 0.683457 0.889694
vt 0.704905 0.891565
vt 0.638955 0.88703
vt 0.665987 0.889293
vt 0.656657 0.929304
vt 0.586199 0.895314
vt 0.70123 0.877857
vt 0.567061 0.925781
vt 0.547283 0.923156
vt 0.560768 0.908775
vt 0.67776 0.879589
vt 0.580497 0.929288
vt 0.584633 0.915055
vt 0.567727 0.89257
vt 0.545019 0.897338
vt 0.538247 0.913896
vt 0.551579 0.934595
vt 0.596355 0.916697
vt 0.699381 0.9072
vt 0.659159 0.879022
vt 0.669326 0.868375
vt 0.652086 0.867108
vt 0.625279 0.866112
vt 0.634806 0.857254
vt 0.706651 0.921861
vt 0.703698 0.929038
vt 0.727284 0.889651
vt 0.733143 0.873432
vt 0.744489 0.886721
vt 0.719137 0.902094
vt 0.709244 0.893636
vt 0.779901 0.88771
vt 0.77091 0.89554
vt 0.771539 0.883999
vt 0.714834 0.92722
vt 0.715191 0.912614
vt 0.735743 0.913484
vt 0.741128 0.933498
vt 0.760762 0.887093
vt 0.752715 0.898448
vt 0.762032 0.912459
vt 0.789251 0.845489
vt 0.786222 0.85787
vt 0.769432 0.858738
vt 0.744121 0.848012
vt 0.714597 0.874971
vt 0.751804 0.876504
vt 0.801981 0.854901
vt 0.780436 0.901924
vt 0.736621 0.899471
vt 0.729326 0.860009
vt 0.710729 0.845073
vt 0.752837 0.864275
vt 0.774631 0.866945
vt 0.765049 0.87321
vt 0.714188 0.86199
vt 0.781203 0.911993
vt 0.787742 0.864556
vt 0.78553 0.873337
vt 0.776233 0.877721
vt 0.795943 0.863958
vt 0.761081 0.926381
vt 0.77193 0.922781
vt 0.85442 0.390621
vt 0.871515 0.387962
vt 0.85892 0.405946
vt 0.721197 0.419917
vt 0.737736 0.397905
vt 0.738166 0.426866
vt 0.851013 0.426972
vt 0.839905 0.419215
vt 0.739337 0.467906
vt 0.718312 0.451648
vt 0.753975 0.453638
vt 0.761248 0.435814
vt 0.781414 0.43617
vt 0.773827 0.448241
vt 0.835609 0.43632
vt 0.844317 0.440697
vt 0.888482 0.378267
vt 0.888876 0.390426
vt 0.761503 0.405784
vt 0.779428 0.407334
vt 0.772894 0.416785
vt 0.833192 0.475264
vt 0.846099 0.454253
vt 0.857141 0.468165
vt 0.756111 0.421313
vt 0.882899 0.404694
vt 0.825261 0.450534
vt 0.794408 0.45284
vt 0.786687 0.464725
vt 0.864702 0.436289
vt 0.808654 0.490269
vt 0.814855 0.46631
vt 0.796118 0.476491
vt 0.799878 0.467181
vt 0.789849 0.443954
vt 0.858497 0.494969
vt 0.915374 0.344705
vt 0.916036 0.359137
vt 0.906708 0.360869
vt 0.724117 0.434734
vt 0.745303 0.441978
vt 0.795673 0.431868
vt 0.796106 0.416073
vt 0.81982 0.430729
vt 0.778025 0.428037
vt 0.770364 0.397868
vt 0.805001 0.444194
vt 0.7699 0.463599
vt 0.898937 0.398238
vt 0.755192 0.475689
vt 0.867769 0.417109
vt 0.699839 0.426402
vt 0.872708 0.453149
vt 0.886476 0.422446
vt 0.706346 0.406221
vt 0.789632 0.389349
vt 0.877 0.471709
vt 0.81954 0.52829
vt 0.923287 0.385751
vt 0.902826 0.387823
vt 0.905892 0.373723
vt 0.890186 0.440335
vt 0.904449 0.463231
vt 0.912513 0.400925
vt 0.913443 0.434314
vt 0.905527 0.411652
vt 0.949359 0.397737
vt 0.937272 0.374718
vt 0.928111 0.401186
vt 0.895365 0.490914
vt 0.911939 0.479905
vt 0.921853 0.490504
vt 0.899078 0.352532
vt 0.933249 0.41416
vt 0.873695 0.512956
vt 0.893608 0.518939
vt 0.893334 0.542224
vt 0.865919 0.568528
vt 0.875458 0.53577
vt 0.928977 0.50909
vt 0.909169 0.534111
vt 0.854305 0.531051
vt 0.821904 0.582523
vt 0.896944 0.366448
vt 0.946384 0.487321
vt 0.677517 0.452091
vt 0.685402 0.444265
vt 0.68948 0.479353
vt 0.952839 0.430764
vt 0.658465 0.445365
vt 0.948261 0.458712
vt 0.673518 0.424353
vt 0.806074 0.456967
vt 0.924136 0.367001
vt 0.927389 0.350633
vt 0.947741 0.359147
vt 0.952885 0.327706
vt 0.9548 0.333101
vt 0.947332 0.342208
vt 0.937633 0.345364
vt 0.807705 0.396817
vt 0.806716 0.382832
vt 0.82513 0.384493
vt 0.936701 0.325801
vt 0.858754 0.372313
vt 0.840333 0.364699
vt 0.860634 0.350214
vt 0.826039 0.407461
vt 0.844273 0.380135
vt 0.83983 0.392931
vt 0.886227 0.359139
vt 0.915634 0.558281
vt 0.954699 0.537766
vt 0.721547 0.483262
vt 0.901952 0.576243
vt 0.89415 0.564168
vt 0.926423 0.593587
vt 0.915901 0.578776
vt 0.925066 0.57634
vt 0.908603 0.327706
vt 0.819215 0.369444
vt 0.845523 0.40351
vt 0.874405 0.365036
vt 0.630407 0.486335
vt 0.645068 0.463005
vt 0.660705 0.483861
vt 0.272906 0.443491
vt 0.286273 0.467131
vt 0.254827 0.447359
vt 0.240105 0.477129
vt 0.293024 0.450292
vt 0.303485 0.428827
vt 0.301697 0.458768
vt 0.306345 0.449732
vt 0.306574 0.509047
vt 0.26557 0.510123
vt 0.290335 0.49497
vt 0.296676 0.527486
vt 0.3136 0.465669
vt 0.309053 0.48922
vt 0.378411 0.578033
vt 0.391512 0.5662
vt 0.389031 0.583763
vt 0.319921 0.445105
vt 0.330886 0.484864
vt 0.336161 0.465934
vt 0.336818 0.448983
vt 0.365753 0.569823
vt 0.37967 0.555472
vt 0.605163 0.463709
vt 0.637008 0.450503
vt 0.336369 0.529095
vt 0.325921 0.509441
vt 0.34753 0.506215
vt 0.35347 0.462589
vt 0.375052 0.476076
vt 0.37311 0.506677
vt 0.353556 0.48277
vt 0.597358 0.542006
vt 0.573581 0.560814
vt 0.563379 0.54023
vt 0.35703 0.531442
vt 0.542084 0.560263
vt 0.408226 0.507075
vt 0.421334 0.514527
vt 0.405551 0.524821
vt 0.425259 0.500177
vt 0.399585 0.589188
vt 0.405424 0.565254
vt 0.397172 0.493477
vt 0.442539 0.528005
vt 0.437521 0.544377
vt 0.425908 0.530274
vt 0.478157 0.532399
vt 0.479557 0.559162
vt 0.46044 0.54336
vt 0.389054 0.525785
vt 0.37656 0.534592
vt 0.363412 0.551124
vt 0.441376 0.515278
vt 0.451359 0.504126
vt 0.315653 0.539104
vt 0.448803 0.536339
vt 0.569547 0.53161
vt 0.448533 0.546591
vt 0.455912 0.527687
vt 0.465716 0.513896
vt 0.492385 0.512056
vt 0.393511 0.509051
vt 0.45754 0.609755
vt 0.44596 0.592904
vt 0.471456 0.591892
vt 0.53568 0.532725
vt 0.393904 0.546351
vt 0.383842 0.539472
vt 0.498998 0.540017
vt 0.511007 0.560239
vt 0.423247 0.564172
vt 0.449857 0.565556
vt 0.527677 0.592624
vt 0.50618 0.525428
vt 0.521034 0.513052
vt 0.412281 0.546024
vt 0.4126 0.594917
vt 0.27593 0.430491
vt 0.430659 0.584624
vt 0.431743 0.612012
vt 0.253576 0.4218
vt 0.423637 0.546429
vt 0.236152 0.431943
vt 0.498339 0.591954
vt 0.592866 0.527433
vt 0.461621 0.450949
vt 0.452791 0.476169
vt 0.424588 0.458751
vt 0.485208 0.497736
vt 0.480456 0.481459
vt 0.508113 0.494276
vt 0.56682 0.51726
vt 0.545417 0.5121
vt 0.46901 0.473164
vt 0.462638 0.494282
vt 0.439366 0.490597
vt 0.476126 0.505607
vt 0.464994 0.503788
vt 0.561489 0.496353
vt 0.544412 0.465342
vt 0.576979 0.481687
vt 0.471989 0.470195
vt 0.618923 0.504234
vt 0.607935 0.491718
vt 0.537023 0.494607
vt 0.523269 0.480684
vt 0.594706 0.504192
vt 0.498808 0.466998
vt 0.366031 0.457589
vt 0.38323 0.462654
vt 0.400756 0.468041
vt 0.393766 0.474197
vt 0.417421 0.481912
vt 0.44426 0.497128
vt 0.595344 0.487616
vt 0.618529 0.524087
vt 0.626194 0.550097
vt 0.641201 0.501514
vt 0.57618 0.456057
vt 0.663848 0.519783
vt 0.640158 0.52839
vt 0.642739 0.55132
vt 0.338532 0.560103
vt 0.349443 0.552727
vt 0.348788 0.567736
vt 0.338741 0.545019
vt 0.569515 0.448705
vt 0.560331 0.456328
vt 0.515333 0.44287
vt 0.33223 0.575788
vt 0.339562 0.591379
vt 0.55516 0.443023
vt 0.602459 0.444166
vt 0.582834 0.443522
vt 0.352785 0.58409
vt 0.619402 0.448521
vt 0.313425 0.588635
vt 0.326183 0.597106
vt 0.319932 0.564643
vt 0.298196 0.582481
vt 0.300854 0.610431
vt 0.294871 0.59794
vt 0.287288 0.612894
vt 0.278606 0.569015
vt 0.280603 0.594007
vt 0.276295 0.543597
vt 0.281597 0.530025
vt 0.290127 0.5439
vt 0.297678 0.545203
vt 0.802136 0.257936
vt 0.809365 0.260036
vt 0.800503 0.271298
vt 0.779001 0.24816
vt 0.788166 0.26297
vt 0.771581 0.264315
vt 0.750653 0.173405
vt 0.76611 0.180273
vt 0.757116 0.187976
vt 0.776994 0.222175
vt 0.782922 0.23293
vt 0.774441 0.228557
vt 0.703544 0.142861
vt 0.692111 0.134241
vt 0.703803 0.130589
vt 0.771477 0.235678
vt 0.714382 0.119505
vt 0.731992 0.130526
vt 0.752668 0.118104
vt 0.760626 0.152751
vt 0.765946 0.228176
vt 0.792797 0.254701
vt 0.795515 0.242205
vt 0.781601 0.213221
vt 0.76999 0.198548
vt 0.787027 0.204059
vt 0.766236 0.215142
vt 0.74129 0.158344
vt 0.739917 0.170125
vt 0.714193 0.1433
vt 0.720532 0.13409
vt 0.728442 0.146295
vt 0.813272 0.169766
vt 0.8057 0.211013
vt 0.783876 0.185295
vt 0.806774 0.246678
vt 0.795899 0.215341
vt 0.727617 0.125345
vt 0.792067 0.224094
vt 0.813384 0.266372
vt 0.668935 0.313412
vt 0.664794 0.29341
vt 0.68893 0.309572
vt 0.70189 0.192653
vt 0.71809 0.209598
vt 0.672223 0.21213
vt 0.694189 0.158357
vt 0.689614 0.144941
vt 0.707501 0.0832887
vt 0.687923 0.0894457
vt 0.7048 0.0716282
vt 0.717156 0.0939465
vt 0.812947 0.243348
vt 0.69032 0.267062
vt 0.718693 0.263071
vt 0.697297 0.279827
vt 0.734119 0.0654727
vt 0.842078 0.236484
vt 0.831563 0.260834
vt 0.821372 0.2363
vt 0.7071 0.134017
vt 0.824577 0.275602
vt 0.825281 0.26606
vt 0.803447 0.230352
vt 0.821065 0.257714
vt 0.735298 0.307094
vt 0.720479 0.31401
vt 0.714695 0.292354
vt 0.721714 0.172019
vt 0.729913 0.178312
vt 0.717431 0.181651
vt 0.685279 0.17412
vt 0.706396 0.173001
vt 0.715525 0.157899
vt 0.729791 0.16696
vt 0.740095 0.190762
vt 0.721872 0.190047
vt 0.678481 0.281937
vt 0.692784 0.293633
vt 0.679399 0.132009
vt 0.737456 0.214529
vt 0.726837 0.234637
vt 0.723042 0.369931
vt 0.741605 0.357708
vt 0.746097 0.372295
vt 0.753232 0.20415
vt 0.813887 0.293334
vt 0.819843 0.276519
vt 0.734951 0.28711
vt 0.751272 0.270132
vt 0.752709 0.225457
vt 0.74027 0.248306
vt 0.759959 0.244729
vt 0.754846 0.29753
vt 0.857681 0.310779
vt 0.858655 0.329147
vt 0.832671 0.288148
vt 0.676754 0.150262
vt 0.769356 0.371882
vt 0.774998 0.33716
vt 0.795436 0.348984
vt 0.743753 0.338455
vt 0.72765 0.352406
vt 0.702851 0.357659
vt 0.690481 0.341352
vt 0.711018 0.350776
vt 0.762869 0.313099
vt 0.748547 0.32103
vt 0.756885 0.350455
vt 0.819663 0.308218
vt 0.797153 0.32185
vt 0.806784 0.307279
vt 0.795299 0.304256
vt 0.767412 0.281217
vt 0.775935 0.315813
vt 0.704152 0.33335
vt 0.680429 0.327389
vt 0.801612 0.28513
vt 0.73163 0.156966
vt 0.783605 0.276605
vt 0.719173 0.128256
vt 0.851945 0.272778
vt 0.683233 0.239277
vt 0.705046 0.304598
vt 0.823439 0.331426
vt 0.760131 0.330615
vt 0.704445 0.374973
vt 0.67744 0.273737
vt 0.733537 0.140178
vt 0.865515 0.30092
vt 0.776413 0.29627
vt 0.684835 0.375244
vt 0.68081 0.358178
vt 0.734348 0.324424
vt 0.722671 0.335517
vt 0.717819 0.390951
vt 0.744258 0.392691
vt 0.67582 0.2637
vt 0.716236 0.345521
vt 0.70756 0.31948
vt 0.66166 0.189505
vt 0.698291 0.322243
vt 0.671366 0.37463
vt 0.692842 0.109966
vt 0.797149 0.0668039
vt 0.880177 0.231251
vt 0.870526 0.108743
vt 0.335826 0.877345
vt 0.347392 0.903344
vt 0.324913 0.895312
vt 0.544293 0.933682
vt 0.551647 0.954245
vt 0.53585 0.952138
vt 0.334096 0.934873
vt 0.323481 0.943936
vt 0.318871 0.928949
vt 0.464072 0.883104
vt 0.444112 0.888453
vt 0.449548 0.863606
vt 0.342179 0.965055
vt 0.358184 0.962539
vt 0.346219 0.97712
vt 0.269809 0.945986
vt 0.270209 0.96704
vt 0.251034 0.956915
vt 0.510932 0.966622
vt 0.518161 0.947203
vt 0.529414 0.974211
vt 0.349916 0.934853
vt 0.343522 0.921763
vt 0.360772 0.926146
vt 0.366502 0.977233
vt 0.363963 0.988975
vt 0.349272 0.992778
vt 0.401875 0.965821
vt 0.426357 0.957059
vt 0.417374 0.983808
vt 0.310096 0.944252
vt 0.297326 0.93617
vt 0.306728 0.929173
vt 0.350865 0.949673
vt 0.364636 0.941444
vt 0.472723 0.958818
vt 0.446948 0.957232
vt 0.458081 0.941204
vt 0.389912 0.953505
vt 0.374741 0.956861
vt 0.493534 0.955417
vt 0.49319 0.975731
vt 0.442163 0.774818
vt 0.425909 0.790117
vt 0.417842 0.773974
vt 0.489833 0.931193
vt 0.319003 0.96151
vt 0.304319 0.962946
vt 0.508953 0.906466
vt 0.488735 0.885728
vt 0.564051 0.879596
vt 0.45011 0.97202
vt 0.464427 0.971242
vt 0.401499 0.953734
vt 0.477508 0.942831
vt 0.382775 0.940036
vt 0.29799 0.786381
vt 0.301402 0.802459
vt 0.283687 0.80302
vt 0.340727 0.774246
vt 0.345405 0.743791
vt 0.361404 0.755696
vt 0.512372 0.928537
vt 0.313062 0.779879
vt 0.300256 0.762253
vt 0.324233 0.762532
vt 0.322158 0.713452
vt 0.332976 0.696495
vt 0.371481 0.70818
vt 0.329654 0.733765
vt 0.28698 0.732195
vt 0.36059 0.781705
vt 0.340746 0.80236
vt 0.25112 0.846318
vt 0.247914 0.855082
vt 0.222894 0.85032
vt 0.298844 0.847459
vt 0.282413 0.833051
vt 0.30729 0.822207
vt 0.467942 0.907987
vt 0.379894 0.766951
vt 0.531557 0.923974
vt 0.424082 0.813875
vt 0.44573 0.796855
vt 0.281631 0.947515
vt 0.288193 0.954816
vt 0.281839 0.964143
vt 0.351844 0.854897
vt 0.358716 0.872425
vt 0.319189 0.833017
vt 0.322177 0.848225
vt 0.324116 0.686027
vt 0.323984 0.796397
vt 0.268252 0.860248
vt 0.273093 0.850708
vt 0.307587 0.868459
vt 0.286479 0.860443
vt 0.290131 0.934195
vt 0.329086 0.815573
vt 0.345815 0.832419
vt 0.332894 0.857322
vt 0.372142 0.799342
vt 0.397184 0.774285
vt 0.351379 0.88536
vt 0.254313 0.867705
vt 0.277891 0.872524
vt 0.368181 0.890803
vt 0.249586 0.889741
vt 0.270372 0.884486
vt 0.272718 0.895758
vt 0.23735 0.870531
vt 0.291528 0.88769
vt 0.25259 0.878196
vt 0.254923 0.901464
vt 0.236371 0.898774
vt 0.23656 0.883013
vt 0.223519 0.874366
vt 0.309257 0.891253
vt 0.293081 0.904922
vt 0.206553 0.875518
vt 0.221035 0.863676
vt 0.220699 0.88972
vt 0.325678 0.913737
vt 0.429155 0.94053
vt 0.444633 0.939785
vt 0.404777 0.800637
vt 0.368895 0.860694
vt 0.333604 0.953263
vt 0.406104 0.933764
vt 0.401123 0.917901
vt 0.418543 0.92053
vt 0.379303 0.839596
vt 0.319765 0.882637
vt 0.477084 0.848747
vt 0.52648 0.838949
vt 0.52945 0.858667
vt 0.428352 0.901386
vt 0.407466 0.887117
vt 0.418872 0.879082
vt 0.381466 0.914497
vt 0.389831 0.873069
vt 0.26945 0.906731
vt 0.254529 0.911213
vt 0.267468 0.919479
vt 0.46748 0.930319
vt 0.404632 0.82581
vt 0.242167 0.907149
vt 0.24129 0.920327
vt 0.414998 0.846641
vt 0.397613 0.901214
vt 0.404299 0.879246
vt 0.238355 0.836394
vt 0.47869 0.871254
vt 0.452617 0.828222
vt 0.50661 0.822954
vt 0.545596 0.973924
vt 0.445548 0.924459
vt 0.493594 0.790432
vt 0.271301 0.932104
vt 0.28885 0.921998
vt 0.312719 0.903882
vt 0.308292 0.915613
vt 0.295525 0.958617
vt 0.302098 0.925597
vt 0.384108 0.98905
vt 0.440527 0.97804
vt 0.222647 0.843262
vt 0.386106 0.972265
vt 0.39955 0.984644
vt 0.330004 0.968224
vt 0.560798 0.972679
vt 0.555239 0.969148
vt 0.565968 0.964129
vt 0.241821 0.94303
vt 0.57508 0.969321
vt 0.368002 0.999687
vt 0.164046 0.645782
vt 0.168587 0.631193
vt 0.177506 0.639911
vt 0.085377 0.621926
vt 0.0955063 0.612449
vt 0.0966446 0.636228
vt 0.15711 0.637316
vt 0.157716 0.623433
vt 0.123841 0.598635
vt 0.131609 0.579035
vt 0.143371 0.598681
vt 0.0934942 0.596583
vt 0.105921 0.599069
vt 0.146139 0.623103
vt 0.144395 0.636025
vt 0.145168 0.65155
vt 0.137853 0.658483
vt 0.136012 0.647644
vt 0.13949 0.692248
vt 0.140378 0.713283
vt 0.126981 0.703015
vt 0.0695027 0.61186
vt 0.084278 0.604658
vt 0.12876 0.673254
vt 0.122641 0.691173
vt 0.107312 0.682086
vt 0.122882 0.713898
vt 0.106949 0.701452
vt 0.152341 0.579472
vt 0.143001 0.565727
vt 0.081678 0.63401
vt 0.14976 0.612907
vt 0.113736 0.583554
vt 0.176067 0.686436
vt 0.178036 0.665613
vt 0.191608 0.675226
vt 0.12391 0.653843
vt 0.278247 0.714582
vt 0.25683 0.690267
vt 0.278223 0.673938
vt 0.106339 0.659398
vt 0.112746 0.553598
vt 0.127139 0.55993
vt 0.115977 0.562225
vt 0.134453 0.61819
vt 0.171449 0.654322
vt 0.156329 0.668024
vt 0.126446 0.63595
vt 0.112979 0.642026
vt 0.159434 0.701075
vt 0.16521 0.59902
vt 0.11992 0.569556
vt 0.223215 0.65724
vt 0.241224 0.639267
vt 0.245585 0.660944
vt 0.113227 0.620783
vt 0.139659 0.553556
vt 0.160756 0.559514
vt 0.0998088 0.584594
vt 0.277674 0.615708
vt 0.25056 0.611729
vt 0.272818 0.588384
vt 0.194565 0.693558
vt 0.217125 0.636193
vt 0.0854133 0.653549
vt 0.205735 0.650605
vt 0.204881 0.664218
vt 0.197808 0.641776
vt 0.18985 0.634262
vt 0.184865 0.623671
vt 0.235948 0.597176
vt 0.216654 0.597063
vt 0.228059 0.579312
vt 0.247371 0.564143
vt 0.261011 0.572878
vt 0.246937 0.583168
vt 0.20443 0.620951
vt 0.0845252 0.582793
vt 0.184014 0.648329
vt 0.174578 0.615459
vt 0.193197 0.556033
vt 0.164204 0.534329
vt 0.145554 0.544503
vt 0.125562 0.539939
vt 0.232389 0.541337
vt 0.19357 0.530144
vt 0.140948 0.531673
vt 0.106248 0.520308
vt 0.12808 0.517021
vt 0.173791 0.524252
vt 0.166977 0.519409
vt 0.15464 0.511148
vt 0.181351 0.510248
vt 0.105889 0.570255
vt 0.114564 0.494678
vt 0.134783 0.496902
vt 0.153055 0.646736
vt 0.213969 0.509518
vt 0.150317 0.488397
vt 0.274171 0.641346
vt 0.259398 0.633093
vt 0.132609 0.477308
vt 0.110139 0.461993
vt 0.17398 0.479924
vt 0.191138 0.601605
vt 0.1545 0.467744
vt 0.138336 0.454823
vt 0.187401 0.492401
vt 0.202683 0.493157
vt 0.249381 0.595875
vt 0.16914 0.580569
vt 0.220725 0.524463
vt 0.125286 0.434108
vt 0.164368 0.446605
vt 0.172639 0.460685
vt 0.212985 0.680689
vt 0.236021 0.675287
vt 0.191877 0.657211
vt 0.227008 0.616227
vt 0.261878 0.655197
vt 0.0569309 0.798076
vt 0.055689 0.816528
vt 0.0143079 0.819281
vt 0.104453 0.807993
vt 0.0944547 0.788182
vt 0.116527 0.80266
vt 0.0911514 0.824155
vt 0.0838216 0.800641
vt 0.134659 0.834694
vt 0.11193 0.824191
vt 0.0640432 0.775599
vt 0.0120533 0.779026
vt 0.0116432 0.734128
vt 0.0431196 0.752132
vt 0.0703326 0.817904
vt 0.114903 0.78156
vt 0.260562 0.722813
vt 0.135178 0.81113
vt 0.275413 0.749332
vt 0.236325 0.728072
vt 0.254988 0.740237
vt 0.152116 0.803243
vt 0.244661 0.763717
vt 0.13172 0.725849
vt 0.146548 0.731303
vt 0.108124 0.743679
vt 0.100545 0.734441
vt 0.108726 0.735721
vt 0.211335 0.765624
vt 0.112178 0.725691
vt 0.136804 0.745203
vt 0.136036 0.769421
vt 0.156472 0.766223
vt 0.159653 0.785599
vt 0.119355 0.746391
vt 0.263353 0.772109
vt 0.257907 0.810273
vt 0.233703 0.788369
vt 0.114519 0.757993
vt 0.18098 0.714485
vt 0.21029 0.708683
vt 0.202591 0.734035
vt 0.232283 0.694106
vt 0.18242 0.779805
vt 0.172187 0.747474
vt 0.213401 0.804602
vt 0.158734 0.721427
vt 0.0718317 0.744658
vt 0.0675955 0.759546
vt 0.0963637 0.751543
vt 0.085741 0.766699
vt 0.181156 0.805603
vt 0.19915 0.83732
vt 0.0756014 0.475724
vt 0.162975 0.83732
vt 0.0856774 0.503909
vt 0.173849 0.820871
vt 0.0611097 0.503158
vt 0.0857992 0.449454
vt 0.0367553 0.682237
vt 0.0115487 0.677274
vt 0.0302545 0.654102
vt 0.0672011 0.641385
vt 0.0724085 0.71902
vt 0.0843218 0.731848
vt 0.0706299 0.730505
vt 0.0723943 0.453581
vt 0.0609417 0.71379
vt 0.0552334 0.727662
vt 0.046056 0.704139
vt 0.105818 0.541253
vt 0.0514496 0.522962
vt 0.0375396 0.5835
vt 0.055245 0.570944
vt 0.0537319 0.590565
vt 0.231759 0.831656
vt 0.0777577 0.529326
vt 0.0630346 0.550281
vt 0.0759579 0.564215
vt 0.0661329 0.705798
vt 0.0612619 0.687784
vt 0.0826116 0.699926
vt 0.0533784 0.630109
vt 0.0962067 0.723585
vt 0.0313101 0.720576
vt 0.0447609 0.609453
vt 0.0215086 0.610749
vt 0.0355513 0.598478
vt 0.0882741 0.718239
vt 0.0395348 0.633279
vt 0.0901654 0.67087
vt 0.0858088 0.685571
vt 0.0479753 0.667627
vt 0.0696399 0.667026
vt 0.0882333 0.541756
vt 0.0196373 0.697061
vt 0.0115487 0.707818
vt 0.095044 0.557367
vt 0.182984 0.574346
vt 0.180796 0.587862
vt 0.203787 0.57901
vt 0.220634 0.561518
vt 0.191038 0.586394
vt 0.0262491 0.588284
vt 0.0404029 0.562114
vt 0.051536 0.650599
vt 0.0463094 0.541707
vt 0.0665431 0.581899
vt 0.0121087 0.632149
vt 0.0287024 0.625285
vt 0.030624 0.638027
vt 0.0799132 0.710516
vt 0.0119901 0.652344
vt 0.0948025 0.712292
vt 0.694564 0.570555
vt 0.730122 0.564626
vt 0.726275 0.582003
vt 0.680617 0.586337
vt 0.664369 0.559674
vt 0.662985 0.593262
vt 0.716916 0.602645
vt 0.710373 0.589385
vt 0.732724 0.605254
vt 0.6739 0.602726
vt 0.627218 0.630046
vt 0.625191 0.610934
vt 0.635336 0.622095
vt 0.639301 0.614153
vt 0.692475 0.557424
vt 0.755925 0.610034
vt 0.747343 0.628185
vt 0.705737 0.598152
vt 0.695944 0.604772
vt 0.692366 0.595437
vt 0.525302 0.602777
vt 0.542128 0.58965
vt 0.546781 0.613654
vt 0.649162 0.605773
vt 0.64993 0.619772
vt 0.624645 0.649277
vt 0.640811 0.641605
vt 0.644603 0.656693
vt 0.640559 0.629704
vt 0.709799 0.61284
vt 0.734689 0.695354
vt 0.738535 0.711432
vt 0.724105 0.698957
vt 0.663635 0.612428
vt 0.664352 0.60396
vt 0.726597 0.615134
vt 0.63904 0.584044
vt 0.72692 0.62748
vt 0.675203 0.614459
vt 0.683774 0.598215
vt 0.696398 0.618087
vt 0.756135 0.659253
vt 0.733414 0.646392
vt 0.740982 0.639988
vt 0.650887 0.633883
vt 0.719036 0.644664
vt 0.703622 0.635079
vt 0.718433 0.633855
vt 0.713301 0.624239
vt 0.658395 0.66828
vt 0.664515 0.649091
vt 0.679061 0.669297
vt 0.685008 0.609546
vt 0.668153 0.628235
vt 0.684304 0.624534
vt 0.552283 0.634837
vt 0.569658 0.624496
vt 0.683089 0.641192
vt 0.73707 0.669023
vt 0.734638 0.676601
vt 0.728223 0.671295
vt 0.697227 0.650198
vt 0.717779 0.670933
vt 0.711892 0.684921
vt 0.699478 0.667492
vt 0.725651 0.658333
vt 0.68593 0.65598
vt 0.740926 0.684394
vt 0.729686 0.682219
vt 0.640604 0.679244
vt 0.811893 0.79457
vt 0.816427 0.810684
vt 0.788302 0.829918
vt 0.85873 0.833825
vt 0.847331 0.780364
vt 0.870377 0.767769
vt 0.722385 0.687934
vt 0.815725 0.837292
vt 0.710611 0.653562
vt 0.827402 0.763225
vt 0.805623 0.761093
vt 0.672358 0.688622
vt 0.695515 0.685088
vt 0.778343 0.783115
vt 0.788585 0.769294
vt 0.792901 0.783918
vt 0.851896 0.725368
vt 0.793915 0.731494
vt 0.807719 0.721708
vt 0.577373 0.834095
vt 0.580186 0.805753
vt 0.597436 0.826316
vt 0.564875 0.804783
vt 0.555294 0.832647
vt 0.804899 0.788212
vt 0.534465 0.775795
vt 0.525345 0.790941
vt 0.513809 0.769761
vt 0.542819 0.801677
vt 0.525151 0.828431
vt 0.532095 0.749064
vt 0.779894 0.797412
vt 0.650948 0.826425
vt 0.626675 0.824651
vt 0.646764 0.806068
vt 0.625812 0.790312
vt 0.603652 0.800565
vt 0.503928 0.753807
vt 0.502255 0.735206
vt 0.749436 0.800978
vt 0.763971 0.793634
vt 0.762093 0.812656
vt 0.552677 0.771836
vt 0.51296 0.805407
vt 0.527846 0.807292
vt 0.792381 0.800288
vt 0.794 0.811045
vt 0.7804 0.810373
vt 0.569652 0.782363
vt 0.773116 0.826679
vt 0.590777 0.806138
vt 0.583419 0.780379
vt 0.580222 0.748333
vt 0.603356 0.761127
vt 0.568673 0.760638
vt 0.589458 0.725831
vt 0.557484 0.740184
vt 0.568641 0.74416
vt 0.571629 0.72799
vt 0.572918 0.698835
vt 0.558429 0.714374
vt 0.538669 0.718014
vt 0.519051 0.724279
vt 0.499371 0.716652
vt 0.550563 0.700185
vt 0.519788 0.713157
vt 0.544388 0.682709
vt 0.531098 0.697852
vt 0.511731 0.614723
vt 0.546981 0.656815
vt 0.531812 0.673387
vt 0.531165 0.651784
vt 0.501936 0.705041
vt 0.749509 0.827408
vt 0.742285 0.817576
vt 0.516886 0.684596
vt 0.761533 0.831001
vt 0.534211 0.635955
vt 0.516071 0.648147
vt 0.521749 0.667944
vt 0.751819 0.699151
vt 0.745097 0.704328
vt 0.777901 0.772547
vt 0.756647 0.685053
vt 0.605679 0.589265
vt 0.597224 0.619304
vt 0.572476 0.598895
vt 0.780909 0.760506
vt 0.791837 0.753556
vt 0.779352 0.695251
vt 0.76716 0.772677
vt 0.57212 0.643824
vt 0.612902 0.62375
vt 0.59925 0.634926
vt 0.586186 0.635673
vt 0.766579 0.749271
vt 0.752368 0.786217
vt 0.720443 0.823951
vt 0.73475 0.794207
vt 0.78197 0.740115
vt 0.777964 0.717131
vt 0.768551 0.727543
vt 0.765171 0.711935
vt 0.766281 0.700934
vt 0.571279 0.664742
vt 0.595361 0.641331
vt 0.688231 0.825208
vt 0.663285 0.812004
vt 0.676844 0.805239
vt 0.74681 0.766175
vt 0.709908 0.796478
vt 0.613062 0.726401
vt 0.594358 0.705501
vt 0.605145 0.645632
vt 0.626185 0.757641
vt 0.690515 0.792945
vt 0.724429 0.767804
vt 0.752513 0.746035
vt 0.755743 0.731791
vt 0.753614 0.715173
vt 0.601877 0.685189
vt 0.592946 0.652755
vt 0.612246 0.634709
vt 0.642214 0.7822
vt 0.63521 0.708307
vt 0.622213 0.687808
vt 0.6694 0.788902
vt 0.657108 0.70821
vt 0.703521 0.775414
vt 0.745175 0.734994
vt 0.645831 0.733575
vt 0.66683 0.754946
vt 0.64386 0.759911
vt 0.653803 0.794055
vt 0.65408 0.77262
vt 0.629296 0.725011
vt 0.622641 0.707169
vt 0.626197 0.738863
vt 0.686995 0.767682
vt 0.737874 0.746316
vt 0.634515 0.744926
vt 0.744495 0.723538
vt 0.729772 0.725967
vt 0.714288 0.712204
vt 0.697212 0.710402
vt 0.706831 0.697285
vt 0.670688 0.728909
vt 0.689189 0.723599
vt 0.688285 0.742786
vt 0.614599 0.665594
vt 0.630099 0.713661
vt 0.706308 0.754036
vt 0.721637 0.744052
vt 0.707694 0.730419
vt 0.678868 0.709219
vt 0.690456 0.697625
vt 0.811623 0.565597
vt 0.828188 0.628057
vt 0.765987 0.590549
vt 0.521641 0.631101
vt 0.77912 0.607259
vt 0.886344 0.677221
vt 0.691069 0.544341
vt 0.236328 0.277604
vt 0.209755 0.253656
vt 0.235357 0.248692
vt 0.212998 0.235059
vt 0.258645 0.242766
vt 0.289923 0.250579
vt 0.261173 0.261803
vt 0.23758 0.230867
vt 0.255459 0.222407
vt 0.217076 0.217053
vt 0.273554 0.22901
vt 0.281778 0.284503
vt 0.239136 0.213772
vt 0.150194 0.306179
vt 0.123791 0.308389
vt 0.137143 0.287768
vt 0.14125 0.322378
vt 0.142883 0.338279
vt 0.121745 0.329063
vt 0.16406 0.281459
vt 0.133979 0.315952
vt 0.166331 0.301529
vt 0.188537 0.237444
vt 0.197277 0.224816
vt 0.119685 0.269659
vt 0.145401 0.257704
vt 0.18332 0.29689
vt 0.167054 0.320521
vt 0.161262 0.245681
vt 0.1743 0.244843
vt 0.173284 0.258952
vt 0.128336 0.25349
vt 0.127845 0.240694
vt 0.139999 0.220649
vt 0.148599 0.238968
vt 0.178527 0.219333
vt 0.190147 0.274636
vt 0.187402 0.261063
vt 0.109291 0.29487
vt 0.187718 0.252457
vt 0.164507 0.232392
vt 0.159962 0.217578
vt 0.196838 0.261429
vt 0.165237 0.204111
vt 0.196372 0.214351
vt 0.183155 0.204196
vt 0.101921 0.051594
vt 0.107918 0.069267
vt 0.100181 0.062243
vt 0.155268 0.0529497
vt 0.175073 0.0542446
vt 0.160072 0.0668075
vt 0.0818923 0.0532194
vt 0.09336 0.0369461
vt 0.0725665 0.0406062
vt 0.0578346 0.0494569
vt 0.060275 0.0303096
vt 0.156527 0.0858949
vt 0.143467 0.081401
vt 0.0711458 0.065182
vt 0.0670261 0.0824338
vt 0.0576954 0.0632636
vt 0.113526 0.0294972
vt 0.0394407 0.0478534
vt 0.0827228 0.0255107
vt 0.100756 0.0171221
vt 0.0876938 0.0673428
vt 0.170153 0.00240248
vt 0.20029 0.0165067
vt 0.153145 0.0337963
vt 0.0847982 0.00240248
vt 0.0738289 0.0162733
vt 0.137726 0.0216247
vt 0.119097 0.00240248
vt 0.1268 0.13935
vt 0.139068 0.130648
vt 0.14118 0.149678
vt 0.138335 0.162578
vt 0.133505 0.1753
vt 0.129215 0.156094
vt 0.128457 0.118965
vt 0.12128 0.160647
vt 0.119212 0.147044
vt 0.110888 0.127896
vt 0.116807 0.169412
vt 0.119317 0.185849
vt 0.116322 0.106105
vt 0.0359075 0.17468
vt 0.0524755 0.170365
vt 0.0458423 0.187884
vt 0.109169 0.153741
vt 0.118815 0.205783
vt 0.105228 0.193239
vt 0.0992649 0.106382
vt 0.0686387 0.175903
vt 0.0805071 0.149265
vt 0.0869876 0.168639
vt 0.103443 0.173527
vt 0.0931862 0.119933
vt 0.0954345 0.13671
vt 0.0870707 0.190859
vt 0.0270808 0.192575
vt 0.0171998 0.169896
vt 0.0798309 0.125121
vt 0.0956162 0.155364
vt 0.105992 0.0918878
vt 0.064604 0.135398
vt 0.0457841 0.158968
vt 0.0599781 0.154495
vt 0.0384467 0.137657
vt 0.0600974 0.20604
vt 0.0386571 0.204428
vt 0.0272847 0.155535
vt 9.88052e-06 0.144212
vt 0.22573 0.049521
vt 0.24511 0.0757223
vt 0.217837 0.0671473
vt 0.0861965 0.428128
vt 0.0851725 0.442495
vt 0.0617906 0.442495
vt 0.0677042 0.0553336
vt 0.124279 0.044263
vt 0.190562 0.0626619
vt 0.0482212 0.0593663
vt 0.131671 0.0596496
vt 0.121755 0.0834471
vt 0.195842 0.0453986
vt 0.038925 0.0719608
vt 0.00277881 0.0606222
vt 0.240126 0.0936718
vt 0.138156 0.073745
vt 0.00913837 0.0838981
vt 0.0199251 0.0438755
vt 0.173621 0.0434056
vt 0.134252 0.0958619
vt 0.145017 0.110573
vt 0.270751 0.104001
vt 0.09789 0.284368
vt 0.0817464 0.30053
vt 0.0956377 0.307174
vt 0.0890194 0.323152
vt 0.105104 0.314612
vt 0.103552 0.33088
vt 0.184981 0.0752036
vt 0.213039 0.0821196
vt 0.256595 0.124321
vt 0.279075 0.140039
vt 0.140374 0.405895
vt 0.107054 0.39708
vt 0.129717 0.389068
vt 0.155046 0.362414
vt 0.179706 0.359999
vt 0.176868 0.369782
vt 0.14833 0.381683
vt 0.154435 0.39445
vt 0.107293 0.377267
vt 0.127167 0.372074
vt 0.0794371 0.389509
vt 0.0870597 0.378908
vt 0.104469 0.358201
vt 0.134218 0.422832
vt 0.102964 0.421337
vt 0.120081 0.410077
vt 0.0681419 0.350711
vt 0.0836315 0.345189
vt 0.0848211 0.364557
vt 0.0566143 0.340794
vt 0.0488187 0.352265
vt 0.0927787 0.408909
vt 0.178567 0.395097
vt 0.0660674 0.371051
vt 0.0603936 0.392516
vt 0.0789023 0.401757
vt 0.164582 0.343369
vt 0.126419 0.352337
vt 0.074839 0.412732
vt 0.210237 0.292149
vt 0.208628 0.270865
vt 0.0960603 0.341061
vt 0.246129 0.309119
vt 0.242123 0.298153
vt 0.257178 0.296425
vt 0.108924 0.344777
vt 0.0727269 0.333301
vt 0.0547693 0.428007
vt 0.231142 0.309164
vt 0.202867 0.325272
vt 0.25321 0.351294
vt 0.257102 0.310622
vt 0.0838481 0.414605
vt 0.184509 0.340513
vt 0.0465562 0.412582
vt 0.210634 0.368678
vt 0.222501 0.33992
vt 0.226744 0.326979
vt 1.5134e-05 0.206461
vt 0.00261828 0.186724
vt 0.0142058 0.20356
vt 9.88052e-06 0.169721
vt 0.0461688 0.0145833
vt 0.0313207 0.0375863
vt 0.0598676 0.117895
vt 0.051492 0.107654
vt 0.059826 0.10043
vt 0.0419948 0.0953179
vt 0.036791 0.114031
vt 0.0217926 0.103753
vt 0.0789867 0.104406
vt 0.00690646 0.120139
vt 9.88052e-06 0.103631
vt 0.0901807 0.0865502
vt 0.183167 0.0888292
vt 0.21017 0.0930562
vt 0.211759 0.110813
vt 0.228148 0.195932
vt 0.235893 0.175368
vt 0.250686 0.195777
vt 0.150389 0.206776
vt 0.231346 0.117164
vt 0.244121 0.143585
vt 0.24587 0.165489
vt 0.224276 0.141034
vt 0.185286 0.102398
vt 0.153102 0.167975
vt 0.151307 0.189476
vt 0.16359 0.10044
vt 0.157789 0.114422
vt 0.2671 0.144453
vt 0.207999 0.140532
vt 0.196052 0.143199
vt 0.189414 0.124586
vt 0.170173 0.187384
vt 0.189432 0.189648
vt 0.203736 0.2004
vt 0.235062 0.107439
vt 0.25196 0.135991
vt 0.265271 0.16035
vt 0.261371 0.176439
vt 0.175846 0.169154
vt 0.167709 0.144885
vt 0.191202 0.156371
vt 0.209754 0.158729
vt 0.184703 0.109787
vt 0.172443 0.113561
vt 0.199079 0.117959
vt 0.181177 0.133489
vt 0.224544 0.158521
vt 0.280398 0.205906
vt 0.291827 0.178447
vt 0.291827 0.208428
vt 0.165406 0.126399
vt 0.152383 0.127091
vt 0.149911 0.141127
vt 0.266548 0.204702
vt 0.135261 0.197642
vt 0.236357 0.159885
vt 0.16454 0.15833
vt 0.204498 0.178915
vt 0.278839 0.169439
vt 0.154156 0.152218
vt 0.272995 0.183401
vt 0.223428 0.174406
vt 0.0569728 0.324036
vt 0.0377213 0.309067
vt 0.0589861 0.30714
vt 0.0387031 0.332722
vt 0.0658652 0.249521
vt 0.0583078 0.230732
vt 0.0852386 0.230889
vt 0.0329441 0.241216
vt 0.0281381 0.215209
vt 0.0418936 0.222551
vt 0.111381 0.22665
vt 0.0165613 0.221464
vt 0.000165553 0.226592
vt 0.0975097 0.211382
vt 0.0772827 0.215235
vt 0.0973947 0.248671
vt 0.114553 0.254209
vt 0.0583019 0.288417
vt 0.0161434 0.289633
vt 0.0460826 0.269086
vt 0.00452452 0.247838
vt 0.0243023 0.263647
vt 0.00656988 0.271023
vt 0.082175 0.281568
vt 0.0986464 0.267247
vt 0.0699881 0.317398
vt 0.00873979 0.317971
vt 0.0735471 0.268168
vt 0.555781 0.300389
vt 0.552805 0.281887
vt 0.567246 0.291511
vt 0.389362 0.13559
vt 0.377364 0.100674
vt 0.405903 0.104467
vt 0.383045 0.211269
vt 0.376815 0.213288
vt 0.369635 0.200041
vt 0.492326 0.213374
vt 0.478024 0.222209
vt 0.473589 0.205568
vt 0.422953 0.0790064
vt 0.433318 0.095416
vt 0.400392 0.0761822
vt 0.469064 0.110779
vt 0.45326 0.0982543
vt 0.476847 0.0871274
vt 0.386127 0.276992
vt 0.386857 0.286701
vt 0.375344 0.273302
vt 0.440304 0.118463
vt 0.545961 0.343078
vt 0.528443 0.327102
vt 0.543596 0.314853
vt 0.529628 0.168051
vt 0.542041 0.155703
vt 0.539889 0.185031
vt 0.501684 0.344492
vt 0.485972 0.358392
vt 0.483632 0.339583
vt 0.520764 0.171032
vt 0.522897 0.160334
vt 0.557427 0.174054
vt 0.557892 0.200435
vt 0.490682 0.102502
vt 0.488615 0.123563
vt 0.378089 0.223348
vt 0.483971 0.144308
vt 0.489347 0.16193
vt 0.476313 0.167653
vt 0.501282 0.154561
vt 0.510525 0.138322
vt 0.516496 0.156542
vt 0.430864 0.240775
vt 0.422294 0.224452
vt 0.439801 0.229797
vt 0.536416 0.291627
vt 0.30306 0.0738441
vt 0.293917 0.0526596
vt 0.331938 0.0744453
vt 0.575483 0.224626
vt 0.578102 0.246228
vt 0.560882 0.240707
vt 0.472118 0.26788
vt 0.457531 0.280484
vt 0.452744 0.262577
vt 0.572196 0.274758
vt 0.549502 0.258908
vt 0.570943 0.256849
vt 0.415853 0.1314
vt 0.445504 0.291491
vt 0.442066 0.275002
vt 0.602976 0.239371
vt 0.598046 0.215571
vt 0.509706 0.172143
vt 0.515223 0.185445
vt 0.498732 0.190542
vt 0.315489 0.271479
vt 0.334794 0.276723
vt 0.327844 0.297777
vt 0.526835 0.148436
vt 0.469054 0.353925
vt 0.466029 0.132957
vt 0.495808 0.282977
vt 0.483878 0.285433
vt 0.525484 0.183613
vt 0.541498 0.363489
vt 0.56062 0.353832
vt 0.546999 0.22276
vt 0.53835 0.207146
vt 0.415316 0.245042
vt 0.413421 0.235717
vt 0.534075 0.27277
vt 0.516675 0.277755
vt 0.520419 0.257478
vt 0.615295 0.263299
vt 0.592981 0.250155
vt 0.443931 0.060548
vt 0.45544 0.0320211
vt 0.476841 0.0484027
vt 0.434445 0.286874
vt 0.42489 0.18394
vt 0.429215 0.151899
vt 0.441766 0.173121
vt 0.448484 0.0812142
vt 0.51626 0.301891
vt 0.562423 0.373346
vt 0.582863 0.348536
vt 0.587822 0.379974
vt 0.512059 0.115362
vt 0.564174 0.389269
vt 0.493502 0.173545
vt 0.485453 0.176036
vt 0.481558 0.232762
vt 0.469802 0.231495
vt 0.408254 0.294009
vt 0.426275 0.288326
vt 0.428896 0.303976
vt 0.410617 0.157653
vt 0.576685 0.204072
vt 0.35245 0.300428
vt 0.369965 0.304664
vt 0.369154 0.332549
vt 0.383266 0.0791448
vt 0.355712 0.0605092
vt 0.371521 0.0557367
vt 0.527046 0.201617
vt 0.470745 0.0682789
vt 0.514054 0.196837
vt 0.564429 0.143288
vt 0.461302 0.181088
vt 0.467655 0.154819
vt 0.309183 0.151378
vt 0.305335 0.16994
vt 0.291928 0.158457
vt 0.494084 0.259516
vt 0.481461 0.189734
vt 0.367233 0.234376
vt 0.484385 0.397451
vt 0.505407 0.385633
vt 0.507051 0.402391
vt 0.526799 0.218111
vt 0.529893 0.238761
vt 0.386716 0.30298
vt 0.384124 0.319956
vt 0.382057 0.236529
vt 0.617371 0.247169
vt 0.632626 0.282103
vt 0.652975 0.307695
vt 0.62403 0.298007
vt 0.412477 0.253572
vt 0.39663 0.237312
vt 0.499282 0.170184
vt 0.451102 0.151801
vt 0.406922 0.316865
vt 0.634264 0.315562
vt 0.630823 0.332829
vt 0.617804 0.327585
vt 0.361785 0.287296
vt 0.372475 0.288189
vt 0.442398 0.196547
vt 0.484445 0.240831
vt 0.349754 0.434527
vt 0.329298 0.414443
vt 0.356385 0.393622
vt 0.364189 0.25248
vt 0.348409 0.233771
vt 0.472429 0.246871
vt 0.623769 0.276646
vt 0.612097 0.283031
vt 0.508414 0.226645
vt 0.45857 0.203569
vt 0.361832 0.082625
vt 0.355022 0.106761
vt 0.403417 0.418665
vt 0.41484 0.397575
vt 0.429882 0.424174
vt 0.570163 0.185996
vt 0.378307 0.259866
vt 0.36989 0.262309
vt 0.451863 0.217359
vt 0.451207 0.230412
vt 0.443613 0.223699
vt 0.664985 0.254863
vt 0.627977 0.2139
vt 0.667256 0.218151
vt 0.466306 0.215969
vt 0.497699 0.0824643
vt 0.486724 0.0733218
vt 0.494362 0.304167
vt 0.583136 0.295022
vt 0.379421 0.38691
vt 0.361167 0.370449
vt 0.377113 0.36928
vt 0.59317 0.193033
vt 0.33874 0.212878
vt 0.333136 0.183273
vt 0.350419 0.204595
vt 0.381592 0.0138171
vt 0.393448 0.0513434
vt 0.510037 0.0444298
vt 0.48277 0.0247122
vt 0.504722 0.243423
vt 0.328455 0.103549
vt 0.332043 0.122994
vt 0.317434 0.113623
vt 0.563335 0.336888
vt 0.582216 0.321508
vt 0.616057 0.31123
vt 0.511806 0.211247
vt 0.501996 0.295991
vt 0.587921 0.308944
vt 0.572144 0.305564
vt 0.314663 0.102684
vt 0.305859 0.0943085
vt 0.315168 0.0907058
vt 0.523631 0.373817
vt 0.540652 0.379573
vt 0.526106 0.392265
vt 0.415834 0.200909
vt 0.434929 0.213245
vt 0.4148 0.33443
vt 0.433803 0.328989
vt 0.490934 0.231327
vt 0.635426 0.345233
vt 0.614612 0.358275
vt 0.634125 0.255179
vt 0.657961 0.0926811
vt 0.638968 0.0784762
vt 0.659088 0.0760596
vt 0.631384 0.0974056
vt 0.640627 0.0546295
vt 0.622807 0.118572
vt 0.59868 0.0886272
vt 0.620036 0.0681926
vt 0.651246 0.0352728
vt 0.665714 0.0532274
vt 0.602075 0.0685403
vt 0.617377 0.048343
vt 0.629146 0.0298451
vt 0.582224 0.0674608
vt 0.581689 0.0814953
vt 0.641352 0.0157861
vt 0.595324 0.0458455
vt 0.606923 0.0255955
vt 0.619903 0.0135512
vt 0.568816 0.0697031
vt 0.575335 0.0464276
vt 0.580589 0.0268045
vt 0.587702 0.0353726
vt 0.650773 0.194206
vt 0.661258 0.164666
vt 0.631785 0.175374
vt 0.655046 0.105841
vt 0.656051 0.124322
vt 0.393107 0.188469
vt 0.407838 0.177814
vt 0.591029 0.00867413
vt 0.629862 0.144045
vt 0.653362 0.143255
vt 0.557457 0.0399913
vt 0.55681 0.0591725
vt 0.53743 0.0533639
vt 0.568509 0.0260629
vt 0.31645 0.125438
vt 0.322129 0.140778
vt 0.571847 0.00997704
vt 0.550752 0.0166695
vt 0.423286 0.276119
vt 0.4113 0.266197
vt 0.424755 0.261139
vt 0.534403 0.0297883
vt 0.330535 0.371739
vt 0.32691 0.332176
vt 0.35106 0.346822
vt 0.444793 0.442586
vt 0.410313 0.442581
vt 0.508972 0.0198477
vt 0.527685 0.000271533
vt 0.430321 0.038886
vt 0.406986 0.0179939
vt 0.432626 0.000271533
vt 0.39439 0.164121
vt 0.459525 0.000271533
vt 0.597421 0.409587
vt 0.614044 0.384437
vt 0.562836 0.316633
vt 0.511168 0.324851
vt 0.415181 0.056404
vt 0.473626 0.292395
vt 0.369179 0.356263
vt 0.400621 0.255375
vt 0.386275 0.251081
vt 0.323952 0.155967
vt 0.44506 0.412582
vt 0.44468 0.392049
vt 0.464718 0.407395
vt 0.467193 0.386908
vt 0.471914 0.370172
vt 0.485358 0.378044
vt 0.479945 0.31748
vt 0.424151 0.342446
vt 0.54738 0.389901
vt 0.397809 0.339613
vt 0.372057 0.410782
vt 0.488727 0.000271533
vt 0.399402 0.277845
vt 0.385903 0.270731
vt 0.392124 0.365708
vt 0.365104 0.275254
vt 0.346718 0.322666
vt 0.468253 0.425411
vt 0.29987 0.202542
vt 0.324348 0.219198
vt 0.30602 0.241846
vt 0.450549 0.310347
vt 0.459923 0.297466
vt 0.378214 0.442586
vt 0.389936 0.406717
vt 0.570759 0.402125
vt 0.567804 0.42105
vt 0.437304 0.354739
vt 0.415839 0.355019
vt 0.314166 0.0819363
vt 0.351716 0.143057
vt 0.334863 0.141313
vt 0.443454 0.237247
vt 0.492158 0.431846
vt 0.492472 0.417925
vt 0.327897 0.0516071
vt 0.351512 0.272654
vt 0.346324 0.0373131
vt 0.425424 0.25152
vt 0.32891 0.029122
vt 0.453357 0.370174
vt 0.495081 0.325396
vt 0.372381 0.164533
vt 0.403889 0.213475
vt 0.459788 0.252536
vt 0.601191 0.300797
vt 0.596144 0.26953
vt 0.584045 0.259559
vt 0.594806 0.282519
vt 0.583985 0.269443
vt 0.498962 0.0704508
vt 0.543895 0.0821788
vt 0.514587 0.0693226
vt 0.493244 0.0605251
vt 0.512385 0.0938931
vt 0.572145 0.0914296
vt 0.532198 0.103803
vt 0.604572 0.17827
vt 0.598685 0.152621
vt 0.555172 0.108042
vt 0.592118 0.120635
vt 0.532782 0.128161
vt 0.580044 0.170176
vt 0.456213 0.432043
vt 0.453264 0.424929
vt 0.394616 0.265181
vt 0.293414 0.109316
vt 0.297948 0.134489
vt 0.325291 0.249586
vt 0.536576 0.410745
vt 0.329195 0.0899499
vt 0.513485 0.426448
vt 0.436942 0.342342
vt 0.447158 0.342146
vt 0.362951 0.264775
vt 0.462011 0.331337
vt 0.563275 0.0119663
vt 0.291928 0.355198
vt 0.297715 0.405405
vt 0.466229 0.309768
vt 0.337573 0.227732
vt 0.340399 0.251605
vt 0.532721 0.430413
vt 0.511705 0.438419
vt 0.522824 0.348464
vt 0.483304 0.442586
vt 0.454857 0.350911
vt 0.339874 0.303844
vt 0.547004 0.422985
vt 0.350549 0.176202
vt 0.292701 0.302345
vt 0.323429 0.315725
vt 0.355007 0.254411
vt 0.443245 0.243638
vt 0.426115 0.374509
vt 0.606399 0.290696
vt 0.613109 0.296409
vt 0.504031 0.3653
vt 0.435742 0.250785
vt 0.43755 0.262925
vt 0.316534 0.18578
vt 0.457698 0.240587
vt 0.447669 0.251168
vt 0.333241 0.315346
vt 0.65044 0.331229
vt 0.601532 0.317978
vt 0.660746 0.286509
vt 0.602018 0.335159
vt 0.36018 0.0348454
vt 0.616405 0.234477
usemtl material_1
f 1/1/1 2/2/2 3/3/3
f 4/4/4 5/5/5 6/6/6
f 6/7/6 7/8/7 8/9/8
f 1/10/1 3/11/3 9/12/9
f 1/10/1 9/12/9 4/13/4
f 6/14/6 8/15/8 4/16/4
f 4/16/4 8/15/8 1/17/1
f 6/18/6 5/19/5 10/20/10
f 6/18/6 10/20/10 11/21/11
f 7/22/7 12/23/12 13/24/13
f 12/23/12 6/18/6 11/21/11
f 5/19/5 14/25/14 10/20/10
f 5/19/5 15/26/15 14/25/14
f 7/22/7 6/18/6 12/23/12
f 16/27/16 17/28/17 18/29/18
f 19/30/19 20/31/20 17/28/17
f 21/32/21 22/33/22 16/27/16
f 18/29/18 17/28/17 23/34/23
f 17/28/17 22/33/22 24/35/24
f 25/36/25 26/37/26 27/38/27
f 17/28/17 24/35/24 28/39/28
f 27/38/27 26/37/26 22/33/22
f 23/34/23 17/28/17 20/31/20
f 17/28/17 16/27/16 22/33/22
f 27/38/27 22/33/22 21/32/21
f 21/32/21 16/27/16 18/29/18
f 28/39/28 19/30/19 17/28/17
f 22/33/22 26/37/26 24/35/24
f 29/40/29 30/41/30 31/42/31
f 30/41/30 26/43/26 32/44/32
f 32/44/32 26/43/26 25/45/25
f 33/46/33 30/41/30 32/44/32
f 11/47/11 32/44/32 25/45/25
f 32/44/32 34/48/34 33/46/33
f 24/49/24 26/43/26 29/40/29
f 28/50/28 29/40/29 31/42/31
f 30/41/30 29/40/29 26/43/26
f 28/50/28 24/49/24 29/40/29
f 11/47/11 10/51/10 32/44/32
f 35/52/35 31/42/31 33/46/33
f 34/48/34 32/44/32 10/51/10
f 33/46/33 31/42/31 30/41/30
f 34/48/34 35/52/35 33/46/33
f 10/51/10 14/53/14 34/48/34
f 12/54/12 36/55/36 37/56/37
f 21/57/21 36/55/36 27/58/27
f 37/56/37 36/55/36 38/59/38
f 39/60/39 40/61/40 20/62/20
f 40/61/40 39/60/39 41/63/41
f 25/64/25 27/58/27 12/54/12
f 39/60/39 42/65/42 41/63/41
f 38/59/38 21/57/21 18/66/18
f 37/56/37 40/61/40 41/63/41
f 20/62/20 40/61/40 23/67/23
f 36/55/36 21/57/21 38/59/38
f 40/61/40 38/59/38 18/66/18
f 38/59/38 40/61/40 37/56/37
f 37/56/37 41/63/41 43/68/43
f 13/69/13 12/54/12 37/56/37
f 13/69/13 37/56/37 43/68/43
f 40/61/40 18/66/18 23/67/23
f 36/55/36 12/54/12 27/58/27
f 12/54/12 11/70/11 25/64/25
f 44/71/44 45/72/45 46/73/46
f 47/74/47 45/72/45 44/71/44
f 48/75/48 49/76/49 47/74/47
f 50/77/50 51/78/51 52/79/52
f 51/78/51 50/77/50 53/80/53
f 45/72/45 54/81/54 55/82/55
f 52/79/52 51/78/51 55/82/55
f 47/74/47 54/81/54 45/72/45
f 56/83/56 47/74/47 49/76/49
f 46/73/46 51/78/51 53/80/53
f 54/81/54 47/74/47 57/84/57
f 53/80/53 50/77/50 2/85/2
f 46/73/46 45/72/45 51/78/51
f 54/81/54 58/86/58 55/82/55
f 59/87/59 48/75/48 47/74/47
f 59/87/59 47/74/47 44/71/44
f 60/88/60 52/79/52 55/82/55
f 51/78/51 45/72/45 55/82/55
f 60/88/60 55/82/55 58/86/58
f 56/83/56 57/84/57 47/74/47
f 61/89/61 62/90/62 63/91/63
f 62/90/62 64/92/64 63/91/63
f 65/93/65 66/94/66 67/95/67
f 39/96/39 67/95/67 42/97/42
f 61/89/61 68/98/68 69/99/69
f 20/100/20 67/95/67 39/96/39
f 67/95/67 66/94/66 42/97/42
f 64/92/64 65/93/65 63/91/63
f 61/89/61 63/91/63 70/101/70
f 20/100/20 19/102/19 65/93/65
f 66/94/66 64/92/64 62/90/62
f 28/103/28 71/104/71 19/102/19
f 71/104/71 70/101/70 63/91/63
f 61/89/61 72/105/72 68/98/68
f 70/101/70 72/105/72 61/89/61
f 70/101/70 71/104/71 28/103/28
f 68/98/68 73/106/73 74/107/74
f 68/98/68 72/105/72 73/106/73
f 65/93/65 64/92/64 66/94/66
f 71/104/71 63/91/63 65/93/65
f 67/95/67 20/100/20 65/93/65
f 69/99/69 62/90/62 61/89/61
f 65/93/65 19/102/19 71/104/71
f 75/108/75 35/109/35 34/110/34
f 28/111/28 76/112/76 77/113/77
f 78/114/78 79/115/79 75/108/75
f 79/115/79 80/116/80 75/108/75
f 35/109/35 76/112/76 31/117/31
f 74/118/74 81/119/81 78/114/78
f 82/120/82 74/118/74 83/121/83
f 84/122/84 34/110/34 14/123/14
f 80/116/80 81/119/81 77/113/77
f 80/116/80 79/115/79 81/119/81
f 15/124/15 82/120/82 83/121/83
f 28/111/28 77/113/77 70/125/70
f 73/126/73 72/127/72 81/119/81
f 28/111/28 31/117/31 76/112/76
f 81/119/81 74/118/74 73/126/73
f 34/110/34 84/122/84 75/108/75
f 81/119/81 72/127/72 77/113/77
f 15/124/15 84/122/84 14/123/14
f 81/119/81 79/115/79 78/114/78
f 78/114/78 83/121/83 74/118/74
f 83/121/83 78/114/78 84/122/84
f 76/112/76 35/109/35 75/108/75
f 84/122/84 78/114/78 75/108/75
f 70/125/70 77/113/77 72/127/72
f 80/116/80 76/112/76 75/108/75
f 15/124/15 83/121/83 84/122/84
f 76/112/76 80/116/80 77/113/77
f 85/128/85 86/129/86 87/130/87
f 88/131/88 89/132/89 90/133/90
f 89/132/89 13/134/13 43/135/43
f 86/129/86 91/136/91 92/137/92
f 88/131/88 93/138/93 91/136/91
f 86/129/86 94/139/94 87/130/87
f 95/140/95 87/130/87 94/139/94
f 89/132/89 96/141/96 13/134/13
f 88/131/88 90/133/90 93/138/93
f 97/142/97 98/143/98 62/144/62
f 95/140/95 99/145/99 100/146/100
f 43/135/43 90/133/90 89/132/89
f 97/142/97 92/137/92 93/138/93
f 97/142/97 62/144/62 69/147/69
f 94/139/94 74/148/74 99/145/99
f 69/147/69 68/149/68 97/142/97
f 95/140/95 94/139/94 99/145/99
f 98/143/98 66/150/66 62/144/62
f 101/151/101 96/141/96 89/132/89
f 13/134/13 8/152/8 7/153/7
f 93/138/93 98/143/98 97/142/97
f 102/154/102 88/131/88 91/136/91
f 41/155/41 42/156/42 90/133/90
f 93/138/93 90/133/90 98/143/98
f 91/136/91 86/129/86 85/128/85
f 102/154/102 101/151/101 88/131/88
f 92/137/92 97/142/97 94/139/94
f 41/155/41 90/133/90 43/135/43
f 94/139/94 68/149/68 74/148/74
f 85/128/85 102/154/102 91/136/91
f 101/151/101 89/132/89 88/131/88
f 68/149/68 94/139/94 97/142/97
f 66/150/66 98/143/98 42/156/42
f 92/137/92 91/136/91 93/138/93
f 98/143/98 90/133/90 42/156/42
f 92/137/92 94/139/94 86/129/86
f 8/152/8 13/134/13 96/141/96
f 103/157/103 104/158/104 105/159/105
f 105/159/105 104/158/104 106/160/106
f 107/161/107 105/159/105 108/162/108
f 105/159/105 107/161/107 103/157/103
f 109/163/109 110/164/110 111/165/111
f 112/166/112 113/167/113 114/168/114
f 113/167/113 115/169/115 2/170/2
f 112/166/112 116/171/116 117/172/117
f 112/166/112 117/172/117 113/167/113
f 109/163/109 112/166/112 118/173/118
f 103/157/103 119/174/119 104/158/104
f 115/169/115 3/175/3 2/170/2
f 111/165/111 116/171/116 109/163/109
f 120/176/120 121/177/121 122/178/122
f 123/179/123 115/169/115 117/172/117
f 110/164/110 124/180/124 125/181/125
f 119/174/119 122/178/122 126/182/126
f 125/181/125 124/180/124 120/176/120
f 127/183/127 122/178/122 128/184/128
f 122/178/122 125/181/125 120/176/120
f 126/182/126 104/158/104 119/174/119
f 129/185/129 121/177/121 120/176/120
f 119/174/119 103/157/103 111/165/111
f 130/186/130 125/181/125 111/165/111
f 111/165/111 125/181/125 119/174/119
f 117/172/117 115/169/115 113/167/113
f 113/167/113 2/170/2 50/187/50
f 121/177/121 128/184/128 122/178/122
f 123/179/123 131/188/131 132/189/132
f 125/181/125 122/178/122 119/174/119
f 133/190/133 132/189/132 131/188/131
f 111/165/111 110/164/110 130/186/130
f 125/181/125 130/186/130 110/164/110
f 123/179/123 3/175/3 115/169/115
f 122/178/122 127/183/127 126/182/126
f 117/172/117 131/188/131 123/179/123
f 116/171/116 133/190/133 131/188/131
f 109/163/109 116/171/116 112/166/112
f 134/191/134 107/161/107 135/192/135
f 103/157/103 116/171/116 111/165/111
f 103/157/103 107/161/107 134/191/134
f 114/168/114 52/193/52 60/194/60
f 106/160/106 108/162/108 105/159/105
f 135/192/135 116/171/116 134/191/134
f 113/167/113 50/187/50 114/168/114
f 50/187/50 52/193/52 114/168/114
f 114/168/114 118/173/118 112/166/112
f 134/191/134 116/171/116 103/157/103
f 133/190/133 116/171/116 135/192/135
f 131/188/131 117/172/117 116/171/116
f 136/195/136 137/196/137 138/197/138
f 136/195/136 59/198/59 44/199/44
f 85/200/85 139/201/139 140/202/140
f 49/203/49 48/204/48 141/205/141
f 142/206/142 49/203/49 141/205/141
f 143/207/143 144/208/144 138/197/138
f 141/205/141 144/208/144 145/209/145
f 8/210/8 146/211/146 147/212/147
f 147/212/147 1/213/1 8/210/8
f 136/195/136 46/214/46 137/196/137
f 138/197/138 137/196/137 148/215/148
f 96/216/96 146/211/146 8/210/8
f 148/215/148 143/207/143 138/197/138
f 139/201/139 85/200/85 87/217/87
f 59/198/59 136/195/136 149/218/149
f 59/198/59 141/205/141 48/204/48
f 136/195/136 44/199/44 46/214/46
f 150/219/150 2/220/2 1/213/1
f 151/221/151 150/219/150 1/213/1
f 141/205/141 145/209/145 142/206/142
f 152/222/152 153/223/153 151/221/151
f 150/219/150 53/224/53 2/220/2
f 53/224/53 137/196/137 46/214/46
f 138/197/138 149/218/149 136/195/136
f 59/198/59 149/218/149 141/205/141
f 137/196/137 53/224/53 150/219/150
f 141/205/141 149/218/149 144/208/144
f 137/196/137 150/219/150 151/221/151
f 139/201/139 145/209/145 144/208/144
f 149/218/149 138/197/138 144/208/144
f 148/215/148 137/196/137 151/221/151
f 144/208/144 143/207/143 139/201/139
f 143/207/143 148/215/148 153/223/153
f 153/223/153 148/215/148 151/221/151
f 143/207/143 140/202/140 139/201/139
f 153/223/153 140/202/140 143/207/143
f 87/217/87 95/225/95 145/209/145
f 151/221/151 147/212/147 152/222/152
f 154/226/154 152/222/152 146/211/146
f 102/227/102 155/228/155 152/222/152
f 151/221/151 1/213/1 147/212/147
f 146/211/146 96/216/96 101/229/101
f 154/226/154 101/229/101 102/227/102
f 154/226/154 102/227/102 152/222/152
f 152/222/152 155/228/155 153/223/153
f 142/206/142 145/209/145 156/230/156
f 147/212/147 146/211/146 152/222/152
f 145/209/145 100/231/100 156/230/156
f 140/202/140 155/228/155 85/200/85
f 146/211/146 101/229/101 154/226/154
f 145/209/145 95/225/95 100/231/100
f 87/217/87 145/209/145 139/201/139
f 155/228/155 102/227/102 85/200/85
f 155/228/155 140/202/140 153/223/153
f 157/232/157 158/233/158 159/234/159
f 160/235/160 161/236/161 162/237/162
f 159/234/159 163/238/163 164/239/164
f 165/240/165 166/241/166 167/242/167
f 168/243/168 169/244/169 170/245/170
f 171/246/171 163/238/163 172/247/172
f 158/233/158 173/248/173 174/249/174
f 175/250/175 176/251/176 177/252/177
f 178/253/178 179/254/179 180/255/180
f 181/256/181 175/250/175 177/252/177
f 182/257/182 159/234/159 158/233/158
f 183/258/183 179/254/179 178/253/178
f 170/245/170 184/259/184 185/260/185
f 186/261/186 172/247/172 163/238/163
f 178/253/178 187/262/187 188/263/188
f 175/250/175 181/256/181 161/236/161
f 187/262/187 189/264/189 190/265/190
f 190/265/190 188/263/188 187/262/187
f 169/244/169 191/266/191 170/245/170
f 178/253/178 180/255/180 192/267/192
f 193/268/193 194/269/194 195/270/195
f 196/271/196 162/237/162 197/272/197
f 198/273/198 191/266/191 169/244/169
f 199/274/199 200/275/200 198/273/198
f 201/276/201 199/274/199 198/273/198
f 169/244/169 168/243/168 201/276/201
f 160/235/160 162/237/162 196/271/196
f 176/251/176 175/250/175 202/277/202
f 189/264/189 185/260/185 190/265/190
f 201/276/201 198/273/198 169/244/169
f 191/266/191 198/273/198 203/278/203
f 170/245/170 197/272/197 168/243/168
f 167/242/167 170/245/170 204/279/204
f 199/274/199 177/252/177 176/251/176
f 174/249/174 205/280/205 182/257/182
f 185/260/185 204/279/204 170/245/170
f 165/240/165 167/242/167 206/281/206
f 167/242/167 204/279/204 206/281/206
f 207/282/207 159/234/159 182/257/182
f 160/235/160 196/271/196 208/283/208
f 198/273/198 200/275/200 203/278/203
f 179/254/179 209/284/209 180/255/180
f 197/272/197 166/241/166 196/271/196
f 186/261/186 207/282/207 210/285/210
f 181/256/181 168/243/168 162/237/162
f 160/235/160 208/283/208 211/286/211
f 176/251/176 212/287/212 199/274/199
f 181/256/181 177/252/177 201/276/201
f 190/265/190 185/260/185 184/259/184
f 191/266/191 184/259/184 170/245/170
f 209/284/209 213/288/213 180/255/180
f 176/251/176 202/277/202 212/287/212
f 161/236/161 160/235/160 211/286/211
f 168/243/168 181/256/181 201/276/201
f 184/259/184 191/266/191 203/278/203
f 187/262/187 178/253/178 214/289/214
f 215/290/215 216/291/216 217/292/217
f 186/261/186 210/285/210 218/293/218
f 213/288/213 209/284/209 219/294/219
f 216/291/216 215/290/215 220/295/220
f 221/296/221 210/285/210 222/297/222
f 210/285/210 221/296/221 218/293/218
f 219/294/219 209/284/209 218/293/218
f 223/298/223 215/290/215 224/299/224
f 220/295/220 215/290/215 225/300/225
f 163/238/163 207/282/207 186/261/186
f 226/301/226 227/302/227 228/303/228
f 193/268/193 195/270/195 229/304/229
f 226/301/226 219/294/219 227/302/227
f 221/296/221 222/297/222 230/305/230
f 231/306/231 226/301/226 232/307/232
f 233/308/233 234/309/234 235/310/235
f 236/311/236 237/312/237 232/307/232
f 231/306/231 232/307/232 235/310/235
f 238/313/238 231/306/231 235/310/235
f 232/307/232 237/312/237 233/308/233
f 231/306/231 238/313/238 192/267/192
f 180/255/180 213/288/213 192/267/192
f 236/311/236 232/307/232 226/301/226
f 235/310/235 232/307/232 233/308/233
f 231/306/231 192/267/192 226/301/226
f 226/301/226 192/267/192 213/288/213
f 234/309/234 238/313/238 235/310/235
f 238/313/238 214/289/214 192/267/192
f 214/289/214 238/313/238 239/314/239
f 238/313/238 234/309/234 239/314/239
f 219/294/219 218/293/218 221/296/221
f 217/292/217 173/248/173 240/315/240
f 227/302/227 219/294/219 241/316/241
f 242/317/242 243/318/243 244/319/244
f 221/296/221 230/305/230 245/320/245
f 246/321/246 243/318/243 242/317/242
f 166/241/166 243/318/243 208/283/208
f 210/285/210 182/257/182 222/297/222
f 228/303/228 241/316/241 236/311/236
f 245/320/245 247/322/247 221/296/221
f 248/323/248 208/283/208 243/318/243
f 249/324/249 203/278/203 183/258/183
f 250/325/250 251/326/251 252/327/252
f 253/328/253 254/329/254 255/330/255
f 186/261/186 218/293/218 209/284/209
f 251/326/251 256/331/256 252/327/252
f 257/332/257 258/333/258 259/334/259
f 205/280/205 216/291/216 220/295/220
f 225/300/225 230/305/230 220/295/220
f 226/301/226 213/288/213 219/294/219
f 186/261/186 209/284/209 179/254/179
f 219/294/219 247/322/247 241/316/241
f 243/318/243 166/241/166 244/319/244
f 182/257/182 158/233/158 174/249/174
f 199/274/199 212/287/212 257/332/257
f 183/258/183 200/275/200 171/246/171
f 240/315/240 229/304/229 195/270/195
f 215/290/215 250/325/250 224/299/224
f 217/292/217 216/291/216 173/248/173
f 256/331/256 260/335/260 255/330/255
f 256/331/256 255/330/255 252/327/252
f 260/335/260 251/326/251 193/268/193
f 261/336/261 262/337/262 263/338/263
f 255/330/255 260/335/260 253/328/253
f 251/326/251 260/335/260 256/331/256
f 240/315/240 195/270/195 217/292/217
f 264/339/264 257/332/257 259/334/259
f 157/232/157 265/340/265 261/336/261
f 252/327/252 224/299/224 250/325/250
f 259/334/259 262/337/262 265/340/265
f 164/239/164 200/275/200 264/339/264
f 207/282/207 182/257/182 210/285/210
f 259/334/259 265/340/265 266/341/266
f 259/334/259 266/341/266 264/339/264
f 226/301/226 228/303/228 236/311/236
f 199/274/199 264/339/264 200/275/200
f 217/292/217 250/325/250 215/290/215
f 240/315/240 173/248/173 267/342/267
f 237/312/237 268/343/268 233/308/233
f 237/312/237 236/311/236 269/344/269
f 270/345/270 166/241/166 165/240/165
f 184/259/184 249/324/249 190/265/190
f 271/346/271 272/347/272 268/343/268
f 174/249/174 173/248/173 216/291/216
f 244/319/244 166/241/166 270/345/270
f 266/341/266 265/340/265 157/232/157
f 193/268/193 251/326/251 194/269/194
f 273/348/273 274/349/274 275/350/275
f 261/336/261 265/340/265 262/337/262
f 268/343/268 274/349/274 271/346/271
f 221/296/221 247/322/247 219/294/219
f 272/347/272 233/308/233 268/343/268
f 272/347/272 234/309/234 233/308/233
f 274/349/274 268/343/268 275/350/275
f 260/335/260 193/268/193 276/351/276
f 251/326/251 250/325/250 194/269/194
f 258/333/258 257/332/257 212/287/212
f 269/344/269 268/343/268 237/312/237
f 258/333/258 277/352/277 259/334/259
f 159/234/159 207/282/207 163/238/163
f 243/318/243 246/321/246 248/323/248
f 217/292/217 194/269/194 250/325/250
f 266/341/266 278/353/278 264/339/264
f 203/278/203 200/275/200 183/258/183
f 179/254/179 183/258/183 172/247/172
f 203/278/203 249/324/249 184/259/184
f 259/334/259 277/352/277 262/337/262
f 173/248/173 158/233/158 279/354/279
f 261/336/261 263/338/263 279/354/279
f 174/249/174 216/291/216 205/280/205
f 205/280/205 220/295/220 222/297/222
f 278/353/278 266/341/266 157/232/157
f 222/297/222 220/295/220 230/305/230
f 172/247/172 186/261/186 179/254/179
f 222/297/222 182/257/182 205/280/205
f 164/239/164 163/238/163 171/246/171
f 278/353/278 164/239/164 264/339/264
f 190/265/190 249/324/249 188/263/188
f 183/258/183 188/263/188 249/324/249
f 171/246/171 172/247/172 183/258/183
f 164/239/164 278/353/278 159/234/159
f 164/239/164 171/246/171 200/275/200
f 267/342/267 229/304/229 240/315/240
f 227/302/227 241/316/241 228/303/228
f 261/336/261 279/354/279 158/233/158
f 194/269/194 217/292/217 195/270/195
f 215/290/215 223/298/223 225/300/225
f 167/242/167 197/272/197 170/245/170
f 276/351/276 193/268/193 229/304/229
f 201/276/201 177/252/177 199/274/199
f 199/274/199 257/332/257 264/339/264
f 178/253/178 188/263/188 183/258/183
f 166/241/166 208/283/208 196/271/196
f 214/289/214 178/253/178 192/267/192
f 157/232/157 159/234/159 278/353/278
f 162/237/162 168/243/168 197/272/197
f 261/336/261 158/233/158 157/232/157
f 197/272/197 167/242/167 166/241/166
f 161/236/161 181/256/181 162/237/162
f 173/248/173 279/354/279 267/342/267
f 280/355/280 281/356/281 282/357/282
f 283/358/283 284/359/284 285/360/285
f 284/359/284 286/361/286 285/360/285
f 287/362/287 284/359/284 283/358/283
f 244/363/244 287/362/287 283/358/283
f 287/362/287 288/364/288 284/359/284
f 244/363/244 289/365/289 287/362/287
f 287/362/287 289/365/289 288/364/288
f 290/366/290 291/367/291 292/368/292
f 293/369/293 291/367/291 290/366/290
f 294/370/294 295/371/295 284/359/284
f 296/372/296 297/373/297 298/374/298
f 289/365/289 270/375/270 294/370/294
f 294/370/294 299/376/299 295/371/295
f 270/375/270 300/377/300 294/370/294
f 165/378/165 300/377/300 270/375/270
f 300/377/300 299/376/299 294/370/294
f 296/372/296 301/379/301 302/380/302
f 303/381/303 304/382/304 281/356/281
f 305/383/305 306/384/306 307/385/307
f 206/386/206 300/377/300 165/378/165
f 308/387/308 309/388/309 310/389/310
f 110/390/110 109/391/109 311/392/311
f 310/389/310 300/377/300 206/386/206
f 310/389/310 307/385/307 299/376/299
f 307/385/307 312/393/312 305/383/305
f 311/392/311 109/391/109 118/394/118
f 206/386/206 308/387/308 310/389/310
f 284/359/284 288/364/288 294/370/294
f 313/395/313 314/396/314 315/397/315
f 316/398/316 314/396/314 313/395/313
f 317/399/317 297/373/297 318/400/318
f 308/387/308 319/401/319 309/388/309
f 320/402/320 321/403/321 322/404/322
f 323/405/323 324/406/324 325/407/325
f 326/408/326 327/409/327 309/388/309
f 302/380/302 328/410/328 327/409/327
f 329/411/329 316/398/316 330/412/330
f 290/366/290 331/413/331 293/369/293
f 332/414/332 321/403/321 320/402/320
f 333/415/333 110/390/110 311/392/311
f 299/376/299 300/377/300 310/389/310
f 288/364/288 289/365/289 294/370/294
f 319/401/319 316/398/316 313/395/313
f 329/411/329 314/396/314 316/398/316
f 321/403/321 332/414/332 334/416/334
f 332/414/332 320/402/320 335/417/335
f 336/418/336 337/419/337 323/405/323
f 315/397/315 326/408/326 338/420/338
f 297/373/297 296/372/296 302/380/302
f 306/384/306 305/383/305 331/413/331
f 54/421/54 339/422/339 58/423/58
f 340/424/340 311/392/311 118/394/118
f 313/395/313 315/397/315 338/420/338
f 341/425/341 302/380/302 342/426/342
f 324/406/324 343/427/343 344/428/344
f 317/399/317 298/374/298 297/373/297
f 295/371/295 292/368/292 284/359/284
f 345/429/345 321/403/321 346/430/346
f 302/380/302 341/425/341 297/373/297
f 118/394/118 114/431/114 344/428/344
f 338/420/338 309/388/309 319/401/319
f 338/420/338 326/408/326 309/388/309
f 321/403/321 334/416/334 346/430/346
f 340/424/340 347/432/347 348/433/348
f 295/371/295 290/366/290 292/368/292
f 291/367/291 286/361/286 284/359/284
f 347/432/347 343/427/343 323/405/323
f 307/385/307 310/389/310 309/388/309
f 344/428/344 340/424/340 118/394/118
f 349/434/349 341/425/341 315/397/315
f 281/356/281 280/355/280 303/381/303
f 342/426/342 302/380/302 327/409/327
f 340/424/340 343/427/343 347/432/347
f 318/400/318 345/429/345 350/435/350
f 335/417/335 320/402/320 329/411/329
f 344/428/344 343/427/343 340/424/340
f 336/418/336 329/411/329 330/412/330
f 312/393/312 307/385/307 309/388/309
f 317/399/317 318/400/318 350/435/350
f 341/425/341 318/400/318 297/373/297
f 291/367/291 284/359/284 292/368/292
f 349/434/349 315/397/315 322/404/322
f 342/426/342 326/408/326 341/425/341
f 342/426/342 327/409/327 326/408/326
f 244/363/244 283/358/283 242/436/242
f 351/437/351 57/438/57 350/435/350
f 242/436/242 283/358/283 246/439/246
f 329/411/329 322/404/322 314/396/314
f 352/440/352 321/403/321 345/429/345
f 351/437/351 339/422/339 57/438/57
f 333/415/333 311/392/311 340/424/340
f 283/358/283 285/360/285 246/439/246
f 309/388/309 327/409/327 312/393/312
f 246/439/246 285/360/285 353/441/353
f 346/430/346 351/437/351 345/429/345
f 336/418/336 323/405/323 335/417/335
f 349/434/349 345/429/345 318/400/318
f 290/366/290 306/384/306 331/413/331
f 336/418/336 335/417/335 329/411/329
f 339/422/339 346/430/346 58/423/58
f 338/420/338 319/401/319 313/395/313
f 60/442/60 324/406/324 344/428/344
f 349/434/349 322/404/322 352/440/352
f 323/405/323 343/427/343 324/406/324
f 320/402/320 322/404/322 329/411/329
f 301/379/301 328/410/328 302/380/302
f 335/417/335 323/405/323 325/407/325
f 351/437/351 346/430/346 339/422/339
f 295/371/295 299/376/299 306/384/306
f 345/429/345 351/437/351 350/435/350
f 322/404/322 321/403/321 352/440/352
f 326/408/326 315/397/315 341/425/341
f 58/423/58 346/430/346 324/406/324
f 114/431/114 60/442/60 344/428/344
f 312/393/312 327/409/327 328/410/328
f 325/407/325 324/406/324 346/430/346
f 332/414/332 325/407/325 334/416/334
f 349/434/349 318/400/318 341/425/341
f 270/375/270 289/365/289 244/363/244
f 307/385/307 306/384/306 299/376/299
f 322/404/322 315/397/315 314/396/314
f 325/407/325 332/414/332 335/417/335
f 323/405/323 337/419/337 347/432/347
f 54/421/54 57/438/57 339/422/339
f 348/433/348 347/432/347 337/419/337
f 352/440/352 345/429/345 349/434/349
f 325/407/325 346/430/346 334/416/334
f 60/442/60 58/423/58 324/406/324
f 290/366/290 295/371/295 306/384/306
f 354/443/354 110/390/110 333/415/333
f 214/444/214 355/445/355 187/446/187
f 356/447/356 357/448/357 358/449/358
f 359/450/359 340/424/340 360/451/360
f 355/445/355 361/452/361 357/448/357
f 362/453/362 357/448/357 356/447/356
f 363/454/363 355/445/355 362/453/362
f 364/455/364 336/418/336 365/456/365
f 364/455/364 365/456/365 362/453/362
f 366/457/366 367/458/367 368/459/368
f 357/448/357 361/452/361 369/460/369
f 280/355/280 370/461/370 371/462/371
f 362/453/362 365/456/365 330/412/330
f 336/418/336 364/455/364 337/419/337
f 372/463/372 373/464/373 367/458/367
f 374/465/374 359/450/359 366/457/366
f 337/419/337 356/447/356 358/449/358
f 368/459/368 374/465/374 366/457/366
f 239/466/239 367/458/367 373/464/373
f 359/450/359 333/415/333 340/424/340
f 308/387/308 204/467/204 185/468/185
f 185/468/185 189/469/189 375/470/375
f 376/471/376 316/398/316 319/401/319
f 362/453/362 330/412/330 377/472/377
f 357/448/357 239/466/239 358/449/358
f 377/472/377 363/454/363 362/453/362
f 316/398/316 377/472/377 330/412/330
f 366/457/366 360/451/360 372/463/372
f 336/418/336 330/412/330 365/456/365
f 303/381/303 378/473/378 368/459/368
f 214/444/214 239/466/239 369/460/369
f 354/443/354 333/415/333 359/450/359
f 369/460/369 355/445/355 214/444/214
f 361/452/361 355/445/355 369/460/369
f 303/381/303 280/355/280 371/462/371
f 356/447/356 364/455/364 362/453/362
f 337/419/337 364/455/364 356/447/356
f 187/446/187 355/445/355 376/471/376
f 367/458/367 366/457/366 372/463/372
f 373/464/373 358/449/358 239/466/239
f 372/463/372 358/449/358 373/464/373
f 359/450/359 374/465/374 354/443/354
f 360/451/360 348/433/348 372/463/372
f 319/401/319 308/387/308 375/470/375
f 348/433/348 360/451/360 340/424/340
f 370/461/370 379/474/379 374/465/374
f 375/470/375 189/469/189 376/471/376
f 363/454/363 316/398/316 376/471/376
f 110/390/110 379/474/379 124/475/124
f 355/445/355 363/454/363 376/471/376
f 354/443/354 374/465/374 379/474/379
f 358/449/358 348/433/348 337/419/337
f 354/443/354 379/474/379 110/390/110
f 371/462/371 370/461/370 374/465/374
f 204/467/204 308/387/308 206/386/206
f 239/466/239 357/448/357 369/460/369
f 372/463/372 348/433/348 358/449/358
f 379/474/379 370/461/370 380/476/380
f 308/387/308 185/468/185 375/470/375
f 280/355/280 380/476/380 370/461/370
f 377/472/377 316/398/316 363/454/363
f 367/458/367 381/477/381 368/459/368
f 303/381/303 368/459/368 381/477/381
f 380/476/380 129/478/129 382/479/382
f 124/475/124 379/474/379 382/479/382
f 189/469/189 187/446/187 376/471/376
f 355/445/355 357/448/357 362/453/362
f 376/471/376 319/401/319 375/470/375
f 380/476/380 280/355/280 282/357/282
f 120/480/120 124/475/124 382/479/382
f 374/465/374 378/473/378 371/462/371
f 383/481/383 384/482/384 385/483/385
f 384/482/384 383/481/383 386/484/386
f 384/482/384 328/410/328 385/483/385
f 271/485/271 381/477/381 387/486/387
f 234/487/234 367/458/367 239/466/239
f 388/488/388 385/483/385 389/489/389
f 387/486/387 272/490/272 271/485/271
f 273/491/273 381/477/381 274/492/274
f 390/493/390 385/483/385 301/379/301
f 390/493/390 389/489/389 385/483/385
f 273/491/273 303/381/303 381/477/381
f 381/477/381 271/485/271 274/492/274
f 301/379/301 385/483/385 328/410/328
f 391/494/391 303/381/303 273/491/273
f 387/486/387 381/477/381 367/458/367
f 392/495/392 388/488/388 393/496/393
f 393/496/393 388/488/388 389/489/389
f 367/458/367 272/490/272 387/486/387
f 303/381/303 391/494/391 304/382/304
f 383/481/383 385/483/385 388/488/388
f 234/487/234 272/490/272 367/458/367
f 388/488/388 392/495/392 394/497/394
f 383/481/383 388/488/388 394/497/394
f 392/495/392 395/498/395 394/497/394
f 392/495/392 396/499/396 397/500/397
f 394/497/394 386/484/386 383/481/383
f 397/500/397 395/498/395 392/495/392
f 397/500/397 396/499/396 398/501/398
f 395/498/395 399/502/399 394/497/394
f 312/393/312 386/484/386 305/383/305
f 394/497/394 331/413/331 386/484/386
f 331/413/331 305/383/305 386/484/386
f 397/500/397 400/503/400 395/498/395
f 312/393/312 328/410/328 384/482/384
f 397/500/397 398/501/398 400/503/400
f 386/484/386 312/393/312 384/482/384
f 394/497/394 399/502/399 331/413/331
f 400/503/400 399/502/399 395/498/395
f 401/504/401 402/505/402 403/506/403
f 399/502/399 404/507/404 331/413/331
f 293/369/293 331/413/331 404/507/404
f 293/369/293 404/507/404 403/506/403
f 403/506/403 399/502/399 401/504/401
f 403/506/403 404/507/404 399/502/399
f 293/369/293 403/506/403 402/505/402
f 402/505/402 291/367/291 293/369/293
f 282/357/282 129/478/129 380/476/380
f 374/465/374 368/459/368 378/473/378
f 371/462/371 378/473/378 303/381/303
f 379/474/379 380/476/380 382/479/382
f 360/451/360 366/457/366 359/450/359
f 129/478/129 120/480/120 382/479/382
f 405/508/405 406/509/406 407/510/407
f 408/511/408 409/512/409 410/513/410
f 411/514/411 412/515/412 413/516/413
f 414/517/414 415/518/415 416/519/416
f 417/520/417 418/521/418 419/522/419
f 415/518/415 420/523/420 416/519/416
f 419/522/419 418/521/418 421/524/421
f 422/525/422 423/526/423 424/527/424
f 425/528/425 416/519/416 420/523/420
f 409/512/409 408/511/408 426/529/426
f 408/511/408 415/518/415 427/530/427
f 428/531/428 429/532/429 430/533/430
f 412/515/412 411/514/411 424/527/424
f 425/528/425 431/534/431 414/517/414
f 425/528/425 414/517/414 416/519/416
f 432/535/432 411/514/411 433/536/433
f 434/537/434 435/538/435 436/539/436
f 437/540/437 438/541/438 439/542/439
f 405/508/405 440/543/440 406/509/406
f 430/533/430 441/544/441 428/531/428
f 442/545/442 423/526/423 422/525/422
f 428/531/428 441/544/441 443/546/443
f 407/510/407 406/509/406 444/547/444
f 445/548/445 446/549/446 447/550/447
f 448/551/448 449/552/449 450/553/450
f 439/542/439 424/527/424 437/540/437
f 417/520/417 451/554/451 452/555/452
f 453/556/453 454/557/454 455/558/455
f 456/559/456 454/557/454 453/556/453
f 406/509/406 457/560/457 444/547/444
f 453/556/453 455/558/455 456/559/456
f 458/561/458 459/562/459 460/563/460
f 461/564/461 456/559/456 455/558/455
f 462/565/462 463/566/463 464/567/464
f 437/540/437 462/565/462 464/567/464
f 417/520/417 419/522/419 465/568/465
f 424/527/424 423/526/423 437/540/437
f 428/531/428 431/534/431 429/532/429
f 466/569/466 467/570/467 463/566/463
f 457/560/457 406/509/406 440/543/440
f 443/546/443 427/530/427 415/518/415
f 457/560/457 468/571/468 438/541/438
f 440/543/440 405/508/405 427/530/427
f 424/527/424 411/514/411 432/535/432
f 464/567/464 463/566/463 469/572/469
f 470/573/470 471/574/471 472/575/472
f 473/576/473 474/577/474 475/578/475
f 457/560/457 464/567/464 469/572/469
f 476/579/476 477/580/477 448/551/448
f 438/541/438 437/540/437 464/567/464
f 417/520/417 478/581/478 451/554/451
f 473/576/473 479/582/479 474/577/474
f 480/583/480 449/552/449 481/584/481
f 446/549/446 482/585/482 483/586/483
f 484/587/484 418/521/418 452/555/452
f 481/584/481 475/578/475 474/577/474
f 485/588/485 486/589/486 449/552/449
f 487/590/487 488/591/488 489/592/489
f 480/583/480 490/593/490 485/588/485
f 439/542/439 412/515/412 424/527/424
f 491/594/491 492/595/492 466/569/466
f 493/596/493 459/562/459 494/597/494
f 486/589/486 495/598/495 496/599/496
f 425/528/425 497/600/497 495/598/495
f 498/601/498 493/596/493 494/597/494
f 494/597/494 496/599/496 497/600/497
f 429/532/429 439/542/439 430/533/430
f 421/524/421 418/521/418 484/587/484
f 499/602/499 500/603/500 501/604/501
f 502/605/502 452/555/452 451/554/451
f 503/606/503 504/607/504 505/608/505
f 506/609/506 488/591/488 507/610/507
f 508/611/508 509/612/509 510/613/510
f 460/563/460 482/585/482 458/561/458
f 434/537/434 436/539/436 478/581/478
f 511/614/511 512/615/512 498/601/498
f 465/568/465 434/537/434 417/520/417
f 506/609/506 513/616/513 488/591/488
f 478/581/478 479/582/479 473/576/473
f 514/617/514 515/618/515 516/619/516
f 467/570/467 466/569/466 492/595/492
f 517/620/517 491/594/491 516/619/516
f 410/513/410 494/597/494 497/600/497
f 494/597/494 410/513/410 518/621/518
f 449/552/449 480/583/480 485/588/485
f 515/618/515 504/607/504 519/622/519
f 469/572/469 444/547/444 457/560/457
f 501/604/501 491/594/491 466/569/466
f 520/623/520 509/612/509 521/624/521
f 460/563/460 459/562/459 472/575/472
f 474/577/474 479/582/479 433/536/433
f 517/620/517 522/625/522 491/594/491
f 436/539/436 523/626/523 478/581/478
f 405/508/405 426/529/426 427/530/427
f 522/625/522 524/627/524 407/510/407
f 516/619/516 491/594/491 514/617/514
f 478/581/478 417/520/417 434/537/434
f 480/583/480 413/516/413 490/593/490
f 525/628/525 465/568/465 419/522/419
f 465/568/465 435/538/435 434/537/434
f 478/581/478 477/580/477 451/554/451
f 463/566/463 526/629/526 501/604/501
f 410/513/410 497/600/497 408/511/408
f 459/562/459 458/561/458 527/630/527
f 522/625/522 444/547/444 492/595/492
f 447/550/447 483/586/483 528/631/528
f 522/625/522 492/595/492 491/594/491
f 515/618/515 514/617/514 529/632/529
f 518/621/518 410/513/410 524/627/524
f 486/589/486 485/588/485 495/598/495
f 418/521/418 417/520/417 452/555/452
f 481/584/481 449/552/449 448/551/448
f 512/615/512 530/633/530 506/609/506
f 479/582/479 523/626/523 433/536/433
f 508/611/508 487/590/487 121/634/121
f 463/566/463 501/604/501 466/569/466
f 408/511/408 427/530/427 426/529/426
f 433/536/433 480/583/480 474/577/474
f 420/523/420 408/511/408 497/600/497
f 449/552/449 486/589/486 527/630/527
f 458/561/458 482/585/482 531/635/531
f 515/618/515 529/632/529 505/608/505
f 505/608/505 504/607/504 515/618/515
f 478/581/478 473/576/473 477/580/477
f 436/539/436 432/535/432 523/626/523
f 422/525/422 424/527/424 532/636/532
f 421/524/421 525/628/525 419/522/419
f 501/604/501 500/603/500 514/617/514
f 496/599/496 459/562/459 486/589/486
f 498/601/498 494/597/494 518/621/518
f 470/573/470 493/596/493 498/601/498
f 440/543/440 468/571/468 457/560/457
f 448/551/448 477/580/477 475/578/475
f 526/629/526 533/637/533 501/604/501
f 511/614/511 498/601/498 534/638/534
f 517/620/517 516/619/516 515/618/515
f 508/611/508 129/639/129 535/640/535
f 459/562/459 496/599/496 494/597/494
f 484/587/484 452/555/452 502/605/502
f 435/538/435 465/568/465 525/628/525
f 460/563/460 483/586/483 482/585/482
f 477/580/477 473/576/473 475/578/475
f 512/615/512 536/641/536 470/573/470
f 504/607/504 530/633/530 519/622/519
f 534/638/534 517/620/517 519/622/519
f 425/528/425 420/523/420 497/600/497
f 431/534/431 425/528/425 495/598/495
f 537/642/537 471/574/471 536/641/536
f 486/589/486 459/562/459 527/630/527
f 532/636/532 436/539/436 435/538/435
f 513/616/513 503/606/503 489/592/489
f 501/604/501 533/637/533 499/602/499
f 536/641/536 512/615/512 506/609/506
f 449/552/449 527/630/527 450/553/450
f 518/621/518 524/627/524 534/638/534
f 510/613/510 487/590/487 508/611/508
f 128/643/128 489/592/489 127/644/127
f 513/616/513 530/633/530 504/607/504
f 523/626/523 479/582/479 478/581/478
f 493/596/493 472/575/472 459/562/459
f 523/626/523 432/535/432 433/536/433
f 481/584/481 448/551/448 475/578/475
f 493/596/493 470/573/470 472/575/472
f 480/583/480 433/536/433 411/514/411
f 470/573/470 498/601/498 512/615/512
f 495/598/495 497/600/497 496/599/496
f 503/606/503 513/616/513 504/607/504
f 435/538/435 525/628/525 532/636/532
f 476/579/476 451/554/451 477/580/477
f 501/604/501 514/617/514 491/594/491
f 412/515/412 429/532/429 413/516/413
f 527/630/527 458/561/458 538/645/538
f 487/590/487 510/613/510 507/610/507
f 444/547/444 469/572/469 492/595/492
f 512/615/512 511/614/511 530/633/530
f 488/591/488 487/590/487 507/610/507
f 462/565/462 526/629/526 463/566/463
f 530/633/530 513/616/513 506/609/506
f 524/627/524 522/625/522 534/638/534
f 128/643/128 487/590/487 489/592/489
f 407/510/407 444/547/444 522/625/522
f 483/586/483 460/563/460 472/575/472
f 511/614/511 519/622/519 530/633/530
f 463/566/463 467/570/467 469/572/469
f 471/574/471 528/631/528 472/575/472
f 539/646/539 507/610/507 510/613/510
f 471/574/471 470/573/470 536/641/536
f 468/571/468 443/546/443 441/544/441
f 458/561/458 531/635/531 538/645/538
f 520/623/520 540/647/540 537/642/537
f 528/631/528 483/586/483 472/575/472
f 451/554/451 476/579/476 502/605/502
f 468/571/468 441/544/441 438/541/438
f 532/636/532 432/535/432 436/539/436
f 409/512/409 407/510/407 524/627/524
f 540/647/540 528/631/528 471/574/471
f 541/648/541 476/579/476 448/551/448
f 464/567/464 457/560/457 438/541/438
f 536/641/536 506/609/506 537/642/537
f 408/511/408 420/523/420 415/518/415
f 485/588/485 490/593/490 495/598/495
f 490/593/490 431/534/431 495/598/495
f 528/631/528 540/647/540 447/550/447
f 447/550/447 446/549/446 483/586/483
f 540/647/540 542/649/542 447/550/447
f 510/613/510 509/612/509 520/623/520
f 541/648/541 448/551/448 450/553/450
f 539/646/539 537/642/537 507/610/507
f 525/628/525 421/524/421 422/525/422
f 413/516/413 429/532/429 490/593/490
f 537/642/537 539/646/539 520/623/520
f 540/647/540 471/574/471 537/642/537
f 441/544/441 430/533/430 438/541/438
f 413/516/413 480/583/480 411/514/411
f 540/647/540 520/623/520 542/649/542
f 534/638/534 498/601/498 518/621/518
f 524/627/524 410/513/410 409/512/409
f 442/545/442 422/525/422 421/524/421
f 507/610/507 537/642/537 506/609/506
f 427/530/427 443/546/443 468/571/468
f 532/636/532 424/527/424 432/535/432
f 447/550/447 542/649/542 521/624/521
f 430/533/430 439/542/439 438/541/438
f 409/512/409 426/529/426 405/508/405
f 525/628/525 422/525/422 532/636/532
f 428/531/428 414/517/414 431/534/431
f 405/508/405 407/510/407 409/512/409
f 439/542/439 429/532/429 412/515/412
f 443/546/443 415/518/415 414/517/414
f 521/624/521 445/548/445 447/550/447
f 535/640/535 509/612/509 508/611/508
f 129/639/129 282/650/282 535/640/535
f 429/532/429 431/534/431 490/593/490
f 469/572/469 467/570/467 492/595/492
f 127/644/127 489/592/489 503/606/503
f 488/591/488 513/616/513 489/592/489
f 456/559/456 423/526/423 421/524/421
f 542/649/542 520/623/520 521/624/521
f 508/611/508 121/634/121 129/639/129
f 533/637/533 500/603/500 499/602/499
f 468/571/468 440/543/440 427/530/427
f 522/625/522 517/620/517 534/638/534
f 529/632/529 514/617/514 500/603/500
f 121/634/121 487/590/487 128/643/128
f 520/623/520 539/646/539 510/613/510
f 534/638/534 519/622/519 511/614/511
f 443/546/443 414/517/414 428/531/428
f 474/577/474 480/583/480 481/584/481
f 517/620/517 515/618/515 519/622/519
f 484/587/484 543/651/543 421/524/421
f 421/524/421 543/651/543 456/559/456
f 454/557/454 456/559/456 543/651/543
f 461/564/461 544/652/544 456/559/456
f 437/540/437 423/526/423 544/652/544
f 545/653/545 526/629/526 462/565/462
f 545/653/545 462/565/462 437/540/437
f 526/629/526 545/653/545 533/637/533
f 437/540/437 546/654/546 545/653/545
f 544/652/544 423/526/423 456/559/456
f 544/652/544 546/654/546 437/540/437
f 421/524/421 423/526/423 442/545/442
f 547/655/547 548/656/548 549/657/549
f 550/658/550 551/659/551 552/660/552
f 553/661/553 554/662/554 555/663/555
f 556/664/556 557/665/557 558/666/558
f 559/667/559 560/668/560 393/669/393
f 56/670/56 350/671/350 57/672/57
f 561/673/561 562/674/562 563/675/563
f 564/676/564 565/677/565 566/678/566
f 567/679/567 396/680/396 392/681/392
f 568/682/568 569/683/569 570/684/570
f 571/685/571 572/686/572 573/687/573
f 574/688/574 564/676/564 575/689/575
f 563/675/563 562/674/562 552/660/552
f 553/661/553 564/676/564 574/688/574
f 576/690/576 577/691/577 578/692/578
f 566/678/566 575/689/575 564/676/564
f 579/693/579 568/682/568 580/694/580
f 581/695/581 562/674/562 561/673/561
f 582/696/582 576/690/576 581/695/581
f 583/697/583 584/698/584 585/699/585
f 586/700/586 562/674/562 581/695/581
f 390/701/390 301/702/301 571/685/571
f 587/703/587 588/704/588 589/705/589
f 571/685/571 573/687/573 555/663/555
f 590/706/590 577/691/577 591/707/591
f 569/683/569 568/682/568 592/708/592
f 586/700/586 581/695/581 593/709/593
f 594/710/594 579/693/579 580/694/580
f 123/711/123 595/712/595 3/713/3
f 596/714/596 597/715/597 598/716/598
f 587/703/587 599/717/599 586/700/586
f 132/718/132 133/719/133 600/720/600
f 107/721/107 601/722/601 602/723/602
f 562/674/562 586/700/586 599/717/599
f 597/715/597 600/720/600 603/724/603
f 600/720/600 133/719/133 135/725/135
f 604/726/604 605/727/605 596/714/596
f 606/728/606 607/729/607 15/730/15
f 597/715/597 603/724/603 602/723/602
f 608/731/608 9/732/9 609/733/609
f 588/704/588 587/703/587 610/734/610
f 604/726/604 598/716/598 611/735/611
f 612/736/612 552/660/552 562/674/562
f 613/737/613 584/698/584 614/738/614
f 107/721/107 602/723/602 603/724/603
f 615/739/615 298/740/298 317/741/317
f 598/716/598 604/726/604 596/714/596
f 547/655/547 616/742/616 617/743/617
f 618/744/618 619/745/619 608/731/608
f 603/724/603 600/720/600 135/725/135
f 108/746/108 601/722/601 107/721/107
f 595/712/595 123/711/123 132/718/132
f 620/747/620 609/733/609 595/712/595
f 107/721/107 603/724/603 135/725/135
f 621/748/621 607/729/607 622/749/622
f 623/750/623 624/751/624 608/731/608
f 625/752/625 615/739/615 56/670/56
f 608/731/608 609/733/609 618/744/618
f 609/733/609 626/753/626 618/744/618
f 605/727/605 620/747/620 596/714/596
f 623/750/623 608/731/608 619/745/619
f 620/747/620 605/727/605 626/753/626
f 618/744/618 626/753/626 627/754/627
f 619/745/619 628/755/628 623/750/623
f 547/655/547 623/750/623 628/755/628
f 9/732/9 3/713/3 595/712/595
f 627/754/627 626/753/626 605/727/605
f 605/727/605 604/726/604 629/756/629
f 611/735/611 629/756/629 604/726/604
f 547/655/547 628/755/628 616/742/616
f 630/757/630 629/756/629 611/735/611
f 627/754/627 616/742/616 628/755/628
f 547/655/547 617/743/617 631/758/631
f 632/759/632 621/748/621 633/760/633
f 634/761/634 548/656/548 631/758/631
f 635/762/635 636/763/636 637/764/637
f 607/729/607 632/759/632 638/765/638
f 633/760/633 623/750/623 639/766/639
f 317/741/317 56/670/56 615/739/615
f 638/765/638 632/759/632 640/767/640
f 635/762/635 641/768/641 100/769/100
f 638/765/638 642/770/642 643/771/643
f 624/751/624 623/750/623 633/760/633
f 639/766/639 644/772/644 645/773/645
f 74/774/74 82/775/82 643/771/643
f 99/776/99 642/770/642 635/762/635
f 624/751/624 633/760/633 621/748/621
f 633/760/633 636/763/636 640/767/640
f 619/745/619 618/744/618 627/754/627
f 640/767/640 632/759/632 633/760/633
f 548/656/548 565/677/565 646/777/646
f 607/729/607 638/765/638 82/775/82
f 99/776/99 643/771/643 642/770/642
f 636/763/636 635/762/635 640/767/640
f 647/778/647 648/779/648 577/691/577
f 636/763/636 633/760/633 639/766/639
f 630/757/630 649/780/649 629/756/629
f 642/770/642 640/767/640 635/762/635
f 616/742/616 650/781/650 617/743/617
f 639/766/639 623/750/623 644/772/644
f 554/662/554 553/661/553 651/782/651
f 639/766/639 637/764/637 636/763/636
f 82/775/82 638/765/638 643/771/643
f 638/765/638 640/767/640 642/770/642
f 652/783/652 653/784/653 654/785/654
f 632/759/632 607/729/607 621/748/621
f 74/774/74 643/771/643 99/776/99
f 617/743/617 634/761/634 631/758/631
f 655/786/655 629/756/629 649/780/649
f 656/787/656 644/772/644 623/750/623
f 657/788/657 658/789/658 659/790/659
f 645/773/645 637/764/637 639/766/639
f 641/768/641 635/762/635 637/764/637
f 660/791/660 661/792/661 662/793/662
f 100/769/100 99/776/99 635/762/635
f 548/656/548 634/761/634 663/794/663
f 617/743/617 650/781/650 664/795/664
f 574/688/574 575/689/575 580/694/580
f 637/764/637 645/773/645 665/796/665
f 641/768/641 665/796/665 666/797/666
f 665/796/665 667/798/667 666/797/666
f 655/786/655 650/781/650 616/742/616
f 668/799/668 586/700/586 593/709/593
f 655/786/655 649/780/649 669/800/669
f 665/796/665 641/768/641 637/764/637
f 665/796/665 645/773/645 667/798/667
f 641/768/641 156/801/156 100/769/100
f 156/801/156 641/768/641 666/797/666
f 142/802/142 666/797/666 667/798/667
f 649/780/649 585/699/585 584/698/584
f 156/801/156 666/797/666 142/802/142
f 585/699/585 649/780/649 630/757/630
f 655/786/655 669/800/669 670/803/670
f 649/780/649 613/737/613 669/800/669
f 663/794/663 653/784/653 652/783/652
f 627/754/627 655/786/655 616/742/616
f 653/784/653 663/794/663 671/804/671
f 655/786/655 670/803/670 664/795/664
f 672/805/672 664/795/664 662/793/662
f 672/805/672 661/792/661 664/795/664
f 661/792/661 671/804/671 664/795/664
f 669/800/669 613/737/613 670/803/670
f 4/806/4 9/732/9 606/728/606
f 659/790/659 673/807/673 657/788/657
f 557/665/557 556/664/556 610/734/610
f 600/720/600 596/714/596 620/747/620
f 584/698/584 613/737/613 649/780/649
f 646/777/646 549/657/549 548/656/548
f 674/808/674 675/809/675 657/788/657
f 661/792/661 660/791/660 671/804/671
f 670/803/670 613/737/613 674/808/674
f 577/691/577 648/779/648 578/692/578
f 676/810/676 563/675/563 552/660/552
f 671/804/671 660/791/660 654/785/654
f 647/778/647 677/811/677 648/779/648
f 614/738/614 674/808/674 613/737/613
f 583/697/583 614/738/614 584/698/584
f 670/803/670 558/666/558 662/793/662
f 674/808/674 558/666/558 670/803/670
f 664/795/664 670/803/670 662/793/662
f 660/791/660 677/811/677 654/785/654
f 674/808/674 614/738/614 678/812/678
f 558/666/558 557/665/557 662/793/662
f 610/734/610 587/703/587 586/700/586
f 610/734/610 677/811/677 660/791/660
f 578/692/578 677/811/677 668/799/668
f 547/655/547 631/758/631 548/656/548
f 576/690/576 578/692/578 593/709/593
f 591/707/591 577/691/577 576/690/576
f 582/696/582 581/695/581 561/673/561
f 591/707/591 576/690/576 582/696/582
f 625/752/625 679/813/679 680/814/680
f 576/690/576 593/709/593 581/695/581
f 555/663/555 646/777/646 553/661/553
f 660/791/660 662/793/662 557/665/557
f 655/786/655 627/754/627 629/756/629
f 678/812/678 675/809/675 674/808/674
f 610/734/610 660/791/660 557/665/557
f 673/807/673 556/664/556 558/666/558
f 549/657/549 681/815/681 644/772/644
f 549/657/549 656/787/656 547/655/547
f 668/799/668 677/811/677 610/734/610
f 667/798/667 645/773/645 680/814/680
f 650/781/650 655/786/655 664/795/664
f 682/816/682 680/814/680 645/773/645
f 645/773/645 681/815/681 682/816/682
f 645/773/645 644/772/644 681/815/681
f 644/772/644 656/787/656 549/657/549
f 547/655/547 656/787/656 623/750/623
f 572/686/572 571/685/571 296/817/296
f 671/804/671 634/761/634 664/795/664
f 657/788/657 675/809/675 658/789/658
f 588/704/588 556/664/556 673/807/673
f 606/728/606 622/749/622 607/729/607
f 681/815/681 646/777/646 682/816/682
f 682/816/682 573/687/573 683/818/683
f 610/734/610 586/700/586 668/799/668
f 556/664/556 588/704/588 610/734/610
f 663/794/663 594/710/594 566/678/566
f 396/680/396 567/679/567 684/819/684
f 588/704/588 673/807/673 659/790/659
f 683/818/683 573/687/573 572/686/572
f 569/683/569 590/706/590 685/820/685
f 680/814/680 682/816/682 683/818/683
f 15/730/15 5/821/5 606/728/606
f 565/677/565 548/656/548 566/678/566
f 686/822/686 687/823/687 684/819/684
f 606/728/606 5/821/5 4/806/4
f 686/822/686 684/819/684 567/679/567
f 680/814/680 683/818/683 625/752/625
f 389/824/389 559/667/559 393/669/393
f 253/825/253 688/826/688 689/827/689
f 555/663/555 573/687/573 682/816/682
f 607/729/607 82/775/82 15/730/15
f 567/679/567 392/681/392 393/669/393
f 589/705/589 588/704/588 659/790/659
f 568/682/568 570/684/570 687/823/687
f 667/798/667 49/828/49 142/802/142
f 253/825/253 689/827/689 254/829/254
f 621/748/621 622/749/622 624/751/624
f 569/683/569 685/820/685 570/684/570
f 590/706/590 569/683/569 577/691/577
f 605/727/605 629/756/629 627/754/627
f 667/798/667 680/814/680 679/813/679
f 686/822/686 568/682/568 687/823/687
f 9/732/9 608/731/608 622/749/622
f 595/712/595 132/718/132 620/747/620
f 686/822/686 567/679/567 580/694/580
f 625/752/625 683/818/683 572/686/572
f 628/755/628 619/745/619 627/754/627
f 560/668/560 567/679/567 393/669/393
f 577/691/577 569/683/569 647/778/647
f 587/703/587 612/736/612 599/717/599
f 654/785/654 677/811/677 647/778/647
f 599/717/599 612/736/612 562/674/562
f 595/712/595 609/733/609 9/732/9
f 296/817/296 571/685/571 301/702/301
f 648/779/648 677/811/677 578/692/578
f 626/753/626 609/733/609 620/747/620
f 606/728/606 9/732/9 622/749/622
f 679/813/679 49/828/49 667/798/667
f 600/720/600 620/747/620 132/718/132
f 579/693/579 594/710/594 592/708/592
f 647/778/647 569/683/569 652/783/652
f 298/740/298 572/686/572 296/817/296
f 646/777/646 565/677/565 553/661/553
f 615/739/615 625/752/625 298/740/298
f 664/795/664 634/761/634 617/743/617
f 575/689/575 566/678/566 594/710/594
f 56/670/56 317/741/317 350/671/350
f 654/785/654 647/778/647 652/783/652
f 592/708/592 594/710/594 652/783/652
f 56/670/56 679/813/679 625/752/625
f 688/826/688 676/810/676 551/659/551
f 651/782/651 389/824/389 390/701/390
f 559/667/559 389/824/389 651/782/651
f 634/761/634 671/804/671 663/794/663
f 560/668/560 559/667/559 574/688/574
f 646/777/646 681/815/681 549/657/549
f 574/688/574 580/694/580 560/668/560
f 592/708/592 568/682/568 579/693/579
f 567/679/567 560/668/560 580/694/580
f 688/826/688 253/825/253 676/810/676
f 652/783/652 569/683/569 592/708/592
f 553/661/553 574/688/574 651/782/651
f 674/808/674 657/788/657 558/666/558
f 676/810/676 552/660/552 551/659/551
f 551/659/551 689/827/689 688/826/688
f 49/828/49 679/813/679 56/670/56
f 571/685/571 554/662/554 390/701/390
f 578/692/578 668/799/668 593/709/593
f 555/663/555 554/662/554 571/685/571
f 646/777/646 555/663/555 682/816/682
f 684/819/684 398/830/398 396/680/396
f 574/688/574 559/667/559 651/782/651
f 568/682/568 686/822/686 580/694/580
f 671/804/671 654/785/654 653/784/653
f 564/676/564 553/661/553 565/677/565
f 597/715/597 596/714/596 600/720/600
f 550/658/550 552/660/552 612/736/612
f 594/710/594 580/694/580 575/689/575
f 673/807/673 558/666/558 657/788/657
f 566/678/566 548/656/548 663/794/663
f 661/792/661 672/805/672 662/793/662
f 554/662/554 651/782/651 390/701/390
f 663/794/663 652/783/652 594/710/594
f 298/740/298 625/752/625 572/686/572
f 622/749/622 608/731/608 624/751/624
f 690/831/690 691/832/691 692/833/692
f 693/834/693 694/835/694 695/836/695
f 696/837/696 697/838/697 691/832/691
f 698/839/698 699/840/699 700/841/700
f 701/842/701 702/843/702 694/835/694
f 703/844/703 697/838/697 704/845/704
f 705/846/705 706/847/706 707/848/707
f 708/849/708 709/850/709 710/851/710
f 711/852/711 712/853/712 693/834/693
f 713/854/713 714/855/714 715/856/715
f 710/851/710 716/857/716 717/858/717
f 718/859/718 699/840/699 719/860/719
f 717/858/717 715/856/715 714/855/714
f 711/852/711 693/834/693 720/861/720
f 721/862/721 697/838/697 703/844/703
f 702/843/702 722/863/722 698/839/698
f 723/864/723 724/865/724 725/866/725
f 726/867/726 706/847/706 713/854/713
f 727/868/727 728/869/728 729/870/729
f 713/854/713 730/871/730 726/867/726
f 731/872/731 732/873/732 733/874/733
f 703/844/703 704/845/704 734/875/734
f 690/831/690 735/876/735 736/877/736
f 720/861/720 693/834/693 695/836/695
f 737/878/737 726/867/726 738/879/738
f 723/864/723 739/880/739 736/877/736
f 740/881/740 721/862/721 700/841/700
f 690/831/690 692/833/692 735/876/735
f 721/862/721 703/844/703 734/875/734
f 704/845/704 707/848/707 737/878/737
f 732/873/732 741/882/741 733/874/733
f 707/848/707 726/867/726 737/878/737
f 742/883/742 743/884/743 744/885/744
f 737/878/737 738/879/738 745/886/745
f 715/856/715 730/871/730 713/854/713
f 746/887/746 747/888/747 719/860/719
f 734/875/734 704/845/704 737/878/737
f 740/881/740 700/841/700 718/859/718
f 702/843/702 745/886/745 694/835/694
f 712/853/712 701/842/701 694/835/694
f 702/843/702 701/842/701 748/889/748
f 749/890/749 750/891/750 751/892/751
f 723/864/723 725/866/725 752/893/752
f 698/839/698 745/886/745 702/843/702
f 719/860/719 699/840/699 732/873/732
f 753/894/753 743/884/743 742/883/742
f 706/847/706 726/867/726 707/848/707
f 695/836/695 730/871/730 754/895/754
f 726/867/726 730/871/730 738/879/738
f 755/896/755 742/883/742 756/897/756
f 695/836/695 745/886/745 738/879/738
f 695/836/695 694/835/694 745/886/745
f 710/851/710 717/858/717 714/855/714
f 757/898/757 753/894/753 755/896/755
f 745/886/745 734/875/734 737/878/737
f 724/865/724 736/877/736 735/876/735
f 758/899/758 692/833/692 759/900/759
f 713/854/713 706/847/706 736/877/736
f 734/875/734 700/841/700 721/862/721
f 699/840/699 698/839/698 722/863/722
f 730/871/730 695/836/695 738/879/738
f 760/901/760 761/902/761 762/903/762
f 763/904/763 764/905/764 765/906/765
f 702/843/702 748/889/748 722/863/722
f 757/898/757 766/907/766 753/894/753
f 701/842/701 767/908/767 748/889/748
f 767/908/767 701/842/701 712/853/712
f 724/865/724 735/876/735 768/909/768
f 745/886/745 698/839/698 734/875/734
f 697/838/697 740/881/740 769/910/769
f 736/877/736 706/847/706 705/846/705
f 770/911/770 747/888/747 771/912/771
f 704/845/704 697/838/697 696/837/696
f 772/913/772 746/887/746 773/914/773
f 771/912/771 747/888/747 772/913/772
f 765/906/765 764/905/764 751/892/751
f 774/915/774 770/911/770 775/916/775
f 718/859/718 700/841/700 699/840/699
f 775/916/775 770/911/770 771/912/771
f 698/839/698 700/841/700 734/875/734
f 773/914/773 776/917/776 772/913/772
f 777/918/777 778/919/778 773/914/773
f 713/854/713 708/849/708 714/855/714
f 778/919/778 776/917/776 773/914/773
f 708/849/708 713/854/713 736/877/736
f 779/920/779 771/912/771 780/921/780
f 776/917/776 781/922/781 771/912/771
f 782/923/782 775/916/775 779/920/779
f 711/852/711 767/908/767 712/853/712
f 722/863/722 741/882/741 699/840/699
f 783/924/783 722/863/722 748/889/748
f 781/922/781 776/917/776 778/919/778
f 784/925/784 785/926/785 778/919/778
f 690/831/690 786/927/786 696/837/696
f 782/923/782 779/920/779 780/921/780
f 771/912/771 781/922/781 780/921/780
f 782/923/782 787/928/787 775/916/775
f 736/877/736 705/846/705 786/927/786
f 712/853/712 694/835/694 693/834/693
f 704/845/704 696/837/696 786/927/786
f 740/881/740 697/838/697 721/862/721
f 708/849/708 739/880/739 709/850/709
f 781/922/781 785/926/785 788/929/788
f 749/890/749 789/930/789 790/931/790
f 708/849/708 710/851/710 714/855/714
f 791/932/791 784/925/784 792/933/792
f 708/849/708 736/877/736 739/880/739
f 781/922/781 793/934/793 782/923/782
f 732/873/732 699/840/699 741/882/741
f 769/910/769 794/935/794 759/900/759
f 785/926/785 784/925/784 791/932/791
f 741/882/741 722/863/722 783/924/783
f 786/927/786 690/831/690 736/877/736
f 705/846/705 704/845/704 786/927/786
f 793/934/793 781/922/781 788/929/788
f 795/936/795 788/929/788 791/932/791
f 746/887/746 719/860/719 732/873/732
f 796/937/796 791/932/791 792/933/792
f 797/938/797 798/939/798 782/923/782
f 772/913/772 776/917/776 771/912/771
f 747/888/747 718/859/718 719/860/719
f 695/836/695 754/895/754 720/861/720
f 793/934/793 797/938/797 782/923/782
f 799/940/799 765/906/765 751/892/751
f 800/941/800 740/881/740 718/859/718
f 690/831/690 696/837/696 691/832/691
f 788/929/788 795/936/795 793/934/793
f 775/916/775 801/942/801 774/915/774
f 783/924/783 733/874/733 741/882/741
f 769/910/769 759/900/759 691/832/691
f 796/937/796 792/933/792 802/943/802
f 707/848/707 704/845/704 705/846/705
f 747/888/747 800/941/800 718/859/718
f 710/851/710 709/850/709 716/857/716
f 772/913/772 747/888/747 746/887/746
f 732/873/732 731/872/731 773/914/773
f 787/928/787 782/923/782 798/939/798
f 736/877/736 724/865/724 723/864/723
f 731/872/731 733/874/733 783/924/783
f 692/833/692 691/832/691 759/900/759
f 769/910/769 691/832/691 697/838/697
f 795/936/795 803/944/803 804/945/804
f 732/873/732 773/914/773 746/887/746
f 768/909/768 735/876/735 692/833/692
f 794/935/794 766/907/766 759/900/759
f 805/946/805 742/883/742 806/947/806
f 807/948/807 725/866/725 724/865/724
f 808/949/808 760/901/760 750/891/750
f 692/833/692 758/899/758 768/909/768
f 807/948/807 724/865/724 768/909/768
f 775/916/775 771/912/771 779/920/779
f 780/921/780 781/922/781 782/923/782
f 766/907/766 794/935/794 761/902/761
f 759/900/759 766/907/766 758/899/758
f 725/866/725 805/946/805 752/893/752
f 756/897/756 725/866/725 807/948/807
f 758/899/758 757/898/757 768/909/768
f 768/909/768 757/898/757 807/948/807
f 808/949/808 766/907/766 761/902/761
f 757/898/757 758/899/758 766/907/766
f 750/891/750 743/884/743 808/949/808
f 805/946/805 725/866/725 756/897/756
f 753/894/753 808/949/808 743/884/743
f 807/948/807 755/896/755 756/897/756
f 757/898/757 755/896/755 807/948/807
f 760/901/760 808/949/808 761/902/761
f 766/907/766 808/949/808 753/894/753
f 756/897/756 742/883/742 805/946/805
f 742/883/742 755/896/755 753/894/753
f 765/906/765 760/901/760 762/903/762
f 791/932/791 788/929/788 785/926/785
f 760/901/760 799/940/799 750/891/750
f 806/947/806 742/883/742 744/885/744
f 781/922/781 778/919/778 785/926/785
f 799/940/799 760/901/760 765/906/765
f 750/891/750 790/931/790 743/884/743
f 751/892/751 750/891/750 799/940/799
f 744/885/744 728/869/728 806/947/806
f 790/931/790 809/950/809 743/884/743
f 803/944/803 795/936/795 796/937/796
f 790/931/790 750/891/750 749/890/749
f 743/884/743 809/950/809 744/885/744
f 809/950/809 728/869/728 744/885/744
f 790/931/790 789/930/789 809/950/809
f 729/870/729 728/869/728 809/950/809
f 729/870/729 809/950/809 789/930/789
f 740/881/740 794/935/794 769/910/769
f 810/951/810 353/952/353 285/953/285
f 811/954/811 812/955/812 813/956/813
f 814/957/814 810/951/810 815/958/815
f 811/954/811 816/959/816 817/960/817
f 810/951/810 818/961/818 815/958/815
f 810/951/810 285/953/285 286/962/286
f 286/962/286 291/963/291 819/964/819
f 818/961/818 286/962/286 819/964/819
f 818/961/818 810/951/810 286/962/286
f 353/952/353 810/951/810 820/965/820
f 818/961/818 812/955/812 815/958/815
f 795/936/795 791/932/791 796/937/796
f 784/925/784 778/919/778 777/918/777
f 810/951/810 814/957/814 820/965/820
f 814/957/814 815/958/815 811/954/811
f 801/942/801 775/916/775 787/928/787
f 793/934/793 795/936/795 804/945/804
f 812/955/812 811/954/811 815/958/815
f 814/957/814 811/954/811 817/960/817
f 811/954/811 813/956/813 816/959/816
f 821/966/821 813/956/813 812/955/812
f 727/868/727 822/967/822 728/869/728
f 813/956/813 823/968/823 816/959/816
f 727/868/727 824/969/824 822/967/822
f 825/970/825 728/869/728 822/967/822
f 823/968/823 813/956/813 821/966/821
f 822/967/822 824/969/824 826/971/826
f 827/972/827 823/968/823 821/966/821
f 828/973/828 826/971/826 824/969/824
f 828/973/828 825/970/825 826/971/826
f 829/974/829 709/850/709 830/975/830
f 831/976/831 832/977/832 833/978/833
f 825/970/825 828/973/828 834/979/834
f 835/980/835 829/974/829 836/981/836
f 837/982/837 838/983/838 839/984/839
f 840/985/840 833/978/833 835/980/835
f 836/981/836 838/983/838 837/982/837
f 830/975/830 836/981/836 829/974/829
f 841/986/841 842/987/842 828/973/828
f 826/971/826 825/970/825 822/967/822
f 839/984/839 827/972/827 837/982/837
f 835/980/835 836/981/836 840/985/840
f 716/857/716 829/974/829 835/980/835
f 837/982/837 827/972/827 821/966/821
f 828/973/828 842/987/842 843/988/843
f 833/978/833 840/985/840 831/976/831
f 836/981/836 837/982/837 840/985/840
f 821/966/821 844/989/844 837/982/837
f 844/989/844 831/976/831 840/985/840
f 845/990/845 846/991/846 847/992/847
f 805/946/805 846/991/846 752/893/752
f 805/946/805 806/947/806 848/993/848
f 849/994/849 850/995/850 834/979/834
f 848/993/848 825/970/825 846/991/846
f 752/893/752 846/991/846 845/990/845
f 848/993/848 806/947/806 728/869/728
f 847/992/847 846/991/846 825/970/825
f 843/988/843 834/979/834 828/973/828
f 845/990/845 847/992/847 850/995/850
f 834/979/834 851/996/851 849/994/849
f 847/992/847 834/979/834 850/995/850
f 839/984/839 838/983/838 849/994/849
f 752/893/752 845/990/845 723/864/723
f 834/979/834 847/992/847 825/970/825
f 852/997/852 845/990/845 850/995/850
f 728/869/728 825/970/825 848/993/848
f 709/850/709 852/997/852 830/975/830
f 805/946/805 848/993/848 846/991/846
f 819/964/819 853/998/853 854/999/854
f 855/1000/855 856/1001/856 853/998/853
f 839/984/839 857/1002/857 827/972/827
f 818/961/818 854/999/854 856/1001/856
f 821/966/821 812/955/812 856/1001/856
f 856/1001/856 812/955/812 818/961/818
f 857/1002/857 839/984/839 849/994/849
f 818/961/818 819/964/819 854/999/854
f 821/966/821 856/1001/856 855/1000/855
f 739/880/739 723/864/723 845/990/845
f 854/999/854 853/998/853 856/1001/856
f 850/995/850 830/975/830 852/997/852
f 739/880/739 845/990/845 852/997/852
f 852/997/852 709/850/709 739/880/739
f 850/995/850 849/994/849 838/983/838
f 831/976/831 855/1000/855 832/977/832
f 858/1003/858 857/1002/857 851/996/851
f 829/974/829 716/857/716 709/850/709
f 831/976/831 844/989/844 855/1000/855
f 837/982/837 844/989/844 840/985/840
f 582/1004/582 792/933/792 784/925/784
f 836/981/836 830/975/830 850/995/850
f 823/968/823 827/972/827 859/1005/859
f 784/925/784 860/1006/860 582/1004/582
f 833/978/833 832/977/832 835/980/835
f 827/972/827 857/1002/857 861/1007/861
f 582/1004/582 860/1006/860 591/1008/591
f 857/1002/857 849/994/849 851/996/851
f 836/981/836 850/995/850 838/983/838
f 861/1007/861 858/1003/858 859/1005/859
f 792/933/792 862/1009/862 802/943/802
f 844/989/844 821/966/821 855/1000/855
f 863/1010/863 399/1011/399 864/1012/864
f 754/895/754 865/1013/865 720/861/720
f 866/1014/866 867/1015/867 868/1016/868
f 582/1004/582 561/1017/561 862/1009/862
f 827/972/827 861/1007/861 859/1005/859
f 869/1018/869 870/1019/870 871/1020/871
f 872/1021/872 773/914/773 731/872/731
f 720/861/720 865/1013/865 711/852/711
f 590/1022/590 591/1008/591 860/1006/860
f 851/996/851 843/988/843 842/987/842
f 792/933/792 582/1004/582 862/1009/862
f 858/1003/858 861/1007/861 857/1002/857
f 828/973/828 824/969/824 841/986/841
f 859/1005/859 816/959/816 823/968/823
f 873/1023/873 874/1024/874 875/1025/875
f 851/996/851 834/979/834 843/988/843
f 876/1026/876 851/996/851 842/987/842
f 819/964/819 870/1019/870 853/998/853
f 860/1006/860 877/1027/877 590/1022/590
f 874/1024/874 878/1028/878 879/1029/879
f 880/1030/880 881/1031/881 882/1032/882
f 711/852/711 865/1013/865 883/1033/883
f 870/1019/870 868/1016/868 853/998/853
f 867/1015/867 884/1034/884 832/977/832
f 819/964/819 885/1035/885 870/1019/870
f 886/1036/886 684/1037/684 887/1038/887
f 888/1039/888 867/1015/867 866/1014/866
f 858/1003/858 851/996/851 876/1026/876
f 889/1040/889 886/1036/886 883/1033/883
f 868/1016/868 870/1019/870 866/1014/866
f 871/1020/871 881/1031/881 880/1030/880
f 880/1030/880 866/1014/866 869/1018/869
f 890/1041/890 754/895/754 730/871/730
f 891/1042/891 715/856/715 717/858/717
f 892/1043/892 893/1044/893 881/1031/881
f 877/1027/877 860/1006/860 777/918/777
f 777/918/777 872/1021/872 894/1045/894
f 401/1046/401 885/1035/885 402/1047/402
f 895/1048/895 872/1021/872 731/872/731
f 835/980/835 832/977/832 884/1034/884
f 800/941/800 747/888/747 896/1049/896
f 897/1050/897 800/941/800 896/1049/896
f 762/903/762 898/1051/898 899/1052/899
f 896/1049/896 747/888/747 770/911/770
f 800/941/800 897/1050/897 740/881/740
f 898/1051/898 900/1053/900 896/1049/896
f 900/1053/900 897/1050/897 896/1049/896
f 898/1051/898 896/1049/896 770/911/770
f 897/1050/897 794/935/794 740/881/740
f 794/935/794 897/1050/897 900/1053/900
f 770/911/770 899/1052/899 898/1051/898
f 900/1053/900 898/1051/898 794/935/794
f 770/911/770 774/915/774 899/1052/899
f 794/935/794 898/1051/898 761/902/761
f 763/904/763 899/1052/899 774/915/774
f 762/903/762 899/1052/899 763/904/763
f 898/1051/898 762/903/762 761/902/761
f 763/904/763 765/906/765 762/903/762
f 777/918/777 773/914/773 872/1021/872
f 687/1054/687 570/1055/570 873/1023/873
f 874/1024/874 570/1055/570 878/1028/878
f 777/918/777 894/1045/894 877/1027/877
f 891/1042/891 881/1031/881 893/1044/893
f 883/1033/883 865/1013/865 901/1056/901
f 877/1027/877 894/1045/894 878/1028/878
f 887/1038/887 684/1037/684 687/1054/687
f 877/1027/877 685/1057/685 590/1022/590
f 877/1027/877 878/1028/878 685/1057/685
f 767/908/767 711/852/711 902/1058/902
f 885/1035/885 871/1020/871 870/1019/870
f 887/1038/887 873/1023/873 886/1036/886
f 570/1055/570 685/1057/685 878/1028/878
f 398/1059/398 684/1037/684 903/1060/903
f 901/1056/901 893/1044/893 892/1043/892
f 291/963/291 885/1035/885 819/964/819
f 903/1060/903 684/1037/684 886/1036/886
f 879/1029/879 878/1028/878 894/1045/894
f 874/1024/874 879/1029/879 902/1058/902
f 873/1023/873 875/1025/875 886/1036/886
f 894/1045/894 872/1021/872 895/1048/895
f 871/1020/871 880/1030/880 869/1018/869
f 398/1059/398 903/1060/903 904/1061/904
f 889/1040/889 904/1061/904 903/1060/903
f 895/1048/895 783/924/783 767/908/767
f 905/1062/905 880/1030/880 882/1032/882
f 903/1060/903 886/1036/886 889/1040/889
f 879/1029/879 894/1045/894 895/1048/895
f 767/908/767 902/1058/902 879/1029/879
f 902/1058/902 711/852/711 875/1025/875
f 886/1036/886 875/1025/875 711/852/711
f 892/1043/892 881/1031/881 863/1010/863
f 873/1023/873 570/1055/570 874/1024/874
f 398/1059/398 864/1012/864 400/1063/400
f 864/1012/864 398/1059/398 904/1061/904
f 864/1012/864 399/1011/399 400/1063/400
f 895/1048/895 767/908/767 879/1029/879
f 886/1036/886 711/852/711 883/1033/883
f 864/1012/864 904/1061/904 889/1040/889
f 866/1014/866 880/1030/880 905/1062/905
f 687/1054/687 873/1023/873 887/1038/887
f 901/1056/901 889/1040/889 883/1033/883
f 901/1056/901 864/1012/864 889/1040/889
f 863/1010/863 871/1020/871 401/1046/401
f 863/1010/863 881/1031/881 871/1020/871
f 864/1012/864 892/1043/892 863/1010/863
f 399/1011/399 863/1010/863 401/1046/401
f 783/924/783 895/1048/895 731/872/731
f 767/908/767 783/924/783 748/889/748
f 864/1012/864 901/1056/901 892/1043/892
f 866/1014/866 870/1019/870 869/1018/869
f 893/1044/893 901/1056/901 865/1013/865
f 754/895/754 890/1041/890 893/1044/893
f 401/1046/401 871/1020/871 885/1035/885
f 754/895/754 893/1044/893 865/1013/865
f 291/963/291 402/1047/402 885/1035/885
f 893/1044/893 890/1041/890 891/1042/891
f 874/1024/874 902/1058/902 875/1025/875
f 882/1032/882 881/1031/881 891/1042/891
f 890/1041/890 715/856/715 891/1042/891
f 717/858/717 882/1032/882 891/1042/891
f 715/856/715 890/1041/890 730/871/730
f 906/1064/906 905/1062/905 882/1032/882
f 906/1064/906 882/1032/882 717/858/717
f 888/1039/888 866/1014/866 905/1062/905
f 888/1039/888 905/1062/905 906/1064/906
f 835/980/835 906/1064/906 717/858/717
f 868/1016/868 867/1015/867 853/998/853
f 906/1064/906 884/1034/884 888/1039/888
f 835/980/835 884/1034/884 906/1064/906
f 835/980/835 717/858/717 716/857/716
f 867/1015/867 855/1000/855 853/998/853
f 888/1039/888 884/1034/884 867/1015/867
f 832/977/832 855/1000/855 867/1015/867
f 784/925/784 777/918/777 860/1006/860
f 907/1065/907 908/1066/908 909/1067/909
f 907/1065/907 910/1068/910 500/1069/500
f 500/1069/500 910/1068/910 911/1070/911
f 912/1071/912 913/1072/913 914/1073/914
f 911/1070/911 910/1068/910 915/1074/915
f 916/1075/916 917/1076/917 918/1077/918
f 919/1078/919 918/1077/918 917/1076/917
f 920/1079/920 907/1065/907 500/1069/500
f 921/1080/921 922/1081/922 914/1073/914
f 923/1082/923 924/1083/924 925/1084/925
f 909/1067/909 913/1072/913 907/1065/907
f 126/1085/126 127/1086/127 926/1087/926
f 927/1088/927 928/1089/928 919/1078/919
f 929/1090/929 930/1091/930 931/1092/931
f 918/1077/918 932/1093/932 916/1075/916
f 923/1082/923 912/1071/912 933/1094/933
f 934/1095/934 935/1096/935 936/1097/936
f 915/1074/915 937/1098/937 938/1099/938
f 912/1071/912 914/1073/914 939/1100/939
f 930/1091/930 929/1090/929 916/1075/916
f 919/1078/919 917/1076/917 927/1088/927
f 932/1093/932 918/1077/918 928/1089/928
f 927/1088/927 917/1076/917 529/1101/529
f 939/1100/939 922/1081/922 940/1102/940
f 937/1098/937 915/1074/915 941/1103/941
f 910/1068/910 942/1104/942 915/1074/915
f 943/1105/943 924/1083/924 933/1094/933
f 939/1100/939 940/1102/940 933/1094/933
f 944/1106/944 945/1107/945 946/1108/946
f 932/1093/932 928/1089/928 947/1109/947
f 948/1110/948 949/1111/949 950/1112/950
f 932/1093/932 947/1109/947 930/1091/930
f 914/1073/914 909/1067/909 921/1080/921
f 922/1081/922 946/1108/946 940/1102/940
f 946/1108/946 922/1081/922 944/1106/944
f 951/1113/951 933/1094/933 940/1102/940
f 952/1114/952 953/1115/953 954/1116/954
f 924/1083/924 955/1117/955 942/1104/942
f 941/1103/941 956/1118/956 937/1098/937
f 957/1119/957 941/1103/941 955/1117/955
f 924/1083/924 943/1105/943 955/1117/955
f 958/1120/958 926/1087/926 959/1121/959
f 956/1118/956 960/1122/960 953/1115/953
f 918/1077/918 919/1078/919 928/1089/928
f 924/1083/924 923/1082/923 933/1094/933
f 951/1113/951 943/1105/943 933/1094/933
f 961/1123/961 962/1124/962 963/1125/963
f 928/1089/928 927/1088/927 937/1098/937
f 960/1122/960 949/1111/949 964/1126/964
f 931/1092/931 930/1091/930 953/1115/953
f 965/1127/965 966/1128/966 967/1129/967
f 923/1082/923 925/1084/925 913/1072/913
f 950/1112/950 949/1111/949 951/1113/951
f 956/1118/956 941/1103/941 957/1119/957
f 968/1130/968 945/1107/945 961/1123/961
f 937/1098/937 956/1118/956 928/1089/928
f 947/1109/947 956/1118/956 953/1115/953
f 915/1074/915 938/1099/938 911/1070/911
f 969/1131/969 964/1126/964 967/1129/967
f 944/1106/944 961/1123/961 945/1107/945
f 953/1115/953 952/1114/952 931/1092/931
f 910/1068/910 907/1065/907 913/1072/913
f 913/1072/913 912/1071/912 923/1082/923
f 910/1068/910 913/1072/913 925/1084/925
f 956/1118/956 947/1109/947 928/1089/928
f 957/1119/957 960/1122/960 956/1118/956
f 930/1091/930 947/1109/947 953/1115/953
f 970/1132/970 971/1133/971 962/1124/962
f 927/1088/927 529/1101/529 911/1070/911
f 942/1104/942 925/1084/925 924/1083/924
f 949/1111/949 957/1119/957 943/1105/943
f 960/1122/960 969/1131/969 953/1115/953
f 972/1134/972 929/1090/929 931/1092/931
f 948/1110/948 950/1112/950 945/1107/945
f 950/1112/950 940/1102/940 945/1107/945
f 971/1133/971 963/1125/963 962/1124/962
f 963/1125/963 965/1127/965 968/1130/968
f 963/1125/963 968/1130/968 961/1123/961
f 915/1074/915 942/1104/942 955/1117/955
f 950/1112/950 951/1113/951 940/1102/940
f 943/1105/943 957/1119/957 955/1117/955
f 965/1127/965 963/1125/963 971/1133/971
f 973/1135/973 974/1136/974 975/1137/975
f 455/1138/455 976/1139/976 461/1140/461
f 927/1088/927 911/1070/911 938/1099/938
f 977/1141/977 934/1095/934 936/1097/936
f 953/1115/953 969/1131/969 954/1116/954
f 978/1142/978 975/1137/975 974/1136/974
f 914/1073/914 913/1072/913 909/1067/909
f 455/1138/455 978/1142/978 974/1136/974
f 455/1138/455 974/1136/974 976/1139/976
f 955/1117/955 941/1103/941 915/1074/915
f 979/1143/979 965/1127/965 967/1129/967
f 980/1144/980 974/1136/974 973/1135/973
f 979/1143/979 967/1129/967 964/1126/964
f 976/1139/976 974/1136/974 980/1144/980
f 973/1135/973 981/1145/981 980/1144/980
f 952/1114/952 972/1134/972 931/1092/931
f 968/1130/968 948/1110/948 945/1107/945
f 954/1116/954 969/1131/969 967/1129/967
f 970/1132/970 934/1095/934 971/1133/971
f 965/1127/965 971/1133/971 977/1141/977
f 939/1100/939 914/1073/914 922/1081/922
f 951/1113/951 949/1111/949 943/1105/943
f 982/1146/982 972/1134/972 952/1114/952
f 933/1094/933 912/1071/912 939/1100/939
f 971/1133/971 934/1095/934 977/1141/977
f 949/1111/949 979/1143/979 964/1126/964
f 945/1107/945 940/1102/940 946/1108/946
f 948/1110/948 979/1143/979 949/1111/949
f 965/1127/965 977/1141/977 966/1128/966
f 979/1143/979 968/1130/968 965/1127/965
f 932/1093/932 930/1091/930 916/1075/916
f 960/1122/960 964/1126/964 969/1131/969
f 938/1099/938 937/1098/937 927/1088/927
f 948/1110/948 968/1130/968 979/1143/979
f 970/1132/970 962/1124/962 961/1123/961
f 910/1068/910 925/1084/925 942/1104/942
f 957/1119/957 949/1111/949 960/1122/960
f 966/1128/966 983/1147/983 967/1129/967
f 984/1148/984 985/1149/985 986/1150/986
f 976/1139/976 987/1151/987 461/1140/461
f 981/1145/981 988/1152/988 989/1153/989
f 990/1154/990 991/1155/991 992/1156/992
f 993/1157/993 990/1154/990 994/1158/994
f 981/1145/981 995/1159/995 986/1150/986
f 996/1160/996 583/1161/583 585/1162/585
f 997/1163/997 994/1158/994 678/1164/678
f 585/1162/585 998/1165/998 996/1160/996
f 986/1150/986 999/1166/999 984/1148/984
f 1000/1167/1000 1001/1168/1001 1002/1169/1002
f 1003/1170/1003 1002/1169/1002 1001/1168/1001
f 995/1159/995 981/1145/981 973/1135/973
f 1003/1170/1003 1001/1168/1001 1004/1171/1004
f 990/1154/990 993/1157/993 991/1155/991
f 992/1156/992 1004/1171/1004 1001/1168/1001
f 998/1165/998 630/1172/630 611/1173/611
f 1005/1174/1005 1006/1175/1006 1007/1176/1007
f 1006/1175/1006 984/1148/984 999/1166/999
f 997/1163/997 996/1160/996 1008/1177/1008
f 614/1178/614 1009/1179/1009 678/1164/678
f 1010/1180/1010 995/1159/995 1011/1181/1011
f 1006/1175/1006 999/1166/999 1007/1176/1007
f 999/1166/999 1010/1180/1010 1012/1182/1012
f 999/1166/999 1012/1182/1012 1007/1176/1007
f 993/1157/993 1013/1183/1013 991/1155/991
f 1012/1182/1012 1011/1181/1011 1014/1184/1014
f 992/1156/992 1015/1185/1015 1004/1171/1004
f 1015/1185/1015 992/1156/992 991/1155/991
f 1016/1186/1016 1004/1171/1004 1015/1185/1015
f 1017/1187/1017 1018/1188/1018 1016/1186/1016
f 1019/1189/1019 1013/1183/1013 1008/1177/1008
f 1017/1187/1017 1020/1190/1020 1018/1188/1018
f 1021/1191/1021 1022/1192/1022 1019/1189/1019
f 1023/1193/1023 1017/1187/1017 1022/1192/1022
f 1022/1192/1022 1021/1191/1021 1023/1193/1023
f 1008/1177/1008 998/1165/998 1021/1191/1021
f 1024/1194/1024 1020/1190/1020 1023/1193/1023
f 1023/1193/1023 1021/1191/1021 1025/1195/1025
f 998/1165/998 1026/1196/1026 1021/1191/1021
f 1017/1187/1017 1019/1189/1019 1022/1192/1022
f 1027/1197/1027 998/1165/998 611/1173/611
f 1025/1195/1025 1024/1194/1024 1023/1193/1023
f 611/1173/611 598/1198/598 1027/1197/1027
f 975/1137/975 1014/1184/1014 1011/1181/1011
f 1025/1195/1025 1028/1199/1028 1024/1194/1024
f 1028/1199/1028 1025/1195/1025 1026/1196/1026
f 1027/1197/1027 598/1198/598 1029/1200/1029
f 1026/1196/1026 1027/1197/1027 1029/1200/1029
f 997/1163/997 1008/1177/1008 993/1157/993
f 1030/1201/1030 1028/1199/1028 1031/1202/1031
f 104/1203/104 126/1085/126 926/1087/926
f 1012/1182/1012 1014/1184/1014 1007/1176/1007
f 1032/1204/1032 1030/1201/1030 1033/1205/1033
f 583/1161/583 1009/1179/1009 614/1178/614
f 1032/1204/1032 1034/1206/1034 958/1120/958
f 1020/1190/1020 1017/1187/1017 1023/1193/1023
f 1030/1201/1030 1024/1194/1024 1028/1199/1028
f 991/1155/991 1016/1186/1016 1015/1185/1015
f 583/1161/583 997/1163/997 1009/1179/1009
f 1008/1177/1008 1013/1183/1013 993/1157/993
f 1012/1182/1012 1010/1180/1010 1011/1181/1011
f 1034/1206/1034 1032/1204/1032 1033/1205/1033
f 1031/1202/1031 1029/1200/1029 597/1207/597
f 1017/1187/1017 1016/1186/1016 1019/1189/1019
f 1011/1181/1011 995/1159/995 973/1135/973
f 1007/1176/1007 1035/1208/1035 1036/1209/1036
f 1030/1201/1030 602/1210/602 1033/1205/1033
f 1007/1176/1007 1014/1184/1014 1037/1211/1037
f 1021/1191/1021 1026/1196/1026 1025/1195/1025
f 1029/1200/1029 598/1198/598 597/1207/597
f 958/1120/958 1038/1212/1038 926/1087/926
f 1034/1206/1034 1038/1212/1038 958/1120/958
f 108/1213/108 1034/1206/1034 601/1214/601
f 1034/1206/1034 1033/1205/1033 601/1214/601
f 602/1210/602 601/1214/601 1033/1205/1033
f 597/1207/597 602/1210/602 1031/1202/1031
f 1039/1215/1039 1040/1216/1040 934/1095/934
f 1041/1217/1041 985/1149/985 984/1148/984
f 944/1106/944 1042/1218/1042 961/1123/961
f 505/1219/505 529/1101/529 917/1076/917
f 1043/1220/1043 503/1221/503 505/1219/505
f 985/1149/985 1044/1222/1044 1045/1223/1045
f 1046/1224/1046 1042/1218/1042 944/1106/944
f 1043/1220/1043 959/1121/959 503/1221/503
f 1043/1220/1043 505/1219/505 917/1076/917
f 1041/1217/1041 1047/1225/1047 1044/1222/1044
f 1006/1175/1006 1047/1225/1047 984/1148/984
f 1007/1176/1007 1036/1209/1036 1005/1174/1005
f 1039/1215/1039 970/1132/970 1042/1218/1042
f 1048/1226/1048 958/1120/958 959/1121/959
f 981/1145/981 1045/1223/1045 988/1152/988
f 1049/1227/1049 1043/1220/1043 917/1076/917
f 1043/1220/1043 1050/1228/1050 1051/1229/1051
f 1052/1230/1052 1044/1222/1044 1047/1225/1047
f 1006/1175/1006 1005/1174/1005 1053/1231/1053
f 1054/1232/1054 1055/1233/1055 1036/1209/1036
f 1056/1234/1056 1057/1235/1057 988/1152/988
f 1056/1234/1056 1058/1236/1058 1057/1235/1057
f 1059/1237/1059 1060/1238/1060 1057/1235/1057
f 1060/1238/1060 1039/1215/1039 1042/1218/1042
f 1061/1239/1061 1030/1201/1030 1032/1204/1032
f 1048/1226/1048 1032/1204/1032 958/1120/958
f 916/1075/916 1049/1227/1049 917/1076/917
f 1056/1234/1056 988/1152/988 1045/1223/1045
f 1050/1228/1050 1043/1220/1043 1049/1227/1049
f 1051/1229/1051 1050/1228/1050 1062/1240/1062
f 1018/1188/1018 1003/1170/1003 1004/1171/1004
f 1063/1241/1063 1064/1242/1064 1065/1243/1065
f 1047/1225/1047 1066/1244/1066 1052/1230/1052
f 1047/1225/1047 1053/1231/1053 1066/1244/1066
f 1055/1233/1055 1054/1232/1054 1067/1245/1067
f 1056/1234/1056 1052/1230/1052 1058/1236/1058
f 1018/1188/1018 1020/1190/1020 1068/1246/1068
f 1020/1190/1020 1024/1194/1024 1069/1247/1069
f 1057/1235/1057 1046/1224/1046 988/1152/988
f 1032/1204/1032 1048/1226/1048 1061/1239/1061
f 1061/1239/1061 1024/1194/1024 1030/1201/1030
f 1070/1248/1070 1062/1240/1062 1050/1228/1050
f 970/1132/970 1039/1215/1039 934/1095/934
f 1071/1249/1071 1003/1170/1003 1018/1188/1018
f 1071/1249/1071 1018/1188/1018 1068/1246/1068
f 1072/1250/1072 1067/1245/1067 1063/1241/1063
f 1067/1245/1067 1073/1251/1073 1055/1233/1055
f 1074/1252/1074 1075/1253/1075 1052/1230/1052
f 1075/1253/1075 1058/1236/1058 1052/1230/1052
f 1076/1254/1076 1039/1215/1039 1059/1237/1059
f 1068/1246/1068 1020/1190/1020 1069/1247/1069
f 1046/1224/1046 989/1153/989 988/1152/988
f 1069/1247/1069 1024/1194/1024 1077/1255/1077
f 1078/1256/1078 1061/1239/1061 1048/1226/1048
f 1070/1248/1070 1078/1256/1078 1062/1240/1062
f 1063/1241/1063 1067/1245/1067 1054/1232/1054
f 1050/1228/1050 1079/1257/1079 1070/1248/1070
f 970/1132/970 961/1123/961 1042/1218/1042
f 1080/1258/1080 1003/1170/1003 1071/1249/1071
f 972/1134/972 1081/1259/1081 1082/1260/1082
f 1083/1261/1083 1072/1250/1072 1065/1243/1065
f 982/1146/982 1084/1262/1084 972/1134/972
f 1067/1245/1067 1085/1263/1085 1073/1251/1073
f 1086/1264/1086 1075/1253/1075 1074/1252/1074
f 1074/1252/1074 1052/1230/1052 1066/1244/1066
f 1061/1239/1061 1077/1255/1077 1024/1194/1024
f 1087/1265/1087 1088/1266/1088 1089/1267/1089
f 1040/1216/1040 1039/1215/1039 1076/1254/1076
f 935/1096/935 934/1095/934 1040/1216/1040
f 1083/1261/1083 1090/1268/1090 1091/1269/1091
f 1055/1233/1055 1005/1174/1005 1036/1209/1036
f 1051/1229/1051 1062/1240/1062 1078/1256/1078
f 1092/1270/1092 1068/1246/1068 1093/1271/1093
f 929/1090/929 1070/1248/1070 1079/1257/1079
f 1092/1270/1092 1094/1272/1094 1068/1246/1068
f 1095/1273/1095 1085/1263/1085 1072/1250/1072
f 1074/1252/1074 1096/1274/1096 1086/1264/1086
f 1002/1169/1002 1064/1242/1064 1000/1167/1000
f 1061/1239/1061 1078/1256/1078 1077/1255/1077
f 1097/1275/1097 1071/1249/1071 1094/1272/1094
f 1091/1269/1091 1089/1267/1089 1088/1266/1088
f 1075/1253/1075 1086/1264/1086 1098/1276/1098
f 1098/1276/1098 1086/1264/1086 1099/1277/1099
f 1098/1276/1098 1076/1254/1076 1075/1253/1075
f 1100/1278/1100 1101/1279/1101 1102/1280/1102
f 1103/1281/1103 1104/1282/1104 1105/1283/1105
f 1077/1255/1077 1093/1271/1093 1068/1246/1068
f 1106/1284/1106 1070/1248/1070 929/1090/929
f 1053/1231/1053 1047/1225/1047 1006/1175/1006
f 1071/1249/1071 1097/1275/1097 1089/1267/1089
f 959/1121/959 1043/1220/1043 1051/1229/1051
f 1107/1285/1107 1092/1270/1092 1093/1271/1093
f 1094/1272/1094 1071/1249/1071 1068/1246/1068
f 1076/1254/1076 935/1096/935 1040/1216/1040
f 1090/1268/1090 1080/1258/1080 1091/1269/1091
f 1080/1258/1080 1089/1267/1089 1091/1269/1091
f 1105/1283/1105 1108/1286/1108 1095/1273/1095
f 1071/1249/1071 1089/1267/1089 1080/1258/1080
f 1092/1270/1092 1097/1275/1097 1094/1272/1094
f 1005/1174/1005 1055/1233/1055 1053/1231/1053
f 1083/1261/1083 1065/1243/1065 1064/1242/1064
f 1074/1252/1074 1066/1244/1066 1096/1274/1096
f 1095/1273/1095 1108/1286/1108 1085/1263/1085
f 1079/1257/1079 1050/1228/1050 1049/1227/1049
f 1084/1262/1084 1103/1281/1103 1087/1265/1087
f 1096/1274/1096 1109/1287/1109 1099/1277/1099
f 1099/1277/1099 1086/1264/1086 1096/1274/1096
f 1108/1286/1108 1109/1287/1109 1073/1251/1073
f 1098/1276/1098 935/1096/935 1076/1254/1076
f 1105/1283/1105 1095/1273/1095 1088/1266/1088
f 1103/1281/1103 1088/1266/1088 1087/1265/1087
f 1108/1286/1108 1110/1288/1110 1109/1287/1109
f 1003/1170/1003 1080/1258/1080 1002/1169/1002
f 952/1114/952 954/1116/954 982/1146/982
f 1099/1277/1099 935/1096/935 1098/1276/1098
f 1081/1259/1081 1093/1271/1093 1082/1260/1082
f 1102/1280/1102 983/1147/983 966/1128/966
f 1087/1265/1087 1092/1270/1092 1081/1259/1081
f 1088/1266/1088 1103/1281/1103 1105/1283/1105
f 1090/1268/1090 1064/1242/1064 1002/1169/1002
f 1082/1260/1082 1077/1255/1077 1106/1284/1106
f 977/1141/977 936/1097/936 966/1128/966
f 1081/1259/1081 1084/1262/1084 1087/1265/1087
f 1059/1237/1059 1057/1235/1057 1058/1236/1058
f 1099/1277/1099 1110/1288/1110 1100/1278/1100
f 972/1134/972 1084/1262/1084 1081/1259/1081
f 1110/1288/1110 1105/1283/1105 1104/1282/1104
f 1041/1217/1041 984/1148/984 1047/1225/1047
f 1088/1266/1088 1095/1273/1095 1083/1261/1083
f 967/1129/967 983/1147/983 954/1116/954
f 1106/1284/1106 1078/1256/1078 1070/1248/1070
f 1101/1279/1101 1104/1282/1104 1111/1289/1111
f 1110/1288/1110 1104/1282/1104 1101/1279/1101
f 1085/1263/1085 1067/1245/1067 1072/1250/1072
f 1111/1289/1111 982/1146/982 1112/1290/1112
f 1066/1244/1066 1073/1251/1073 1096/1274/1096
f 1107/1285/1107 1081/1259/1081 1092/1270/1092
f 1090/1268/1090 1002/1169/1002 1080/1258/1080
f 1073/1251/1073 1066/1244/1066 1055/1233/1055
f 1093/1271/1093 1081/1259/1081 1107/1285/1107
f 1103/1281/1103 1111/1289/1111 1104/1282/1104
f 1048/1226/1048 959/1121/959 1051/1229/1051
f 1093/1271/1093 1077/1255/1077 1082/1260/1082
f 1108/1286/1108 1105/1283/1105 1110/1288/1110
f 1044/1222/1044 985/1149/985 1041/1217/1041
f 1100/1278/1100 1110/1288/1110 1101/1279/1101
f 1078/1256/1078 1106/1284/1106 1077/1255/1077
f 1048/1226/1048 1051/1229/1051 1078/1256/1078
f 1087/1265/1087 1097/1275/1097 1092/1270/1092
f 1099/1277/1099 936/1097/936 935/1096/935
f 1042/1218/1042 1046/1224/1046 1060/1238/1060
f 1111/1289/1111 1112/1290/1112 1101/1279/1101
f 1055/1233/1055 1066/1244/1066 1053/1231/1053
f 1099/1277/1099 1100/1278/1100 936/1097/936
f 1064/1242/1064 1090/1268/1090 1083/1261/1083
f 1096/1274/1096 1073/1251/1073 1109/1287/1109
f 916/1075/916 929/1090/929 1079/1257/1079
f 1089/1267/1089 1097/1275/1097 1087/1265/1087
f 1100/1278/1100 1102/1280/1102 936/1097/936
f 1068/1246/1068 1069/1247/1069 1077/1255/1077
f 1057/1235/1057 1060/1238/1060 1046/1224/1046
f 1112/1290/1112 983/1147/983 1102/1280/1102
f 983/1147/983 1112/1290/1112 982/1146/982
f 1112/1290/1112 1102/1280/1102 1101/1279/1101
f 1103/1281/1103 1084/1262/1084 1111/1289/1111
f 1060/1238/1060 1059/1237/1059 1039/1215/1039
f 954/1116/954 983/1147/983 982/1146/982
f 1102/1280/1102 966/1128/966 936/1097/936
f 929/1090/929 972/1134/972 1106/1284/1106
f 1088/1266/1088 1083/1261/1083 1091/1269/1091
f 1084/1262/1084 982/1146/982 1111/1289/1111
f 916/1075/916 1079/1257/1079 1049/1227/1049
f 1059/1237/1059 1058/1236/1058 1076/1254/1076
f 1072/1250/1072 1083/1261/1083 1095/1273/1095
f 1056/1234/1056 1044/1222/1044 1052/1230/1052
f 1106/1284/1106 972/1134/972 1082/1260/1082
f 1076/1254/1076 1058/1236/1058 1075/1253/1075
f 1056/1234/1056 1045/1223/1045 1044/1222/1044
f 1085/1263/1085 1108/1286/1108 1073/1251/1073
f 1065/1243/1065 1072/1250/1072 1063/1241/1063
f 1110/1288/1110 1099/1277/1099 1109/1287/1109
f 986/1150/986 995/1159/995 1010/1180/1010
f 630/1172/630 998/1165/998 585/1162/585
f 975/1137/975 1011/1181/1011 973/1135/973
f 1045/1223/1045 981/1145/981 985/1149/985
f 1027/1197/1027 1026/1196/1026 998/1165/998
f 980/1144/980 987/1151/987 976/1139/976
f 545/1291/545 546/1292/546 1113/1293/1113
f 104/1203/104 926/1087/926 106/1294/106
f 1019/1189/1019 1016/1186/1016 1013/1183/1013
f 602/1210/602 1030/1201/1030 1031/1202/1031
f 1021/1191/1021 1019/1189/1019 1008/1177/1008
f 921/1080/921 546/1292/546 922/1081/922
f 106/1294/106 926/1087/926 1038/1212/1038
f 996/1160/996 997/1163/997 583/1161/583
f 944/1106/944 922/1081/922 546/1292/546
f 991/1155/991 1013/1183/1013 1016/1186/1016
f 1031/1202/1031 1028/1199/1028 1026/1196/1026
f 546/1292/546 1046/1224/1046 944/1106/944
f 1038/1212/1038 108/1213/108 106/1294/106
f 1113/1293/1113 546/1292/546 1114/1295/1114
f 1038/1212/1038 1034/1206/1034 108/1213/108
f 1114/1295/1114 921/1080/921 1113/1293/1113
f 1026/1196/1026 1029/1200/1029 1031/1202/1031
f 1046/1224/1046 546/1292/546 989/1153/989
f 546/1292/546 987/1151/987 989/1153/989
f 985/1149/985 981/1145/981 986/1150/986
f 1018/1188/1018 1004/1171/1004 1016/1186/1016
f 1008/1177/1008 996/1160/996 998/1165/998
f 546/1292/546 921/1080/921 1114/1295/1114
f 994/1158/994 997/1163/997 993/1157/993
f 544/1296/544 987/1151/987 546/1292/546
f 503/1221/503 959/1121/959 926/1087/926
f 980/1144/980 989/1153/989 987/1151/987
f 461/1140/461 987/1151/987 544/1296/544
f 545/1291/545 1113/1293/1113 908/1066/908
f 545/1291/545 908/1066/908 533/1297/533
f 989/1153/989 980/1144/980 981/1145/981
f 1113/1293/1113 909/1067/909 908/1066/908
f 999/1166/999 986/1150/986 1010/1180/1010
f 127/1086/127 503/1221/503 926/1087/926
f 1113/1293/1113 921/1080/921 909/1067/909
f 997/1163/997 678/1164/678 1009/1179/1009
f 1035/1208/1035 1007/1176/1007 1037/1211/1037
f 533/1297/533 908/1066/908 920/1079/920
f 500/1069/500 911/1070/911 529/1101/529
f 920/1079/920 500/1069/500 533/1297/533
f 920/1079/920 908/1066/908 907/1065/907
f 1115/1298/1115 1116/1299/1116 1117/1300/1117
f 1117/1300/1117 1116/1299/1116 1118/1301/1118
f 1119/1302/1119 749/1303/749 1120/1304/1120
f 1117/1300/1117 1121/1305/1121 1119/1302/1119
f 1119/1302/1119 1121/1305/1121 1122/1306/1122
f 1118/1301/1118 1123/1307/1123 1121/1305/1121
f 749/1303/749 1119/1302/1119 1124/1308/1124
f 1117/1300/1117 1119/1302/1119 1120/1304/1120
f 1124/1308/1124 1119/1302/1119 1122/1306/1122
f 1120/1304/1120 751/1309/751 1115/1298/1115
f 1120/1304/1120 1115/1298/1115 1117/1300/1117
f 751/1309/751 1120/1304/1120 749/1303/749
f 1121/1305/1121 1117/1300/1117 1118/1301/1118
f 1121/1305/1121 1125/1310/1125 1122/1306/1122
f 1121/1305/1121 1123/1307/1123 1125/1310/1125
f 1126/1311/1126 1127/1312/1127 1128/1313/1128
f 1129/1314/1129 1130/1315/1130 1131/1316/1131
f 1126/1311/1126 1128/1313/1128 1132/1317/1132
f 1126/1311/1126 1133/1318/1133 1127/1312/1127
f 1134/1319/1134 1126/1311/1126 1132/1317/1132
f 1135/1320/1135 1136/1321/1136 1118/1301/1118
f 1133/1318/1133 1126/1311/1126 1129/1314/1129
f 1137/1322/1137 1138/1323/1138 1128/1313/1128
f 1133/1318/1133 1131/1316/1131 1127/1312/1127
f 1139/1324/1139 1134/1319/1134 1132/1317/1132
f 1128/1313/1128 1138/1323/1138 1132/1317/1132
f 1134/1319/1134 1140/1325/1140 1126/1311/1126
f 1141/1326/1141 1142/1327/1142 1143/1328/1143
f 1140/1325/1140 1134/1319/1134 1139/1324/1139
f 1144/1329/1144 1138/1323/1138 1137/1322/1137
f 1118/1301/1118 1116/1299/1116 1135/1320/1135
f 1145/1330/1145 1146/1331/1146 1147/1332/1147
f 1148/1333/1148 1136/1321/1136 1135/1320/1135
f 1149/1334/1149 1139/1324/1139 1132/1317/1132
f 1143/1328/1143 1150/1335/1150 1149/1334/1149
f 1138/1323/1138 1143/1328/1143 1132/1317/1132
f 1128/1313/1128 1127/1312/1127 1151/1336/1151
f 1141/1326/1141 1143/1328/1143 1138/1323/1138
f 1152/1337/1152 1142/1327/1142 1135/1320/1135
f 1128/1313/1128 1151/1336/1151 1137/1322/1137
f 1138/1323/1138 1147/1332/1147 1141/1326/1141
f 1143/1328/1143 1149/1334/1149 1132/1317/1132
f 1153/1338/1153 1146/1331/1146 1154/1339/1154
f 1144/1329/1144 1145/1330/1145 1138/1323/1138
f 1152/1337/1152 1116/1299/1116 1155/1340/1155
f 1156/1341/1156 1148/1333/1148 1154/1339/1154
f 1126/1311/1126 1140/1325/1140 1129/1314/1129
f 1152/1337/1152 1150/1335/1150 1143/1328/1143
f 1150/1335/1150 1155/1340/1155 1149/1334/1149
f 1138/1323/1138 1145/1330/1145 1147/1332/1147
f 1155/1340/1155 1150/1335/1150 1152/1337/1152
f 1133/1318/1133 1129/1314/1129 1131/1316/1131
f 1135/1320/1135 1116/1299/1116 1152/1337/1152
f 1153/1338/1153 1141/1326/1141 1147/1332/1147
f 1153/1338/1153 1142/1327/1142 1141/1326/1141
f 1152/1337/1152 1143/1328/1143 1142/1327/1142
f 1130/1315/1130 1129/1314/1129 1140/1325/1140
f 1146/1331/1146 1153/1338/1153 1147/1332/1147
f 1153/1338/1153 1135/1320/1135 1142/1327/1142
f 1135/1320/1135 1153/1338/1153 1148/1333/1148
f 1154/1339/1154 1148/1333/1148 1153/1338/1153
f 1148/1333/1148 1157/1342/1157 1136/1321/1136
f 1158/1343/1158 1148/1333/1148 1156/1341/1156
f 1136/1321/1136 1157/1342/1157 1123/1307/1123
f 1158/1343/1158 1157/1342/1157 1148/1333/1148
f 1136/1321/1136 1123/1307/1123 1118/1301/1118
f 1159/1344/1159 1160/1345/1160 1161/1346/1161
f 1162/1347/1162 1163/1348/1163 1164/1349/1164
f 1159/1344/1159 1165/1350/1165 1166/1351/1166
f 1167/1352/1167 1168/1353/1168 1169/1354/1169
f 1170/1355/1170 1171/1356/1171 1164/1349/1164
f 1172/1357/1172 1173/1358/1173 1174/1359/1174
f 1159/1344/1159 1166/1351/1166 1175/1360/1175
f 1169/1354/1169 1168/1353/1168 1176/1361/1176
f 1166/1351/1166 1177/1362/1177 1178/1363/1178
f 1179/1364/1179 1173/1358/1173 1172/1357/1172
f 1159/1344/1159 1179/1364/1179 1165/1350/1165
f 858/1365/858 876/1366/876 1180/1367/1180
f 816/1368/816 1177/1362/1177 817/1369/817
f 1181/1370/1181 859/1371/859 858/1365/858
f 1182/1372/1182 1183/1373/1183 1184/1374/1184
f 1185/1375/1185 1186/1376/1186 1187/1377/1187
f 1187/1377/1187 1182/1372/1182 1184/1374/1184
f 1188/1378/1188 1183/1373/1183 1182/1372/1182
f 1186/1376/1186 1189/1379/1189 1187/1377/1187
f 1182/1372/1182 1187/1377/1187 1190/1380/1190
f 1188/1378/1188 1182/1372/1182 1191/1381/1191
f 1189/1379/1189 1186/1376/1186 1192/1382/1192
f 1186/1376/1186 1193/1383/1193 1192/1382/1192
f 1194/1384/1194 1188/1378/1188 1191/1381/1191
f 1195/1385/1195 1196/1386/1196 1197/1387/1197
f 1191/1381/1191 1182/1372/1182 1190/1380/1190
f 1190/1380/1190 1189/1379/1189 1198/1388/1198
f 1199/1389/1199 1200/1390/1200 1193/1383/1193
f 1194/1384/1194 1191/1381/1191 1201/1391/1201
f 1202/1392/1202 1203/1393/1203 1204/1394/1204
f 1193/1383/1193 1205/1395/1205 1192/1382/1192
f 1198/1388/1198 1192/1382/1192 1205/1395/1205
f 1201/1391/1201 1191/1381/1191 1206/1396/1206
f 1191/1381/1191 1198/1388/1198 1207/1397/1207
f 1208/1398/1208 1204/1394/1204 1205/1395/1205
f 1208/1398/1208 1205/1395/1205 1200/1390/1200
f 1195/1385/1195 1209/1399/1209 1210/1400/1210
f 1211/1401/1211 1206/1396/1206 1207/1397/1207
f 1204/1394/1204 1212/1402/1212 1205/1395/1205
f 1213/1403/1213 1194/1384/1194 1201/1391/1201
f 1203/1393/1203 1207/1397/1207 1212/1402/1212
f 1212/1402/1212 1204/1394/1204 1203/1393/1203
f 1197/1387/1197 1209/1399/1209 1195/1385/1195
f 1203/1393/1203 1211/1401/1211 1207/1397/1207
f 1203/1393/1203 1214/1404/1214 1211/1401/1211
f 1196/1386/1196 1215/1405/1215 1216/1406/1216
f 1214/1404/1214 1216/1406/1216 1217/1407/1217
f 1218/1408/1218 1197/1387/1197 1202/1392/1202
f 1203/1393/1203 1216/1406/1216 1214/1404/1214
f 1212/1402/1212 1198/1388/1198 1205/1395/1205
f 1202/1392/1202 1204/1394/1204 1208/1398/1208
f 1197/1387/1197 1218/1408/1218 1219/1409/1219
f 1207/1397/1207 1198/1388/1198 1212/1402/1212
f 1220/1410/1220 1195/1385/1195 1210/1400/1210
f 1219/1409/1219 1209/1399/1209 1197/1387/1197
f 1202/1392/1202 1197/1387/1197 1196/1386/1196
f 1189/1379/1189 1192/1382/1192 1198/1388/1198
f 1191/1381/1191 1207/1397/1207 1206/1396/1206
f 1215/1405/1215 1217/1407/1217 1216/1406/1216
f 1187/1377/1187 1189/1379/1189 1190/1380/1190
f 161/1411/161 1217/1407/1217 1220/1410/1220
f 1190/1380/1190 1198/1388/1198 1191/1381/1191
f 1215/1405/1215 1220/1410/1220 1217/1407/1217
f 1184/1374/1184 1185/1375/1185 1187/1377/1187
f 1196/1386/1196 1216/1406/1216 1202/1392/1202
f 1220/1410/1220 1215/1405/1215 1195/1385/1195
f 1193/1383/1193 1200/1390/1200 1205/1395/1205
f 1215/1405/1215 1196/1386/1196 1195/1385/1195
f 1210/1400/1210 161/1411/161 1220/1410/1220
f 1216/1406/1216 1203/1393/1203 1202/1392/1202
f 1202/1392/1202 1208/1398/1208 1218/1408/1218
f 842/1412/842 841/1413/841 1221/1414/1221
f 1175/1360/1175 1178/1363/1178 859/1371/859
f 1161/1346/1161 1179/1364/1179 1159/1344/1159
f 862/1415/862 561/1416/561 563/1417/563
f 1165/1350/1165 1222/1418/1222 1167/1352/1167
f 1159/1344/1159 1175/1360/1175 1223/1419/1223
f 1177/1362/1177 816/1368/816 1178/1363/1178
f 1181/1370/1181 1175/1360/1175 859/1371/859
f 816/1368/816 859/1371/859 1178/1363/1178
f 1177/1362/1177 1167/1352/1167 1169/1354/1169
f 1222/1418/1222 1165/1350/1165 1172/1357/1172
f 1159/1344/1159 1223/1419/1223 1160/1345/1160
f 1181/1370/1181 1223/1419/1223 1175/1360/1175
f 1179/1364/1179 1161/1346/1161 1160/1345/1160
f 1163/1348/1163 1224/1420/1224 1164/1349/1164
f 1172/1357/1172 1165/1350/1165 1179/1364/1179
f 1222/1418/1222 1172/1357/1172 1174/1359/1174
f 1223/1419/1223 1181/1370/1181 1180/1367/1180
f 1176/1361/1176 1168/1353/1168 1225/1421/1225
f 858/1365/858 1180/1367/1180 1181/1370/1181
f 1223/1419/1223 1226/1422/1226 1160/1345/1160
f 1178/1363/1178 1175/1360/1175 1166/1351/1166
f 1180/1367/1180 1226/1422/1226 1223/1419/1223
f 1167/1352/1167 1177/1362/1177 1166/1351/1166
f 1226/1422/1226 1227/1423/1227 1160/1345/1160
f 1228/1424/1228 1224/1420/1224 1163/1348/1163
f 1176/1361/1176 1229/1425/1229 246/1426/246
f 1222/1418/1222 1168/1353/1168 1167/1352/1167
f 1174/1359/1174 1173/1358/1173 1229/1425/1229
f 1168/1353/1168 1222/1418/1222 1174/1359/1174
f 1177/1362/1177 1169/1354/1169 817/1369/817
f 1162/1347/1162 1226/1422/1226 1180/1367/1180
f 841/1413/841 1230/1427/1230 1221/1414/1221
f 1227/1423/1227 1226/1422/1226 1231/1428/1231
f 1225/1421/1225 1229/1425/1229 1176/1361/1176
f 1213/1403/1213 1160/1345/1160 1227/1423/1227
f 246/1426/246 1229/1425/1229 248/1429/248
f 246/1426/246 353/1430/353 1176/1361/1176
f 1162/1347/1162 1180/1367/1180 1232/1431/1232
f 1226/1422/1226 1162/1347/1162 1231/1428/1231
f 1174/1359/1174 1225/1421/1225 1168/1353/1168
f 1227/1423/1227 1231/1428/1231 1233/1432/1233
f 1233/1432/1233 1170/1355/1170 1234/1433/1234
f 1194/1384/1194 1213/1403/1213 1227/1423/1227
f 824/1434/824 1230/1427/1230 841/1413/841
f 1228/1424/1228 1232/1431/1232 876/1366/876
f 1174/1359/1174 1229/1425/1229 1225/1421/1225
f 1162/1347/1162 1232/1431/1232 1163/1348/1163
f 1164/1349/1164 1231/1428/1231 1162/1347/1162
f 1233/1432/1233 1194/1384/1194 1227/1423/1227
f 1235/1435/1235 1137/1322/1137 1151/1336/1151
f 1151/1336/1151 1236/1436/1236 1235/1435/1235
f 1236/1436/1236 1237/1437/1237 1238/1438/1238
f 1239/1439/1239 1237/1437/1237 1151/1336/1151
f 1239/1439/1239 1240/1440/1240 1238/1438/1238
f 1237/1437/1237 1239/1439/1239 1238/1438/1238
f 1131/1316/1131 1240/1440/1240 1239/1439/1239
f 1237/1437/1237 1236/1436/1236 1151/1336/1151
f 1151/1336/1151 1127/1312/1127 1239/1439/1239
f 1131/1316/1131 1239/1439/1239 1127/1312/1127
f 1171/1356/1171 1233/1432/1233 1231/1428/1231
f 842/1412/842 1228/1424/1228 876/1366/876
f 1228/1424/1228 1163/1348/1163 1232/1431/1232
f 1170/1355/1170 1164/1349/1164 1241/1441/1241
f 1231/1428/1231 1164/1349/1164 1171/1356/1171
f 1165/1350/1165 1167/1352/1167 1166/1351/1166
f 1194/1384/1194 1233/1432/1233 1188/1378/1188
f 1171/1356/1171 1170/1355/1170 1233/1432/1233
f 1228/1424/1228 842/1412/842 1221/1414/1221
f 1233/1432/1233 1234/1433/1234 1188/1378/1188
f 1232/1431/1232 1180/1367/1180 876/1366/876
f 1228/1424/1228 1221/1414/1221 1224/1420/1224
f 1241/1441/1241 1164/1349/1164 1224/1420/1224
f 1188/1378/1188 1234/1433/1234 1183/1373/1183
f 1242/1442/1242 1224/1420/1224 1221/1414/1221
f 1224/1420/1224 1242/1442/1242 1241/1441/1241
f 1221/1414/1221 1230/1427/1230 1242/1442/1242
f 1243/1443/1243 1230/1427/1230 824/1434/824
f 1243/1443/1243 824/1434/824 727/1444/727
f 803/1445/803 1244/1446/1244 1245/1447/1245
f 1246/1448/1246 798/1449/798 797/1450/797
f 1247/1451/1247 804/1452/804 1245/1447/1245
f 1248/1453/1248 1249/1454/1249 1245/1447/1245
f 1248/1453/1248 1245/1447/1245 1244/1446/1244
f 1250/1455/1250 1251/1456/1251 1244/1446/1244
f 1249/1454/1249 1248/1453/1248 1252/1457/1252
f 796/1458/796 802/1459/802 1253/1460/1253
f 1254/1461/1254 1255/1462/1255 1256/1463/1256
f 1257/1464/1257 1254/1461/1254 229/1465/229
f 1244/1446/1244 1258/1466/1258 1250/1455/1250
f 1246/1448/1246 797/1450/797 793/1467/793
f 1252/1457/1252 1256/1463/1256 1255/1462/1255
f 276/1468/276 1250/1455/1250 260/1469/260
f 793/1467/793 1247/1451/1247 1246/1448/1246
f 1248/1453/1248 1251/1456/1251 1256/1463/1256
f 1254/1461/1254 1256/1463/1256 276/1468/276
f 1250/1455/1250 1258/1466/1258 1259/1470/1259
f 1246/1448/1246 1130/1315/1130 1260/1471/1260
f 1245/1447/1245 1249/1454/1249 1247/1451/1247
f 1244/1446/1244 803/1445/803 1253/1460/1253
f 1253/1460/1253 1258/1466/1258 1244/1446/1244
f 1261/1472/1261 1249/1454/1249 1252/1457/1252
f 862/1415/862 563/1417/563 1262/1473/1262
f 1263/1474/1263 1264/1475/1264 1115/1298/1115
f 1254/1461/1254 276/1468/276 229/1465/229
f 1261/1472/1261 1246/1448/1246 1249/1454/1249
f 804/1452/804 1247/1451/1247 793/1467/793
f 1250/1455/1250 1259/1470/1259 260/1469/260
f 1251/1456/1251 1248/1453/1248 1244/1446/1244
f 802/1459/802 1258/1466/1258 1253/1460/1253
f 804/1452/804 803/1445/803 1245/1447/1245
f 1256/1463/1256 1252/1457/1252 1248/1453/1248
f 1255/1462/1255 1238/1438/1238 1265/1476/1265
f 1266/1477/1266 1267/1478/1267 764/1479/764
f 764/1479/764 1115/1298/1115 751/1309/751
f 1131/1316/1131 1261/1472/1261 1268/1480/1268
f 1252/1457/1252 1265/1476/1265 1268/1480/1268
f 1247/1451/1247 1249/1454/1249 1246/1448/1246
f 1131/1316/1131 1130/1315/1130 1261/1472/1261
f 1255/1462/1255 1254/1461/1254 1269/1481/1269
f 1262/1473/1262 563/1417/563 676/1482/676
f 1270/1483/1270 1271/1484/1271 1263/1474/1263
f 774/1485/774 1266/1477/1266 763/1486/763
f 1259/1470/1259 1262/1473/1262 260/1469/260
f 1155/1340/1155 1116/1299/1116 1264/1475/1264
f 1256/1463/1256 1251/1456/1251 276/1468/276
f 1246/1448/1246 1261/1472/1261 1130/1315/1130
f 1272/1487/1272 1258/1466/1258 802/1459/802
f 1259/1470/1259 1272/1487/1272 1262/1473/1262
f 1269/1481/1269 1238/1438/1238 1255/1462/1255
f 1265/1476/1265 1238/1438/1238 1240/1440/1240
f 1268/1480/1268 1265/1476/1265 1240/1440/1240
f 1254/1461/1254 1257/1464/1257 1269/1481/1269
f 1131/1316/1131 1268/1480/1268 1240/1440/1240
f 802/1459/802 862/1415/862 1272/1487/1272
f 1252/1457/1252 1268/1480/1268 1261/1472/1261
f 1260/1471/1260 1273/1488/1273 798/1449/798
f 260/1469/260 1262/1473/1262 253/1489/253
f 1262/1473/1262 1272/1487/1272 862/1415/862
f 1255/1462/1255 1265/1476/1265 1252/1457/1252
f 1273/1488/1273 1271/1484/1271 787/1490/787
f 276/1468/276 1251/1456/1251 1250/1455/1250
f 676/1482/676 253/1489/253 1262/1473/1262
f 1140/1325/1140 1260/1471/1260 1130/1315/1130
f 1246/1448/1246 1260/1471/1260 798/1449/798
f 1272/1487/1272 1259/1470/1259 1258/1466/1258
f 801/1491/801 787/1490/787 1271/1484/1271
f 1264/1475/1264 1263/1474/1263 1149/1334/1149
f 1273/1488/1273 1140/1325/1140 1271/1484/1271
f 803/1445/803 796/1458/796 1253/1460/1253
f 1273/1488/1273 1260/1471/1260 1140/1325/1140
f 787/1490/787 798/1449/798 1273/1488/1273
f 1271/1484/1271 1274/1492/1274 801/1491/801
f 1140/1325/1140 1139/1324/1139 1271/1484/1271
f 1263/1474/1263 1115/1298/1115 1270/1483/1270
f 1139/1324/1139 1263/1474/1263 1271/1484/1271
f 1139/1324/1139 1149/1334/1149 1263/1474/1263
f 801/1491/801 1274/1492/1274 774/1485/774
f 1270/1483/1270 1274/1492/1274 1271/1484/1271
f 1270/1483/1270 774/1485/774 1274/1492/1274
f 1264/1475/1264 1149/1334/1149 1155/1340/1155
f 1115/1298/1115 1267/1478/1267 1270/1483/1270
f 1115/1298/1115 1264/1475/1264 1116/1299/1116
f 1266/1477/1266 774/1485/774 1270/1483/1270
f 764/1479/764 1267/1478/1267 1115/1298/1115
f 1270/1483/1270 1267/1478/1267 1266/1477/1266
f 764/1479/764 763/1486/763 1266/1477/1266
f 212/1493/212 202/1494/202 1275/1495/1275
f 1275/1495/1275 202/1494/202 1209/1399/1209
f 1210/1400/1210 175/1496/175 161/1411/161
f 1210/1400/1210 202/1494/202 175/1496/175
f 1209/1399/1209 202/1494/202 1210/1400/1210
f 817/1369/817 1169/1354/1169 814/1497/814
f 1176/1361/1176 353/1430/353 820/1498/820
f 820/1498/820 814/1497/814 1176/1361/1176
f 1169/1354/1169 1176/1361/1176 814/1497/814
f 1276/1499/1276 1277/1500/1277 1278/1501/1278
f 1279/1502/1279 1280/1503/1280 1281/1504/1281
f 1211/1401/1211 1282/1505/1282 1206/1396/1206
f 1173/1358/1173 1279/1502/1279 1229/1425/1229
f 1279/1502/1279 1173/1358/1173 1278/1501/1278
f 1277/1500/1277 1276/1499/1276 1280/1503/1280
f 1278/1501/1278 1277/1500/1277 1279/1502/1279
f 1211/1401/1211 1276/1499/1276 1282/1505/1282
f 1281/1504/1281 1280/1503/1280 211/1506/211
f 1217/1407/1217 1280/1503/1280 1276/1499/1276
f 1281/1504/1281 211/1506/211 208/1507/208
f 1278/1501/1278 1173/1358/1173 1282/1505/1282
f 1276/1499/1276 1278/1501/1278 1282/1505/1282
f 1217/1407/1217 211/1506/211 1280/1503/1280
f 1211/1401/1211 1214/1404/1214 1276/1499/1276
f 1282/1505/1282 1201/1391/1201 1206/1396/1206
f 1173/1358/1173 1283/1508/1283 1282/1505/1282
f 1277/1500/1277 1280/1503/1280 1279/1502/1279
f 1279/1502/1279 1281/1504/1281 248/1429/248
f 248/1429/248 1281/1504/1281 208/1507/208
f 1229/1425/1229 1279/1502/1279 248/1429/248
f 161/1411/161 211/1506/211 1217/1407/1217
f 1283/1508/1283 1173/1358/1173 1179/1364/1179
f 1201/1391/1201 1282/1505/1282 1283/1508/1283
f 1214/1404/1214 1217/1407/1217 1276/1499/1276
f 1179/1364/1179 1160/1345/1160 1283/1508/1283
f 1283/1508/1283 1213/1403/1213 1201/1391/1201
f 1160/1345/1160 1213/1403/1213 1283/1508/1283
f 1284/1509/1284 1285/1510/1285 1286/1511/1286
f 1287/1512/1287 1288/1513/1288 1289/1514/1289
f 1154/1339/1154 1146/1331/1146 1290/1515/1290
f 1285/1510/1285 1291/1516/1291 1286/1511/1286
f 1292/1517/1292 1293/1518/1293 1294/1519/1294
f 1284/1509/1284 1286/1511/1286 1295/1520/1295
f 1296/1521/1296 1297/1522/1297 1186/1376/1186
f 1298/1523/1298 1299/1524/1299 1234/1433/1234
f 1300/1525/1300 1243/1443/1243 727/1444/727
f 1301/1526/1301 1302/1527/1302 1303/1528/1303
f 1158/1343/1158 1304/1529/1304 1305/1530/1305
f 1123/1307/1123 1287/1512/1287 1125/1310/1125
f 1287/1512/1287 1123/1307/1123 1306/1531/1306
f 1230/1427/1230 1307/1532/1307 1242/1442/1242
f 1241/1441/1241 1242/1442/1242 1285/1510/1285
f 1308/1533/1308 1292/1517/1292 1291/1516/1291
f 1292/1517/1292 1309/1534/1309 1310/1535/1310
f 1311/1536/1311 1312/1537/1312 1313/1538/1313
f 1284/1509/1284 1241/1441/1241 1285/1510/1285
f 1301/1526/1301 1314/1539/1314 1302/1527/1302
f 1308/1533/1308 1291/1516/1291 1307/1532/1307
f 1295/1520/1295 1315/1540/1315 1316/1541/1316
f 1303/1528/1303 1317/1542/1317 1301/1526/1301
f 1303/1528/1303 1318/1543/1318 1316/1541/1316
f 1294/1519/1294 1317/1542/1317 1286/1511/1286
f 1301/1526/1301 1319/1544/1319 1314/1539/1314
f 1317/1542/1317 1315/1540/1315 1295/1520/1295
f 1320/1545/1320 729/1546/729 789/1547/789
f 1300/1525/1300 1309/1534/1309 1308/1533/1308
f 1285/1510/1285 1307/1532/1307 1291/1516/1291
f 1299/1524/1299 1316/1541/1316 1321/1548/1321
f 1295/1520/1295 1316/1541/1316 1298/1523/1298
f 1298/1523/1298 1170/1355/1170 1284/1509/1284
f 1317/1542/1317 1295/1520/1295 1286/1511/1286
f 1317/1542/1317 1294/1519/1294 1301/1526/1301
f 1322/1549/1322 1312/1537/1312 1323/1550/1323
f 1286/1511/1286 1291/1516/1291 1292/1517/1292
f 1310/1535/1310 1324/1551/1324 1289/1514/1289
f 1290/1515/1290 1146/1331/1146 1325/1552/1325
f 1303/1528/1303 1315/1540/1315 1317/1542/1317
f 1309/1534/1309 1292/1517/1292 1308/1533/1308
f 1326/1553/1326 1288/1513/1288 1319/1544/1319
f 1295/1520/1295 1298/1523/1298 1284/1509/1284
f 1298/1523/1298 1316/1541/1316 1299/1524/1299
f 1327/1554/1327 1312/1537/1312 1311/1536/1311
f 1293/1518/1293 1292/1517/1292 1310/1535/1310
f 1328/1555/1328 1313/1538/1313 1314/1539/1314
f 1328/1555/1328 1306/1531/1306 1305/1530/1305
f 1300/1525/1300 1308/1533/1308 1243/1443/1243
f 1170/1355/1170 1298/1523/1298 1234/1433/1234
f 1294/1519/1294 1319/1544/1319 1301/1526/1301
f 1243/1443/1243 1308/1533/1308 1307/1532/1307
f 1289/1514/1289 1324/1551/1324 1122/1306/1122
f 1294/1519/1294 1326/1553/1326 1319/1544/1319
f 1293/1518/1293 1326/1553/1326 1294/1519/1294
f 1242/1442/1242 1307/1532/1307 1285/1510/1285
f 1294/1519/1294 1286/1511/1286 1292/1517/1292
f 1241/1441/1241 1284/1509/1284 1170/1355/1170
f 1288/1513/1288 1326/1553/1326 1293/1518/1293
f 1297/1522/1297 1156/1341/1156 1290/1515/1290
f 1310/1535/1310 1289/1514/1289 1293/1518/1293
f 1329/1556/1329 1309/1534/1309 1300/1525/1300
f 1184/1374/1184 1330/1557/1330 1296/1521/1296
f 1323/1550/1323 1312/1537/1312 1330/1557/1330
f 1310/1535/1310 1309/1534/1309 1331/1558/1331
f 1299/1524/1299 1322/1549/1322 1234/1433/1234
f 1313/1538/1313 1312/1537/1312 1318/1543/1318
f 1318/1543/1318 1321/1548/1321 1316/1541/1316
f 1299/1524/1299 1321/1548/1321 1322/1549/1322
f 1288/1513/1288 1293/1518/1293 1289/1514/1289
f 1329/1556/1329 1300/1525/1300 727/1444/727
f 1316/1541/1316 1315/1540/1315 1303/1528/1303
f 1331/1558/1331 1309/1534/1309 1329/1556/1329
f 1199/1389/1199 1325/1552/1325 1146/1331/1146
f 1324/1551/1324 1310/1535/1310 1331/1558/1331
f 1302/1527/1302 1318/1543/1318 1303/1528/1303
f 1230/1427/1230 1243/1443/1243 1307/1532/1307
f 1332/1559/1332 1314/1539/1314 1319/1544/1319
f 1319/1544/1319 1288/1513/1288 1332/1559/1332
f 1329/1556/1329 1320/1545/1320 1331/1558/1331
f 1234/1433/1234 1322/1549/1322 1183/1373/1183
f 1321/1548/1321 1318/1543/1318 1312/1537/1312
f 1322/1549/1322 1321/1548/1321 1312/1537/1312
f 729/1546/729 1329/1556/1329 727/1444/727
f 1330/1557/1330 1312/1537/1312 1327/1554/1327
f 1314/1539/1314 1313/1538/1313 1302/1527/1302
f 1313/1538/1313 1318/1543/1318 1302/1527/1302
f 1328/1555/1328 1314/1539/1314 1332/1559/1332
f 1322/1549/1322 1323/1550/1323 1183/1373/1183
f 1125/1310/1125 1287/1512/1287 1289/1514/1289
f 1289/1514/1289 1122/1306/1122 1125/1310/1125
f 1122/1306/1122 1324/1551/1324 1124/1308/1124
f 1329/1556/1329 729/1546/729 1320/1545/1320
f 1320/1545/1320 1124/1308/1124 1324/1551/1324
f 1332/1559/1332 1287/1512/1287 1328/1555/1328
f 1332/1559/1332 1288/1513/1288 1287/1512/1287
f 1183/1373/1183 1323/1550/1323 1184/1374/1184
f 1311/1536/1311 1313/1538/1313 1328/1555/1328
f 1287/1512/1287 1306/1531/1306 1328/1555/1328
f 1323/1550/1323 1330/1557/1330 1184/1374/1184
f 749/1303/749 1320/1545/1320 789/1547/789
f 1320/1545/1320 1324/1551/1324 1331/1558/1331
f 1305/1530/1305 1311/1536/1311 1328/1555/1328
f 1320/1545/1320 749/1303/749 1124/1308/1124
f 1327/1554/1327 1311/1536/1311 1296/1521/1296
f 1296/1521/1296 1330/1557/1330 1327/1554/1327
f 1157/1342/1157 1306/1531/1306 1123/1307/1123
f 1304/1529/1304 1158/1343/1158 1156/1341/1156
f 1311/1536/1311 1305/1530/1305 1304/1529/1304
f 1305/1530/1305 1306/1531/1306 1158/1343/1158
f 1184/1374/1184 1296/1521/1296 1185/1375/1185
f 1311/1536/1311 1304/1529/1304 1296/1521/1296
f 1306/1531/1306 1157/1342/1157 1158/1343/1158
f 1185/1375/1185 1296/1521/1296 1186/1376/1186
f 1304/1529/1304 1297/1522/1297 1296/1521/1296
f 1304/1529/1304 1156/1341/1156 1297/1522/1297
f 1290/1515/1290 1325/1552/1325 1297/1522/1297
f 1325/1552/1325 1186/1376/1186 1297/1522/1297
f 1325/1552/1325 1193/1383/1193 1186/1376/1186
f 1156/1341/1156 1154/1339/1154 1290/1515/1290
f 1199/1389/1199 1193/1383/1193 1325/1552/1325
f 1333/1560/1333 1334/1561/1334 1335/1562/1335
f 267/1563/267 1333/1560/1333 1257/1464/1257
f 1336/1564/1336 1337/1565/1337 1338/1566/1338
f 1339/1567/1339 1340/1568/1340 1341/1569/1341
f 1199/1389/1199 1146/1331/1146 1342/1570/1342
f 212/1493/212 1343/1571/1343 258/1572/258
f 1344/1573/1344 1338/1566/1338 1345/1574/1345
f 1346/1575/1346 1145/1330/1145 1347/1576/1347
f 1337/1565/1337 1339/1567/1339 1341/1569/1341
f 1145/1330/1145 1144/1329/1144 1347/1576/1347
f 1341/1569/1341 1340/1568/1340 1219/1409/1219
f 1338/1566/1338 1342/1570/1342 1346/1575/1346
f 1337/1565/1337 1345/1574/1345 1338/1566/1338
f 1334/1561/1334 1348/1577/1348 1335/1562/1335
f 263/1578/263 1349/1579/1349 1348/1577/1348
f 277/1580/277 1350/1581/1350 262/1582/262
f 1336/1564/1336 1339/1567/1339 1337/1565/1337
f 1235/1435/1235 1236/1436/1236 1351/1583/1351
f 1335/1562/1335 1348/1577/1348 1236/1436/1236
f 1338/1566/1338 1344/1573/1344 1342/1570/1342
f 1352/1584/1352 1346/1575/1346 1347/1576/1347
f 1350/1581/1350 263/1578/263 262/1582/262
f 1336/1564/1336 1338/1566/1338 1346/1575/1346
f 1333/1560/1333 1335/1562/1335 1353/1585/1353
f 1257/1464/1257 1333/1560/1333 1269/1481/1269
f 1340/1568/1340 1209/1399/1209 1219/1409/1219
f 1339/1567/1339 1349/1579/1349 1350/1581/1350
f 267/1563/267 279/1586/279 1334/1561/1334
f 267/1563/267 1257/1464/1257 229/1465/229
f 1333/1560/1333 267/1563/267 1334/1561/1334
f 279/1586/279 263/1578/263 1334/1561/1334
f 1348/1577/1348 1334/1561/1334 263/1578/263
f 1353/1585/1353 1269/1481/1269 1333/1560/1333
f 263/1578/263 1350/1581/1350 1349/1579/1349
f 1335/1562/1335 1236/1436/1236 1353/1585/1353
f 1344/1573/1344 1199/1389/1199 1342/1570/1342
f 1348/1577/1348 1349/1579/1349 1354/1587/1354
f 1353/1585/1353 1238/1438/1238 1269/1481/1269
f 1339/1567/1339 1350/1581/1350 277/1580/277
f 1353/1585/1353 1236/1436/1236 1238/1438/1238
f 1348/1577/1348 1351/1583/1351 1236/1436/1236
f 1351/1583/1351 1348/1577/1348 1354/1587/1354
f 1349/1579/1349 1336/1564/1336 1354/1587/1354
f 277/1580/277 258/1572/258 1343/1571/1343
f 277/1580/277 1343/1571/1343 1339/1567/1339
f 1349/1579/1349 1339/1567/1339 1336/1564/1336
f 1351/1583/1351 1354/1587/1354 1352/1584/1352
f 1336/1564/1336 1346/1575/1346 1354/1587/1354
f 1340/1568/1340 1339/1567/1339 1343/1571/1343
f 1352/1584/1352 1235/1435/1235 1351/1583/1351
f 1354/1587/1354 1346/1575/1346 1352/1584/1352
f 1275/1495/1275 1343/1571/1343 212/1493/212
f 1275/1495/1275 1340/1568/1340 1343/1571/1343
f 1137/1322/1137 1235/1435/1235 1352/1584/1352
f 1275/1495/1275 1209/1399/1209 1340/1568/1340
f 1218/1408/1218 1337/1565/1337 1341/1569/1341
f 1352/1584/1352 1347/1576/1347 1137/1322/1137
f 1346/1575/1346 1342/1570/1342 1145/1330/1145
f 1341/1569/1341 1219/1409/1219 1218/1408/1218
f 1218/1408/1218 1345/1574/1345 1337/1565/1337
f 1347/1576/1347 1144/1329/1144 1137/1322/1137
f 1145/1330/1145 1342/1570/1342 1146/1331/1146
f 1345/1574/1345 1218/1408/1218 1208/1398/1208
f 1344/1573/1344 1345/1574/1345 1208/1398/1208
f 1200/1390/1200 1199/1389/1199 1344/1573/1344
f 1200/1390/1200 1344/1573/1344 1208/1398/1208
f 1355/1588/1355 1356/1589/1356 1357/1590/1357
f 1358/1591/1358 1359/1592/1359 1360/1593/1360
f 1361/1594/1361 1362/1595/1362 1363/1596/1363
f 1364/1597/1364 1365/1598/1365 1366/1599/1366
f 1367/1600/1367 1368/1601/1368 1360/1593/1360
f 1369/1602/1369 1367/1600/1367 1360/1593/1360
f 1370/1603/1370 1371/1604/1371 1372/1605/1372
f 1373/1606/1373 1374/1607/1374 1375/1608/1375
f 1371/1604/1371 1376/1609/1376 1368/1601/1368
f 1377/1610/1377 1378/1611/1378 1379/1612/1379
f 1380/1613/1380 1381/1614/1381 1382/1615/1382
f 1383/1616/1383 1384/1617/1384 1385/1618/1385
f 1386/1619/1386 1387/1620/1387 1380/1613/1380
f 1388/1621/1388 1389/1622/1389 1382/1615/1382
f 1390/1623/1390 1391/1624/1391 1370/1603/1370
f 1392/1625/1392 1362/1595/1362 1361/1594/1361
f 1393/1626/1393 1394/1627/1394 1395/1628/1395
f 1396/1629/1396 1397/1630/1397 1398/1631/1398
f 1399/1632/1399 1400/1633/1400 1401/1634/1401
f 1379/1612/1379 1402/1635/1402 1355/1588/1355
f 1014/1636/1014 975/1637/975 1403/1638/1403
f 1404/1639/1404 1405/1640/1405 1406/1641/1406
f 1402/1635/1402 1356/1589/1356 1355/1588/1355
f 1407/1642/1407 1408/1643/1408 1409/1644/1409
f 1410/1645/1410 1411/1646/1411 1412/1647/1412
f 1358/1591/1358 1360/1593/1360 1413/1648/1413
f 1376/1609/1376 1360/1593/1360 1368/1601/1368
f 1370/1603/1370 1376/1609/1376 1371/1604/1371
f 1408/1643/1408 1414/1649/1414 1415/1650/1415
f 1416/1651/1416 1404/1639/1404 1417/1652/1417
f 1418/1653/1418 1398/1631/1398 1386/1619/1386
f 1418/1653/1418 1419/1654/1419 1420/1655/1420
f 1396/1629/1396 1398/1631/1398 1418/1653/1418
f 990/1656/990 1421/1657/1421 1422/1658/1422
f 1398/1631/1398 1423/1659/1423 1387/1620/1387
f 1424/1660/1424 1385/1618/1385 1384/1617/1384
f 1370/1603/1370 1391/1624/1391 1425/1661/1425
f 1407/1642/1407 1426/1662/1426 1427/1663/1427
f 1428/1664/1428 1380/1613/1380 1382/1615/1382
f 1429/1665/1429 1377/1610/1377 1430/1666/1430
f 1431/1667/1431 1432/1668/1432 1389/1622/1389
f 1399/1632/1399 1433/1669/1433 1434/1670/1434
f 1435/1671/1435 1436/1672/1436 1437/1673/1437
f 1416/1651/1416 1438/1674/1438 1439/1675/1439
f 1440/1676/1440 1441/1677/1441 1442/1678/1442
f 1360/1593/1360 1376/1609/1376 1413/1648/1413
f 1356/1589/1356 1410/1645/1410 1357/1590/1357
f 1391/1624/1391 1393/1626/1393 1425/1661/1425
f 1443/1679/1443 1415/1650/1415 1414/1649/1414
f 1444/1680/1444 1445/1681/1445 1446/1682/1446
f 1367/1600/1367 1447/1683/1447 1368/1601/1368
f 1394/1627/1394 1393/1626/1393 1396/1629/1396
f 1436/1672/1436 1402/1635/1402 1448/1684/1448
f 1449/1685/1449 1450/1686/1450 1451/1687/1451
f 1452/1688/1452 1397/1630/1397 1391/1624/1391
f 1453/1689/1453 1449/1685/1449 1451/1687/1451
f 1454/1690/1454 1455/1691/1455 1394/1627/1394
f 1365/1598/1365 1456/1692/1456 1457/1693/1457
f 1411/1646/1411 1435/1671/1435 1437/1673/1437
f 1412/1647/1412 1406/1641/1406 1405/1640/1405
f 1458/1694/1458 1459/1695/1459 1460/1696/1460
f 1445/1681/1445 1461/1697/1461 1413/1648/1413
f 1404/1639/1404 1389/1622/1389 1462/1698/1462
f 1463/1699/1463 1464/1700/1464 1465/1701/1465
f 1376/1609/1376 1445/1681/1445 1413/1648/1413
f 1466/1702/1466 1467/1703/1467 1468/1704/1468
f 1382/1615/1382 1469/1705/1469 1428/1664/1428
f 1470/1706/1470 1447/1683/1447 1440/1676/1440
f 1428/1664/1428 1469/1705/1469 1471/1707/1471
f 1406/1641/1406 1412/1647/1412 1411/1646/1411
f 1472/1708/1472 1388/1621/1388 1381/1614/1381
f 1395/1628/1395 1473/1709/1473 1474/1710/1474
f 1475/1711/1475 1000/1712/1000 1064/1713/1064
f 1437/1673/1437 1436/1672/1436 1476/1714/1476
f 1390/1623/1390 1370/1603/1370 1372/1605/1372
f 1419/1654/1419 1428/1664/1428 1471/1707/1471
f 1473/1709/1473 1395/1628/1395 1477/1715/1477
f 1411/1646/1411 1356/1589/1356 1435/1671/1435
f 1426/1662/1426 1436/1672/1436 1448/1684/1448
f 1392/1625/1392 1478/1716/1478 1363/1596/1363
f 1404/1639/1404 1416/1651/1416 1439/1675/1439
f 1479/1717/1479 1480/1718/1480 1481/1719/1481
f 1482/1720/1482 1431/1667/1431 1483/1721/1483
f 1474/1710/1474 1425/1661/1425 1393/1626/1393
f 1464/1700/1464 1484/1722/1484 1485/1723/1485
f 1389/1622/1389 1404/1639/1404 1431/1667/1431
f 1486/1724/1486 1478/1716/1478 1392/1625/1392
f 1476/1714/1476 1436/1672/1436 1426/1662/1426
f 1483/1721/1483 1411/1646/1411 1437/1673/1437
f 1438/1674/1438 1416/1651/1416 1487/1725/1487
f 1488/1726/1488 245/1727/245 1489/1728/1489
f 1461/1697/1461 1445/1681/1445 1444/1680/1444
f 1433/1669/1433 1490/1729/1490 1491/1730/1491
f 1439/1675/1439 1405/1640/1405 1404/1639/1404
f 1418/1653/1418 1492/1731/1492 1396/1629/1396
f 1474/1710/1474 1493/1732/1493 1425/1661/1425
f 1494/1733/1494 1485/1723/1485 1484/1722/1484
f 1470/1706/1470 1440/1676/1440 1442/1678/1442
f 1495/1734/1495 1496/1735/1496 1497/1736/1497
f 1419/1654/1419 1471/1707/1471 1420/1655/1420
f 1454/1690/1454 1492/1731/1492 1420/1655/1420
f 1358/1591/1358 1413/1648/1413 1461/1697/1461
f 1364/1597/1364 1366/1599/1366 1477/1715/1477
f 1464/1700/1464 1498/1737/1498 1499/1738/1499
f 1393/1626/1393 1395/1628/1395 1474/1710/1474
f 1435/1671/1435 1402/1635/1402 1436/1672/1436
f 1395/1628/1395 1394/1627/1394 1455/1691/1455
f 1492/1731/1492 1418/1653/1418 1420/1655/1420
f 1500/1739/1500 1444/1680/1444 1446/1682/1446
f 1457/1693/1457 1456/1692/1456 1501/1740/1501
f 659/1741/659 658/1742/658 1502/1743/1502
f 1356/1589/1356 1411/1646/1411 1410/1645/1410
f 1478/1716/1478 1503/1744/1503 1504/1745/1504
f 1457/1693/1457 1501/1740/1501 1505/1746/1505
f 1506/1747/1506 1488/1726/1488 1507/1748/1507
f 1508/1749/1508 1482/1720/1482 1483/1721/1483
f 1482/1720/1482 1432/1668/1432 1431/1667/1431
f 1507/1748/1507 1438/1674/1438 1506/1747/1506
f 1509/1750/1509 1473/1709/1473 1366/1599/1366
f 1510/1751/1510 1511/1752/1511 1403/1638/1403
f 1512/1753/1512 1513/1754/1513 1514/1755/1514
f 1454/1690/1454 1420/1655/1420 1455/1691/1455
f 1388/1621/1388 1515/1756/1515 1389/1622/1389
f 1516/1757/1516 1517/1758/1517 1503/1744/1503
f 1376/1609/1376 1425/1661/1425 1493/1732/1493
f 1509/1750/1509 1518/1759/1518 1500/1739/1500
f 1519/1760/1519 1401/1634/1401 1520/1761/1520
f 241/1762/241 1521/1763/1521 236/1764/236
f 1402/1635/1402 1435/1671/1435 1356/1589/1356
f 1518/1759/1518 1509/1750/1509 1522/1765/1522
f 1523/1766/1523 1372/1605/1372 1524/1767/1524
f 1427/1663/1427 1426/1662/1426 1525/1768/1525
f 1357/1590/1357 1410/1645/1410 1526/1769/1526
f 1527/1770/1527 1528/1771/1528 1529/1772/1529
f 1505/1746/1505 1501/1740/1501 1476/1714/1476
f 1446/1682/1446 1445/1681/1445 1493/1732/1493
f 1477/1715/1477 1395/1628/1395 1455/1691/1455
f 1397/1630/1397 1423/1659/1423 1398/1631/1398
f 1376/1609/1376 1370/1603/1370 1425/1661/1425
f 1530/1773/1530 1417/1652/1417 1462/1698/1462
f 1531/1774/1531 1532/1775/1532 1533/1776/1533
f 1476/1714/1476 1426/1662/1426 1407/1642/1407
f 1458/1694/1458 1460/1696/1460 1494/1733/1494
f 1468/1704/1468 484/1777/484 1534/1778/1534
f 1535/1779/1535 1442/1678/1442 1536/1780/1536
f 1537/1781/1537 1508/1749/1508 1483/1721/1483
f 1538/1782/1538 1539/1783/1539 1540/1784/1540
f 1483/1721/1483 1437/1673/1437 1537/1781/1537
f 1382/1615/1382 1389/1622/1389 1432/1668/1432
f 1450/1686/1450 1541/1785/1541 1542/1786/1542
f 1495/1734/1495 1497/1736/1497 1543/1787/1543
f 1386/1619/1386 1380/1613/1380 1428/1664/1428
f 1493/1732/1493 1474/1710/1474 1473/1709/1473
f 1364/1597/1364 1544/1788/1544 1508/1749/1508
f 1448/1684/1448 1545/1789/1545 1426/1662/1426
f 1546/1790/1546 1542/1786/1542 1547/1791/1547
f 1548/1792/1548 1036/1793/1036 1035/1794/1035
f 1544/1788/1544 1482/1720/1482 1508/1749/1508
f 1432/1668/1432 1482/1720/1482 1469/1705/1469
f 1549/1795/1549 1550/1796/1550 1551/1797/1551
f 1437/1673/1437 1476/1714/1476 1537/1781/1537
f 1552/1798/1552 1444/1680/1444 1553/1799/1553
f 1544/1788/1544 1364/1597/1364 1420/1655/1420
f 1518/1759/1518 1522/1765/1522 1457/1693/1457
f 1554/1800/1554 1494/1733/1494 1555/1801/1555
f 1537/1781/1537 1501/1740/1501 1556/1802/1556
f 1462/1698/1462 1515/1756/1515 1530/1773/1530
f 225/1803/225 223/1804/223 1496/1735/1496
f 1556/1802/1556 1365/1598/1365 1364/1597/1364
f 1508/1749/1508 1556/1802/1556 1364/1597/1364
f 1500/1739/1500 1446/1682/1446 1473/1709/1473
f 1493/1732/1493 1473/1709/1473 1446/1682/1446
f 1557/1805/1557 1521/1763/1521 241/1762/241
f 304/1806/304 1558/1807/1558 281/1808/281
f 1558/1807/1558 304/1806/304 1559/1809/1559
f 281/1808/281 1558/1807/1558 1560/1810/1560
f 1561/1811/1561 1562/1812/1562 1559/1809/1559
f 1563/1813/1563 1558/1807/1558 1559/1809/1559
f 1558/1807/1558 1563/1813/1563 1560/1810/1560
f 535/1814/535 282/1815/282 1560/1810/1560
f 1559/1809/1559 1562/1812/1562 1564/1816/1564
f 1563/1813/1563 1559/1809/1559 1564/1816/1564
f 1560/1810/1560 1563/1813/1563 1565/1817/1565
f 1560/1810/1560 1566/1818/1566 535/1814/535
f 1562/1812/1562 1567/1819/1567 1564/1816/1564
f 1562/1812/1562 1568/1820/1568 1567/1819/1567
f 1564/1816/1564 1565/1817/1565 1563/1813/1563
f 1565/1817/1565 1566/1818/1566 1560/1810/1560
f 535/1814/535 1566/1818/1566 509/1821/509
f 1564/1816/1564 1569/1822/1569 1565/1817/1565
f 445/1823/445 1566/1818/1566 1565/1817/1565
f 1566/1818/1566 521/1824/521 509/1821/509
f 1570/1825/1570 1571/1826/1571 1567/1819/1567
f 1565/1817/1565 1569/1822/1569 445/1823/445
f 445/1823/445 521/1824/521 1566/1818/1566
f 1357/1590/1357 1547/1791/1547 1355/1588/1355
f 1556/1802/1556 1501/1740/1501 1456/1692/1456
f 1476/1714/1476 1407/1642/1407 1505/1746/1505
f 1571/1826/1571 1572/1827/1572 1573/1828/1573
f 1569/1822/1569 1571/1826/1571 1573/1828/1573
f 1521/1763/1521 269/1829/269 236/1764/236
f 1537/1781/1537 1556/1802/1556 1508/1749/1508
f 268/1830/268 269/1829/269 1574/1831/1574
f 1559/1809/1559 391/1832/391 273/1833/273
f 1552/1798/1552 1575/1834/1575 1576/1835/1576
f 1573/1828/1573 1572/1827/1572 446/1836/446
f 1577/1837/1577 275/1838/275 268/1830/268
f 1578/1839/1578 1579/1840/1579 1580/1841/1580
f 1561/1811/1561 1559/1809/1559 273/1833/273
f 1581/1842/1581 1571/1826/1571 1578/1839/1578
f 1357/1590/1357 1526/1769/1526 1547/1791/1547
f 1582/1843/1582 1539/1783/1539 1583/1844/1583
f 273/1833/273 1577/1837/1577 1561/1811/1561
f 1577/1837/1577 268/1830/268 1574/1831/1574
f 1394/1627/1394 1492/1731/1492 1454/1690/1454
f 1447/1683/1447 1372/1605/1372 1371/1604/1371
f 304/1806/304 391/1832/391 1559/1809/1559
f 1574/1831/1574 269/1829/269 1521/1763/1521
f 1537/1781/1537 1476/1714/1476 1501/1740/1501
f 446/1836/446 1572/1827/1572 482/1845/482
f 538/1846/538 1581/1842/1581 1578/1839/1578
f 275/1838/275 1577/1837/1577 273/1833/273
f 1584/1847/1584 1585/1848/1585 1586/1849/1586
f 1587/1850/1587 1580/1841/1580 1535/1779/1535
f 1420/1655/1420 1364/1597/1364 1477/1715/1477
f 1588/1851/1588 1589/1852/1589 1590/1853/1590
f 1473/1709/1473 1477/1715/1477 1366/1599/1366
f 1514/1755/1514 612/1854/612 587/1855/587
f 1471/1707/1471 1544/1788/1544 1420/1655/1420
f 1591/1856/1591 1587/1850/1587 1535/1779/1535
f 527/1857/527 538/1846/538 1587/1850/1587
f 1417/1652/1417 1404/1639/1404 1462/1698/1462
f 1592/1858/1592 502/1859/502 476/1860/476
f 1469/1705/1469 1544/1788/1544 1471/1707/1471
f 1473/1709/1473 1509/1750/1509 1500/1739/1500
f 1557/1805/1557 1438/1674/1438 1487/1725/1487
f 1593/1861/1593 1461/1697/1461 1576/1835/1576
f 1450/1686/1450 223/1804/223 1451/1687/1451
f 527/1857/527 1587/1850/1587 1591/1856/1591
f 1448/1684/1448 1402/1635/1402 1379/1612/1379
f 1492/1731/1492 1394/1627/1394 1396/1629/1396
f 1366/1599/1366 1522/1765/1522 1509/1750/1509
f 476/1860/476 541/1862/541 1441/1677/1441
f 1456/1692/1456 1365/1598/1365 1556/1802/1556
f 252/1863/252 1451/1687/1451 224/1864/224
f 282/1815/282 281/1808/281 1560/1810/1560
f 1406/1641/1406 1411/1646/1411 1483/1721/1483
f 1544/1788/1544 1469/1705/1469 1482/1720/1482
f 1594/1865/1594 1542/1786/1542 1541/1785/1541
f 1465/1701/1465 1464/1700/1464 1485/1723/1485
f 1386/1619/1386 1398/1631/1398 1387/1620/1387
f 1448/1684/1448 1378/1611/1378 1595/1866/1595
f 1365/1598/1365 1522/1765/1522 1366/1599/1366
f 1367/1600/1367 1596/1867/1596 1440/1676/1440
f 1569/1822/1569 1573/1828/1573 446/1836/446
f 1522/1765/1522 1365/1598/1365 1457/1693/1457
f 1363/1596/1363 1575/1834/1575 1361/1594/1361
f 1525/1768/1525 1597/1868/1597 1427/1663/1427
f 1528/1771/1528 1590/1853/1590 1598/1869/1598
f 1491/1730/1491 1486/1724/1486 1392/1625/1392
f 1555/1801/1555 1494/1733/1494 1460/1696/1460
f 1599/1870/1599 1600/1871/1600 1491/1730/1491
f 1478/1716/1478 1516/1757/1516 1503/1744/1503
f 1475/1711/1475 1583/1844/1583 1601/1872/1601
f 1602/1873/1602 1603/1874/1603 1604/1875/1604
f 1362/1595/1362 1392/1625/1392 1363/1596/1363
f 1588/1851/1588 1502/1743/1502 658/1742/658
f 1605/1876/1605 1606/1877/1606 1607/1878/1607
f 1597/1868/1597 1525/1768/1525 1608/1879/1608
f 1570/1825/1570 1579/1840/1579 1571/1826/1571
f 1609/1880/1609 1554/1800/1554 1555/1801/1555
f 1484/1722/1484 1464/1700/1464 1499/1738/1499
f 1551/1797/1551 1550/1796/1550 1610/1881/1610
f 1554/1800/1554 1611/1882/1611 1494/1733/1494
f 1458/1694/1458 1494/1733/1494 1484/1722/1484
f 1527/1770/1527 1612/1883/1612 1502/1743/1502
f 1536/1780/1536 450/1884/450 1591/1856/1591
f 1408/1643/1408 1407/1642/1407 1597/1868/1597
f 1613/1885/1613 1373/1606/1373 1614/1886/1614
f 1615/1887/1615 1598/1869/1598 1465/1701/1465
f 1616/1888/1616 1375/1608/1375 1499/1738/1499
f 1463/1699/1463 1465/1701/1465 1617/1889/1617
f 1550/1796/1550 1549/1795/1549 1429/1665/1429
f 1618/1890/1618 1602/1873/1602 1604/1875/1604
f 1001/1891/1001 1619/1892/1619 992/1893/992
f 1502/1743/1502 1528/1771/1528 1527/1770/1527
f 1620/1894/1620 1414/1649/1414 1621/1895/1621
f 1586/1849/1586 1585/1848/1585 1490/1729/1490
f 1529/1772/1529 1528/1771/1528 1598/1869/1598
f 1374/1607/1374 1484/1722/1484 1499/1738/1499
f 589/1896/589 1622/1897/1622 1512/1753/1512
f 1430/1666/1430 1541/1785/1541 1450/1686/1450
f 1590/1853/1590 1528/1771/1528 1588/1851/1588
f 541/1862/541 1536/1780/1536 1441/1677/1441
f 1623/1898/1623 252/1863/252 255/1899/255
f 1624/1900/1624 1625/1901/1625 1609/1880/1609
f 1014/1636/1014 1403/1638/1403 1037/1902/1037
f 1378/1611/1378 1448/1684/1448 1379/1612/1379
f 1449/1685/1449 1430/1666/1430 1450/1686/1450
f 1525/1768/1525 1448/1684/1448 1595/1866/1595
f 1626/1903/1626 1601/1872/1601 1627/1904/1627
f 1465/1701/1465 1598/1869/1598 1590/1853/1590
f 1519/1760/1519 1628/1905/1628 1401/1634/1401
f 1629/1906/1629 1618/1890/1618 1630/1907/1630
f 975/1637/975 978/1908/978 1403/1638/1403
f 1498/1737/1498 1631/1909/1631 1616/1888/1616
f 1467/1703/1467 978/1908/978 454/1910/454
f 1433/1669/1433 1632/1911/1632 1490/1729/1490
f 978/1908/978 455/1912/455 454/1910/454
f 1555/1801/1555 1460/1696/1460 1620/1894/1620
f 1633/1913/1633 1424/1660/1424 1606/1877/1606
f 1527/1770/1527 1622/1897/1622 1612/1883/1612
f 1478/1716/1478 1504/1745/1504 1533/1776/1533
f 1536/1780/1536 1591/1856/1591 1535/1779/1535
f 1459/1695/1459 1584/1847/1584 1443/1679/1443
f 978/1908/978 1467/1703/1467 1403/1638/1403
f 1608/1879/1608 1634/1914/1634 1385/1618/1385
f 1635/1915/1635 1575/1834/1575 1363/1596/1363
f 1408/1643/1408 1597/1868/1597 1621/1895/1621
f 1572/1827/1572 1571/1826/1571 1581/1842/1581
f 1491/1730/1491 1636/1916/1636 1434/1670/1434
f 1598/1869/1598 1615/1887/1615 1529/1772/1529
f 1637/1917/1637 1407/1642/1407 1409/1644/1409
f 1430/1666/1430 1449/1685/1449 1429/1665/1429
f 1607/1878/1607 1606/1877/1606 1384/1617/1384
f 1546/1790/1546 1526/1769/1526 1638/1918/1638
f 1438/1674/1438 1507/1748/1507 1639/1919/1639
f 1405/1640/1405 1640/1920/1640 1412/1647/1412
f 1640/1920/1640 1405/1640/1405 1439/1675/1439
f 1641/1921/1641 1526/1769/1526 1410/1645/1410
f 1439/1675/1439 1438/1674/1438 1639/1919/1639
f 1638/1918/1638 1526/1769/1526 1641/1921/1641
f 1412/1647/1412 1642/1922/1642 1410/1645/1410
f 1439/1675/1439 1639/1919/1639 1640/1920/1640
f 1640/1920/1640 1642/1922/1642 1412/1647/1412
f 1410/1645/1410 1642/1922/1642 1641/1921/1641
f 1639/1919/1639 1642/1922/1642 1640/1920/1640
f 1641/1921/1641 1639/1919/1639 1507/1748/1507
f 1642/1922/1642 1639/1919/1639 1641/1921/1641
f 1643/1923/1643 1523/1766/1523 1524/1767/1524
f 1644/1924/1644 1645/1925/1645 1580/1841/1580
f 1644/1924/1644 1580/1841/1580 1579/1840/1579
f 1646/1926/1646 1645/1925/1645 1643/1923/1643
f 1645/1925/1645 1644/1924/1644 1647/1927/1647
f 1568/1820/1568 1648/1928/1648 1570/1825/1570
f 1579/1840/1579 1570/1825/1570 1644/1924/1644
f 1647/1927/1647 1644/1924/1644 1649/1929/1649
f 1568/1820/1568 1562/1812/1562 1648/1928/1648
f 1650/1930/1650 1651/1931/1651 1574/1831/1574
f 1644/1924/1644 1652/1932/1652 1649/1929/1649
f 1561/1811/1561 1653/1933/1653 1562/1812/1562
f 1648/1928/1648 1562/1812/1562 1653/1933/1653
f 1652/1932/1652 1654/1934/1654 1649/1929/1649
f 1574/1831/1574 1521/1763/1521 1650/1930/1650
f 1648/1928/1648 1652/1932/1652 1644/1924/1644
f 1535/1779/1535 1645/1925/1645 1646/1926/1646
f 1650/1930/1650 1521/1763/1521 1530/1773/1530
f 1647/1927/1647 1649/1929/1649 1452/1688/1452
f 1472/1708/1472 1654/1934/1654 1652/1932/1652
f 1645/1925/1645 1523/1766/1523 1643/1923/1643
f 1655/1935/1655 1650/1930/1650 1530/1773/1530
f 1645/1925/1645 1535/1779/1535 1580/1841/1580
f 1647/1927/1647 1523/1766/1523 1645/1925/1645
f 1651/1931/1651 1577/1837/1577 1574/1831/1574
f 1653/1933/1653 1652/1932/1652 1648/1928/1648
f 1651/1931/1651 1653/1933/1653 1577/1837/1577
f 1654/1934/1654 1452/1688/1452 1649/1929/1649
f 1651/1931/1651 1650/1930/1650 1655/1935/1655
f 1397/1630/1397 1452/1688/1452 1654/1934/1654
f 1577/1837/1577 1653/1933/1653 1561/1811/1561
f 1570/1825/1570 1648/1928/1648 1644/1924/1644
f 1643/1923/1643 1524/1767/1524 1646/1926/1646
f 1530/1773/1530 1521/1763/1521 1417/1652/1417
f 1652/1932/1652 1653/1933/1653 1472/1708/1472
f 1653/1933/1653 1651/1931/1651 1472/1708/1472
f 1651/1931/1651 1655/1935/1655 1472/1708/1472
f 1618/1890/1618 1656/1936/1656 1657/1937/1657
f 1536/1780/1536 541/1862/541 450/1884/450
f 527/1857/527 1591/1856/1591 450/1884/450
f 1600/1871/1600 1658/1938/1658 1516/1757/1516
f 1623/1898/1623 1453/1689/1453 1451/1687/1451
f 1569/1822/1569 1564/1816/1564 1567/1819/1567
f 1622/1897/1622 1513/1754/1513 1512/1753/1512
f 1054/1939/1054 1582/1843/1582 1063/1940/1063
f 1659/1941/1659 992/1893/992 1619/1892/1619
f 255/1899/255 1660/1942/1660 1623/1898/1623
f 587/1855/587 1512/1753/1512 1514/1755/1514
f 1661/1943/1661 1511/1752/1511 1538/1782/1538
f 1634/1914/1634 1525/1768/1525 1595/1866/1595
f 1630/1907/1630 1660/1942/1660 1662/1944/1662
f 1663/1945/1663 1555/1801/1555 1664/1946/1664
f 1517/1758/1517 1375/1608/1375 1665/1947/1665
f 1612/1883/1612 1622/1897/1622 589/1896/589
f 1463/1699/1463 1631/1909/1631 1498/1737/1498
f 1555/1801/1555 1620/1894/1620 1666/1948/1666
f 482/1845/482 1572/1827/1572 1581/1842/1581
f 1550/1796/1550 1429/1665/1429 1449/1685/1449
f 538/1846/538 531/1949/531 1581/1842/1581
f 1400/1633/1400 1434/1670/1434 1636/1916/1636
f 1611/1882/1611 1625/1901/1625 1615/1887/1615
f 1661/1943/1661 1403/1638/1403 1511/1752/1511
f 1383/1616/1383 1634/1914/1634 1595/1866/1595
f 538/1846/538 1578/1839/1578 1587/1850/1587
f 1622/1897/1622 1527/1770/1527 1513/1754/1513
f 1377/1610/1377 1541/1785/1541 1430/1666/1430
f 1517/1758/1517 1516/1757/1516 1375/1608/1375
f 1529/1772/1529 1615/1887/1615 1527/1770/1527
f 1588/1851/1588 1528/1771/1528 1502/1743/1502
f 1545/1789/1545 1448/1684/1448 1525/1768/1525
f 1569/1822/1569 1567/1819/1567 1571/1826/1571
f 1035/1794/1035 1661/1943/1661 1538/1782/1538
f 678/1950/678 1588/1851/1588 675/1951/675
f 1513/1754/1513 1602/1873/1602 1514/1755/1514
f 1424/1660/1424 1384/1617/1384 1606/1877/1606
f 223/1804/223 224/1864/224 1451/1687/1451
f 1614/1886/1614 1516/1757/1516 1658/1938/1658
f 1408/1643/1408 1621/1895/1621 1414/1649/1414
f 1667/1952/1667 1608/1879/1608 1666/1948/1666
f 1581/1842/1581 531/1949/531 482/1845/482
f 1610/1881/1610 1449/1685/1449 1453/1689/1453
f 659/1741/659 1502/1743/1502 1612/1883/1612
f 1623/1898/1623 1660/1942/1660 1453/1689/1453
f 1619/1892/1619 1668/1953/1668 1669/1954/1669
f 1590/1853/1590 1617/1889/1617 1465/1701/1465
f 1662/1944/1662 689/1955/689 551/1956/551
f 1659/1941/1659 990/1656/990 992/1893/992
f 1670/1957/1670 1383/1616/1383 1595/1866/1595
f 1485/1723/1485 1611/1882/1611 1465/1701/1465
f 1571/1826/1571 1579/1840/1579 1578/1839/1578
f 1569/1822/1569 446/1836/446 445/1823/445
f 1514/1755/1514 1657/1937/1657 1656/1936/1656
f 1518/1759/1518 1520/1761/1520 1553/1799/1553
f 1511/1752/1511 1539/1783/1539 1538/1782/1538
f 1656/1936/1656 550/1958/550 612/1854/612
f 1619/1892/1619 1531/1774/1531 1668/1953/1668
f 1460/1696/1460 1459/1695/1459 1443/1679/1443
f 1424/1660/1424 1633/1913/1633 1671/1959/1671
f 1610/1881/1610 1550/1796/1550 1449/1685/1449
f 1672/1960/1672 1422/1658/1422 1421/1657/1421
f 689/1955/689 1660/1942/1660 254/1961/254
f 1511/1752/1511 1359/1592/1359 1358/1591/1358
f 1635/1915/1635 1673/1962/1673 1626/1903/1626
f 1670/1957/1670 1377/1610/1377 1429/1665/1429
f 994/1963/994 1422/1658/1422 1674/1964/1674
f 1664/1946/1664 1671/1959/1671 1624/1900/1624
f 1035/1794/1035 1538/1782/1538 1548/1792/1548
f 1486/1724/1486 1491/1730/1491 1600/1871/1600
f 1444/1680/1444 1552/1798/1552 1576/1835/1576
f 1037/1902/1037 1403/1638/1403 1661/1943/1661
f 1460/1696/1460 1443/1679/1443 1414/1649/1414
f 1478/1716/1478 1600/1871/1600 1516/1757/1516
f 1539/1783/1539 1582/1843/1582 1540/1784/1540
f 1666/1948/1666 1608/1879/1608 1385/1618/1385
f 1503/1744/1503 1665/1947/1665 1675/1965/1675
f 1634/1914/1634 1383/1616/1383 1385/1618/1385
f 1458/1694/1458 1484/1722/1484 1374/1607/1374
f 1634/1914/1634 1608/1879/1608 1525/1768/1525
f 1636/1916/1636 1575/1834/1575 1552/1798/1552
f 678/1950/678 994/1963/994 1589/1852/1589
f 1054/1939/1054 1540/1784/1540 1582/1843/1582
f 1361/1594/1361 1575/1834/1575 1636/1916/1636
f 1604/1875/1604 1479/1717/1479 1630/1907/1630
f 1570/1825/1570 1567/1819/1567 1568/1820/1568
f 1630/1907/1630 1479/1717/1479 1481/1719/1481
f 1624/1900/1624 1663/1945/1663 1664/1946/1664
f 1580/1841/1580 1587/1850/1587 1578/1839/1578
f 1000/1712/1000 1475/1711/1475 1601/1872/1601
f 1609/1880/1609 1611/1882/1611 1554/1800/1554
f 550/1958/550 1656/1936/1656 1618/1890/1618
f 1676/1966/1676 1399/1632/1399 1628/1905/1628
f 1668/1953/1668 1504/1745/1504 1669/1954/1669
f 689/1955/689 1662/1944/1662 1660/1942/1660
f 1615/1887/1615 1677/1967/1677 1513/1754/1513
f 1601/1872/1601 1626/1903/1626 1532/1775/1532
f 1670/1957/1670 1429/1665/1429 1549/1795/1549
f 1611/1882/1611 1615/1887/1615 1465/1701/1465
f 1549/1795/1549 1551/1797/1551 1480/1718/1480
f 1677/1967/1677 1603/1874/1603 1513/1754/1513
f 1385/1618/1385 1424/1660/1424 1666/1948/1666
f 1608/1879/1608 1667/1952/1667 1597/1868/1597
f 1657/1937/1657 1602/1873/1602 1618/1890/1618
f 1663/1945/1663 1624/1900/1624 1609/1880/1609
f 252/1863/252 1623/1898/1623 1451/1687/1451
f 1629/1906/1629 550/1958/550 1618/1890/1618
f 1638/1918/1638 1678/1968/1678 1679/1969/1679
f 1507/1748/1507 1679/1969/1679 1678/1968/1678
f 1678/1968/1678 1638/1918/1638 1641/1921/1641
f 1507/1748/1507 1678/1968/1678 1641/1921/1641
f 1662/1944/1662 1629/1906/1629 1630/1907/1630
f 1677/1967/1677 1615/1887/1615 1625/1901/1625
f 1670/1957/1670 1595/1866/1595 1378/1611/1378
f 1551/1797/1551 1660/1942/1660 1481/1719/1481
f 1518/1759/1518 1457/1693/1457 1519/1760/1519
f 1545/1789/1545 1525/1768/1525 1426/1662/1426
f 1480/1718/1480 1680/1970/1680 1549/1795/1549
f 1363/1596/1363 1673/1962/1673 1635/1915/1635
f 1671/1959/1671 1666/1948/1666 1424/1660/1424
f 1379/1612/1379 1541/1785/1541 1377/1610/1377
f 1378/1611/1378 1377/1610/1377 1670/1957/1670
f 255/1899/255 254/1961/254 1660/1942/1660
f 1680/1970/1680 1384/1617/1384 1383/1616/1383
f 1479/1717/1479 1605/1876/1605 1607/1878/1607
f 1589/1852/1589 1617/1889/1617 1590/1853/1590
f 1626/1903/1626 1673/1962/1673 1532/1775/1532
f 1461/1697/1461 1444/1680/1444 1576/1835/1576
f 1624/1900/1624 1633/1913/1633 1677/1967/1677
f 1630/1907/1630 1481/1719/1481 1660/1942/1660
f 550/1958/550 1629/1906/1629 551/1956/551
f 1607/1878/1607 1384/1617/1384 1680/1970/1680
f 1681/1971/1681 1632/1911/1632 1399/1632/1399
f 1555/1801/1555 1663/1945/1663 1609/1880/1609
f 1632/1911/1632 1586/1849/1586 1490/1729/1490
f 1624/1900/1624 1677/1967/1677 1625/1901/1625
f 1383/1616/1383 1670/1957/1670 1680/1970/1680
f 1603/1874/1603 1677/1967/1677 1633/1913/1633
f 1603/1874/1603 1633/1913/1633 1605/1876/1605
f 1519/1760/1519 1520/1761/1520 1518/1759/1518
f 1504/1745/1504 1503/1744/1503 1675/1965/1675
f 587/1855/587 589/1896/589 1512/1753/1512
f 1629/1906/1629 1662/1944/1662 551/1956/551
f 1658/1938/1658 1600/1871/1600 1599/1870/1599
f 1669/1954/1669 1504/1745/1504 1675/1965/1675
f 1585/1848/1585 1658/1938/1658 1599/1870/1599
f 1606/1877/1606 1605/1876/1605 1633/1913/1633
f 1375/1608/1375 1516/1757/1516 1614/1886/1614
f 1607/1878/1607 1680/1970/1680 1480/1718/1480
f 1669/1954/1669 1659/1941/1659 1619/1892/1619
f 1682/1972/1682 1584/1847/1584 1586/1849/1586
f 1603/1874/1603 1602/1873/1602 1513/1754/1513
f 1604/1875/1604 1605/1876/1605 1479/1717/1479
f 1603/1874/1603 1605/1876/1605 1604/1875/1604
f 1631/1909/1631 1669/1954/1669 1675/1965/1675
f 1551/1797/1551 1481/1719/1481 1480/1718/1480
f 1480/1718/1480 1479/1717/1479 1607/1878/1607
f 1513/1754/1513 1527/1770/1527 1615/1887/1615
f 1661/1943/1661 1035/1794/1035 1037/1902/1037
f 1597/1868/1597 1667/1952/1667 1621/1895/1621
f 1630/1907/1630 1618/1890/1618 1604/1875/1604
f 1433/1669/1433 1399/1632/1399 1632/1911/1632
f 1680/1970/1680 1670/1957/1670 1549/1795/1549
f 1415/1650/1415 1682/1972/1682 1409/1644/1409
f 1510/1751/1510 1403/1638/1403 1467/1703/1467
f 990/1656/990 1659/1941/1659 1421/1657/1421
f 1552/1798/1552 1400/1633/1400 1636/1916/1636
f 1491/1730/1491 1361/1594/1361 1636/1916/1636
f 1422/1658/1422 994/1963/994 990/1656/990
f 1000/1712/1000 1601/1872/1601 1683/1973/1683
f 1358/1591/1358 1461/1697/1461 1593/1861/1593
f 1627/1904/1627 1583/1844/1583 1539/1783/1539
f 1666/1948/1666 1664/1946/1664 1555/1801/1555
f 1519/1760/1519 1457/1693/1457 1684/1974/1684
f 1676/1966/1676 1685/1975/1685 1681/1971/1681
f 1612/1883/1612 589/1896/589 659/1741/659
f 1681/1971/1681 1586/1849/1586 1632/1911/1632
f 1658/1938/1658 1613/1885/1613 1614/1886/1614
f 1601/1872/1601 1532/1775/1532 1683/1973/1683
f 1665/1947/1665 1375/1608/1375 1616/1888/1616
f 1676/1966/1676 1681/1971/1681 1399/1632/1399
f 1665/1947/1665 1503/1744/1503 1517/1758/1517
f 1539/1783/1539 1511/1752/1511 1626/1903/1626
f 1673/1962/1673 1363/1596/1363 1533/1776/1533
f 1614/1886/1614 1373/1606/1373 1375/1608/1375
f 1667/1952/1667 1620/1894/1620 1621/1895/1621
f 1532/1775/1532 1673/1962/1673 1533/1776/1533
f 1514/1755/1514 1602/1873/1602 1657/1937/1657
f 1466/1702/1466 1510/1751/1510 1467/1703/1467
f 1665/1947/1665 1616/1888/1616 1631/1909/1631
f 1063/1940/1063 1582/1843/1582 1583/1844/1583
f 1358/1591/1358 1626/1903/1626 1511/1752/1511
f 1361/1594/1361 1491/1730/1491 1392/1625/1392
f 1684/1974/1684 1457/1693/1457 1505/1746/1505
f 1553/1799/1553 1444/1680/1444 1500/1739/1500
f 1358/1591/1358 1593/1861/1593 1635/1915/1635
f 1682/1972/1682 1681/1971/1681 1685/1975/1685
f 1036/1793/1036 1548/1792/1548 1054/1939/1054
f 1553/1799/1553 1400/1633/1400 1552/1798/1552
f 1000/1712/1000 1683/1973/1683 1001/1891/1001
f 1682/1972/1682 1586/1849/1586 1681/1971/1681
f 1585/1848/1585 1613/1885/1613 1658/1938/1658
f 1683/1973/1683 1532/1775/1532 1619/1892/1619
f 1421/1657/1421 1669/1954/1669 1631/1909/1631
f 1686/1976/1686 1674/1964/1674 1422/1658/1422
f 1597/1868/1597 1407/1642/1407 1427/1663/1427
f 1548/1792/1548 1540/1784/1540 1054/1939/1054
f 1486/1724/1486 1600/1871/1600 1478/1716/1478
f 1676/1966/1676 1684/1974/1684 1685/1975/1685
f 1685/1975/1685 1409/1644/1409 1682/1972/1682
f 1664/1946/1664 1666/1948/1666 1671/1959/1671
f 1491/1730/1491 1490/1729/1490 1599/1870/1599
f 1478/1716/1478 1533/1776/1533 1363/1596/1363
f 1505/1746/1505 1637/1917/1637 1684/1974/1684
f 1494/1733/1494 1611/1882/1611 1485/1723/1485
f 1490/1729/1490 1585/1848/1585 1599/1870/1599
f 1685/1975/1685 1637/1917/1637 1409/1644/1409
f 1584/1847/1584 1613/1885/1613 1585/1848/1585
f 1458/1694/1458 1374/1607/1374 1613/1885/1613
f 1374/1607/1374 1373/1606/1373 1613/1885/1613
f 1548/1792/1548 1538/1782/1538 1540/1784/1540
f 1609/1880/1609 1625/1901/1625 1611/1882/1611
f 1510/1751/1510 1466/1702/1466 1359/1592/1359
f 1659/1941/1659 1669/1954/1669 1421/1657/1421
f 1510/1751/1510 1359/1592/1359 1511/1752/1511
f 1576/1835/1576 1575/1834/1575 1593/1861/1593
f 1421/1657/1421 1631/1909/1631 1463/1699/1463
f 1453/1689/1453 1660/1942/1660 1610/1881/1610
f 1499/1738/1499 1498/1737/1498 1616/1888/1616
f 1375/1608/1375 1374/1607/1374 1499/1738/1499
f 1637/1917/1637 1685/1975/1685 1684/1974/1684
f 1500/1739/1500 1518/1759/1518 1553/1799/1553
f 1463/1699/1463 1672/1960/1672 1421/1657/1421
f 1588/1851/1588 658/1742/658 675/1951/675
f 1504/1745/1504 1668/1953/1668 1531/1774/1531
f 1617/1889/1617 1686/1976/1686 1672/1960/1672
f 1475/1711/1475 1063/1940/1063 1583/1844/1583
f 1401/1634/1401 1553/1799/1553 1520/1761/1520
f 1686/1976/1686 1422/1658/1422 1672/1960/1672
f 1539/1783/1539 1626/1903/1626 1627/1904/1627
f 1624/1900/1624 1671/1959/1671 1633/1913/1633
f 1400/1633/1400 1399/1632/1399 1434/1670/1434
f 1415/1650/1415 1584/1847/1584 1682/1972/1682
f 230/1977/230 1495/1734/1495 245/1727/245
f 1674/1964/1674 1589/1852/1589 994/1963/994
f 1613/1885/1613 1584/1847/1584 1458/1694/1458
f 1679/1969/1679 1507/1748/1507 1489/1728/1489
f 1514/1755/1514 1656/1936/1656 612/1854/612
f 1489/1728/1489 1495/1734/1495 1543/1787/1543
f 1495/1734/1495 230/1977/230 1496/1735/1496
f 1496/1735/1496 230/1977/230 225/1803/225
f 1628/1905/1628 1399/1632/1399 1401/1634/1401
f 1489/1728/1489 1507/1748/1507 1488/1726/1488
f 245/1727/245 1495/1734/1495 1489/1728/1489
f 1491/1730/1491 1434/1670/1434 1433/1669/1433
f 1543/1787/1543 1679/1969/1679 1489/1728/1489
f 1583/1844/1583 1627/1904/1627 1601/1872/1601
f 1001/1891/1001 1683/1973/1683 1619/1892/1619
f 1617/1889/1617 1672/1960/1672 1463/1699/1463
f 1617/1889/1617 1589/1852/1589 1686/1976/1686
f 1666/1948/1666 1620/1894/1620 1667/1952/1667
f 1543/1787/1543 1638/1918/1638 1679/1969/1679
f 1532/1775/1532 1531/1774/1531 1619/1892/1619
f 1543/1787/1543 1497/1736/1497 1687/1978/1687
f 223/1804/223 1497/1736/1497 1496/1735/1496
f 1557/1805/1557 241/1762/241 247/1979/247
f 247/1979/247 245/1727/245 1488/1726/1488
f 1519/1760/1519 1684/1974/1684 1628/1905/1628
f 1589/1852/1589 1588/1851/1588 678/1950/678
f 1475/1711/1475 1064/1713/1064 1063/1940/1063
f 1553/1799/1553 1401/1634/1401 1400/1633/1400
f 1638/1918/1638 1543/1787/1543 1687/1978/1687
f 1497/1736/1497 1688/1980/1688 1687/1978/1687
f 1688/1980/1688 1497/1736/1497 223/1804/223
f 1506/1747/1506 1438/1674/1438 1488/1726/1488
f 247/1979/247 1488/1726/1488 1557/1805/1557
f 543/1981/543 1468/1704/1468 1467/1703/1467
f 1631/1909/1631 1675/1965/1675 1665/1947/1665
f 543/1981/543 484/1777/484 1468/1704/1468
f 1441/1677/1441 1592/1858/1592 476/1860/476
f 1441/1677/1441 1536/1780/1536 1442/1678/1442
f 1638/1918/1638 1687/1978/1687 1546/1790/1546
f 1533/1776/1533 1504/1745/1504 1531/1774/1531
f 1688/1980/1688 1542/1786/1542 1687/1978/1687
f 1505/1746/1505 1407/1642/1407 1637/1917/1637
f 223/1804/223 1450/1686/1450 1688/1980/1688
f 1414/1649/1414 1620/1894/1620 1460/1696/1460
f 1689/1982/1689 1521/1763/1521 1557/1805/1557
f 1557/1805/1557 1487/1725/1487 1689/1982/1689
f 1655/1935/1655 1530/1773/1530 1515/1756/1515
f 502/1859/502 1592/1858/1592 1596/1867/1596
f 1442/1678/1442 1646/1926/1646 1470/1706/1470
f 1386/1619/1386 1419/1654/1419 1418/1653/1418
f 1596/1867/1596 1534/1778/1534 502/1859/502
f 1467/1703/1467 454/1910/454 543/1981/543
f 1596/1867/1596 1592/1858/1592 1440/1676/1440
f 1477/1715/1477 1455/1691/1455 1420/1655/1420
f 1689/1982/1689 1416/1651/1416 1417/1652/1417
f 1686/1976/1686 1589/1852/1589 1674/1964/1674
f 1526/1769/1526 1546/1790/1546 1547/1791/1547
f 1466/1702/1466 1534/1778/1534 1369/1602/1369
f 1470/1706/1470 1524/1767/1524 1372/1605/1372
f 1440/1676/1440 1592/1858/1592 1441/1677/1441
f 1390/1623/1390 1523/1766/1523 1647/1927/1647
f 1655/1935/1655 1388/1621/1388 1472/1708/1472
f 1646/1926/1646 1442/1678/1442 1535/1779/1535
f 1386/1619/1386 1428/1664/1428 1419/1654/1419
f 484/1777/484 502/1859/502 1534/1778/1534
f 1687/1978/1687 1542/1786/1542 1546/1790/1546
f 1654/1934/1654 1472/1708/1472 1381/1614/1381
f 1594/1865/1594 1547/1791/1547 1542/1786/1542
f 1409/1644/1409 1408/1643/1408 1415/1650/1415
f 1360/1593/1360 1466/1702/1466 1369/1602/1369
f 1584/1847/1584 1415/1650/1415 1443/1679/1443
f 1369/1602/1369 1596/1867/1596 1367/1600/1367
f 1447/1683/1447 1367/1600/1367 1440/1676/1440
f 1406/1641/1406 1483/1721/1483 1431/1667/1431
f 1447/1683/1447 1470/1706/1470 1372/1605/1372
f 1676/1966/1676 1628/1905/1628 1684/1974/1684
f 1458/1694/1458 1584/1847/1584 1459/1695/1459
f 1654/1934/1654 1381/1614/1381 1423/1659/1423
f 1432/1668/1432 1469/1705/1469 1382/1615/1382
f 1452/1688/1452 1390/1623/1390 1647/1927/1647
f 1542/1786/1542 1688/1980/1688 1450/1686/1450
f 1654/1934/1654 1423/1659/1423 1397/1630/1397
f 1635/1915/1635 1593/1861/1593 1575/1834/1575
f 1445/1681/1445 1376/1609/1376 1493/1732/1493
f 1369/1602/1369 1534/1778/1534 1596/1867/1596
f 1557/1805/1557 1488/1726/1488 1438/1674/1438
f 1655/1935/1655 1515/1756/1515 1388/1621/1388
f 1417/1652/1417 1521/1763/1521 1689/1982/1689
f 1355/1588/1355 1547/1791/1547 1594/1865/1594
f 1594/1865/1594 1541/1785/1541 1379/1612/1379
f 1515/1756/1515 1462/1698/1462 1389/1622/1389
f 1447/1683/1447 1371/1604/1371 1368/1601/1368
f 1487/1725/1487 1416/1651/1416 1689/1982/1689
f 1381/1614/1381 1380/1613/1380 1423/1659/1423
f 1626/1903/1626 1358/1591/1358 1635/1915/1635
f 1380/1613/1380 1387/1620/1387 1423/1659/1423
f 1463/1699/1463 1498/1737/1498 1464/1700/1464
f 1468/1704/1468 1534/1778/1534 1466/1702/1466
f 1646/1926/1646 1524/1767/1524 1470/1706/1470
f 1391/1624/1391 1397/1630/1397 1393/1626/1393
f 1390/1623/1390 1452/1688/1452 1391/1624/1391
f 1523/1766/1523 1390/1623/1390 1372/1605/1372
f 1406/1641/1406 1431/1667/1431 1404/1639/1404
f 1388/1621/1388 1382/1615/1382 1381/1614/1381
f 1396/1629/1396 1393/1626/1393 1397/1630/1397
f 1360/1593/1360 1359/1592/1359 1466/1702/1466
f 1355/1588/1355 1594/1865/1594 1379/1612/1379
f 1660/1942/1660 1551/1797/1551 1610/1881/1610
s off