# USDConverter OBJ File: model-mobile.obj
mtllib model-mobile.mtl
g submesh
v -0.00820644 0.00252591 0.00966321
v 0.00627855 0.00280081 0.00754465
v -0.003127 0.00321703 0.010695
v -0.00188117 0.00432749 0.0122028
v 0.0267106 0.000599761 0.00373903
v 0.0266709 0.000848402 0.00549768
v 0.0230407 0.000314404 0.00539389
v 0.0224817 0.00444906 0.0160176
v 0.0231772 0.00529765 0.0156901
v 0.0218183 0.00533001 0.0158992
v 0.0225189 0.00600155 0.015427
v 0.0236952 0.00459092 0.01595
v 0.0235157 0.00645601 0.0153486
v 0.024651 0.00594478 0.0154579
v -0.0129489 0.00337603 0.0115795
v -0.0148133 0.00227888 0.0100854
v -0.0174968 0.00176441 0.00954227
v -0.0147693 0.00221827 0.00378312
v -0.0211109 0.00185849 0.0103814
v -0.0237388 0.00251089 0.00639054
v 0.0260952 0.0011101 0.00826192
v 0.0250218 0.00083055 0.0102673
v 0.00851023 0.00248139 -0.00674947
v 0.0191816 0.00112968 -0.0028324
v 0.0225322 0.00114064 0.0132294
v 0.0274091 0.00220631 0.00706392
v 0.017829 0.00323801 -0.0108479
v 0.0100644 0.0181988 0.0130265
v 0.0107842 0.0184774 0.0130864
v 0.0100298 0.0187524 0.0126889
v 0.0108761 0.0201975 0.0114883
v 0.0101563 0.019752 0.0117617
v 0.0108429 0.0199708 0.012009
v 0.0109893 0.0193911 0.0127437
v 0.010063 0.0193049 0.0123406
v 0.0110323 0.0198226 0.0123182
v 0.0107084 0.0198344 0.012153
v 0.0106354 0.0195489 0.012225
v 0.00667557 0.0199962 0.0103514
v 0.00702931 0.020786 0.00965507
v 0.00585992 0.0204334 0.0097516
v 0.00826193 0.0210481 0.0097625
v 0.0075422 0.0222535 0.00979097
v 0.00396326 0.0196102 0.0111479
v 0.00533123 0.0196464 0.0106806
v 0.00407449 0.0201278 0.0103135
v 0.00598307 0.0229293 0.00965802
v 0.00604858 0.0215998 0.00967961
v 0.00486478 0.0203204 0.00989573
v 0.00490798 0.0211621 0.00941248
v -0.0360134 0.018765 -0.00881666
v -0.0351853 0.0195732 -0.010026
v -0.0356517 0.0188656 -0.0104513
v -0.0356367 0.0150591 -0.0104016
v -0.0356313 0.0139028 -0.0105112
v -0.035839 0.0151437 -0.00923218
v -0.0353165 0.019621 -0.00864508
v -0.0360406 0.0173474 -0.00976562
v -0.0359606 0.0191336 -0.00741869
v -0.0361886 0.0179912 -0.00707787
v -0.0356263 0.0182516 -0.0110873
v -0.035782 0.0160501 -0.0104308
v -0.035673 0.017079 -0.011553
v -0.0361995 0.0177302 -0.00830419
v 0.0157374 0.00577541 0.0144867
v 0.0147715 0.00542055 0.0143071
v 0.0172832 0.00504466 0.0151797
v 0.0127482 0.00478043 0.0133179
v 0.0130054 0.00571438 0.0141714
v 0.0152546 0.00659074 0.0140922
v 0.013728 0.00711893 0.013178
v 0.0143054 0.00606199 0.0139945
v 0.0176442 0.00333973 0.0142923
v 0.0110486 0.00547041 0.0141939
v 0.0166441 0.00636812 0.0148478
v 0.00818526 0.00523486 0.013173
v 0.0298013 0.00309049 0.00109878
v 0.0282244 0.00159736 0.000762641
v 0.029832 0.00345137 -0.00181553
v 0.0284883 0.00223776 0.00391779
v 0.0351539 0.00644203 -0.00060746
v 0.0365893 0.00724705 0.000576071
v 0.0353321 0.00648801 0.00194314
v 0.0342338 0.00606822 -0.00312878
v 0.0365698 0.00754045 -0.00201596
v 0.0353908 0.00724118 -0.00486452
v 0.0314036 0.00455295 -0.00445303
v 0.0324166 0.0049326 4.10207e-06
v 0.0306515 0.0037983 0.00314564
v 0.0293446 0.00329031 -0.00440008
v 0.0330007 0.00580924 -0.00636234
v 0.0210673 0.00592216 0.0159867
v 0.0210673 0.00530221 0.016054
v 0.0205201 0.00573917 0.0162073
v 0.0186642 0.00548362 0.0159529
v 0.0191999 0.00496085 0.0161414
v 0.0217948 0.00652294 0.01575
v 0.0194862 0.00588377 0.0163619
v 0.0201064 0.00695868 0.0163485
v 0.0207711 0.00666614 0.0157926
v 0.0207181 0.00608932 0.0159287
v 0.020122 0.00499444 0.0165562
v 0.0181934 0.00653805 0.0156254
v 0.0213153 0.0112218 -0.012484
v 0.0196434 0.0107361 -0.0125612
v 0.0209366 0.0123421 -0.0127527
v 0.0197123 0.0123373 -0.0125794
v 0.0206762 0.0134047 -0.012513
v 0.0195416 0.01338 -0.01244
v 0.0202675 0.0145202 -0.0120151
v 0.0218494 0.0143815 -0.0125264
v 0.0224525 0.012644 -0.0125241
v 0.0226951 0.0116725 -0.0127587
v 0.0217924 0.0107488 -0.0128891
v 0.0211577 0.0101278 -0.0127456
v 0.0217125 0.00987421 -0.0129496
v 0.0205093 0.00782936 -0.0129777
v 0.0201005 0.00851442 -0.0125064
v 0.0209063 0.00894337 -0.0130548
v 0.0204203 0.00980898 -0.0125107
v 0.0230261 0.00318282 0.0166486
v 0.0209815 0.00324698 0.0164839
v 0.0218555 0.00239446 0.0157206
v 0.0194711 0.00412675 0.0162092
v 0.0233936 0.00382407 0.0161625
v 0.0211646 0.00459041 0.0164577
v 0.0221867 0.00378658 0.0163934
v 0.00246868 0.0249862 0.00953856
v 0.00260339 0.0254105 0.00917597
v 0.00150443 0.0251317 0.00933445
v 0.000492127 0.0227252 0.0101265
v 0.00106919 0.023882 0.00968061
v 4.17626e-05 0.0235785 0.0098092
v 0.00130073 0.0227535 0.0102395
v 0.00213301 0.0233905 0.0097419
v 0.000149653 0.0246509 0.00930804
v 0.000870383 0.0255762 0.00881822
v 0.00190064 0.0244044 0.00961701
v 0.00379099 0.0249793 0.00942338
v 0.00199859 0.0260357 0.00862138
v 0.00257586 0.024369 0.00948245
v 0.00323959 0.023635 0.00921617
v 0.00448662 0.0234212 0.0093866
v 0.0010238 0.0263269 0.00834225
v -0.0160328 0.00274758 0.0119634
v -0.015931 0.0036196 0.0119834
v -0.0173876 0.00310539 0.0125318
v -0.0190168 0.00314807 0.0129771
v -0.0181175 0.0019904 0.0119038
v -0.0200177 0.00235464 0.0124518
v -0.0210733 0.00318633 0.0126795
v -0.0235102 0.00226604 0.00937515
v -0.0253372 0.00296314 0.00990697
v -0.0119993 0.00512235 0.0112223
v -0.0130992 0.00444438 0.0114229
v -0.0111728 0.00438016 0.0114315
v -0.0232531 0.00238465 0.0116528
v -0.0146659 0.00436758 0.0116299
v -0.0223923 0.00264444 0.0124136
v -0.0268681 0.00336101 0.00521208
v 0.00669505 0.00806411 0.0133785
v 0.00578728 0.00711264 0.0137574
v 0.00814952 0.0072604 0.0140206
v 0.0102103 0.00692688 0.0142411
v 0.0116028 0.00684859 0.0140937
v 0.0109583 0.00715815 0.0136232
v 0.00922291 0.00618507 0.0144266
v 0.0127396 0.00652372 0.0139664
v 0.0113913 0.00630038 0.0143284
v 0.0068991 0.00636329 0.0142845
v 0.0121695 0.00724931 0.0136148
v 0.00453839 0.0065354 0.0141085
v 0.0056086 0.00565152 0.0139474
v 0.00973793 0.00748207 0.0138906
v 0.00475672 0.00775303 0.0134438
v -0.0332238 0.0160458 -0.00903363
v -0.0326477 0.0148709 -0.00932861
v -0.0323859 0.0159875 -0.0102785
v -0.0313894 0.01621 -0.0112525
v -0.0321645 0.017546 -0.0108844
v -0.0315226 0.0147018 -0.0106428
v -0.0318384 0.0140579 -0.00899674
v -0.0328826 0.017077 -0.00983958
v -0.0286947 0.0136453 -0.0109596
v -0.027458 0.0135336 -0.0103712
v -0.0271162 0.0143007 -0.0117633
v -0.0335287 0.0191827 -0.00843906
v -0.0334306 0.0177105 -0.00839531
v -0.0333585 0.0186475 -0.00924707
v -0.032642 0.0187843 -0.010977
v -0.0333569 0.0192064 -0.00988755
v -0.0330241 0.018184 -0.00995402
v -0.0301996 0.013997 -0.0110939
v -0.0307663 0.0139091 -0.0100867
v -0.0303254 0.0153231 -0.0116227
v -0.0297202 0.0135604 -0.00996343
v -0.0284561 0.0134101 -0.00956159
v -0.0332119 0.0195637 -0.0109386
v 0.00876454 0.0183688 0.0128198
v 0.00941625 0.0189563 0.0124544
v 0.00915338 0.0197174 0.011617
v 0.00898524 0.019391 0.0121626
v 0.0105122 0.0205451 0.0106422
v 0.0101078 0.0200239 0.0110011
v 0.0075345 0.0197279 0.0107412
v 0.00824417 0.0196056 0.0113369
v 0.0084875 0.0198251 0.0105987
v 0.00925037 0.0198845 0.0111457
v 0.00785016 0.0201928 0.0100521
v 0.00873081 0.0204642 0.0100203
v 0.00757708 0.0192334 0.0122107
v 0.00856252 0.0200854 0.0102959
v 0.00940907 0.0201527 0.0104035
v -0.00212032 0.00871684 0.0117179
v -0.00304535 0.00889658 0.0116285
v -0.00266385 0.00803943 0.0119964
v -0.0041962 0.00831353 0.0116966
v -0.00364087 0.00761925 0.0122784
v -0.00475926 0.00750126 0.0123704
v -0.00557911 0.00824894 0.0118887
v -0.00354649 0.00705047 0.0131014
v -0.0038679 0.00719668 0.0126445
v -0.00441164 0.00706528 0.0127997
v -0.00283642 0.00729366 0.0125854
v -0.00589436 0.00762965 0.0122547
v -0.00547842 0.00704746 0.0129715
v -0.00729113 0.00701614 0.0126538
v -0.00804945 0.00775354 0.0121841
v -0.0087476 0.00683944 0.0122126
v -0.0100955 0.00643586 0.0116322
v -0.00925615 0.00594546 0.0121937
v -0.00655645 0.00829868 0.0119362
v -0.00687845 0.00767564 0.0123316
v -0.00233552 0.0091918 0.0117939
v -0.00744804 0.00850533 0.0119926
v -0.00955842 0.00714116 0.0115151
v -0.00680866 0.00605064 0.0128923
v -0.00129647 0.00815462 0.0119091
v -0.00895932 0.00778537 0.011712
v -0.0106193 0.00558766 0.0115736
v -0.0332123 0.019493 -0.0143203
v -0.0329984 0.0198804 -0.0134722
v -0.0323132 0.0196285 -0.0141976
v -0.0321835 0.0200036 -0.0133053
v -0.0317567 0.0198858 -0.013703
v -0.0342251 0.0196739 -0.0137756
v -0.0326035 0.0199491 -0.0127743
v -0.0341304 0.0198768 -0.0129019
v -0.0336119 0.019837 -0.0124944
v -0.0319447 0.0191752 -0.0148986
v -0.031277 0.020007 -0.0130982
v -0.0311705 0.0175672 -0.011595
v -0.0303662 0.0169761 -0.0118683
v -0.0289468 0.014681 -0.0119506
v -0.0292577 0.0161822 -0.0121377
v -0.0323555 0.0193919 -0.0118085
v -0.0331286 0.0197021 -0.0119395
v -0.0321156 0.0197976 -0.0124242
v -0.0313111 0.0196041 -0.0124827
v -0.0302866 0.0182731 -0.012183
v -0.0315082 0.0187221 -0.0118284
v 0.0132976 0.0179001 0.0134196
v 0.0129888 0.019345 0.0134142
v 0.0122932 0.0189152 0.0135747
v 0.0115173 0.018731 0.013329
v 0.0116017 0.0194654 0.0134439
v 0.0122707 0.0178364 0.013351
v 0.0127824 0.0170986 0.0133791
v 0.0117279 0.0165025 0.0133852
v 0.013462 0.016193 0.0136322
v 0.0146151 0.0154748 0.0136473
v 0.0148091 0.0168605 0.0134636
v 0.0166135 0.0159907 0.0142367
v 0.0163885 0.016884 0.0138545
v 0.0157902 0.0153986 0.0138357
v 0.0134824 0.0194484 0.0128663
v 0.0128708 0.0201045 0.0131089
v 0.0127843 0.0208909 0.013294
v 0.012461 0.0203229 0.0135172
v 0.0120095 0.0211089 0.0137004
v 0.0119245 0.0200849 0.0136491
v 0.0142602 0.0184868 0.0131129
v 0.017073 0.0152304 0.0144559
v 0.0113945 0.020653 0.013619
v 0.0112932 0.0201413 0.0132352
v 0.0124762 0.0217235 0.0130672
v 0.0116547 0.0216288 0.0129533
v 0.011268 0.0212412 0.0133299
v 0.0126722 0.0147784 0.0135891
v 0.011236 0.0231464 0.010681
v 0.0112282 0.0225368 0.01061
v 0.0119812 0.0226169 0.0108305
v 0.010852 0.0243273 0.00973912
v 0.0105528 0.0238654 0.0103716
v 0.0113509 0.0240008 0.0102271
v 0.0110594 0.0233827 0.00826182
v 0.0117086 0.0231934 0.00768866
v 0.0106539 0.0236937 0.00778433
v 0.00899889 0.025157 0.00950938
v 0.00857365 0.0249875 0.00972383
v 0.00890544 0.0243985 0.0100057
v 0.0106457 0.023808 0.00863687
v 0.0114244 0.0232931 0.00865298
v 0.0116352 0.0222061 0.0111032
v 0.00989637 0.0248421 0.00919738
v 0.00992139 0.0246156 0.00986624
v 0.0110541 0.0236647 0.00720308
v 0.0100077 0.0239151 0.00827167
v 0.0100776 0.0243867 0.00867773
v 0.0120594 0.023222 0.00916505
v 0.0113685 0.0238716 0.00917079
v 0.0105773 0.0242657 0.00914362
v 0.0117816 0.023532 0.0105678
v 0.0120511 0.0237275 0.00988029
v 0.0127145 0.0229443 0.010861
v 0.0124004 0.0234658 0.0104799
v -0.00355174 0.00637345 0.0133585
v -0.00457476 0.00522615 0.0130855
v -0.0019036 0.00561525 0.0134526
v 0.000642735 0.00560783 0.0137562
v -0.00609732 0.00460329 0.0126505
v -0.00889377 0.00498377 0.0121692
v -0.0078376 0.00369282 0.011701
v -0.000763032 0.00669124 0.0135814
v -0.00203856 0.00698494 0.0131311
v -0.000786138 0.00709744 0.0129413
v -0.00153916 0.00736489 0.0123985
v -0.00679809 0.00517334 0.0127079
v -0.0108726 0.00492181 0.0114322
v 0.00352055 0.00555246 0.0138217
v 0.00276396 0.00648587 0.013894
v 0.00507807 0.00485509 0.0124778
v 0.00264734 0.00461184 0.0123515
v -0.000332931 0.00757201 0.0125047
v 0.00363327 0.0070564 0.013649
v 0.000703732 0.0078121 0.0127932
v 0.00100907 0.00833027 0.0124757
v 5.46008e-05 0.00842457 0.0119651
v 0.00156328 0.00717007 0.0136066
v 0.000153971 0.00717776 0.0131189
v 0.00204765 0.00829281 0.0128413
v 0.00311388 0.00766109 0.0133757
v 0.00374059 0.00838571 0.0130007
v 0.0056596 0.0171543 0.0128054
v 0.00677364 0.018312 0.0126817
v 0.00539103 0.0184887 0.0125746
v 0.00401574 0.0166415 0.0128457
v 0.005153 0.0159781 0.0129507
v 0.00520778 0.0194867 0.0114734
v 0.00515991 0.0191677 0.0120541
v 0.00582517 0.0194707 0.0117075
v 0.00617641 0.0161303 0.0131142
v 0.00409186 0.0153833 0.0129737
v 0.00670159 0.0166004 0.0130843
v 0.00735614 0.0172832 0.0129694
v 0.00434281 0.0187917 0.0121711
v 0.00427295 0.0179311 0.0128129
v 0.00622992 0.0192674 0.0122649
v 0.00661558 0.0194753 0.011274
v 0.00447549 0.0194654 0.0117623
v 0.00574828 0.0194008 0.0112559
v 0.00467299 0.0195242 0.011242
v -0.0134709 0.0173773 -0.00164044
v -0.0139838 0.0164898 -0.00143712
v -0.0136665 0.0180277 -0.000483001
v -0.0141278 0.0172115 -6.58884e-05
v -0.013893 0.0178611 0.000762026
v -0.0136712 0.0168075 -0.0025479
v -0.0135304 0.0176841 -0.00261215
v -0.0131274 0.0199941 -0.0016933
v -0.0129161 0.0199215 -0.0026984
v -0.013362 0.019387 -0.00146439
v -0.0136015 0.0190205 -0.000666672
v -0.0136705 0.0192664 0.000168795
v -0.0130316 0.0198499 -0.000727802
v -0.0135056 0.0187631 -0.00240757
v -0.0133891 0.0180769 -0.0015498
v -0.0134594 0.0186612 -0.00121063
v -0.0136783 0.0186812 0.00102099
v -0.0136549 0.0193123 0.00232795
v -0.0134302 0.0198463 0.00117738
v -0.0132275 0.020178 0.000271486
v -0.01413 0.0183292 0.00179474
v -0.013836 0.0196226 0.00378505
v -0.0138653 0.0195653 0.00319726
v -0.014014 0.0188968 0.0033411
v -0.014287 0.0162914 8.28038e-05
v -0.0143098 0.015222 -0.00104064
v -0.0134948 0.0203702 0.00328479
v -0.0143762 0.0172977 0.00114117
v -0.0145094 0.0176842 0.00290681
v 0.00213123 0.00953587 0.0124731
v 0.00101636 0.00902902 0.0121642
v 0.00226391 0.0109284 0.012732
v 0.00274002 0.0126131 0.0126818
v 0.00122572 0.0120931 0.0125579
v 0.00318619 0.00907748 0.0126564
v 0.00424198 0.0109154 0.0128529
v 9.15893e-05 0.0123002 0.0122226
v -0.00103466 0.0131424 0.0123522
v -0.00105343 0.0119108 0.0124293
v 0.00331597 0.0100468 0.012599
v 0.00342214 0.0105767 0.0127471
v 0.000501898 0.011351 0.0124336
v 0.000614795 0.0133292 0.0123499
v 0.000607198 0.0102113 0.0125
v -0.000934699 0.0146508 0.0126677
v -0.00135102 0.00916608 0.0117629
v -0.00274939 0.00967209 0.0121274
v -0.000551497 0.0109773 0.0124868
v 0.00311843 0.0143235 0.0127279
v 0.00168615 0.0140819 0.0126632
v -0.00162004 0.0111512 0.0124266
v -0.000132417 0.00947468 0.0119809
v -0.0011958 0.0102144 0.0123358
v 0.00442178 0.00936433 0.0126533
v -0.0345192 0.019773 -0.0121586
v -0.0338829 0.0197569 -0.00819704
v -0.0336823 0.0197863 -0.00898544
v -0.0344 0.0200202 -0.00847494
v -0.0342404 0.0200246 -0.00764012
v -0.0340597 0.0199584 -0.00848811
v -0.0338933 0.0199264 -0.0109754
v -0.0338182 0.0199631 -0.0100241
v -0.0346221 0.0199526 -0.0108223
v -0.034935 0.0195703 -0.0111406
v -0.0341611 0.0200312 -0.00915798
v -0.0344146 0.0201442 -0.0096619
v -0.0341886 0.0199497 -0.0115956
v -0.0346771 0.0200537 -0.0089609
v -0.0348231 0.0199442 -0.00804418
v -0.0345125 0.0200265 -0.0102355
v -0.0353376 0.0196708 -0.0072206
v -0.0349136 0.0199737 -0.00957673
v -0.0352298 0.0190639 -0.0117277
v -0.0348423 0.0195117 -0.0128067
v -0.000731594 0.0207272 0.0104394
v -0.000262315 0.0202 0.0108984
v -0.000132834 0.0214509 0.01053
v 0.00400559 0.0207118 0.00951453
v 0.00252369 0.0195744 0.011496
v 0.00317187 0.019831 0.0105839
v 0.00230461 0.0204755 0.0105094
v 0.00309684 0.020513 0.010007
v 0.00177573 0.0217418 0.0104614
v 0.00141077 0.0205065 0.0109038
v 0.00300129 0.0211845 0.00947106
v 0.000887553 0.0216672 0.0105583
v 0.00265791 0.0216975 0.00950274
v 0.00242897 0.0212982 0.00999654
v 0.00338291 0.022217 0.00925718
v 0.00225932 0.0221815 0.00981983
v 0.00502593 0.0222114 0.00956818
v 0.00178443 0.0226157 0.0101076
v 0.000558738 0.020729 0.0106695
v 0.000689159 0.0200197 0.0109389
v -0.00157629 0.0202078 0.010479
v -0.0014427 0.0196569 0.0114768
v 0.0121943 0.0220557 0.0114789
v 0.0127178 0.0222749 0.0112111
v 0.012106 0.0228659 0.00856196
v 0.0128429 0.0231684 0.0102865
v 0.0128202 0.0224646 0.00897672
v 0.0139327 0.0223054 0.0106299
v 0.0139717 0.022409 0.00964608
v 0.0134595 0.0227976 0.0102195
v 0.013709 0.0223483 0.00858488
v 0.0121141 0.0217528 0.0122156
v 0.0130719 0.0219393 0.0120751
v 0.0128927 0.0229718 0.00972664
v 0.0133091 0.0227446 0.0106707
v 0.0145238 0.0220721 0.008826
v 0.0130837 0.0223788 0.00835172
v 0.0126157 0.0226983 0.00819082
v 0.013235 0.0226354 0.00784572
v 0.0142235 0.0222529 0.00762246
v 0.0134761 0.0222477 0.0111863
v 0.0126603 0.022919 0.00755146
v 0.0129399 0.0232054 0.00667761
v 0.011528 0.0239121 0.00649796
v 0.0142661 0.022056 0.00600524
v 0.0132351 0.023222 0.00464693
v 0.0139107 0.0218553 0.00418513
v -0.0125796 0.0164543 -0.0143337
v -0.0134638 0.0169876 -0.0146037
v -0.0129143 0.0173964 -0.014308
v -0.0150343 0.0187744 -0.0144596
v -0.0156195 0.0194419 -0.0138638
v -0.0147272 0.0194722 -0.0137601
v -0.0133494 0.019928 -0.0120776
v -0.0137907 0.0200057 -0.0126799
v -0.0146001 0.0199607 -0.0124387
v -0.0136138 0.0198336 -0.0131342
v -0.0130786 0.0199475 -0.0126391
v -0.0128787 0.0197442 -0.0131482
v -0.0128815 0.0185749 -0.00885619
v -0.0130382 0.018749 -0.0102241
v -0.0131503 0.0179823 -0.00972296
v -0.0121949 0.0172559 -0.0139429
v -0.0138276 0.0186949 -0.0108502
v -0.0135157 0.0194465 -0.011201
v -0.0148266 0.0187634 -0.0113362
v -0.0138132 0.0190136 -0.0139621
v -0.0139881 0.0196468 -0.0136193
v -0.0143665 0.0199641 -0.0131997
v -0.0138054 0.0179602 -0.0144152
v -0.013419 0.0195096 -0.0135325
v -0.0151828 0.0198215 -0.0132438
v -0.0127201 0.0192185 -0.0135252
v -0.0124859 0.0194332 -0.00960878
v -0.0149777 0.0174077 -0.0148771
v -0.0136103 0.0178956 -0.0103811
v -0.0137057 0.0159128 -0.0147609
v -0.0156893 0.0196738 -0.0119266
v -0.0161674 0.0187504 -0.0115338
v -0.0156491 0.0177214 -0.0112693
v -0.0160872 0.0200308 -0.0129633
v -0.0158878 0.0197294 -0.0134156
v -0.012623 0.0181867 -0.0140284
v 0.0222785 0.00738712 0.015383
v 0.0214064 0.00767409 0.0154928
v 0.0226376 0.00676243 0.0153529
v 0.0223056 0.00832509 0.0154092
v 0.0206834 0.00900592 0.0163257
v 0.0206303 0.00792383 0.015985
v 0.0213716 0.00883113 0.0157482
v 0.0243058 0.00923701 0.0156245
v 0.0234051 0.0098856 0.0155324
v 0.0232657 0.0088466 0.0153549
v 0.0253048 0.00970574 0.0157142
v 0.0243699 0.00988661 0.0157329
v 0.0224353 0.00939609 0.0157737
v 0.0194006 0.0105814 0.0156342
v 0.0189882 0.0114467 0.0151535
v 0.0187217 0.0104453 0.0151414
v 0.0232658 0.00770082 0.0151272
v 0.0215167 0.0101807 0.016367
v 0.0199211 0.00964271 0.0163636
v 0.024458 0.0106522 0.0161612
v 0.0229689 0.0108124 0.0159459
v 0.0222398 0.0113366 0.0162026
v 0.0229832 0.0116949 0.0162451
v 0.0236532 0.0113492 0.016255
v 0.0225391 0.010098 0.0157979
v 0.0202873 0.0110247 0.0161008
v 0.024142 0.00836753 0.0153235
v 0.0247947 0.00735791 0.0153837
v 0.0214729 0.0118479 0.0161081
v 0.0250849 0.00859513 0.0157438
v 0.0198279 0.0114452 0.0153605
v -0.0285041 0.00844498 0.0110994
v -0.0289462 0.00948884 0.0111916
v -0.0297124 0.00863229 0.010691
v -0.0298385 0.00972106 0.0110148
v -0.0312803 0.00882103 0.0101638
v -0.0303134 0.00774034 0.0100255
v -0.0286185 0.0072748 0.0109554
v -0.0277863 0.00943466 0.0112714
v -0.0275271 0.00796397 0.0116535
v -0.0266779 0.00538604 0.0122673
v -0.0283425 0.00605931 0.0110713
v -0.028054 0.00483208 0.0101539
v -0.0308129 0.00969325 0.0105725
v -0.0256892 0.00441449 0.0119498
v -0.0304146 0.00667994 0.00899851
v -0.0293147 0.00682207 0.010303
v -0.0333217 0.00732391 0.00699574
v -0.0312085 0.00546416 0.00557356
v -0.0328754 0.00851845 0.00909622
v -0.0324681 0.0100735 0.0101312
v -0.0293631 0.0106526 0.01134
v -0.0302138 0.0106631 0.0108684
v -0.0311153 0.0108024 0.0103399
v -0.024374 0.00389262 0.0123028
v -0.0237626 0.0030153 0.0122573
v -0.0284871 0.00383489 0.00830125
v -0.0273194 0.00665905 0.0119052
v -0.0285051 0.00390314 0.00575481
v -0.0246463 0.00482475 0.0124419
v -0.0253114 0.00534164 0.0124434
v -0.029332 0.00522994 -0.00249168
v -0.0347396 0.0145212 -0.0147091
v -0.034819 0.0135102 -0.0140529
v -0.035171 0.0147446 -0.0139833
v -0.0348726 0.0124104 -0.0137998
v -0.0345922 0.0129425 -0.0144388
v -0.0349296 0.0122211 -0.0146573
v -0.0343049 0.0137725 -0.0148434
v -0.0338007 0.0150719 -0.0151975
v -0.033274 0.0136384 -0.0151548
v -0.0342076 0.0123596 -0.0153151
v -0.03426 0.0111986 -0.0151651
v -0.0347074 0.0117833 -0.0151197
v -0.0342247 0.0129784 -0.0148857
v -0.0353865 0.0114595 -0.0136126
v -0.0351119 0.0111986 -0.0146836
v -0.0351896 0.0126482 -0.0117598
v -0.0350568 0.0134684 -0.0125676
v -0.0350736 0.0129137 -0.0130507
v -0.0347217 0.0102261 -0.0148206
v -0.0360272 0.0113728 -0.0114282
v -0.0355108 0.0117988 -0.0119289
v -0.0357271 0.0114109 -0.0123919
v -0.0353093 0.0120047 -0.0126855
v -0.0330671 0.0120351 -0.01559
v -0.0356523 0.0104976 -0.0140912
v -0.0362961 0.010878 -0.0118104
v -0.0356084 0.0117632 -0.0123788
v -0.0351476 0.0146211 -0.0127364
v -0.0349005 0.0137305 -0.0133492
v -0.0354513 0.0138562 -0.0118616
v -0.0354965 0.0151375 -0.011449
v -0.0360019 0.0103516 -0.012746
v -0.0330867 0.0148676 -0.0152574
v -0.0130532 0.0172773 -0.00906165
v -0.0134442 0.0167608 -0.00989338
v -0.0131548 0.0162225 -0.00915684
v -0.0160671 0.0133906 -0.00624015
v -0.0180953 0.0133105 -0.0071116
v -0.0174823 0.0134623 -0.00616182
v -0.0168485 0.0134266 -0.00760137
v -0.0154771 0.0135039 -0.00773107
v -0.0165176 0.0135995 -0.00845527
v -0.01505 0.0137193 -0.00895796
v -0.0143433 0.0136332 -0.00675366
v -0.0131893 0.0149973 -0.0087513
v -0.0133305 0.0154832 -0.00961204
v -0.0141929 0.01368 -0.00796207
v -0.0168412 0.0134598 -0.00575789
v -0.0163628 0.0135175 -0.00490966
v -0.0150657 0.0164683 -0.0110796
v -0.0155072 0.0156236 -0.010908
v -0.0146402 0.0151997 -0.0106559
v -0.017804 0.0136264 -0.00823937
v -0.0136099 0.013826 -0.00882775
v -0.0144135 0.0177603 -0.0109859
v -0.0173205 0.0142876 -0.00946985
v -0.0164782 0.016204 -0.0112011
v -0.0140508 0.0166124 -0.0106495
v -0.0133566 0.014208 -0.00809427
v -0.0137412 0.014252 -0.00990369
v -0.0137023 0.015596 -0.0102035
v -0.01526 0.0142086 -0.00999878
v -0.0160423 0.0149452 -0.0105774
v -0.0133808 0.0138457 -0.00732503
v 0.0280813 0.000757713 -0.00508383
v 0.0277044 0.00138279 -0.00353354
v 0.0277492 0.000681837 -0.00337235
v 0.027955 0.00101714 -0.00133715
v 0.0278245 -1.07871e-08 -0.00255199
v 0.0275179 0.00115 0.00350545
v 0.0280274 0.00125362 -0.000253258
v 0.0279942 0.00119444 -3.00651e-05
v 0.0280721 0.00111671 0.000676731
v 0.0286213 0.00081404 -0.000102186
v 0.0283477 0.00224765 -0.00290163
v 0.0281995 0.00179778 -0.00481182
v 0.0286059 0.00256361 -0.00490534
v 0.0270672 0.000724692 0.0017272
v 0.0255008 0.000126053 -0.000798904
v 0.0281027 0.000379522 -0.000802803
v 0.0274648 0.00103318 0.00282704
v 0.0276675 0.00105177 0.00217647
v 0.0277506 0.000918199 0.00183283
v 0.0285996 0.000829358 -0.0014866
v 0.0280247 0.000861813 0.00107325
v 0.0273346 0.00091042 0.0027069
v 0.028616 0.000539769 -0.000875296
v 0.0277617 0.000257869 -0.00419498
v 0.0262196 0.000217844 -0.00471747
v 0.0272796 0.000898976 0.00316007
v 0.0105261 0.0230654 0.0104573
v 0.00557672 0.0242428 0.00964152
v 0.0116338 0.0217497 0.0116033
v 0.00777065 0.024919 0.00980452
v 0.00744704 0.0238732 0.00996691
v 0.00552903 0.0252374 0.0094618
v 0.0103514 0.0221593 0.0100852
v 0.00921041 0.0231362 0.0101264
v 0.0112334 0.0218401 0.0107965
v 0.00905086 0.0219971 0.00987634
v 0.00657679 0.0249367 0.00971091
v 0.0111493 0.0203595 0.0124019
v 0.0112193 0.0210652 0.0114877
v 0.0107776 0.0212933 0.0104066
v 0.00960452 0.0210805 0.00996441
v 0.0111276 0.0207715 0.0131025
v 0.0112195 0.0211505 0.0126437
v 0.0115652 0.0214841 0.0122033
v 0.0199903 0.0200255 0.00862913
v 0.0196667 0.0196769 0.00778184
v 0.0191588 0.0196502 0.00863009
v 0.0201213 0.0201065 0.00794122
v 0.0184744 0.0197398 0.00917202
v 0.0191518 0.0198249 0.00967777
v 0.0221579 0.0202517 0.00547371
v 0.0226046 0.0202302 0.0053379
v 0.0219717 0.0201555 0.00487862
v 0.0214347 0.0201921 0.00704714
v 0.0221669 0.0201183 0.00778444
v 0.0225906 0.020019 0.00684679
v 0.0221516 0.0200461 0.00900725
v 0.0231761 0.0199733 0.00898463
v 0.0231903 0.0199983 0.00836401
v 0.0195536 0.0199425 0.00914839
v 0.0209416 0.020144 0.00814793
v 0.0222336 0.0201582 0.00609669
v 0.0229025 0.0202168 0.00441852
v 0.0221729 0.0202239 0.00397931
v 0.0205808 0.0201751 0.00676737
v 0.0212668 0.0202206 0.00621034
v 0.0204581 0.0200266 0.00610681
v 0.0233668 0.0196483 0.00990814
v 0.0212722 0.0198348 0.0101106
v 0.0208178 0.0200782 0.00910081
v 0.0200248 0.0197274 0.00692263
v 0.0200577 0.019912 0.00971899
v 0.0231032 0.0199664 0.00732133
v 0.0218463 0.0196647 0.0104748
v 0.0221469 0.0197927 0.0100357
v 0.02177 0.0198353 0.0102029
v 0.0198774 0.0192756 0.00595778
v 0.0204963 0.0198721 0.00535673
v 0.0217527 0.0201839 0.00553983
v 0.0186217 0.0198448 0.00996016
v 0.020375 0.0200876 0.00740236
v 0.0211979 0.0199959 0.00419109
v 0.0211439 0.0201949 0.00539795
v 0.0212607 0.0198834 0.00297471
v 0.0219519 0.0201387 0.00307707
v 0.02179 0.020026 0.00176921
v 0.0227961 0.0196141 0.010829
v -0.0332807 0.0189627 -0.0148225
v -0.0330269 0.0182636 -0.0150216
v -0.0341289 0.0184842 -0.0146993
v -0.0348436 0.0168635 -0.0145515
v -0.0349459 0.0175072 -0.0136808
v -0.0349358 0.0175782 -0.0142714
v -0.0339909 0.0192541 -0.0144804
v -0.0346293 0.018328 -0.0134015
v -0.0347453 0.0190724 -0.0133484
v -0.0345674 0.018934 -0.0140526
v -0.0353286 0.0178332 -0.012415
v -0.0349919 0.0179076 -0.0129996
v -0.0350756 0.016952 -0.012884
v -0.0350017 0.0186683 -0.0126366
v -0.033325 0.0169282 -0.0152534
v -0.0347021 0.0156886 -0.0148844
v -0.0347123 0.0181457 -0.0141855
v -0.0349788 0.0165523 -0.0137167
v -0.0351652 0.0159017 -0.0141071
v -0.0351368 0.0157277 -0.0133627
v -0.0352933 0.015893 -0.0124618
v -0.0344835 0.0176989 -0.0148635
v -0.0354749 0.0182625 -0.0119608
v -0.0325363 0.0157103 -0.0153039
v -0.0337676 0.0179187 -0.015113
v 0.00140337 0.0183233 0.0122824
v 0.00230952 0.0186278 0.0122934
v 0.00160015 0.0190767 0.0120063
v 0.00361631 0.0193038 0.0118943
v 0.00328577 0.018509 0.0122194
v 0.0027679 0.0181546 0.0125122
v 0.000511403 0.0181573 0.0121907
v 0.00106573 0.0172601 0.0123867
v 0.00183987 0.0152159 0.0127585
v 0.00290563 0.015506 0.012807
v 0.00219212 0.0177468 0.0126142
v 0.00316138 0.0176771 0.0128866
v 0.00332644 0.0160152 0.0127394
v -0.000224801 0.0156118 0.0124778
v 0.000594632 0.0147777 0.0125256
v -0.000135476 0.0176553 0.012359
v 0.00238383 0.016551 0.0127517
v -0.00151866 0.0176371 0.0123196
v -0.000241228 0.0167327 0.0124395
v 0.000873047 0.0159851 0.0125283
v 0.00123446 0.0195202 0.0112877
v -0.000179036 0.019514 0.0116308
v 0.000439536 0.0196164 0.0112896
v 0.000656378 0.0189318 0.0118044
v -0.000534303 0.0187323 0.0121365
v -0.00138514 0.0161596 0.0123835
v -0.00192984 0.018864 0.0119428
v -0.00217631 0.0167918 0.0122839
v 0.0145438 0.00856133 0.0136079
v 0.0133203 0.00888406 0.0130295
v 0.0141923 0.00794487 0.0132324
v 0.0160686 0.00956731 0.014972
v 0.0168744 0.0104375 0.015165
v 0.0159411 0.0111945 0.0145297
v 0.0142779 0.0096062 0.0135558
v 0.014793 0.00915225 0.0139152
v 0.0151389 0.00982802 0.0142012
v 0.0179161 0.0101646 0.0150834
v 0.0173002 0.00892441 0.014973
v 0.0175131 0.0110842 0.0152681
v 0.0168659 0.0114963 0.015157
v 0.017162 0.00750079 0.0149632
v 0.0179395 0.00790336 0.0153783
v 0.0192237 0.00852906 0.0162394
v 0.0199022 0.00821884 0.0164439
v 0.0163936 0.00836678 0.0148259
v 0.0153394 0.0085968 0.0143301
v 0.0148697 0.00762548 0.013774
v 0.0160189 0.00738196 0.0145085
v 0.0185093 0.00805532 0.0159526
v 0.0192175 0.00730501 0.0163537
v 0.0181651 0.0113231 0.0152895
v 0.0188268 0.00943967 0.0157995
v 0.0184346 0.00974574 0.0153188
v 0.0134335 0.0101985 0.0133951
v 0.0143501 0.0110178 0.0137465
v 0.0182464 0.00900276 0.0152962
v 0.0175465 0.0118651 0.01524
v 0.0128473 0.011457 0.0136393
v 0.0122994 0.0101436 0.013499
v 0.0157442 0.0208164 0.0116337
v 0.0153748 0.0202916 0.0119894
v 0.0164629 0.0201438 0.0120804
v 0.0147627 0.0209387 0.0118633
v 0.0140422 0.0215839 0.0116123
v 0.0137725 0.0210424 0.0121207
v 0.0174824 0.0196574 0.0124822
v 0.017206 0.0202246 0.0121757
v 0.0143102 0.0200649 0.0119703
v 0.0146883 0.0191819 0.0124895
v 0.0151891 0.0196965 0.0121766
v 0.0151848 0.0217742 0.00947602
v 0.0148695 0.0217349 0.0105972
v 0.0160476 0.0209992 0.010192
v 0.0156357 0.0213201 0.0110639
v 0.0149071 0.0214598 0.0113998
v 0.0143064 0.0219582 0.0111632
v 0.0158288 0.0197662 0.0122316
v 0.0156766 0.0190934 0.0123864
v 0.0166119 0.0194032 0.01257
v 0.0132572 0.0202621 0.0124847
v 0.0170504 0.0204951 0.0107521
v 0.0163015 0.0209358 0.0111089
v 0.0169766 0.0205696 0.0116614
v 0.0138431 0.0195098 0.0123489
v 0.0131727 0.0212696 0.0127065
v 0.014065 0.0190926 0.0127427
v 0.0176467 0.0188782 0.0128137
v 0.0169585 0.0178852 0.0136823
v 0.0161163 0.0178742 0.0133062
v 0.0166172 0.0185038 0.0129406
v 0.0153977 0.0176533 0.0131768
v 0.0154692 0.0184185 0.0128377
v 0.0291812 0.00288685 -0.00587519
v 0.0291432 0.0034725 -0.0131205
v 0.0285207 0.00358911 -0.0131997
v 0.0289691 0.0048904 -0.0131627
v 0.0296702 0.00276159 -0.0121591
v 0.0277993 0.00251274 -0.0132093
v 0.0294208 0.00268715 -0.00723349
v 0.0300717 0.003547 -0.00616576
v 0.0302891 0.0043677 -0.0127148
v 0.0287509 0.00225975 -0.00592576
v 0.0304556 0.00296285 -0.0102105
v 0.0285971 0.0011413 -0.010831
v 0.0276369 0.00429155 -0.0127624
v 0.0269545 0.00349872 -0.0130923
v 0.0264028 0.00450527 -0.0125861
v 0.0285879 0.00166794 -0.00660393
v 0.0275979 0.00537591 -0.0125368
v 0.0308826 0.00398974 -0.00774142
v 0.0299397 0.00266852 -0.00887552
v 0.0230154 0.00110932 -0.0118575
v 0.0218018 0.00203239 -0.012532
v 0.0242779 0.00189697 -0.0130585
v 0.031263 0.00440102 -0.0113523
v 0.0280177 0.0036854 -0.0131169
v 0.0320712 0.00522052 -0.00910214
v 0.0261416 0.00192888 -0.0130785
v 0.026082 0.000972171 -0.0122948
v 0.0249547 0.000238497 -0.00936386
v 0.0280312 0.00138717 -0.0122517
v 0.0277866 0.000571002 -0.00739839
v 0.0289892 0.00167896 -0.00842117
v 0.0259185 0.00267561 -0.013288
v 0.0282469 0.000763674 -0.00932949
v 0.0294072 0.00181945 -0.00977288
v 0.0271574 0.000687678 -0.0113156
v 0.0225524 0.00250386 -0.0130182
v 0.0237556 0.00313054 -0.0133623
v 0.0209624 0.00270395 -0.0124448
v 0.0254474 0.00360622 -0.0132154
v 0.00670493 0.0265188 0.00686099
v 0.00814646 0.0258446 0.00734274
v 0.0078559 0.0260985 0.00625011
v 0.00901927 0.0244779 0.0074414
v 0.00859703 0.0250906 0.00770678
v 0.00905259 0.0247632 0.00810363
v 0.0094296 0.0242914 0.00817051
v 0.00316269 0.025888 0.00886336
v 0.00895901 0.0252176 0.00681244
v 0.00382539 0.0263418 0.00834388
v 0.00408338 0.0259414 0.00901896
v 0.00482943 0.026191 0.00858499
v 0.00283226 0.0264753 0.00826743
v 0.00193192 0.0268012 0.00738264
v 0.00960807 0.0246098 0.00662453
v 0.00975472 0.0240275 0.0074867
v 0.00708126 0.0255695 0.0093339
v 0.00812663 0.0253614 0.0094615
v 0.0076368 0.0257098 0.00895466
v 0.00574235 0.026447 0.00793252
v 0.0059249 0.0259375 0.00899528
v 0.0062757 0.0266893 0.00547101
v 0.00735847 0.0263998 0.0057618
v 0.00710092 0.0260632 0.00833574
v 0.0087157 0.0257807 0.00593484
v 0.00840872 0.0254286 0.0080753
v 0.00891917 0.0250942 0.00857745
v 0.00481973 0.0257521 0.00919953
v 0.0045167 0.0265391 0.00776931
v 0.00942952 0.0247064 0.00861244
v 0.00559514 0.0266962 0.00628303
v 0.00515426 0.0266984 0.00701976
v 0.00625608 0.0254366 0.00937009
v 0.0082004 0.02568 0.00863298
v 0.00400869 0.0267902 0.00587278
v 0.00433155 0.0268146 0.00404791
v 0.00264223 0.0269577 0.00413148
v 0.00853801 0.025215 0.0097084
v 0.00431596 0.0267079 0.00705283
v 0.00352385 0.0266836 0.00751568
v 0.00158761 0.0270904 0.00557686
v -0.0358633 0.0201139 0.00650479
v -0.0364849 0.0193965 0.00674091
v -0.0360358 0.0193229 0.00761162
v -0.0363374 0.0193031 0.00579667
v -0.0354491 0.0191011 0.00810224
v -0.0349001 0.0186186 0.00878433
v -0.0349803 0.0198596 0.00796925
v -0.035719 0.0182336 0.00812933
v -0.0337378 0.0193055 0.00878375
v -0.0363555 0.0182557 0.0076809
v -0.034264 0.0200887 0.00739839
v -0.0348641 0.0202235 0.00679042
v -0.0364833 0.0187011 0.00713729
v -0.0365972 0.0171832 0.0082683
v -0.0336441 0.0199484 0.00794353
v -0.0367833 0.0175529 0.00702194
v -0.0359383 0.020098 0.00390283
v -0.0360707 0.0199553 0.00325595
v -0.0362769 0.0195521 0.00390676
v -0.0360775 0.0200498 0.00495578
v -0.0364158 0.0192494 0.00467811
v -0.0357809 0.0202412 0.00352617
v -0.0357566 0.020375 0.00278001
v -0.0354507 0.0203929 0.00407306
v -0.0347671 0.0201825 0.0031688
v -0.0350679 0.0202099 0.00556585
v -0.0348272 0.0202823 0.00444804
v -0.0334075 0.0182708 0.00483058
v -0.0327341 0.0189151 0.00591151
v -0.0326234 0.0180656 0.00579689
v -0.032889 0.0170972 0.00551829
v -0.0336024 0.0169144 0.00437865
v -0.034497 0.0201938 0.00421595
v -0.0343152 0.0200377 0.00509004
v -0.0332187 0.0157638 0.00526974
v -0.0339477 0.0155121 0.00395156
v -0.0337901 0.0181072 0.00917086
v -0.0333056 0.0187095 0.00912078
v -0.0325631 0.0148536 0.00594572
v -0.0333644 0.014586 0.00471174
v -0.0323358 0.0140087 0.00520348
v -0.0365039 0.0186694 0.00648956
v -0.0324876 0.0198826 0.00866019
v -0.032762 0.0202028 0.00753689
v -0.0336739 0.0202175 0.00735833
v -0.0327662 0.0139242 0.00364207
v -0.0346579 0.0200733 0.00637862
v -0.0342367 0.0200894 0.00686979
v -0.0341559 0.0199835 0.00420245
v -0.0339347 0.0193834 0.00332226
v -0.0336277 0.0194498 0.00517224
v -0.0327182 0.0197189 0.00654854
v -0.0335266 0.0200558 0.00678868
v -0.0341022 0.0165205 0.00299136
v -0.0338668 0.017963 0.00316431
v -0.0342618 0.020079 0.00617085
v -0.0337146 0.0198417 0.00600625
v -0.0314118 0.0136753 0.00468323
v -0.0316372 0.0137595 0.00337476
v -0.0128313 0.020114 -0.00400877
v -0.0132869 0.0192746 -0.0037942
v -0.0135359 0.0154986 -0.00476561
v -0.0135049 0.014354 -0.00536999
v -0.0138112 0.0146789 -0.00409262
v -0.0127845 0.0194169 -0.00859499
v -0.0124448 0.0200622 -0.00825216
v -0.0133834 0.0165604 -0.0049725
v -0.013168 0.0160095 -0.00597063
v -0.013217 0.0151535 -0.00722801
v -0.0130782 0.0169404 -0.00704223
v -0.0140911 0.0150186 -0.00254416
v -0.0129843 0.0163332 -0.00831008
v -0.0136832 0.0158667 -0.00319892
v -0.0159182 0.0136362 -0.00352741
v -0.0153044 0.0137367 -0.00445166
v -0.0144396 0.013765 -0.00515615
v -0.0144294 0.0141451 -0.00353924
v -0.0128701 0.0196861 -0.00485412
v -0.0133658 0.0186427 -0.00496715
v -0.0138679 0.0137976 -0.00595217
v -0.0129733 0.0175357 -0.00818196
v -0.0133244 0.0149435 -0.00593648
v -0.0128933 0.0191855 -0.00760453
v -0.0134679 0.0141245 -0.00647732
v -0.0132301 0.0171816 -0.00573129
v -0.0151071 0.0138205 -0.0030391
v -0.0125125 0.0199438 -0.00728805
v -0.0130934 0.0181874 -0.00762918
v -0.0129883 0.018343 -0.00631114
v -0.0128697 0.0197106 -0.00657529
v -0.0132507 0.0168532 -0.00375987
v -0.0134181 0.0179394 -0.0054803
v -0.0126583 0.020525 -0.00477684
v -0.0126545 0.0200459 -0.00511599
v -0.0146164 0.0141897 -0.00187122
v -0.0134247 0.0174878 -0.00479361
v -0.0125814 0.0202526 -0.0055913
v -0.0130535 0.0193246 -0.00567508
v -0.013248 0.0181359 -0.00366845
v 0.0205181 0.0198652 0.0119771
v 0.0215396 0.0198806 0.0113987
v 0.0203014 0.0198971 0.0115187
v 0.0195334 0.0198225 0.0113203
v 0.0203115 0.0199552 0.0107429
v 0.0194225 0.0198122 0.0104999
v 0.0228865 0.01967 0.0116579
v 0.023843 0.0194889 0.0120767
v 0.023676 0.0194676 0.011432
v 0.0188869 0.019846 0.0102983
v 0.0226887 0.0194245 0.0122684
v 0.0212152 0.0193913 0.0125106
v 0.0187412 0.0198461 0.0108722
v 0.0178049 0.0200025 0.0119969
v 0.017953 0.0202643 0.011279
v 0.0238124 0.0192279 0.0127364
v 0.0200281 0.0195858 0.0123924
v 0.0198452 0.0197944 0.0118584
v 0.0189086 0.0199088 0.0119291
v 0.0192888 0.0192613 0.0127892
v 0.0179641 0.020028 0.0101645
v 0.0204808 0.0181057 0.0137342
v 0.0192418 0.0180759 0.0138878
v 0.0201188 0.0172889 0.0144229
v 0.0200373 0.0187375 0.0133596
v 0.0203233 0.0191501 0.0128351
v 0.0230473 0.0190097 0.0126946
v 0.0183962 0.0196095 0.0124235
v 0.0222173 0.0189527 0.0128406
v 0.0234592 0.0185124 0.013129
v 0.022069 0.0183884 0.0135548
v 0.0215306 0.0177235 0.0140542
v 0.0227912 0.0179955 0.0139548
v 0.0175817 0.0162817 0.0145377
v 0.0212807 0.0182962 0.0137391
v 0.0211327 0.0187745 0.0133329
v 0.0240521 0.0179784 0.0139053
v 0.0185485 0.0198853 0.0103703
v 0.0196939 0.0183411 0.0135651
v 0.0224127 0.0173824 0.014491
v 0.0216395 0.0170727 0.0146217
v 0.0183458 0.0191308 0.0126819
v 0.0189544 0.0185282 0.0130921
v 0.0181838 0.0173213 0.0140752
v 0.0179079 0.0182293 0.0135225
v 0.0186356 0.016551 0.014512
v 0.0197677 0.0165103 0.0147402
v 0.019144 0.0169703 0.0145256
v -0.0260293 0.0142204 0.0118961
v -0.0274252 0.0140965 0.0114058
v -0.0267356 0.0139089 0.0118107
v -0.0322946 0.0169084 0.00997819
v -0.0325922 0.0152953 0.0101616
v -0.0307619 0.0157955 0.0102196
v -0.0295752 0.0115859 0.0109589
v -0.0288278 0.0119264 0.0114017
v -0.0312144 0.0144592 0.0103872
v -0.0310315 0.0136147 0.0104688
v -0.0301002 0.0143981 0.0104523
v -0.0289682 0.013894 0.0108563
v -0.0284106 0.0131325 0.0113101
v -0.0313239 0.0138435 0.0102397
v -0.0335098 0.0169133 0.00975929
v -0.0298461 0.01745 0.0102568
v -0.030886 0.0174144 0.010219
v -0.0294238 0.0167163 0.0105975
v -0.0289813 0.0175541 0.0105264
v -0.0320601 0.0137077 0.0101592
v -0.0284848 0.0170289 0.0106279
v -0.034032 0.0158632 0.00944272
v -0.0336406 0.0145966 0.00965133
v -0.032833 0.014246 0.00991596
v -0.0319667 0.0121233 0.0103598
v -0.0287536 0.0152932 0.0107559
v -0.0331288 0.013507 0.0098905
v -0.0326567 0.0128698 0.010137
v -0.0347665 0.0148961 0.00933775
v -0.0278313 0.0164173 0.0108649
v -0.0267211 0.0160619 0.0109681
v -0.0272428 0.0154151 0.0110257
v -0.0335793 0.0126503 0.00993936
v -0.0264641 0.0155963 0.0112175
v -0.0342009 0.0136769 0.00961036
v -0.0263991 0.0150455 0.0113517
v -0.0255487 0.0150344 0.0115463
v -0.0302336 0.0131504 0.01067
v -0.0293666 0.0126999 0.0109814
v -0.0303541 0.0118092 0.0105403
v -0.0322629 0.0180189 0.00970663
v -0.0351436 0.0162524 0.00917223
v -0.0355736 0.0154925 0.00897979
v -0.0331024 0.0177452 0.00970005
v -0.0313175 0.0185632 0.00980323
v -0.0330998 0.0184293 0.00942363
v -0.0345401 0.017208 0.0092591
v -0.0359404 0.0162675 0.00877162
v -0.0355207 0.0173334 0.0088193
v -0.0266907 0.0133546 0.0119599
v -0.0256234 0.0159217 0.011143
v -0.026391 0.0171071 0.0109814
v -0.0339932 0.0113427 0.00989951
v -0.0277103 0.0123717 0.0118139
v -0.0278434 0.0175381 0.0107312
v -0.0299002 0.0182778 0.0101086
v -0.0250173 0.014796 0.0119622
v 0.0119267 0.0242723 0.00496945
v 0.00853946 0.0260098 0.0048552
v 0.00920472 0.0255622 0.00470196
v 0.00874716 0.0259945 0.0037172
v 0.0112795 0.024297 -7.88766e-05
v 0.0122234 0.0232618 0.000402773
v 0.0114822 0.0236122 -0.00144643
v 0.00685101 0.0267967 -0.00064493
v 0.0081294 0.0264579 -0.00125222
v 0.00669552 0.0267678 -0.00182862
v 0.0119407 0.0226972 -0.00127038
v 0.00598078 0.0268547 -0.00122213
v 0.00951594 0.0257233 -0.00071083
v 0.0103342 0.0248819 -0.000453832
v 0.0100202 0.0253458 -0.00212829
v 0.00935361 0.0250896 0.00574148
v 0.00905473 0.025816 0.00239456
v 0.00793454 0.0264535 0.00265634
v 0.00984217 0.025289 0.000526943
v 0.0127555 0.0216897 0.000113291
v 0.00731736 0.0265632 -0.00263219
v 0.00797911 0.0264276 -0.00392651
v 0.0124145 0.0239971 0.00346843
v 0.0130852 0.0229019 0.00247808
v 0.0119711 0.0240628 0.00178105
v 0.00724599 0.0266357 0.000721097
v 0.00576453 0.0269126 0.00102982
v 0.00646348 0.0267151 0.00214646
v 0.00976852 0.0252012 0.00355491
v 0.0104697 0.024144 0.00670767
v 0.00971841 0.0249718 0.00480446
v 0.00977435 0.0256963 -0.00435468
v 0.00919398 0.0260449 -0.00243072
v 0.0101048 0.0246671 0.00569185
v 0.0136393 0.0210968 0.00243847
v 0.0107488 0.0247055 0.00112999
v 0.00988056 0.0251647 0.00195366
v 0.00892035 0.0260817 0.00087815
v 0.0110231 0.0246891 0.00302291
v 0.0080804 0.0261676 0.00549021
v 0.00764572 0.0263914 0.00440006
v 0.01077 0.0245679 -0.00178008
v 0.0110462 0.0241051 -0.00335021
v 0.0103901 0.0248453 -0.00321618
v 0.00596857 0.0268425 -9.33343e-05
v 0.00510438 0.0269248 0.00190457
v 0.00654671 0.0265981 0.00452599
v 0.00665327 0.0266793 0.00351697
v 0.00564246 0.0266516 0.00437357
v 0.00533466 0.0268499 0.00313326
v 0.0109483 0.024442 0.00571661
v 0.0105624 0.0247097 0.00456398
v 0.0136414 0.0200789 0.000540277
v 0.00822866 0.00800176 0.013761
v 0.00812496 0.00899466 0.013324
v 0.00932436 0.00831171 0.0135498
v 0.00883136 0.00779577 0.0139466
v 0.0112666 0.0177937 0.0132161
v 0.0108748 0.00796731 0.0133167
v 0.00665084 0.0112763 0.0132012
v 0.00475401 0.0122279 0.0128221
v 0.00955772 0.0092863 0.0130986
v 0.0102251 0.0086266 0.013098
v 0.0105982 0.0180327 0.0132459
v 0.00877568 0.0115452 0.0132967
v 0.00951177 0.0128314 0.0131749
v 0.00763366 0.0127438 0.0130814
v 0.0100596 0.0140577 0.0133615
v 0.00810861 0.0142115 0.0132712
v 0.00592269 0.0098788 0.0128057
v 0.0102529 0.0117869 0.0133694
v 0.0115977 0.0129383 0.013339
v 0.00543703 0.0086468 0.0128936
v 0.00678438 0.00901612 0.0129712
v 0.0101401 0.017331 0.013145
v 0.00851181 0.0102903 0.013107
v 0.0120309 0.0092838 0.013176
v 0.00732609 0.00991558 0.0130175
v 0.0112855 0.0100393 0.0133577
v 0.0101122 0.0104414 0.0133779
v 0.0108698 0.0091572 0.0129245
v 0.00964296 0.0157285 0.0133442
v 0.00766498 0.0159761 0.0131509
v 0.0113795 0.0111013 0.0135152
v 0.0111926 0.0147175 0.0134899
v 0.0121258 0.00818797 0.0131821
v 0.0116996 0.00773837 0.0134984
v 0.00874629 0.016819 0.0131038
v 0.00611151 0.0149825 0.0130495
v 0.0057893 0.01287 0.0128298
v 0.00871357 0.016207 0.0131215
v 0.00412862 0.0132741 0.0128694
v 0.00648095 0.0137279 0.0129978
v 0.00488731 0.0140398 0.0129373
v 0.0115115 0.00745379 0.0133986
v 0.0144795 0.0209007 0.00520618
v 0.0142952 0.0204196 0.0038899
v 0.0199088 0.0192028 0.00214837
v 0.0194129 0.0189374 0.00297044
v 0.0201543 0.0193542 0.00295811
v 0.020202 0.0195193 0.00043075
v 0.019978 0.0194782 0.00132418
v 0.0207745 0.0195443 0.00103187
v 0.0209133 0.0195732 0.00220476
v 0.0212165 0.0197 0.00148991
v 0.0190272 0.0190139 0.00186867
v 0.0194635 0.0190257 0.00412192
v 0.0179297 0.0189325 0.00364351
v 0.0195392 0.019148 0.000540306
v 0.0203565 0.0194622 0.00190762
v 0.0213232 0.0198858 0.000945656
v 0.0212253 0.0196842 0.000131359
v 0.0218822 0.0200523 0.000422408
v 0.0159221 0.0211761 0.00875642
v 0.0206791 0.0195239 0.00348494
v 0.0200969 0.0193867 0.00387083
v 0.0201802 0.0194791 0.00468085
v 0.0196103 0.0190481 0.00525467
v 0.018641 0.0188603 0.00566966
v 0.0170492 0.0203581 0.00980081
v 0.0175042 0.0201473 0.00875776
v 0.015168 0.0217777 0.00845555
v 0.0166377 0.0206248 0.00908541
v 0.0153272 0.0214307 0.00741222
v 0.0147778 0.0196372 0.00479109
v 0.0149425 0.0192882 0.00374051
v 0.0143603 0.0197966 0.00252724
v 0.0154014 0.0189535 0.00267217
v 0.0146741 0.0190849 0.00124757
v 0.0151031 0.0209207 0.00635508
v 0.0151701 0.0199089 0.00589144
v 0.0158258 0.0186402 0.00172698
v 0.0172294 0.0197752 0.00724689
v 0.0159363 0.0202694 0.00673308
v 0.0163911 0.0205873 0.00784202
v 0.0157782 0.019345 0.00521194
v 0.016414 0.0195805 0.00613726
v 0.0170525 0.01914 0.00522373
v 0.0156143 0.0192145 0.00411157
v 0.0163513 0.0191979 0.00435585
v 0.0161328 0.0190676 0.0035446
v 0.0182866 0.019363 0.00704275
v 0.0192703 0.0192169 0.00695367
v 0.0157751 0.0207472 0.00704091
v 0.0154665 0.0192408 0.00457381
v 0.0189609 0.0194724 0.00770465
v 0.018287 0.0197236 0.0080926
v 0.0175242 0.0192505 0.00630109
v 0.0178264 0.0190176 0.00207039
v 0.0151106 0.0191885 0.00431496
v 0.0166545 0.0189437 0.0025521
v 0.0168717 0.0189098 0.00137488
v 0.0184279 0.0126219 0.0153989
v 0.0219854 0.0127636 0.0155265
v 0.0216422 0.0133915 0.0153783
v 0.021395 0.0129822 0.0153363
v 0.0212355 0.0132596 0.0154569
v 0.0210154 0.0138202 0.0156434
v 0.0206863 0.0129449 0.0152915
v 0.0212492 0.0124809 0.0155055
v 0.0166009 0.0139997 0.0144272
v 0.0178287 0.0137298 0.0149261
v 0.0176837 0.0145671 0.0146408
v 0.0223263 0.0136651 0.0154273
v 0.0236864 0.0141289 0.0157127
v 0.0232797 0.0151168 0.0159171
v 0.0221894 0.0146788 0.0158244
v 0.0228377 0.0166326 0.0149241
v 0.0235473 0.017372 0.0145162
v 0.0140622 0.0124102 0.0135663
v 0.0158611 0.0130199 0.0144182
v 0.0151873 0.0122452 0.0139665
v 0.0159144 0.0122507 0.0144049
v 0.0244662 0.0117615 0.0163615
v 0.0239026 0.0124685 0.0160901
v 0.0235997 0.0119726 0.0162704
v 0.018425 0.0160796 0.0144926
v 0.0228645 0.0157722 0.0154087
v 0.0216826 0.0154094 0.0154287
v 0.0224754 0.0152668 0.0157771
v 0.0135419 0.013684 0.0136905
v 0.01305 0.0125865 0.013521
v 0.0213325 0.0162396 0.0149138
v 0.0203918 0.0155815 0.0149495
v 0.0168719 0.0124903 0.0147119
v 0.0197039 0.0133303 0.0155511
v 0.019927 0.0142788 0.0156679
v 0.0196651 0.0123085 0.0152652
v 0.0150504 0.014836 0.0137123
v 0.0182502 0.0153477 0.0146452
v 0.0191741 0.0158226 0.0147297
v 0.0184659 0.0144688 0.0149492
v 0.0194157 0.0149803 0.0151173
v 0.015095 0.0137887 0.0138812
v 0.0207176 0.0148275 0.015687
v 0.0204796 0.0119494 0.0155136
v 0.013822 0.0149644 0.0136382
v 0.0144745 0.0145534 0.0138424
v 0.0248755 0.0124318 0.0163106
v 0.0244587 0.013126 0.0157288
v 0.0231392 0.0129878 0.015742
v 0.0224593 0.0121984 0.01608
v 0.0188669 0.013929 0.0154804
v 0.0231461 0.0123724 0.0162715
v 0.0241049 0.0156841 0.0157862
v 0.0238398 0.0161222 0.0153072
v 0.0242252 0.0168374 0.0151071
v 0.0189318 0.0113902 -0.0124354
v 0.0184322 0.0121162 -0.012254
v 0.0180461 0.0103839 -0.0123467
v 0.0170972 0.010791 -0.0118141
v 0.0227603 0.00540312 -0.0129851
v 0.0235864 0.00489714 -0.0127512
v 0.0233278 0.00427263 -0.0131336
v 0.0229421 0.00628938 -0.012603
v 0.0234445 0.00565003 -0.0126306
v 0.0229618 0.00743322 -0.012658
v 0.0220529 0.00762211 -0.0130216
v 0.0223147 0.00882607 -0.013075
v 0.0254505 0.00698267 -0.0123365
v 0.0254387 0.00564556 -0.012327
v 0.0240871 0.00651156 -0.0122932
v 0.0217652 0.00516253 -0.0132913
v 0.0219978 0.00658824 -0.0130807
v 0.0150576 0.00467967 -0.0117826
v 0.0161804 0.00501977 -0.0116945
v 0.0246848 0.00437732 -0.0126772
v 0.0242173 0.00530298 -0.0125246
v 0.0206493 0.00662755 -0.0132678
v 0.020111 0.00743597 -0.0125153
v 0.0213194 0.00768228 -0.013134
v 0.0157707 0.00568004 -0.0118686
v 0.0167881 0.00583505 -0.011664
v 0.0235132 0.00979035 -0.0128805
v 0.0227122 0.0105134 -0.0129595
v 0.0167746 0.00934969 -0.0115523
v 0.0203696 0.00532614 -0.0128014
v 0.0200979 0.00427382 -0.0122135
v 0.0190833 0.00528665 -0.0118018
v 0.0222697 0.00392889 -0.0133507
v 0.0186516 0.00659834 -0.0116893
v 0.0197254 0.00652795 -0.0123389
v 0.0243933 0.00374352 -0.0131759
v 0.0159486 0.00996791 -0.0115259
v 0.0155547 0.00646137 -0.0114905
v 0.0142807 0.00682001 -0.0118737
v 0.014727 0.0078234 -0.0112828
v 0.0165738 0.00652643 -0.0111801
v 0.0175788 0.00649794 -0.0113615
v 0.0194366 0.0140175 -0.0120053
v 0.0186431 0.00929039 -0.0123637
v 0.0195497 0.00928046 -0.0124514
v 0.0191654 0.00797515 -0.0120108
v 0.0150551 0.00598519 -0.0119679
v 0.021139 0.00435125 -0.013064
v 0.0162812 0.00860267 -0.0111539
v 0.0158609 0.00898986 -0.0112586
v 0.0212334 0.00326176 -0.0130425
v 0.0237969 0.00847204 -0.0124854
v 0.0237671 0.0115082 -0.0129391
v 0.023792 0.0107351 -0.0128648
v 0.0179894 0.0058351 -0.0116503
v 0.0239189 0.00756888 -0.012485
v 0.0178928 0.00740932 -0.0116648
v 0.0189087 0.0135966 -0.0120846
v 0.0264616 0.00664555 -0.0124794
v 0.0176557 0.00502809 -0.0115492
v 0.0179507 0.00827583 -0.0120057
v 0.0266325 0.00560709 -0.0124865
v 0.0175984 0.00907179 -0.0120298
v 0.0159976 0.00725969 -0.0110105
v 0.016988 0.00715872 -0.0110687
v 0.0153297 0.00549697 -0.0119777
v 0.0168571 0.00812583 -0.0114562
v 0.0157045 0.00825926 -0.0111105
v 0.0140848 0.00576102 -0.0123704
v -0.0190561 0.00527339 0.0126843
v -0.0177255 0.00553562 0.0132032
v -0.0185776 0.00659503 0.0128292
v -0.0155285 0.00516282 0.0118638
v -0.0138366 0.00571637 0.0112207
v -0.0155006 0.00623779 0.0118852
v -0.0160482 0.00438615 0.0121707
v -0.0207213 0.00796099 0.0117725
v -0.0206967 0.00654184 0.0120525
v -0.0199297 0.00686555 0.012008
v -0.0152278 0.01025 0.0125696
v -0.0145093 0.0115524 0.0123915
v -0.0162926 0.011847 0.0127178
v -0.0136362 0.0103427 0.0121249
v -0.013234 0.0108973 0.0117936
v -0.0138162 0.00823914 0.0118674
v -0.0138873 0.00952797 0.0122628
v -0.0151468 0.00867395 0.0122651
v -0.0174655 0.00909289 0.0129123
v -0.0187394 0.00925611 0.0129381
v -0.0179185 0.00834103 0.0131454
v -0.016474 0.0098676 0.0126326
v -0.017377 0.0111715 0.0126167
v -0.0162939 0.00845226 0.0126823
v -0.0216576 0.00680937 0.0123473
v -0.0212988 0.00541608 0.0120333
v -0.0145049 0.00718762 0.0116831
v -0.0157764 0.00749423 0.0123338
v -0.0109926 0.00939446 0.0110589
v -0.0113383 0.0104228 0.011544
v -0.0121364 0.00996702 0.0113523
v -0.0184395 0.00780444 0.0129291
v -0.0176249 0.00708245 0.013163
v -0.0130543 0.00856634 0.0116291
v -0.0130931 0.0118311 0.0115678
v -0.0122586 0.011056 0.0115457
v -0.0200091 0.00574072 0.0119915
v -0.0176795 0.0100422 0.0128625
v -0.0170959 0.00820135 0.0128985
v -0.016883 0.0089282 0.0128368
v -0.0183063 0.0107031 0.0128545
v -0.0115531 0.00636562 0.0111718
v -0.01926 0.00776343 0.0121906
v -0.0127785 0.00744634 0.0113247
v -0.0103612 0.00700249 0.011035
v -0.0130911 0.0141683 0.0113244
v -0.0143141 0.0132221 0.0119166
v -0.0132562 0.0127789 0.0115798
v -0.00973837 0.00786551 0.0111552
v -0.0129569 0.00962635 0.0116428
v -0.0164656 0.00647118 0.0129323
v -0.0169619 0.00738965 0.0129679
v -0.0165164 0.00514733 0.0126971
v -0.0201654 0.00474845 0.0122032
v -0.0196824 0.00409039 0.0128823
v -0.0110282 0.00788539 0.010907
v -0.00986606 0.00905054 0.0111275
v -0.0192386 0.00635358 0.0122472
v -0.0174356 0.00406813 0.0128408
v -0.0238011 0.00479989 0.012274
v -0.0228853 0.00380041 0.0125693
v -0.0229342 0.00456895 0.0121285
v -0.0233651 0.00508552 0.0122556
v -0.0198896 0.00898202 0.0121442
v -0.01988 0.00827037 0.0119094
v -0.0186741 0.00388135 0.0131447
v -0.0121431 0.00876053 0.0110647
v -0.018607 0.00450339 0.0131788
v -0.0138612 0.0120377 0.0118843
v -0.0227805 0.00533305 0.0121018
v -0.0220172 0.00427865 0.0121317
v -0.0224321 0.00620793 0.0123659
v -0.0160025 0.00571977 0.012368
v -0.0164929 0.00754522 0.0129888
v -0.0208503 0.0042056 0.0122908
v -0.0158677 0.0135849 0.0123388
v -0.0147679 0.0147437 0.0117078
v -0.0157563 0.0137804 -0.00222211
v -0.0171204 0.0135444 -0.00276065
v -0.0187798 0.0133103 -0.00616986
v -0.0196089 0.0134245 -0.00477664
v -0.0193996 0.0135312 -0.00375211
v -0.0181416 0.0134351 -0.00413585
v -0.0174872 0.013193 -0.00525291
v -0.0153864 0.0137836 -0.000852751
v -0.0145215 0.0142629 -0.000619775
v -0.0198599 0.0133696 -0.00711822
v -0.0195522 0.0131386 -0.00562821
v -0.0187334 0.0131793 -0.00523046
v -0.0169042 0.0134652 -0.00419415
v -0.0210732 0.0135198 -0.00431953
v -0.0201509 0.0133822 -0.00622741
v -0.0206799 0.0130947 -0.00556101
v -0.0224307 0.0133044 -0.00576869
v -0.0178651 0.0134831 0.00212075
v -0.0190538 0.0135531 0.00285025
v -0.0180335 0.0135519 0.00375478
v -0.0144372 0.0187022 0.00463631
v -0.014627 0.01727 0.00427681
v -0.0147639 0.0179429 0.00543956
v -0.0202226 0.0135991 -0.00121205
v -0.0202421 0.0134889 -0.00268182
v -0.0217988 0.0137273 -0.00180209
v -0.0241043 0.0136468 -0.00218336
v -0.0239234 0.0134343 -0.0032282
v -0.0248599 0.0135252 -0.00290819
v -0.0160498 0.0137981 -6.79211e-05
v -0.015893 0.0137541 0.00084171
v -0.0150988 0.0139837 0.000267537
v -0.0150698 0.0139484 0.00172599
v -0.0184952 0.0136446 -0.00184246
v -0.0186257 0.0134838 -0.00298479
v -0.0194666 0.0134667 0.00193189
v -0.019915 0.0135946 0.000821754
v -0.0206373 0.0134884 0.00164349
v -0.0216857 0.0135435 -0.000473519
v -0.0202797 0.0135181 -0.000140652
v -0.0235751 0.0135563 -0.0010666
v -0.0146492 0.0150968 0.00363038
v -0.0145825 0.0160566 0.00393154
v -0.0144382 0.0153237 0.00248071
v -0.0144531 0.0150151 0.000655328
v -0.0144145 0.0163545 0.00155093
v -0.0168911 0.0135273 -0.000986846
v -0.0223366 0.0135551 -0.0032343
v -0.0226353 0.0136055 -0.00448876
v -0.020607 0.0135203 0.0027364
v -0.0196102 0.0136466 0.00358734
v -0.0231981 0.013655 -0.00224971
v -0.0144552 0.0164699 0.00299749
v -0.0171489 0.0135571 0.00057829
v -0.023486 0.0135783 -0.00406292
v -0.0147777 0.014548 0.00300623
v -0.0173336 0.0144832 0.00607844
v -0.0162634 0.015645 0.00644758
v -0.0161074 0.0144148 0.00529402
v -0.015342 0.0154888 0.00562577
v -0.0163487 0.0136982 0.00297102
v -0.0153344 0.0140812 0.00319598
v -0.0167309 0.0137792 0.0042863
v -0.0164008 0.0136956 0.00164819
v -0.0150652 0.0145708 0.00423477
v -0.0158237 0.0139906 0.0040034
v -0.0237952 0.0134854 -0.00507019
v -0.0187709 0.0135586 -0.00023524
v -0.021254 0.0135898 0.000718527
v -0.0185826 0.0136578 0.00105617
v -0.0249988 0.0135406 -0.00382086
v -0.0243086 0.0135296 -0.00425207
v -0.0170405 0.0138234 0.00514934
v -0.0174453 0.0135826 0.00458824
v -0.0180684 0.0136271 0.00515829
v -0.0156304 0.018101 0.00710286
v -0.015106 0.0179053 0.00631948
v -0.0156358 0.0168941 0.00655803
v -0.0149397 0.0166673 0.00535472
v -0.0145428 0.0189258 0.00616599
v -0.0138808 0.0194169 0.00434283
v -0.0148336 0.0155559 0.00466016
v 0.0285991 0.00646045 0.0168356
v 0.0279085 0.00605519 0.0170694
v 0.0282507 0.00531359 0.0170158
v 0.0258679 0.00428532 0.0163697
v 0.0247353 0.00427629 0.0160156
v 0.0246192 0.00357013 0.0165318
v 0.0278374 0.0038531 0.0106702
v 0.0297644 0.00535433 0.0112312
v 0.0290568 0.00380744 0.0130178
v 0.029176 0.00605069 0.0167469
v 0.0255833 0.00327962 0.0169691
v 0.0240611 0.00230708 0.0163798
v 0.0276501 0.00707691 0.0168466
v 0.027319 0.00581064 0.0166895
v 0.0256094 0.00486566 0.0160632
v 0.0247228 0.00508435 0.0159192
v 0.0274602 0.00231274 0.0123175
v 0.026873 0.00235434 0.00974923
v 0.0306343 0.00587066 0.014076
v 0.0280817 0.00309541 0.00861394
v 0.0296938 0.00365343 0.00640641
v 0.0291664 0.00441461 0.00913153
v 0.0254942 0.00242635 0.0162019
v 0.0255986 0.00386186 0.0168163
v 0.0287158 0.00435575 0.016689
v 0.0272697 0.00246482 0.0157661
v 0.0292412 0.00411217 0.0155251
v 0.0240368 0.00523751 0.0158932
v 0.0318725 0.00656729 0.0117441
v 0.0262205 0.00411351 0.0170088
v 0.031961 0.00582995 0.00888821
v 0.0270399 0.00377439 0.017004
v 0.0297303 0.00574904 0.016041
v 0.0303662 0.00737636 0.0154873
v 0.0296372 0.00702028 0.0165582
v 0.0276257 0.00549339 0.0169905
v 0.0269754 0.00487705 0.0169198
v 0.029129 0.00531976 0.0168423
v 0.026535 0.00525545 0.0162307
v 0.0258548 0.00628432 0.0154931
v 0.0257222 0.00563462 0.0159172
v 0.0268588 0.00624366 0.015904
v 0.029908 0.00829842 0.0160032
v 0.0306746 0.00873118 0.0156689
v 0.0353938 0.00734635 0.00794329
v 0.0333483 0.00528966 0.0047846
v 0.036193 0.00758054 0.00502544
v 0.0343519 0.00754555 0.0110446
v 0.0355044 0.00924267 0.0118838
v 0.0343214 0.010414 0.0126518
v 0.034663 0.00938236 0.0125692
v 0.0340475 0.00923469 0.0133006
v 0.0373653 0.00906466 0.00448332
v 0.0377048 0.00965046 0.00248191
v 0.037508 0.0101773 0.00441636
v 0.0361905 0.00876688 0.0102533
v 0.0371258 0.0116199 0.00729362
v 0.0369547 0.0108133 0.00815843
v 0.037319 0.0101406 0.00633406
v 0.0259861 0.00112997 0.0125011
v 0.0331982 0.00772484 0.0133093
v 0.0366007 0.0106671 0.010172
v 0.0362182 0.0106606 0.0106888
v 0.0367203 0.0100308 0.010137
v 0.0369867 0.00805049 0.00250938
v 0.0318439 0.00849782 0.0150242
v 0.0375041 0.0110772 0.00487788
v 0.037727 0.0109224 0.00339933
v 0.0345207 0.00852548 0.0125443
v 0.0375935 0.00857838 0.000313589
v 0.0331592 0.00913258 0.0142909
v 0.0369801 0.00865071 0.00679022
v 0.0370814 0.00940086 0.00861784
v 0.0371071 0.00882699 0.00577016
v 0.0373481 0.0119229 0.00584121
v 0.0375077 0.0120987 0.00408802
v 0.0293713 0.00415378 0.0143515
v 0.0283977 0.00295358 0.0144014
v 0.0368929 0.010608 0.00943077
v 0.0264234 0.00149127 0.0107109
v 0.0265797 0.00166513 0.0140177
v 0.0360387 0.00987749 0.0109289
v 0.035578 0.010535 0.0115559
v -0.00484312 0.00955873 -0.0130416
v -0.00424896 0.0107126 -0.0135104
v -0.00365079 0.00987022 -0.0131402
v -0.00789959 0.00410612 -0.0112842
v -0.00987152 0.0033335 -0.0115258
v -0.00970639 0.00458129 -0.0123449
v -0.00660581 0.00593095 -0.0134935
v -0.00668747 0.0046608 -0.0120434
v -0.00783935 0.00584905 -0.0130737
v 0.00193128 0.00674786 -0.0135555
v 0.00386642 0.00671758 -0.0131573
v 0.0029048 0.00587978 -0.0132387
v -0.0050336 0.00314291 -0.00766549
v -0.0121865 0.00458981 -0.0134223
v -0.00530793 0.011528 -0.0137062
v -0.00375488 0.0125747 -0.0134107
v 0.00250599 0.00785791 -0.0130744
v 0.00347338 0.00814943 -0.0128499
v 0.00336518 0.00743761 -0.0131127
v 0.00250872 0.00848107 -0.0125816
v -0.00381145 0.0152332 -0.0137599
v -0.00138625 0.0138678 -0.0135386
v -0.00843814 0.00500556 -0.0125926
v -0.00175877 0.0121516 -0.0133395
v 0.000371098 0.0123583 -0.013202
v -0.00472719 0.00510387 -0.0126444
v -0.00139639 0.0107185 -0.0132954
v -0.00259043 0.0103204 -0.0133351
v -0.0028341 0.0110924 -0.0134411
v -0.00560446 0.0125565 -0.0135077
v 0.00647474 0.00321933 -0.0102483
v 0.00252432 0.00318753 -0.00976102
v -0.0100248 0.00544463 -0.012878
v -0.0130932 0.00138347 -0.00415639
v -0.0036105 0.00722494 -0.0137041
v -0.00458571 0.00793197 -0.0132357
v -0.00374401 0.00791522 -0.0131689
v -0.0107026 0.00235771 -0.0103251
v -0.0134735 0.00141503 -0.00849477
v -0.0146137 0.00223358 -0.0132024
v -0.00323284 0.0103203 -0.0134479
v 3.6461e-05 0.00935816 -0.0125559
v 0.00122547 0.00975879 -0.0125552
v 0.000628112 0.00877242 -0.0125253
v 0.00581478 0.00590082 -0.0129957
v 0.000290076 0.00811394 -0.0131875
v 0.000101542 0.00715681 -0.013689
v -0.00106579 0.00768958 -0.0133928
v -0.00170344 0.00504609 -0.0125353
v -0.000166274 0.00522592 -0.0133189
v 0.00137698 0.00490575 -0.0129881
v -0.000792435 0.00848194 -0.012799
v 0.00254356 0.0072466 -0.0133601
v -0.00171602 0.00804399 -0.0129403
v -0.00252677 0.00774552 -0.0132645
v -0.00710863 0.0100351 -0.0135716
v -0.00708245 0.0115999 -0.0137679
v -0.00590501 0.0104718 -0.0135788
v 1.49784e-05 0.00387337 -0.0111286
v -0.00224107 0.00859677 -0.0126086
v -0.00108519 0.0094627 -0.0128922
v 0.000395261 0.0104584 -0.0128774
v 0.00149392 0.00827296 -0.0127911
v 0.000397608 0.00592347 -0.0135127
v -0.0189564 0.00143113 -0.00508439
v -0.00248739 0.0096988 -0.0129211
v -0.00358904 0.00909098 -0.0126416
v -0.0111128 0.0062678 -0.0133844
v -0.00983751 0.00630497 -0.0130149
v -0.0032394 0.00594534 -0.0136187
v -0.00168234 0.00667857 -0.0138266
v -0.00545993 0.00865348 -0.0131728
v -0.00615713 0.00947778 -0.0132674
v -0.00899516 0.00591185 -0.0128971
v 0.00143979 0.00758262 -0.0133498
v -0.00562915 0.00653513 -0.0137051
v -0.00693932 0.00752296 -0.0133608
v -0.00540414 0.00757738 -0.0135158
v -0.00772889 0.00692134 -0.0129091
v -0.00446754 0.00648635 -0.013725
v 0.00798197 0.00378402 -0.0116797
v 0.00870668 0.00305824 -0.00997182
v -0.00865698 0.00818278 -0.0129209
v -0.00788902 0.008502 -0.0131794
v 0.00380599 0.00382539 -0.0117896
v 0.00527657 0.00487851 -0.0131097
v -0.00438463 0.00848584 -0.0128284
v -0.00335446 0.00824051 -0.0127823
v -0.00512184 0.013659 -0.013521
v -0.00683084 0.00878413 -0.0132868
v -0.00831135 0.00934609 -0.0133433
v -0.00880418 0.00677385 -0.0127115
v -0.010158 0.00745438 -0.0129928
v -0.00833082 0.00869979 -0.0132854
v 0.00198522 0.00918417 -0.0123898
v -0.00299237 0.00997474 -0.0132372
v 0.0113635 0.0033546 -0.0103653
v -0.0199504 0.0153456 0.0123075
v -0.0197877 0.0160354 0.0117425
v -0.0208818 0.0159268 0.0118571
v -0.0213326 0.0153507 0.0122819
v -0.0184636 0.0156402 0.0120362
v -0.020378 0.0144231 0.0124679
v -0.0186269 0.0141086 0.0125299
v -0.0172678 0.0145574 0.0122992
v -0.0194071 0.0107992 0.0129107
v -0.0188842 0.0113821 0.0127897
v -0.0171263 0.0134864 0.0126515
v -0.0176494 0.0126226 0.0126697
v -0.0177993 0.0119713 0.0125803
v -0.0182095 0.0115995 0.0126295
v -0.0185074 0.0131275 0.0125758
v -0.0183583 0.0124084 0.0124876
v -0.0195844 0.0130977 0.0122886
v -0.018932 0.0120425 0.0124852
v -0.0199042 0.0119892 0.0127005
v -0.0204368 0.0112692 0.0128595
v -0.0201174 0.0102181 0.0126036
v -0.0267576 0.0074905 0.0124531
v -0.025663 0.00769262 0.0127703
v -0.0265054 0.00853329 0.0125916
v -0.0269349 0.00883474 0.012284
v -0.0269446 0.0083475 0.012143
v -0.0249367 0.0103165 0.0127179
v -0.026147 0.0102765 0.0123796
v -0.0258072 0.00918679 0.0127769
v -0.0263226 0.00659253 0.0126617
v -0.0265797 0.00935819 0.0122721
v -0.0271314 0.00899332 0.0118215
v -0.0248011 0.0115685 0.0124665
v -0.025571 0.0110299 0.0122929
v -0.0268647 0.00995224 0.0116773
v -0.0262285 0.0109494 0.0116688
v -0.0253925 0.0117497 0.0117905
v -0.0263025 0.0121928 0.011583
v -0.0273025 0.0109621 0.0114394
v -0.0250337 0.0128165 0.0116624
v -0.0238587 0.0111475 0.0127125
v -0.0225855 0.0106718 0.0126253
v -0.0231693 0.0119194 0.0126898
v -0.023937 0.012184 0.0122745
v -0.0232591 0.0126259 0.0120248
v -0.0230659 0.0142369 0.0120839
v -0.0239458 0.0149658 0.0120827
v -0.0246537 0.0139602 0.0120453
v -0.0238739 0.0130605 0.0117718
v -0.0227722 0.0132986 0.0118346
v -0.0257534 0.0132756 0.0118403
v -0.0222583 0.0117626 0.0128233
v -0.0213189 0.0109887 0.012876
v -0.0220655 0.0138749 0.0119601
v -0.0224976 0.0125734 0.0123925
v -0.0217794 0.0131061 0.0120704
v -0.0218198 0.0145495 0.0122652
v -0.0210606 0.0136933 0.0121025
v -0.0213662 0.0121966 0.0128435
v -0.0168698 0.0183909 0.0112303
v -0.0174057 0.0170812 0.0116245
v -0.0159247 0.0174384 0.0115396
v -0.0211767 0.00971394 0.0122619
v -0.0165226 0.0155313 0.0120255
v -0.0163443 0.0164713 0.0116232
v -0.0153717 0.0160961 0.0116069
v -0.0226793 0.0152145 0.0120478
v -0.0207669 0.0128331 0.0123478
v -0.0246767 0.00889112 0.0125072
v -0.0237136 0.00979625 0.0124984
v -0.0192041 0.0167615 0.0116915
v -0.0283684 0.0107857 0.0114394
v -0.0227445 0.00766169 0.0117463
v -0.0231612 0.00671609 0.0116716
v -0.0224973 0.00703957 0.012271
v -0.0244738 0.00720193 0.0118536
v -0.0238075 0.00868322 0.0119767
v -0.0245518 0.0122474 0.0118756
v -0.0224459 0.00887733 0.0117739
v -0.0254474 0.00631462 0.0123869
v -0.0233713 0.00790282 0.0117299
v -0.0237385 0.0057282 0.011823
v -0.0220467 0.00776048 0.0119373
v -0.0222172 0.0161947 0.0115527
v -0.0246424 0.00568729 0.0120299
v -0.0158801 0.0186921 0.0110366
v -0.00695224 0.0101049 0.0116457
v -0.00556788 0.00989236 0.0116125
v -0.00622681 0.0110023 0.0121256
v -0.00543554 0.00892352 0.0114022
v -0.00668328 0.00921874 0.0115491
v -0.00603518 0.00863479 0.0116612
v -0.00565849 0.0147135 0.0121585
v -0.00575524 0.0135195 0.0119715
v -0.00441691 0.0137391 0.0122188
v -0.00846659 0.00871002 0.0117968
v -0.0147442 0.0181846 0.0110488
v -0.0130101 0.0190055 0.0108811
v -0.012764 0.0199478 0.0101897
v -0.0134901 0.0194444 0.0103283
v -0.00700272 0.0160682 0.0120936
v -0.00723324 0.0141484 0.0118433
v -0.0121518 0.0197861 0.0102504
v -0.0122076 0.020299 0.0100002
v -0.0122134 0.0180762 0.0111764
v -0.0121948 0.0192859 0.0106778
v -0.0116749 0.0198074 0.0101156
v -0.0116475 0.0212299 0.00972982
v -0.00299424 0.0172534 0.0122314
v -0.00329126 0.018481 0.0120009
v -0.00458489 0.0174314 0.0120331
v -0.00896317 0.00951691 0.0117089
v -0.0078263 0.00952031 0.0116913
v -0.00610803 0.0189393 0.0116226
v -0.00639866 0.017788 0.0118254
v -0.00490892 0.0190513 0.0117124
v -0.00777655 0.0171891 0.0119088
v -0.0110045 0.0199807 0.0103964
v -0.0104126 0.0207572 0.0100697
v -0.0111794 0.0113798 0.0118082
v -0.0100169 0.0104483 0.0117876
v -0.012582 0.0164419 0.011438
v -0.0115843 0.0155254 0.011622
v -0.0111554 0.0170392 0.0115962
v -0.00769033 0.0180224 0.0117023
v -0.00870634 0.0176915 0.0119919
v -0.00524245 0.0160539 0.0123609
v -0.0098576 0.017406 0.0118201
v -0.010246 0.0163341 0.0115991
v -0.00439748 0.0150198 0.0123037
v -0.00357414 0.015966 0.0122161
v -0.0081127 0.0106405 0.0118993
v -0.00850709 0.0186744 0.0115694
v -0.00795142 0.0195871 0.0112067
v -0.00917302 0.0193328 0.0111036
v -0.00276119 0.0142154 0.0124679
v -0.00210233 0.0162909 0.0122837
v -0.00434449 0.0112954 0.0123339
v -0.00434805 0.0103011 0.0121295
v -0.00284956 0.0107004 0.0124594
v -0.00263328 0.0164732 0.0122593
v -0.0129707 0.0153514 0.01131
v -0.0136679 0.0171836 0.0112388
v -0.00231967 0.0156906 0.0125291
v -0.00844511 0.0151155 0.0119182
v -0.0140152 0.0158827 0.0114456
v -0.0147437 0.0169064 0.0114557
v -0.00714904 0.0188452 0.0115974
v -0.0100322 0.0198525 0.0107442
v -0.0106369 0.0193116 0.0110692
v -0.00993821 0.0150231 0.0117037
v -0.00913162 0.00860243 0.0114751
v -0.00889005 0.0164639 0.0119343
v -0.00283678 0.0118669 0.0123647
v -0.00466575 0.0124552 0.0121143
v -0.0090767 0.0116711 0.0119714
v -0.00834166 0.0125956 0.0117907
v -0.00959904 0.0126968 0.0117144
v -0.00782387 0.0132929 0.0119388
v -0.00883004 0.0138318 0.0117713
v -0.0112854 0.0140563 0.0115646
v -0.0110051 0.0126793 0.0116229
v -0.0122387 0.0121493 0.0116109
v -0.0102002 0.0117478 0.0118036
v -0.00941874 0.0182197 0.0117253
v -0.010144 0.0136459 0.0117762
v -0.0105807 0.0184257 0.0115111
v -0.0100236 0.0191215 0.0111101
v -0.00336496 0.0129806 0.0121889
v -0.00423645 0.00938265 0.0117325
v -0.00772914 0.0117026 0.012015
v -0.00662314 0.0125423 0.0119486
v -0.0121546 0.0131626 0.0114202
v -0.00954944 0.0186813 0.0113309
v -0.0114331 0.0191109 0.0109327
v -0.00704483 0.0194867 0.0113237
v -0.0137287 0.0149415 0.0114282
v -0.00549071 0.0117625 0.0122311
v -0.00810602 0.0204487 0.0104594
v -0.00896582 0.020005 0.0108159
v -0.00214872 0.0127548 0.0123522
v -0.00939101 0.0205143 0.0102415
v -0.00650677 0.0193832 0.0113435
v -0.00587431 0.0168148 0.0121535
v -0.013552 0.0182599 0.0110196
v -0.0139115 0.018948 0.0107976
v -0.0146615 0.0191615 0.0107478
v -0.0107155 0.0109851 -0.0139802
v -0.0121045 0.010171 -0.014737
v -0.0117664 0.0114982 -0.0145263
v -0.00475533 0.0176785 -0.0133565
v -0.00412114 0.017713 -0.0134331
v -0.00417859 0.0168517 -0.0134363
v -0.0124779 0.0116898 -0.0150533
v -0.0121808 0.0125987 -0.0146732
v -0.00562667 0.0197458 -0.0127564
v -0.00688292 0.0197484 -0.0128905
v -0.0063715 0.0204235 -0.01208
v -0.00839914 0.0177495 -0.0138474
v -0.00813613 0.019222 -0.0131564
v -0.00724097 0.0187186 -0.0136009
v -0.00550795 0.0165897 -0.0137219
v -0.0113341 0.0124438 -0.0140687
v -0.00809348 0.0133224 -0.0138321
v -0.00934716 0.014094 -0.0138523
v -0.00844425 0.0150223 -0.0139729
v -0.0155394 0.0118426 -0.0155562
v -0.0147671 0.012629 -0.0155721
v -0.0146158 0.0109843 -0.0154449
v -0.0135386 0.0102223 -0.0152384
v -0.0134396 0.00906693 -0.0150438
v -0.0142432 0.00978025 -0.0154876
v -0.0162793 0.0127703 -0.0156949
v -0.00654917 0.013519 -0.0135929
v -0.00592796 0.0188417 -0.0134677
v -0.0105971 0.00828301 -0.0135518
v -0.00998112 0.00852056 -0.0131076
v -0.0143045 0.00857439 -0.0158556
v -0.0164783 0.0150013 -0.0158437
v -0.0172646 0.0162794 -0.0156319
v -0.0160271 0.0158709 -0.0154928
v -0.0100262 0.0124374 -0.01396
v -0.0104807 0.0123131 -0.0139701
v -0.010209 0.0128195 -0.0138861
v -0.0130174 0.00639837 -0.0143286
v -0.0136996 0.00768374 -0.0149778
v -0.0124864 0.00825419 -0.0144345
v -0.00969106 0.0167159 -0.0137721
v -0.00876422 0.0162116 -0.0139235
v -0.00971321 0.0153046 -0.0138481
v -0.0133458 0.011341 -0.0153751
v -0.0106196 0.0137397 -0.0139304
v -0.010849 0.00969394 -0.013897
v -0.00955626 0.0128411 -0.0136924
v -0.00854883 0.0112386 -0.0139721
v -0.00809133 0.0105149 -0.0138576
v -0.0153469 0.0163152 -0.0150715
v -0.0147537 0.0145908 -0.0154519
v -0.0147272 0.00526549 -0.0160375
v -0.0141086 0.00495603 -0.0148607
v -0.0153968 0.00413596 -0.0159352
v -0.0145716 0.00395231 -0.0144569
v -0.0149697 0.00637858 -0.0163866
v -0.014341 0.00716652 -0.0158464
v -0.0144253 0.00615155 -0.0158095
v -0.0124999 0.013663 -0.0145634
v -0.0132269 0.0144099 -0.0148542
v -0.0118475 0.0150865 -0.0143235
v -0.0158835 0.013847 -0.015826
v -0.0158353 0.00520514 -0.0168196
v -0.00958753 0.0117123 -0.0138981
v -0.0117967 0.0134534 -0.014289
v -0.00917723 0.0105253 -0.01385
v -0.00975587 0.00955309 -0.0134693
v -0.0156194 0.00331109 -0.0150709
v -0.0160735 0.00341846 -0.0160394
v -0.00509404 0.0184059 -0.0133514
v -0.0040722 0.0186127 -0.0131589
v -0.0107452 0.0151153 -0.0140033
v -0.0165279 0.00271438 -0.0157749
v -0.0132282 0.0130218 -0.0152952
v -0.0106562 0.0161265 -0.0138596
v -0.0141503 0.00583218 -0.0152429
v -0.0112414 0.00882315 -0.0141252
v -0.0104948 0.00905981 -0.0135906
v -0.011398 0.00751411 -0.0138445
v -0.0115722 0.0165878 -0.0139431
v -0.0140158 0.00656604 -0.015161
v -0.016783 0.00362163 -0.0167241
v -0.00724258 0.0161233 -0.0139429
v -0.00494979 0.0190717 -0.0130582
v -0.00591629 0.0149456 -0.0138234
v -0.0178369 0.0151959 -0.0159852
v -0.00557307 0.0178082 -0.0135764
v -0.00665377 0.0176855 -0.0138654
v -0.00573379 0.0204261 -0.0112067
v -0.00504809 0.0201756 -0.0120078
v -0.00451206 0.019614 -0.0126256
v -0.0150297 0.00779657 -0.0163134
v -0.00862625 0.01216 -0.0138618
v -0.0147551 0.00964873 -0.0160233
v -0.0149171 0.0103142 -0.0158072
v -0.0182052 0.011777 -0.0163937
v -0.0174958 0.0125806 -0.0157948
v -0.0172042 0.0118064 -0.0161955
v -0.0158155 0.00694667 -0.0166932
v -0.00728228 0.0145461 -0.0139092
v -0.0167295 0.00596868 -0.016517
v -0.0158678 0.00840767 -0.0164348
v -0.0165241 0.00755786 -0.0163295
v -0.0180804 0.0107393 -0.016335
v -0.0186375 0.00972633 -0.0160019
v -0.0189253 0.0108571 -0.0163543
v -0.0151837 0.00920327 -0.0162873
v -0.0108086 0.0170357 -0.0139049
v -0.016736 0.00889071 -0.0162738
v -0.0172205 0.00799077 -0.0160685
v -0.0177692 0.0088654 -0.0160876
v -0.0174093 0.00678935 -0.015964
v -0.019966 0.0143 -0.0161794
v -0.0211071 0.0138241 -0.0162413
v -0.0209587 0.0151208 -0.0161031
v -0.015295 0.0100999 -0.01619
v -0.0156703 0.0109565 -0.0158493
v -0.0197639 0.0132296 -0.0159094
v -0.0200422 0.0126807 -0.0162324
v -0.0203466 0.0134282 -0.0160045
v -0.0188879 0.0130076 -0.0159188
v -0.0165446 0.0119135 -0.0157645
v -0.016211 0.0100807 -0.0164589
v -0.018155 0.00771754 -0.016035
v -0.0173784 0.00991641 -0.0163089
v -0.0165455 0.0112554 -0.0161942
v -0.0172268 0.0047607 -0.0169201
v -0.0172893 0.0110188 -0.0163839
v -0.0103328 0.0169182 -0.0137435
v -0.019508 0.013703 -0.0159758
v -0.0188013 0.0142682 -0.0160714
v -0.0212256 0.0127555 -0.0161595
v -0.0173486 0.0138398 -0.0159848
v -0.0114238 0.0177468 -0.0137597
v -0.0102031 0.0178073 -0.0135999
v -0.0191786 0.0152458 -0.0159921
v -0.019518 0.0117379 -0.0164579
v -0.00934509 0.0189467 -0.0132377
v -0.0318244 0.0200467 0.00795886
v -0.030882 0.0200036 0.00778269
v -0.0318935 0.0200872 0.00736786
v -0.0320613 0.0173465 0.00614598
v -0.0317046 0.0183712 0.00629995
v -0.0308874 0.0172961 0.00656544
v -0.024843 0.0198467 0.00970329
v -0.025836 0.0198945 0.00903803
v -0.0257677 0.0198163 0.00984272
v -0.0267051 0.0195704 0.00983946
v -0.0265693 0.0198028 0.00938166
v -0.027401 0.0197253 0.00939931
v -0.027276 0.0198761 0.00883604
v -0.0320202 0.0160949 0.00631185
v -0.0313927 0.0197484 0.0070067
v -0.0258218 0.0191854 0.010345
v -0.0307746 0.0182667 0.00661585
v -0.0222654 0.013671 0.00305125
v -0.0219808 0.0134279 0.00176866
v -0.0240827 0.0134713 0.00171396
v -0.021788 0.0146226 0.005532
v -0.0231529 0.0151133 0.00569951
v -0.0218481 0.0155535 0.00609184
v -0.0297393 0.0182624 0.00682767
v -0.0285772 0.0196854 0.00916077
v -0.0284124 0.0199613 0.00840184
v -0.0298429 0.0198288 0.00848884
v -0.0293501 0.0191465 0.0097407
v -0.0278545 0.0193347 0.00972863
v -0.0311711 0.019849 0.00858432
v -0.0307753 0.0190863 0.00679349
v -0.0282648 0.0185586 0.010319
v -0.0270403 0.0190133 0.0101095
v -0.0297747 0.019612 0.0092202
v -0.030489 0.019039 0.00987545
v -0.0267523 0.018304 0.0105797
v -0.0254349 0.0182619 0.0108992
v -0.0326015 0.0190709 0.00946407
v -0.0303645 0.0194452 0.0095497
v -0.0234027 0.0158425 0.00649007
v -0.0245626 0.0155189 0.00656887
v -0.0246527 0.0158394 0.00746315
v -0.03187 0.0192466 0.00652716
v -0.031334 0.0195173 0.00939507
v -0.0239881 0.0168627 0.00774773
v -0.0232763 0.016491 0.00758324
v -0.0236454 0.0160765 0.00736392
v -0.0226931 0.0170961 0.00771567
v -0.0228237 0.0163805 0.00717428
v -0.0305194 0.0197247 0.0091211
v -0.0302695 0.0197959 0.00727865
v -0.0296684 0.0192627 0.00714981
v -0.0265636 0.020072 0.0082511
v -0.0275241 0.0200211 0.00825287
v -0.0286056 0.0190157 0.00717779
v -0.0277666 0.0197126 0.0073986
v -0.0272702 0.018771 0.0072684
v -0.0237473 0.0197301 0.00790856
v -0.0245254 0.0188472 0.00759779
v -0.025243 0.0197375 0.00770027
v -0.0264562 0.0197705 0.00745407
v -0.0272527 0.0200267 0.00779691
v -0.0281976 0.0178997 0.00708451
v -0.0281657 0.0200136 0.00788397
v -0.0290273 0.0197924 0.00749846
v -0.0298255 0.0201446 0.00778837
v -0.0290519 0.0201285 0.00802217
v -0.0259058 0.0200452 0.0079404
v -0.0254123 0.0202039 0.00838069
v -0.0268548 0.0175079 0.00727417
v -0.0244565 0.019949 0.00899769
v -0.0245333 0.0202282 0.00825305
v -0.0222387 0.0134749 0.00414458
v -0.023806 0.0136162 0.00359391
v -0.024969 0.0194949 0.0101245
v -0.0257067 0.0185294 0.00742321
v -0.0287678 0.013556 0.00436807
v -0.0303641 0.0136719 0.00415987
v -0.0297147 0.0136775 0.00533068
v -0.0296848 0.0141099 0.0062528
v -0.0296347 0.0151026 0.00673579
v -0.028045 0.0144855 0.00633134
v -0.0313098 0.0149999 0.00652212
v -0.0306501 0.0159717 0.00670402
v -0.0307363 0.0144231 0.00638668
v -0.0305326 0.0137019 0.00318665
v -0.0296027 0.0135966 0.00376469
v -0.0279181 0.0156053 0.00692267
v -0.0289358 0.0136054 0.00369071
v -0.0310501 0.0139007 0.00577134
v -0.0293038 0.0166032 0.0069112
v -0.0316296 0.0143022 0.0061252
v -0.0293589 0.0136315 0.00292579
v -0.0280403 0.0135503 0.0034432
v -0.025346 0.0153952 0.00696544
v -0.0263395 0.0159673 0.00741281
v -0.0246479 0.0178841 0.00750144
v -0.0233874 0.0182968 0.00767313
v -0.0251754 0.0153263 0.00620083
v -0.0231886 0.0137351 0.00455685
v -0.0218432 0.0137885 0.00496806
v -0.0260252 0.0152843 0.00671786
v -0.0263775 0.0148363 0.00610913
v -0.026781 0.0152167 0.00692614
v -0.0241946 0.0153207 0.00604398
v -0.02464 0.01466 0.00547789
v -0.0253534 0.0170611 0.00753857
v -0.0272721 0.0149638 0.00659356
v -0.0231383 0.0143182 0.00516941
v -0.0288409 0.0139267 0.00592982
v -0.0282817 0.0135472 0.00222464
v -0.0278105 0.0138731 0.00530713
v -0.0270611 0.0143129 0.00567307
v -0.0259274 0.0140617 0.00514075
v -0.024204 0.0139713 0.00485991
v -0.0277195 0.0167178 0.00713337
v -0.0272056 0.0135662 0.00193382
v -0.0266868 0.0136244 0.00286912
v -0.0263242 0.0136264 0.0017695
v -0.0258955 0.0135856 0.000965749
v -0.0251863 0.0137063 0.000485543
v -0.024259 0.0136934 0.000285787
v -0.0228164 0.0136223 0.000532774
v -0.0252854 0.0135793 0.00178756
v -0.0252396 0.0136376 0.00263719
v -0.0250076 0.0136163 0.00433938
v -0.0253627 0.0135273 0.00356896
v -0.0267246 0.0136032 0.00419629
v -0.02401 0.0136859 0.00434294
v -0.0160708 0.0195165 0.00805398
v -0.0162392 0.0183877 0.0077002
v -0.0169538 0.0194858 0.00831945
v -0.015088 0.0195795 0.00793627
v -0.0156399 0.0189714 0.00753202
v -0.0171455 0.018033 0.00795863
v -0.0150838 0.0188466 0.00703684
v -0.014118 0.0198615 0.00799981
v -0.0143352 0.0194523 0.00718981
v -0.0144542 0.0201457 0.0089099
v -0.0157273 0.0199544 0.00886014
v -0.0194995 0.0196141 0.00817052
v -0.0196919 0.0202317 0.00886355
v -0.0188886 0.0200684 0.00849182
v -0.0186195 0.0180835 0.00787949
v -0.0185588 0.0194522 0.00834603
v -0.0178396 0.0193281 0.0083091
v -0.0203568 0.0201409 0.00852088
v -0.0207602 0.019674 0.00814091
v -0.0212083 0.0201826 0.00864276
v -0.0197265 0.0174485 0.00750289
v -0.0192602 0.0162144 0.00713395
v -0.0206274 0.0166675 0.00709114
v -0.0218421 0.0162075 0.00674113
v -0.0216865 0.0168371 0.00731844
v -0.0202348 0.0186043 0.00772
v -0.0208655 0.0174858 0.0074102
v -0.0213807 0.0192192 0.00789791
v -0.0206709 0.0158966 0.00665546
v -0.0207282 0.0203096 0.00915373
v -0.0183667 0.0199079 0.00866019
v -0.0177845 0.0201135 0.00888041
v -0.0225153 0.0193218 0.00785014
v -0.0217904 0.0198663 0.00828008
v -0.0227787 0.0200887 0.00820935
v -0.0217881 0.0182627 0.00764254
v -0.0221662 0.020323 0.00876298
v -0.0203471 0.0151147 0.00602373
v -0.0216953 0.0174391 0.00752702
v -0.0131036 0.0204822 0.00992666
v -0.0133431 0.0210526 0.00962357
v -0.0135681 0.0202027 0.0100443
v -0.0143756 0.020024 0.00981227
v -0.0141668 0.0196038 0.0103454
v -0.0137536 0.0203959 0.00841905
v -0.0126558 0.0208781 0.00999413
v -0.0164354 0.0199065 0.00851746
v -0.0233926 0.0202383 0.00826754
v -0.0207489 0.0142136 0.00543984
v -0.0237724 0.0203823 0.00853033
v -0.0160784 0.0196297 0.0104489
v -0.0152925 0.0199595 0.00963292
v -0.016139 0.0200223 0.00961498
v -0.0246573 0.0172986 0.0111012
v -0.0191018 0.019999 0.00966908
v -0.0186002 0.0199405 0.0100759
v -0.0184815 0.0201698 0.00951878
v -0.0217418 0.018034 0.0114226
v -0.0208837 0.0187126 0.0112959
v -0.0224253 0.0187945 0.0109281
v -0.0229392 0.0174407 0.0112573
v -0.023963 0.016197 0.0111603
v -0.0189603 0.0195468 0.0104408
v -0.0186152 0.0191783 0.0108911
v -0.0182479 0.0195832 0.010366
v -0.024484 0.0181906 0.0109452
v -0.0193654 0.0186314 0.0112896
v -0.0198007 0.01939 0.0107824
v -0.0173132 0.0193292 0.0106341
v -0.0177803 0.0198855 0.0098432
v -0.0211296 0.0193895 0.0107306
v -0.0200464 0.0201618 0.00944644
v -0.0241615 0.0190223 0.0105764
v -0.0202645 0.0178403 0.0114843
v -0.0206786 0.0168446 0.0116545
v -0.0197271 0.0173462 0.0116768
v -0.0234716 0.0155035 0.0115172
v -0.0237635 0.0181632 0.0110081
v -0.024599 0.0153133 0.0114157
v -0.0136833 0.0209731 0.00889683
v -0.0193311 0.0202711 0.0093655
v -0.0168544 0.0200759 0.00913305
v -0.0218284 0.0172077 0.011516
v -0.0194757 0.0198155 0.0101132
v -0.0211484 0.0176836 0.0114611
v -0.019003 0.0176631 0.0115131
v -0.0189063 0.0201615 0.00938601
v -0.0187881 0.0202555 0.00908278
v -0.0210436 0.0180726 0.0113314
v -0.0196771 0.0201016 0.00975309
v -0.0205864 0.0200294 0.0100474
v -0.0180478 0.0184671 0.0113995
v -0.0168399 0.0197871 0.00988798
v -0.0213853 0.0134301 0.00451079
v -0.0206371 0.0135539 0.00486969
v -0.0194273 0.0134148 0.00447243
v -0.0193791 0.0140282 0.00546087
v -0.0185352 0.0150638 0.00630331
v -0.0183565 0.0142156 0.00581796
v -0.0175734 0.0162902 0.00724692
v -0.0208257 0.0135103 0.00390142
v -0.0229532 0.0200978 0.00922597
v -0.022989 0.0203434 0.00863776
v -0.0244096 0.0196002 0.0101264
v -0.0214679 0.0202552 0.00902039
v -0.0237456 0.0198208 0.00990679
v -0.0217217 0.0201453 0.00948687
v -0.0227464 0.0199679 0.00997396
v -0.0219302 0.0197322 0.0101651
v -0.0222852 0.0200761 0.00975505
v -0.0153082 0.019236 0.0109249
v -0.0229479 0.0195124 0.0103509
v -0.0149286 0.0196684 0.0103782
v -0.0165578 0.0190332 0.0107804
v -0.013865 0.0204527 0.00947312
v -0.0159678 0.017563 0.00719707
v -0.0163941 0.0170929 0.00735291
v 0.0210799 0.0196295 -0.00191976
v 0.0206597 0.0196396 -0.0025193
v 0.0205181 0.0195709 -0.00179244
v 0.0204488 0.01964 -0.00053789
v 0.0208492 0.019534 -0.00117301
v 0.0201276 0.0196529 -0.00113957
v 0.0199385 0.0195337 -0.00186608
v 0.0215856 0.019853 -0.00131861
v 0.0212764 0.0196416 -0.000699102
v 0.0206274 0.0195489 6.62437e-05
v 0.0208847 0.0195723 -0.00045973
v 0.0192832 0.0189437 -0.00077672
v 0.0199899 0.0193964 -0.000276884
v 0.0203114 0.0196247 -7.68747e-05
v 0.0215278 0.0198749 -0.00231721
v 0.0196859 0.0195371 -0.00723319
v 0.0207051 0.0196265 -0.00785455
v 0.0195482 0.0197701 -0.00813439
v 0.0212899 0.0197956 -0.00332637
v 0.0202401 0.0192968 -0.00350316
v 0.0206397 0.0193038 -0.00674513
v 0.0203011 0.0196903 -0.00873135
v 0.0192607 0.0198955 -0.00887519
v 0.0203758 0.0192919 -0.00592747
v 0.0200321 0.019184 -0.00492871
v 0.0208528 0.0194267 -0.00536949
v 0.0188674 0.0196822 -0.00660964
v 0.0197081 0.0192569 -0.00615505
v 0.0187248 0.0201304 -0.00828234
v 0.0182566 0.0203726 -0.00881234
v 0.0186927 0.0200032 -0.00752263
v 0.0199155 0.0195377 -0.00957955
v 0.018707 0.0193801 -0.010221
v 0.0187315 0.0200198 -0.00946665
v 0.019886 0.0194756 -0.00258566
v 0.0192753 0.0192512 -0.00198691
v 0.0208583 0.0195069 -0.00432231
v 0.0214046 0.0198633 -0.00479339
v 0.0207909 0.0194533 -0.00604217
v 0.0213874 0.0199491 -0.00404532
v 0.0187495 0.0195329 -0.0053287
v 0.0193281 0.0191691 -0.00405377
v 0.0193036 0.019315 -0.00297036
v 0.0182506 0.0189785 0.000676362
v 0.0141176 0.0224097 -0.00975664
v 0.0154571 0.0223203 -0.00906334
v 0.0152595 0.0218195 -0.00994808
v 0.0216119 0.019943 -0.000419657
v 0.0152995 0.0187124 0.00088117
v 0.0160153 0.0187552 0.000710421
v 0.0177773 0.0188461 -0.0007741
v 0.0185389 0.018995 -0.00155486
v 0.0154554 0.0185996 0.000256379
v 0.0176974 0.0201166 -0.00658463
v 0.0172756 0.0209728 -0.00889476
v 0.0176478 0.020697 -0.00805701
v 0.014711 0.022543 -0.00837866
v 0.013722 0.0228285 -0.00815645
v 0.0143023 0.022198 -0.00815314
v 0.0165611 0.0215766 -0.00847145
v 0.0163561 0.0210449 -0.00741561
v 0.0160736 0.0201878 -0.00621652
v 0.016327 0.021478 -0.00942153
v 0.0157409 0.0219674 -0.00816442
v 0.0150542 0.0217031 -0.00764995
v 0.0143794 0.0228896 -0.00906749
v 0.0134778 0.0233457 -0.0092334
v 0.0135579 0.0233554 -0.00856513
v 0.0173031 0.0196999 -0.00516881
v 0.0182416 0.0193571 -0.00365197
v 0.0150691 0.0212044 -0.00729862
v 0.0153838 0.0209235 -0.00703324
v 0.0135544 0.0219156 -0.00783899
v 0.0144748 0.0210736 -0.00726798
v 0.0185639 0.019253 -0.00243156
v 0.017346 0.0190936 -0.00220658
v 0.0126801 0.0231235 -0.00781114
v 0.0136486 0.0212974 -0.00723114
v 0.01561 0.019044 -0.00458288
v 0.016651 0.019317 -0.0040429
v 0.0161244 0.0195356 -0.00515132
v 0.0130631 0.0234205 -0.00810844
v 0.0122243 0.0238773 -0.00814614
v 0.0125678 0.0239777 -0.00878128
v 0.01287 0.0216817 -0.00692067
v 0.0124051 0.0227609 -0.00709904
v 0.0122702 0.0223769 -0.00636633
v 0.0115491 0.023291 -0.00607583
v 0.0112741 0.0247781 -0.00850855
v 0.0109403 0.0244934 -0.00757714
v 0.0114687 0.0235679 -0.0073135
v 0.0106163 0.0241279 -0.00658938
v 0.0158634 0.0189655 -0.00394705
v 0.0101555 0.0248495 -0.00567448
v 0.0108804 0.0241175 -0.00518819
v 0.0101845 0.0248192 -0.00695609
v 0.0104565 0.0247762 -0.00442227
v 0.00970951 0.0254291 -0.0067039
v 0.00879949 0.0261365 -0.00578059
v 0.0121924 0.0238347 -0.00923302
v 0.0146591 0.0200593 -0.00653337
v 0.0134904 0.0206436 -0.00678426
v 0.0150366 0.0193622 -0.00561317
v 0.0120423 0.0217558 -0.00255346
v 0.0124683 0.0205311 -0.00346162
v 0.0120478 0.0215517 -0.00457817
v 0.0152257 0.0186919 -0.0037859
v 0.0144761 0.0188223 -0.00456948
v 0.0128493 0.0205862 -0.00162116
v 0.0135905 0.0198122 -0.00132255
v 0.0131221 0.0196082 -0.00271916
v 0.0125607 0.0211571 -0.00589344
v 0.0134178 0.0195011 -0.00542158
v 0.0142989 0.019287 -0.000504349
v 0.0146568 0.0190055 -0.00141953
v 0.0140125 0.0193031 -0.0020254
v 0.0145584 0.0187028 -0.00360663
v 0.0161066 0.0189351 -0.00307749
v 0.0160138 0.0188988 -0.00198321
v 0.0119391 0.0223593 -0.00554042
v 0.0149238 0.0187642 -0.0025511
v 0.013691 0.0189539 -0.00358078
v 0.0114955 0.02293 -0.00441652
v 0.0166269 0.0187979 -0.000975619
v 0.015444 0.018706 -0.00118549
v 0.0125692 0.0204614 -0.00481868
v 0.0166811 0.0208022 -0.00985967
v 0.0161206 0.0202043 -0.0102973
v 0.0159044 0.0212057 -0.0101699
v 0.0148988 0.0187921 0.000135158
v 0.0128943 0.0197268 -0.00408236
v 0.0159147 0.0184808 -0.000267485
v 0.0115555 0.0230714 -0.0026449
v 0.0153539 0.0207393 -0.0108427
v 0.0152266 0.0185055 -0.00037611
v 0.0151207 0.0212814 -0.0104868
v 0.0180444 0.0201379 -0.00978154
v 0.0174301 0.0205874 -0.00970557
v 0.0174189 0.0199923 -0.0100934
v 0.0177715 0.0204747 -0.00935049
v 0.0177482 0.0193898 -0.0102947
v 0.0170703 0.0209169 -0.00943182
v 0.0169994 0.0191774 -0.0103914
v 0.0173403 0.0185195 -0.0108359
v 0.0165195 0.0184502 -0.0110875
v 0.0179879 0.0188947 -0.0106786
v 0.0148294 0.0188736 -0.000660629
v 0.0169069 0.0188613 0.000197927
v -0.0368601 0.0162402 0.00158065
v -0.0367902 0.0153589 0.0028832
v -0.0370657 0.0169017 0.00261164
v -0.0361881 0.0164359 -0.00768505
v -0.0372981 0.0117543 0.00576509
v -0.037884 0.0110523 0.00528903
v -0.0375752 0.0111392 0.0063695
v -0.0355489 0.0130636 -0.00905449
v -0.0358729 0.0142535 -0.00742154
v -0.0363433 0.0161607 -0.00199504
v -0.0362185 0.0169375 -0.00335831
v -0.0364394 0.0152692 -0.00334206
v -0.036795 0.0181787 0.000216745
v -0.0366399 0.0163318 -5.69504e-05
v -0.0369236 0.0172033 0.00134231
v -0.0364839 0.0187877 -0.00103909
v -0.0364136 0.0177269 -0.00163739
v -0.0358724 0.0182068 -0.00362068
v -0.0357937 0.0118992 -0.00842846
v -0.0356185 0.0126341 -0.0075408
v -0.0365365 0.012733 0.00259505
v -0.0367782 0.0119705 0.00131391
v -0.0372019 0.0117128 0.00279093
v -0.0349024 0.0127985 0.00953032
v -0.035865 0.0176695 -0.00502952
v -0.036402 0.0152349 -0.00127464
v -0.0361838 0.016132 -0.00478363
v -0.0363672 0.0132785 0.000838461
v -0.0365801 0.0140439 0.00221357
v -0.0354009 0.0123182 -0.0102725
v -0.0357163 0.0119283 -0.00946326
v -0.0361206 0.016699 -0.00610457
v -0.0364616 0.010832 -0.0108586
v -0.0361089 0.0113533 -0.010217
v -0.0363057 0.0113388 -0.00911793
v -0.0359309 0.0186629 -0.00590414
v -0.0358475 0.0184422 -0.00481741
v -0.0365775 0.0149931 0.00121697
v -0.0364585 0.0144431 -0.000330949
v -0.036015 0.0191134 -0.00266998
v -0.0342716 0.00645714 0.00117254
v -0.0350863 0.00701343 -0.00145039
v -0.0375194 0.0110868 -0.000278738
v -0.0377318 0.0109129 0.00110677
v -0.0374001 0.0114719 0.00093599
v -0.0370619 0.0119327 0.00690697
v -0.0359967 0.0150855 -0.006151
v -0.0373791 0.0102852 0.00628084
v -0.0373113 0.00955685 0.00528095
v -0.0356716 0.00907649 0.00705875
v -0.0372951 0.0110821 0.00716127
v -0.0371301 0.0105486 -0.00661593
v -0.0368866 0.0110374 -0.00755143
v -0.0367968 0.0107954 -0.00845718
v -0.0366548 0.0106906 0.00807176
v -0.03757 0.0112959 0.00186274
v -0.0378021 0.0103282 0.00231406
v -0.0377925 0.0110763 0.00308498
v -0.0367051 0.0126751 0.00598763
v -0.0365931 0.0140484 0.00679014
v -0.0365753 0.0138917 0.00594126
v -0.0365335 0.01306 0.00681723
v -0.0369899 0.0117079 5.5295e-05
v -0.0357351 0.0101096 0.00881774
v -0.0370966 0.0115984 0.00776043
v -0.0345113 0.00968056 0.00931739
v -0.0369074 0.0122069 0.00381095
v -0.037403 0.00879972 0.00102877
v -0.0375753 0.0100409 -0.00127995
v -0.037034 0.00844093 -0.00135162
v -0.0360403 0.0115985 0.00855952
v -0.0359033 0.0109977 0.00903768
v -0.0367782 0.0137124 0.00495159
v -0.036814 0.0150191 0.00478973
v -0.0367643 0.0138565 0.00361351
v -0.0366448 0.0171783 0.00608678
v -0.0369845 0.0163157 0.00551323
v -0.0366738 0.0164017 0.00654406
v -0.0361047 0.0120356 -0.00447712
v -0.0358018 0.0131662 -0.0059329
v -0.0360699 0.0117678 -0.0060854
v -0.0344938 0.00903912 0.00860668
v -0.0365082 0.0109669 -0.00941325
v -0.0365593 0.0102089 -0.00963002
v -0.0361434 0.0140313 -0.00346241
v -0.0361244 0.0144617 -0.00464166
v -0.0359819 0.0131119 -0.00397189
v -0.0379376 0.0102217 0.00423105
v -0.0373853 0.00911002 0.00356373
v -0.0365151 0.0157744 0.00835412
v -0.0365516 0.0118919 0.00823974
v -0.0368044 0.0125728 0.0076853
v -0.0363244 0.0143069 0.0083421
v -0.0357444 0.0129276 0.00880927
v -0.0354664 0.013667 0.00880938
v -0.0369639 0.0158308 0.00751483
v -0.036729 0.0143618 0.00735754
v -0.0363463 0.0121582 -0.000202488
v -0.0368211 0.0118247 -0.00143819
v -0.036426 0.019103 0.00225678
v -0.036727 0.0186567 0.00370873
v -0.0363348 0.0193545 0.00306598
v -0.0366587 0.0151715 0.00638019
v -0.0353627 0.0117854 0.0091409
v -0.0369575 0.0175542 0.00496235
v -0.0369787 0.0165007 0.00409804
v -0.0370282 0.0175331 0.00346902
v -0.0366586 0.0185784 0.00523677
v -0.0366112 0.0129026 0.00442967
v -0.0366647 0.012873 0.00365067
v -0.0367235 0.0134647 0.00735695
v -0.0368755 0.0181322 0.00210186
v -0.0359043 0.0197759 0.00168041
v -0.0361024 0.0196796 0.00255102
v -0.036568 0.0191187 0.00110812
v -0.0351268 0.0107719 0.00939989
v -0.0364163 0.0127525 0.00840008
v -0.0358789 0.012244 0.00864769
v -0.0361272 0.0121113 0.00835726
v -0.0356003 0.00750281 0.00345646
v -0.0375104 0.0115764 0.0036798
v -0.0366331 0.0135211 0.00785558
v -0.0376761 0.0101466 0.000698654
v -0.0362668 0.0121578 -0.00271068
v -0.0368356 0.0115873 -0.00325396
v -0.0362653 0.0132005 -0.000941132
v -0.0374948 0.0115516 0.00468351
v -0.0368699 0.0122701 0.0050798
v -0.0362863 0.0123238 -0.00161242
v -0.0379576 0.0111647 0.0041539
v -0.0376975 0.00963404 0.00180591
v -0.0367194 0.0129999 0.00527078
v -0.0373822 0.0110927 -0.00223227
v -0.036805 0.0133695 0.0055879
v -0.0357582 0.0122468 -0.00674148
v -0.0360923 0.0117297 -0.00738753
v -0.0357262 0.00717242 0.00169348
v -0.0363706 0.0075156 0.000631248
v -0.0363784 0.0141522 -0.00170207
v -0.0349168 0.0139109 0.00898932
v -0.0364528 0.0113863 -0.00809636
v -0.036506 0.0120542 -0.00188286
v -0.0361326 0.0131723 -0.0024411
v -0.0363253 0.0143146 -0.00275729
v -0.0366851 0.0113575 -0.00684169
v -0.037183 0.00978859 -0.0049368
v -0.0362509 0.0082926 -0.00447341
v -0.0371088 0.00928752 -0.00310071
v -0.0363642 0.0149843 -0.00218483
v -0.0373366 0.0103713 -0.0034132
v -0.0372219 0.0106869 -0.00476409
v -0.0368482 0.0112804 -0.00514565
v -0.0363394 0.00814553 -0.00286604
v -0.0359654 0.0141415 -0.00650049
v -0.0355773 0.0118235 -0.0110617
v -0.0366629 0.0180589 0.00598899
v -0.0364229 0.0186807 0.00593033
v -0.0371548 0.0110415 -0.00376191
v -0.0355889 0.0146485 0.0088105
v -0.0359703 0.0153559 0.00852669
v -0.0358976 0.0197187 0.000378369
v -0.036398 0.0192729 -0.000185655
v -0.0362334 0.0194322 -0.00124684
v -0.0358274 0.0198571 -0.000804622
v 0.0308457 0.0119913 -0.0115788
v 0.0300748 0.0112225 -0.0119834
v 0.0298062 0.0124159 -0.0117832
v 0.0312447 0.0105648 -0.0114309
v 0.0306786 0.0095055 -0.0120836
v 0.0297168 0.0102718 -0.0123873
v 0.032896 0.0126257 -0.0109287
v 0.0340467 0.0115575 -0.0103129
v 0.0322526 0.0116354 -0.0112134
v 0.0303713 0.0132246 -0.0117989
v 0.0317191 0.0129596 -0.0114337
v 0.0288996 0.0122281 -0.0119794
v 0.0259298 0.0147565 -0.0124794
v 0.0262168 0.0155787 -0.0121007
v 0.0268651 0.0143723 -0.0123916
v 0.0217888 0.0133929 -0.0127224
v 0.0227145 0.013706 -0.0126958
v 0.0237271 0.0145044 -0.0126752
v 0.0249725 0.0151959 -0.0123441
v 0.0252421 0.0143538 -0.0125259
v 0.0325893 0.0134892 -0.0108642
v 0.0317266 0.0141317 -0.010945
v 0.0308996 0.013978 -0.011445
v 0.0277765 0.0156271 -0.0118502
v 0.0288391 0.0107028 -0.0125356
v 0.029131 0.0113021 -0.0123844
v 0.0280686 0.0117596 -0.012504
v 0.0244936 0.00941147 -0.0124027
v 0.0253047 0.00856044 -0.012135
v 0.0254183 0.00959917 -0.0123386
v 0.0270879 0.00871142 -0.0120297
v 0.023586 0.0134425 -0.0124094
v 0.0240353 0.0124853 -0.0124397
v 0.0265799 0.0116296 -0.0127955
v 0.0251228 0.0117262 -0.0128597
v 0.0255675 0.0126622 -0.0125641
v 0.0246979 0.0135205 -0.0123157
v 0.0259986 0.0135745 -0.0121522
v 0.0245707 0.0102554 -0.0126972
v 0.0254384 0.00771635 -0.0121742
v 0.0261657 0.00766991 -0.0120022
v 0.0247108 0.00763475 -0.0122243
v 0.0259564 0.0105256 -0.0126958
v 0.0278475 0.0102863 -0.0125973
v 0.0260489 0.0142816 -0.0124053
v 0.024612 0.0110423 -0.0128814
v 0.0287289 0.00637932 -0.0124145
v 0.027116 0.00611841 -0.0123061
v 0.0267546 0.0127372 -0.0124722
v 0.0277574 0.00648784 -0.0122
v 0.0277536 0.0131146 -0.0120385
v 0.0268618 0.0134187 -0.0121488
v 0.0341044 0.0165216 -0.00802231
v 0.0344953 0.0153414 -0.00817208
v 0.0336266 0.0155007 -0.00906136
v 0.0346784 0.0130774 -0.00952692
v 0.035234 0.0134035 -0.0086798
v 0.0352634 0.0124526 -0.00887897
v 0.0335791 0.01474 -0.00994531
v 0.03455 0.0142879 -0.00896839
v 0.0337251 0.0135654 -0.0103784
v 0.035327 0.0147802 -0.00760089
v 0.0326943 0.0145 -0.0105739
v 0.0349256 0.0159882 -0.00746386
v 0.0361899 0.014445 -0.00634383
v 0.0359227 0.0133654 -0.00780051
v 0.0348373 0.0171144 -0.00666168
v 0.0352572 0.0139116 -0.00821707
v 0.0366994 0.0127345 -0.00657309
v 0.0356583 0.0160459 -0.00640672
v 0.0362315 0.016002 -0.00517219
v 0.0366765 0.0110798 -0.00651431
v 0.035363 0.00988315 -0.00811798
v 0.0360401 0.0117261 -0.00783278
v 0.0364763 0.0147875 -0.00522437
v 0.0325319 0.0156317 -0.0101376
v 0.0372636 0.0118006 -0.00516524
v 0.0351766 0.0112789 -0.00889899
v 0.0308571 0.0167773 -0.0103326
v 0.0318723 0.016639 -0.0100086
v 0.0312165 0.0159282 -0.0107276
v 0.0312621 0.0172974 -0.00940286
v 0.0320969 0.0169831 -0.00930602
v 0.0302375 0.0164883 -0.0108372
v 0.0323028 0.017435 -0.00862919
v 0.0301675 0.0156745 -0.0111028
v 0.0291038 0.0133482 -0.0119907
v 0.0283019 0.0142521 -0.0121772
v 0.0312543 0.0153467 -0.0109536
v 0.030927 0.0149738 -0.0110328
v 0.0328478 0.0165493 -0.00902979
v 0.0295861 0.0147104 -0.0116807
v 0.0291116 0.0164064 -0.0110382
v 0.0317509 0.0151194 -0.0107621
v 0.0379314 0.0107821 0.000714105
v 0.0379576 0.0118628 0.000175613
v 0.0377434 0.0118504 0.002022
v 0.0378954 0.0103048 -0.00281413
v 0.0378288 0.0102956 -0.0011271
v 0.0378636 0.00908257 -0.00187478
v 0.0362331 0.00878264 -0.00603202
v 0.0375175 0.00961627 -0.00393673
v 0.0370132 0.00834494 -0.00366361
v 0.0378427 0.00977774 0.000419396
v 0.0379053 0.0115711 -0.00115012
v 0.0378962 0.0114256 -0.00290129
v 0.0377212 0.0124009 -0.00245937
v 0.0377689 0.0125054 -0.000921237
v 0.0378834 0.00941919 -0.00049949
v 0.0376364 0.0108876 -0.00400263
v 0.0376258 0.0117283 -0.00417453
v 0.0376416 0.012763 0.000403304
v 0.0371633 0.0102998 -0.00533147
v 0.0374089 0.01257 -0.00397638
v 0.0365555 0.00992643 -0.0063625
v 0.0373404 0.0131649 -0.00196191
v 0.0372482 0.0140616 -0.00186935
v 0.0372395 0.0143072 -0.000809794
v 0.0375178 0.0134297 -0.000776734
v 0.0372613 0.0130215 -0.00304237
v 0.0378155 0.0108181 0.00216549
v 0.0374196 0.013153 0.00168168
v 0.0373127 0.0140448 0.000456044
v 0.0373244 0.0128399 0.00289065
v 0.0370932 0.0152162 -0.00163825
v 0.0368581 0.0149462 -0.000431524
v 0.0367748 0.0161547 -0.000679566
v 0.0288897 0.00867542 -0.0124282
v 0.0332748 0.0171482 -0.00813332
v 0.0291754 0.00977914 -0.0125249
v 0.0283577 0.0076655 -0.012232
v 0.0292083 0.00741323 -0.0123981
v 0.0338405 0.0175176 -0.0072909
v 0.0297083 0.00791218 -0.0126445
v 0.0368714 0.0135513 -0.00393639
v 0.0368873 0.0134803 -0.00523364
v 0.0366611 0.0144293 -0.00451193
v 0.0366236 0.0149601 -0.00400711
v 0.0367458 0.0144171 -0.00347035
v 0.0366491 0.0154271 -0.00445856
v 0.0369226 0.016487 -0.00189544
v 0.0368605 0.0156348 -0.00318797
v 0.0364363 0.0164286 -0.00391328
v 0.0276316 0.00732066 -0.0120326
v 0.0269383 0.00749372 -0.0119699
v 0.0281943 0.00692745 -0.0122854
v 0.027236 0.0068013 -0.0121621
v 0.0299009 0.00891348 -0.0125152
v 0.0296875 0.00711443 -0.0126303
v 0.0324996 0.0102403 -0.0109613
v 0.0305635 0.00759973 -0.0125798
v 0.0315853 0.00945105 -0.011401
v 0.0296528 0.006283 -0.012891
v 0.0314225 0.0084201 -0.0117511
v 0.0323053 0.00884699 -0.0109223
v 0.031829 0.00730016 -0.0116046
v 0.0345956 0.010454 -0.00945149
v 0.0336995 0.00983616 -0.0103547
v 0.0305522 0.00594481 -0.0127607
v 0.0344606 0.0095902 -0.00951365
v 0.0326635 0.00652539 -0.0101805
v 0.0339147 0.0069917 -0.00762251
v 0.033566 0.00849916 -0.009955
v 0.0314089 0.00563796 -0.0119213
v 0.0370522 0.0147279 -0.00262533
v 0.0370725 0.0142441 -0.00270247
v 0.0344364 0.0081213 -0.00842209
v 0.0370723 0.0137236 -0.00287979
v -0.0279103 0.0136715 -0.00149563
v -0.0290263 0.0136526 -0.00171209
v -0.0280736 0.0138154 -0.000709877
v -0.030581 0.0139409 -0.00281273
v -0.0306157 0.0137331 -0.00408029
v -0.0315558 0.0138028 -0.00282815
v -0.0255477 0.013601 -0.000574348
v -0.0269361 0.0137215 -0.00129123
v -0.0267307 0.0136241 -0.000122114
v -0.0251609 0.0136247 -0.0019626
v -0.0275407 0.0136428 -0.00184166
v -0.0260345 0.0135915 -0.00164013
v -0.0267418 0.0135616 -0.00203034
v -0.0306521 0.0136533 -0.00914843
v -0.0357254 0.0193281 -0.00627289
v -0.0353898 0.0198544 -0.00563641
v -0.0357604 0.0190765 -0.00468042
v -0.0258017 0.0135318 -0.00337143
v -0.0277143 0.0138816 -0.00233376
v -0.0282909 0.013779 -0.00214058
v -0.0347932 0.020031 -0.00679081
v -0.0272009 0.0137353 -0.00206691
v -0.0311399 0.0136338 -0.00809236
v -0.0305233 0.0135443 -0.00735063
v -0.0294734 0.0133252 -0.00825755
v -0.0336699 0.0160348 -0.00735534
v -0.0335024 0.0149087 -0.00723325
v -0.0333357 0.0151352 -0.00822807
v -0.033267 0.013943 -0.0039646
v -0.0328447 0.0137693 -0.00267562
v -0.0322729 0.0137332 -0.00423038
v -0.0295257 0.0137918 -0.00558217
v -0.0285886 0.0136062 -0.00644377
v -0.0303407 0.0136775 -0.00633106
v -0.0302878 0.0138938 -0.00526671
v -0.0297456 0.0139923 -0.00522941
v -0.0263605 0.0134915 -0.00256695
v -0.0274053 0.0137564 -0.00287686
v -0.0316496 0.0136347 -0.00676783
v -0.0314438 0.0138506 -0.0054343
v -0.0334069 0.0142566 -0.0063029
v -0.0329952 0.0143305 -0.00802
v -0.0288285 0.0136369 -0.00375142
v -0.02964 0.0137873 -0.00476041
v -0.0324072 0.0138495 -0.00543383
v -0.0321326 0.0138495 -0.00596719
v -0.0326119 0.0138679 -0.00615498
v -0.0282606 0.0138291 -0.00279169
v -0.028761 0.0138342 -0.00513236
v -0.0329899 0.0139009 -0.00515609
v -0.0258359 0.0135095 -0.00451895
v -0.0268621 0.0137121 -0.00359518
v -0.0279652 0.0138255 -0.00539813
v -0.0298382 0.0138229 -0.00316495
v -0.0277347 0.0133929 -0.00750904
v -0.0276662 0.0133864 -0.008642
v -0.0356007 0.0196445 -0.0041138
v -0.0276312 0.0137338 -0.00455008
v -0.0290457 0.0138962 -0.00265812
v -0.0276588 0.0136315 -0.00373678
v -0.0270804 0.0136492 0.000777887
v -0.0276169 0.0139575 1.72612e-05
v -0.0265911 0.0136521 -0.00441032
v -0.0269395 0.0135911 -0.00556585
v -0.0263771 0.0134443 -0.00497553
v -0.0259251 0.0134274 -0.00693652
v -0.0269207 0.0133884 -0.00668841
v -0.0258356 0.0134131 -0.00622814
v -0.0297169 0.0135081 -0.00713881
v -0.0262337 0.0134222 -0.00769935
v -0.0258278 0.0136818 0.000165327
v -0.0305575 0.0136689 -0.00162645
v -0.0298834 0.013834 -0.00242392
v -0.0322931 0.0138375 -0.000173281
v -0.0314154 0.0136683 0.000963603
v -0.0313978 0.0137914 -0.000485747
v -0.0302889 0.013928 -0.000127936
v -0.0294111 0.0137666 -0.000841294
v -0.0346399 0.0202502 -0.00542212
v -0.0352107 0.020232 -0.00436488
v -0.0295005 0.0135355 0.00187188
v -0.028965 0.0136561 0.000984535
v -0.030116 0.0138008 0.00102333
v -0.035118 0.0201594 -0.00290488
v -0.0355854 0.0198042 -0.00314177
v -0.0357649 0.0198129 -0.00209058
v -0.0345596 0.0202219 -0.00421672
v -0.0347833 0.0203659 -0.00470634
v -0.030492 0.0135358 0.00207087
v -0.0314181 0.0136004 0.00230379
v -0.0320011 0.013679 -0.00149392
v -0.034104 0.0142172 0.00157739
v -0.0335176 0.0137797 0.00112825
v -0.033817 0.0141264 -0.000244726
v -0.0325535 0.0136287 0.0018812
v -0.0294547 0.013928 -0.00517508
v -0.0343794 0.0201046 -0.00295283
v -0.0338695 0.0144219 0.00311549
v -0.0323961 0.0137619 -0.00743146
v -0.0341486 0.0198654 -0.00665621
v -0.0335013 0.0138901 0.00226613
v -0.0336727 0.0190135 -0.0067004
v -0.0338439 0.0196358 -0.00748173
v -0.033703 0.0151553 -0.00640185
v -0.0271954 0.0136838 0.0014577
v -0.0278508 0.0135788 0.00124197
v -0.0281846 0.0138514 0.000477858
v -0.0335393 0.0142794 -0.00490554
v -0.0337965 0.0150135 -0.00518711
v -0.0337782 0.0146724 -0.00396225
v -0.0337135 0.0141543 -0.0028892
v -0.0281937 0.0140333 -0.000133498
v -0.0342619 0.0199945 -0.00498073
v -0.0339162 0.0198448 -0.00554735
v -0.0339905 0.0198562 -0.0044417
v -0.0335721 0.0139557 -0.00175932
v -0.034187 0.0146334 -0.00161492
v -0.0297007 0.0137741 0.000472933
v -0.0289749 0.0139348 -2.83944e-05
v -0.0340853 0.0199928 -0.00364346
v -0.0336729 0.0174568 -0.00583543
v -0.0342901 0.0162072 0.00135992
v -0.0342889 0.0157172 -0.000567026
v -0.0340198 0.0173706 0.000255683
v -0.0339099 0.0160217 -0.00389921
v -0.0329953 0.0138339 -0.000982438
v -0.0338039 0.0159196 -0.00567433
v -0.0336569 0.0189753 -0.0048617
v -0.0337588 0.0195088 -0.00290954
v -0.0340054 0.0149546 -0.00296278
v -0.0348159 0.020101 -0.00181429
v -0.0346865 0.0200494 -0.000751635
v -0.034245 0.0199245 -0.00162153
v -0.0336456 0.0179974 -0.00332132
v -0.0341569 0.0156467 -0.00212696
v -0.0342111 0.0147809 -0.000448438
v -0.0329956 0.0137001 0.000399623
v -0.0342775 0.0197422 -0.000329469
v -0.0337585 0.0184389 -0.00127095
v -0.0340814 0.0174651 0.001835
v -0.0342868 0.0149811 0.000677366
v -0.0339429 0.0194586 -0.0010106
v -0.0346173 0.0199785 0.000649731
v -0.0340578 0.0189503 0.00101906
v -0.032394 0.0136815 0.000771461
v -0.0349041 0.0201993 0.00169369
v -0.0343575 0.0198847 0.00200389
v -0.0342519 0.0152713 0.00231239
v -0.0338983 0.0169866 -0.0017818
v -0.035208 0.0201643 -0.000897505
v -0.0353699 0.0200452 -0.00172801
v -0.0353575 0.0202616 0.00202724
v -0.0353812 0.0202242 0.000885174
v -0.0350564 0.020171 -4.62808e-05
v -0.0354938 0.0201252 -8.95515e-05
v -0.0275196 0.0134295 -0.00949158
v -0.0270537 0.00768184 -0.0155914
v -0.0259321 0.0067124 -0.0162803
v -0.0264941 0.0069228 -0.0154845
v -0.0285132 0.00887083 -0.0156034
v -0.0267385 0.00869172 -0.0156481
v -0.0255851 0.00457646 -0.014852
v -0.026362 0.00619857 -0.0153438
v -0.0253771 0.00529077 -0.016491
v -0.0276419 0.0062453 -0.0138747
v -0.0293743 0.00767945 -0.0145039
v -0.0272957 0.00705646 -0.014944
v -0.0341331 0.00934707 -0.0145334
v -0.0332839 0.00967844 -0.0151268
v -0.0349172 0.00928136 -0.013593
v -0.0327289 0.00837912 -0.0140634
v -0.0310895 0.0091032 -0.0152656
v -0.0246469 0.00849505 -0.0166429
v -0.0250917 0.00735616 -0.0167418
v -0.0255231 0.00810807 -0.0164933
v -0.0266717 0.00458016 -0.0115548
v -0.0306815 0.00671934 -0.0113098
v -0.0258023 0.00897031 -0.0158663
v -0.0257082 0.00842058 -0.0161748
v -0.0259826 0.00814395 -0.0158194
v -0.0242808 0.00394623 -0.0165738
v -0.0354642 0.00889285 -0.0116324
v -0.033825 0.00791534 -0.0121838
v -0.0253128 0.00887342 -0.0163788
v -0.0263416 0.00924285 -0.0159187
v -0.0259412 0.00992804 -0.0159303
v -0.0234623 0.0106204 -0.0164529
v -0.0238176 0.0116066 -0.0162176
v -0.0222088 0.01165 -0.0164101
v -0.0199124 0.0021223 -0.0163765
v -0.0179383 0.00158598 -0.015433
v -0.0208387 0.00181781 -0.0142222
v -0.0264572 0.0126589 -0.0162657
v -0.0265132 0.011017 -0.0163928
v -0.0276176 0.0118678 -0.0158674
v -0.0298909 0.00994407 -0.015726
v -0.0225383 0.00330247 -0.0168694
v -0.0229835 0.00287922 -0.015784
v -0.021557 0.00255327 -0.0162523
v -0.020958 0.0030969 -0.0169123
v -0.0244003 0.0107818 -0.0162842
v -0.0293928 0.0138667 -0.0158691
v -0.0292986 0.0128451 -0.0159387
v -0.0306494 0.0130428 -0.0157498
v -0.0251169 0.0104031 -0.0160208
v -0.024654 0.009732 -0.0165553
v -0.0253405 0.00957646 -0.0162115
v -0.0241739 0.00326558 -0.0138335
v -0.0332592 0.0108177 -0.0154275
v -0.0340302 0.0104388 -0.0152027
v -0.0321266 0.0137889 -0.0155232
v -0.0322931 0.0146603 -0.0153143
v -0.0290027 0.0105808 -0.0157088
v -0.0303141 0.0111478 -0.0160233
v -0.0367861 0.00978886 -0.00791119
v -0.0289304 0.0120694 -0.0158762
v -0.0300986 0.0122193 -0.0159634
v -0.0250357 0.011381 -0.0163217
v -0.025348 0.0124532 -0.0165108
v -0.0321854 0.0111792 -0.0159016
v -0.0242819 0.0123613 -0.0163517
v -0.0230294 0.012741 -0.0161763
v -0.0253864 0.0133656 -0.0164194
v -0.0240047 0.0135353 -0.0164396
v -0.0178683 0.00106623 -0.0137367
v -0.0318126 0.0102087 -0.0157082
v -0.0347739 0.00764861 -0.00723353
v -0.0337114 0.00733962 -0.00926002
v -0.019795 0.00281613 -0.0169222
v -0.0196875 0.00351216 -0.0169478
v -0.0183682 0.00274195 -0.0167668
v -0.0220256 0.00390883 -0.0169708
v -0.0182175 0.00377341 -0.0168558
v -0.0181466 0.00426247 -0.0165805
v -0.0210101 0.00373893 -0.0167249
v -0.0231198 0.00427755 -0.0170694
v -0.0240214 0.00517832 -0.0169968
v -0.0190626 0.0041122 -0.0164559
v -0.0177587 0.00488396 -0.0164604
v -0.0171478 0.00518679 -0.0164344
v -0.0205169 0.00426813 -0.0163609
v -0.0215647 0.00412436 -0.0165687
v -0.023265 0.00488608 -0.0169715
v -0.0173951 0.00571494 -0.0161522
v -0.0225246 0.0046397 -0.0166655
v -0.0184431 0.0046378 -0.0162422
v -0.0232288 0.00540369 -0.0167284
v -0.0247821 0.00627001 -0.0168849
v -0.0194407 0.0050989 -0.0161052
v -0.0315011 0.0120647 -0.0159604
v -0.0182755 0.00542237 -0.016227
v -0.0207578 0.0117128 -0.0165503
v -0.0212438 0.0109553 -0.0167207
v -0.0349092 0.00762917 -0.00546488
v -0.0341668 0.00699608 -0.00404991
v -0.0319633 0.0133974 -0.0156754
v -0.0315286 0.0135991 -0.0156941
v -0.0305723 0.014225 -0.0158534
v -0.0216493 0.00471653 -0.0163133
v -0.0238478 0.00608658 -0.0169667
v -0.0208138 0.0054224 -0.0160532
v -0.0359685 0.00863599 -0.00968344
v -0.0320743 0.0130584 -0.0156952
v -0.0345701 0.00707381 -0.00317792
v -0.0222328 0.00560977 -0.0162603
v -0.0186719 0.00647773 -0.0157823
v -0.0190705 0.0077091 -0.0153329
v -0.0199341 0.00596522 -0.0156183
v -0.0179583 0.00606542 -0.016182
v -0.0199292 0.00786649 -0.0151908
v -0.0208891 0.00840812 -0.0156041
v -0.0195779 0.00877668 -0.0155929
v -0.0286872 0.0112362 -0.0157966
v -0.0241977 0.00777443 -0.0168916
v -0.0240642 0.00691314 -0.0168435
v -0.0207015 0.00645154 -0.0154616
v -0.0186077 0.00857665 -0.0158797
v -0.0232385 0.00640749 -0.0164729
v -0.0222533 0.00682728 -0.0162161
v -0.0232716 0.00762256 -0.016435
v -0.0198144 0.00684216 -0.0151552
v -0.0256243 0.0107593 -0.0161289
v -0.022256 0.0102195 -0.0168331
v -0.0247869 0.0142927 -0.01628
v -0.0237352 0.00838431 -0.0167856
v -0.0271167 0.0096116 -0.0162685
v -0.0215222 0.00626795 -0.0159446
v -0.0213385 0.00718402 -0.0156717
v -0.0229531 0.0086834 -0.0166081
v -0.0206363 0.00733905 -0.015184
v -0.0223664 0.0138383 -0.0162954
v -0.0367441 0.00911914 -0.00627108
v -0.0227282 0.015533 -0.0159039
v -0.022789 0.0145656 -0.0162856
v -0.0237422 0.0146279 -0.0162948
v -0.0278349 0.0133599 -0.0158813
v -0.0235061 0.00936117 -0.0166643
v -0.0362441 0.00864502 -0.00724295
v -0.036383 0.00899713 -0.00853165
v -0.0225952 0.00940229 -0.0167498
v -0.0220502 0.00803496 -0.0161361
v -0.0251809 0.0147519 -0.015941
v -0.0242454 0.0151353 -0.0159228
v -0.0260909 0.0140035 -0.0160435
v -0.0259886 0.0151103 -0.015842
v -0.0270139 0.0145389 -0.0157609
v -0.0203248 0.0102318 -0.0163196
v -0.02181 0.00916396 -0.016287
v -0.0274089 0.0102734 -0.0161276
v -0.0278754 0.0108235 -0.0159201
v -0.0283051 0.00993134 -0.0157632
v -0.0220358 0.0131319 -0.0160411
v -0.0221378 0.012593 -0.0161549
v -0.036354 0.010005 -0.0112114
v -0.0286218 0.0144326 -0.015779
v -0.027866 0.014641 -0.0158849
v -0.0233914 0.00228139 -0.00982971
v -0.0181878 0.000545074 -0.0108959
v -0.0242611 0.00362216 -0.0154601
v -0.0255067 0.0040855 -0.0136873
v -0.0259103 0.0074807 -0.016178
v 0.00597485 0.0125943 -0.0125673
v 0.00598485 0.0131382 -0.0126316
v 0.00691586 0.0127363 -0.0123488
v 0.015573 0.018009 -0.0116012
v 0.0144104 0.0186525 -0.0119985
v 0.0152339 0.019294 -0.0115657
v 0.0148315 0.0125064 -0.0117211
v 0.0145352 0.011845 -0.0119361
v 0.0140234 0.012526 -0.0118947
v 0.00661668 0.0139232 -0.012718
v 0.0172436 0.0120857 -0.0117019
v 0.0161955 0.0111941 -0.0116422
v 0.0150346 0.0133546 -0.0119084
v 0.00820513 0.00916417 -0.0122789
v 0.00948578 0.00890564 -0.0122435
v 0.00710242 0.00820764 -0.0125777
v 0.0180029 0.0132349 -0.0118933
v 0.0103787 0.00673925 -0.0125666
v 0.00918724 0.00629233 -0.0126053
v 0.00925232 0.00741776 -0.01255
v 0.0165405 0.0121398 -0.0116005
v 0.0175708 0.0142651 -0.0117416
v 0.0187992 0.0145994 -0.011904
v 0.0184024 0.0160855 -0.0119285
v 0.0196737 0.0157896 -0.0120071
v 0.0118714 0.0118978 -0.0121671
v 0.0120192 0.0129964 -0.0120075
v 0.0128967 0.0124927 -0.0119639
v 0.0156641 0.0122685 -0.01181
v 0.0168897 0.0130562 -0.0116186
v 0.0176819 0.015288 -0.0117843
v 0.0170565 0.0147811 -0.0116045
v 0.0174767 0.0162956 -0.0115976
v 0.0179346 0.0164719 -0.0115832
v 0.00522124 0.0127771 -0.0125871
v 0.00535018 0.0137184 -0.0127621
v 0.0158456 0.0192842 -0.0107759
v -0.00328113 0.017823 -0.0132669
v -0.00327883 0.0165986 -0.0135509
v 0.0161477 0.0135352 -0.0118753
v 0.0167894 0.0140713 -0.0116897
v 0.0168232 0.0155074 -0.0115835
v 0.0179475 0.0170434 -0.0114657
v 0.00862134 0.0053192 -0.0126762
v 0.00745946 0.00615774 -0.0127043
v 0.0132637 0.0113746 -0.0120345
v 0.0147486 0.0105769 -0.0119493
v 0.013178 0.0101706 -0.0118932
v 0.0105121 0.00618382 -0.012483
v 0.00833072 0.0124589 -0.0123184
v 0.00840511 0.0138924 -0.0124712
v 0.0117085 0.00633376 -0.0123422
v 0.00160255 0.0112169 -0.0129093
v 0.00604327 0.00683971 -0.0129624
v 0.0124281 0.00511729 -0.0123127
v 0.0104609 0.00579076 -0.0126584
v 0.00644292 0.00543951 -0.0131386
v 0.0105861 0.0115716 -0.0122819
v 0.00917774 0.0114267 -0.0124256
v 0.00972335 0.0127759 -0.0122861
v 0.00480042 0.00757112 -0.0129171
v 0.00492872 0.00874959 -0.0126402
v 0.00414984 0.0133081 -0.0127846
v 0.0112077 0.00779711 -0.0121787
v 0.00271823 0.0104994 -0.0127314
v 0.00160553 0.0104504 -0.0128659
v 0.00841136 0.0102184 -0.0122282
v 0.0109755 0.0125339 -0.0120211
v 0.00618539 0.00938638 -0.0123909
v 0.00656558 0.0105379 -0.0122401
v 0.00743531 0.00954487 -0.0122566
v 0.00447665 0.0117186 -0.0127229
v 0.00591594 0.0118535 -0.0126558
v 0.0135282 0.0137658 -0.0121359
v 0.0033744 0.00915517 -0.0125981
v 0.0047597 0.0102219 -0.0124545
v 0.0150594 0.00904529 -0.0113525
v 0.0025996 0.01268 -0.0127321
v 0.00519283 0.0115773 -0.0127218
v 0.0122231 0.0141558 -0.0121108
v 0.0109732 0.0137004 -0.012273
v 0.00788935 0.00690236 -0.012744
v 0.00759084 0.0115429 -0.0124788
v 0.0118425 0.0105018 -0.012082
v 0.0053506 0.0111819 -0.0125542
v 0.0101503 0.010283 -0.012174
v 0.011159 0.00928347 -0.0119761
v 0.0138812 0.0091322 -0.0113927
v 0.0159839 0.0145685 -0.0118633
v 0.01582 0.0188031 -0.0113002
v -0.00271955 0.0160715 -0.0135383
v -0.00200602 0.0152808 -0.0133779
v -0.00192736 0.0161176 -0.0132616
v -0.00227968 0.0169983 -0.0132938
v 0.0125405 0.00915589 -0.0116604
v 0.0166112 0.0163152 -0.0115375
v 0.0167754 0.0172673 -0.011449
v 0.0173814 0.017861 -0.0111296
v 0.015354 0.0199823 -0.0108987
v 0.01498 0.0203538 -0.0116593
v -0.00297526 0.0188611 -0.01303
v -0.00150326 0.0157011 -0.0131795
v -0.00194518 0.0184273 -0.0131712
v 0.0158364 0.0158201 -0.0119023
v 0.0128524 0.00715588 -0.0120252
v -0.000796239 0.01529 -0.0134095
v -0.00101954 0.0163152 -0.0131881
v 0.0149103 0.0144337 -0.0118478
v 0.0153151 0.0150274 -0.0119285
v 0.0160086 0.016808 -0.0116798
v 0.0118563 0.00863473 -0.0118297
v -0.00115939 0.0175062 -0.0132762
v 0.0133062 0.00801693 -0.0113601
v 0.00318604 0.0144161 -0.0128468
v 0.00455618 0.0147338 -0.0128525
v 0.000300113 0.0138489 -0.0133261
v 0.0144881 0.0153531 -0.0120081
v 0.0150555 0.0167433 -0.0117775
v -0.000472364 0.0184046 -0.0130375
v 0.000420306 0.0182704 -0.0129016
v 0.000486083 0.017708 -0.0130138
v 0.00144795 0.014199 -0.013195
v 0.000152491 0.0146236 -0.0134269
v 0.000513928 0.0157178 -0.0130908
v 0.0130495 0.0152135 -0.0120876
v 0.0145204 0.0176212 -0.0118176
v 0.00129537 0.0180085 -0.0127041
v 0.00561694 0.0164482 -0.0127289
v 0.00708458 0.0164644 -0.0126107
v 0.0063586 0.0156917 -0.0126531
v 0.0137341 0.0167006 -0.0119972
v 0.0123124 0.00818046 -0.0116584
v 0.0145361 0.0195996 -0.0119374
v 0.00207392 0.0170229 -0.0127313
v 0.00114596 0.0168848 -0.0130938
v 0.00221374 0.0159798 -0.0128989
v 0.00983794 0.0139792 -0.0124105
v 0.0114468 0.0151548 -0.0122495
v 0.0125436 0.0162204 -0.0121643
v 0.0138497 0.0194307 -0.0118874
v 0.00584654 0.0148995 -0.0127613
v 0.013331 0.0186046 -0.0117013
v 0.00227747 0.0176723 -0.0124989
v 0.0125094 0.0175007 -0.0119305
v 0.0137579 0.0178399 -0.011779
v 0.00301904 0.0170578 -0.0128745
v 0.00412497 0.0160162 -0.0128875
v 0.00512383 0.0154679 -0.012875
v 0.00580341 0.0156904 -0.0128082
v 0.0108488 0.0160935 -0.012344
v 0.0117279 0.0164359 -0.0122142
v 0.00979417 0.0152063 -0.0124065
v 0.0131617 0.0193401 -0.0113415
v 0.00278569 0.0178543 -0.0126764
v -9.61187e-05 0.0170934 -0.0131485
v 0.00735382 0.0151892 -0.0126704
v 0.0111299 0.0170374 -0.0121388
v 0.00850963 0.0151643 -0.0123996
v 0.0122904 0.0186906 -0.011548
v 0.00231403 0.0184592 -0.012377
v 0.00340237 0.018242 -0.0126637
v 0.00418762 0.0173307 -0.0127538
v 0.010078 0.016469 -0.0122358
v 0.00874169 0.0164437 -0.0124882
v 0.0101934 0.0176281 -0.0119301
v 0.0114103 0.0179147 -0.0117928
v 0.0111614 0.0186642 -0.0114848
v 0.0105566 0.014513 -0.0122089
v 0.00663155 0.0175623 -0.0127015
v 0.00531009 0.0174434 -0.0127046
v 0.00776929 0.0173419 -0.0124035
v 0.00479809 0.0167622 -0.0126627
v 0.0100196 0.0186545 -0.01135
v 0.00464313 0.0182467 -0.0123896
v 0.00574827 0.0181808 -0.0122523
v 0.00883119 0.0178971 -0.011933
v 0.00761857 0.0181844 -0.0119164
v 0.0122496 0.00430067 -0.0115437
v 0.0144309 0.00444301 -0.0114882
v 0.00532854 0.0197325 -0.0096671
v 0.00449809 0.0197826 -0.0101426
v 0.00454233 0.0206261 -0.0095689
v 0.00709299 0.0189491 -0.0110887
v 0.00667673 0.0183315 -0.0120445
v 0.00611392 0.0186665 -0.0116507
v 0.0088044 0.0252204 -0.008939
v 0.0079284 0.0255926 -0.0087363
v 0.00885879 0.0257537 -0.00845681
v 0.00301475 0.0226784 -0.0106745
v 0.00257974 0.0219365 -0.0109003
v 0.00208697 0.023093 -0.0106332
v 0.00918158 0.0193937 -0.00936673
v 0.00832665 0.019443 -0.00899758
v 0.00943255 0.0195251 -0.00873369
v -0.000250654 0.0194766 -0.0122164
v 0.000476408 0.0188138 -0.0125756
v 0.010113 0.0194384 -0.00929892
v 0.0135341 0.0211492 -0.0115566
v 0.0142252 0.0210843 -0.0117487
v 0.0134509 0.0203387 -0.011698
v 0.0144728 0.0214586 -0.0106267
v 0.00280811 0.0200926 -0.0115686
v 0.00372359 0.0194831 -0.0116659
v 0.00303095 0.0191187 -0.0120621
v 0.012353 0.0192703 -0.0108788
v 0.00360013 0.0201616 -0.011245
v 0.0030503 0.0209634 -0.0111973
v 0.00380479 0.0206627 -0.0107999
v 0.00659372 0.0215725 -0.00856743
v 0.00627654 0.0204928 -0.00867799
v 0.00582554 0.0213186 -0.00870271
v 0.00564698 0.01925 -0.0108389
v 0.006493 0.0193612 -0.0100033
v 0.00506879 0.0209805 -0.00893202
v 0.0090013 0.0204053 -0.00844999
v 0.0106784 0.0200641 -0.00859419
v 0.000229962 0.0220627 -0.00893413
v 0.000948555 0.0226421 -0.00956136
v 0.000943796 0.021439 -0.00975296
v 0.00761418 0.0194221 -0.0100226
v 0.00853806 0.0194824 -0.0100409
v 0.00660666 0.0234518 -0.00862851
v 0.0082407 0.0218997 -0.00850715
v 0.00442219 0.019659 -0.0110758
v 0.00520476 0.0188632 -0.0117702
v -0.00407692 0.0201604 -0.0120776
v -0.0045061 0.0202506 -0.0112814
v 0.0105024 0.0195516 -0.0100667
v 0.0111501 0.0194499 -0.0108337
v 0.0100228 0.0191666 -0.0106343
v -0.000344925 0.0204464 -0.00933949
v -0.00146865 0.020591 -0.00947685
v -0.000711022 0.0213986 -0.00902105
v 0.00313253 0.0245158 -0.00979331
v 0.00374481 0.0249247 -0.00914257
v 0.00413272 0.0232567 -0.00941836
v 0.00606588 0.0197082 -0.00904655
v 0.00713844 0.0194893 -0.00916798
v 0.00132462 0.0191417 -0.0123595
v 0.00748973 0.0203143 -0.00856748
v 0.00675124 0.0198315 -0.00871197
v 0.00418366 0.021647 -0.00950312
v 0.00947472 0.0194509 -0.0100395
v 0.00873969 0.0189319 -0.0109965
v -0.000781884 0.019994 -0.00997754
v -0.00193643 0.0200531 -0.0100648
v 0.00238694 0.0254836 -0.00938389
v 0.00334345 0.0260905 -0.00871208
v -0.00373103 0.0230818 -0.00935258
v -0.00228389 0.0216483 -0.00920575
v -0.00385713 0.021611 -0.00949311
v 0.00600557 0.0245226 -0.00887199
v 0.00688281 0.0249786 -0.00884946
v 0.00511051 0.0242739 -0.00905083
v 0.00803701 0.0192579 -0.0105893
v 0.000127618 0.0252759 -0.00956343
v 0.00118074 0.0251646 -0.00943928
v 0.00053364 0.0246725 -0.00951324
v 0.00568641 0.0251759 -0.00895609
v 0.0130784 0.0198849 -0.0107832
v 0.0061356 0.0263131 -0.00822076
v 0.00564243 0.0258328 -0.00867805
v 0.0046417 0.0264524 -0.00821779
v 0.00822371 0.0248577 -0.00887108
v 0.00823235 0.0237189 -0.00872706
v 0.000526326 0.0202408 -0.00982194
v 0.000307909 0.0209634 -0.0091998
v 0.00457071 0.025532 -0.0089413
v 0.0013347 0.0208104 -0.0106278
v 0.00085857 0.0200105 -0.0114688
v 0.0003039 0.0200817 -0.0107857
v 0.011753 0.0190325 -0.0112103
v 0.00749212 0.02624 -0.00795267
v 0.00692557 0.0258807 -0.00865333
v 0.00455783 0.0260605 -0.00868831
v 0.00382567 0.0211125 -0.0100311
v -0.00141313 0.0200296 -0.0105014
v -0.00282727 0.020566 -0.00962793
v -0.00289203 0.0201294 -0.0104165
v 0.00545017 0.0224074 -0.00878333
v 0.00369993 0.0224831 -0.00984851
v -0.00407807 0.0206372 -0.00983128
v -0.00517818 0.0212348 -0.0097943
v 0.00322148 0.0234511 -0.0103199
v 0.0013025 0.0242464 -0.0098002
v 0.000629121 0.0238148 -0.00953825
v 0.00132292 0.0233401 -0.0100887
v 0.00580136 0.0267007 -0.00726328
v 0.00406997 0.0202036 -0.0104512
v 0.00876405 0.0260412 -0.00731941
v 0.00740354 0.0264867 -0.00647124
v 0.00215276 0.0244642 -0.010043
v 0.00984872 0.0254261 -0.00811753
v 0.00349827 0.0224396 -0.0103574
v 0.00628894 0.0266878 -0.00648233
v 0.00130126 0.0197272 -0.0119063
v 0.00210278 0.0194684 -0.0119103
v 0.010345 0.0250991 -0.00762913
v 0.00966629 0.0251657 -0.00886722
v -0.0013569 0.022871 -0.00912941
v -0.00346127 0.0202701 -0.0100274
v -0.00341391 0.0196184 -0.0125431
v 0.00170503 0.0238379 -0.0101969
v -0.00303695 0.0202209 -0.0115924
v 5.54201e-05 0.0232439 -0.00916842
v -0.0061773 0.020851 -0.0102979
v -0.00499281 0.0203496 -0.0103415
v -0.00386886 0.0202513 -0.0105599
v -0.00231385 0.0195323 -0.0125211
v 0.0131777 0.021901 -0.00985744
v 0.0137145 0.0215658 -0.0105601
v -0.000286984 0.0199968 -0.011515
v 0.0148478 0.0210525 -0.0110287
v 0.0129877 0.0211169 -0.00999987
v 0.0122448 0.0216086 -0.0093748
v 0.013958 0.0212938 -0.0110933
v -0.00194526 0.0200668 -0.0108967
v -0.00126903 0.0192199 -0.0126573
v 0.0132922 0.0214425 -0.0103938
v 0.0132831 0.0209212 -0.0108513
v 0.0141874 0.0202232 -0.012097
v 0.0136386 0.0211935 -0.0110477
v -0.000784271 0.020035 -0.0108464
v -0.00141633 0.0198988 -0.0117826
v 0.00438971 0.0190241 -0.0118253
v 0.00344414 0.0217602 -0.0107814
v 0.000662556 0.0195823 -0.0122611
v 0.00124962 0.0222443 -0.010445
v 0.0129971 0.0203422 -0.0101152
v -0.000159422 0.0199894 -0.0103949
v 0.00183399 0.0219062 -0.0109395
v 0.00382572 0.0188066 -0.0120879
v 0.00207943 0.0212465 -0.0112849
v 0.00182444 0.0200694 -0.0115526
v 0.00231634 0.020574 -0.0113725
v -0.000813678 0.0246043 -0.00950321
v 0.0131744 0.0230467 -0.00939252
v 0.0124283 0.0231383 -0.00940687
v 0.0112874 0.0195942 -0.0101032
v 0.0110911 0.0194749 -0.0094795
v 0.0121506 0.0195847 -0.0100376
v 0.0122476 0.0204771 -0.00925054
v 0.0112273 0.0214008 -0.00884601
v 0.0117512 0.019729 -0.00916946
v 0.0103436 0.0250211 -0.00870035
v 0.00936172 0.024419 -0.0090137
v 0.0101094 0.0227924 -0.00898784
v 0.0112661 0.0235317 -0.00937556
v 0.0105522 0.0244831 -0.00913017
v 0.0130862 0.0226516 -0.00955223
v 0.0121069 0.0225192 -0.0093747
v 0.0103019 0.023814 -0.00927249
v 0.00989693 0.0212529 -0.00852649
v 0.0114832 0.0220615 -0.00913481
v 0.0017052 0.0205699 -0.0112484
v 0.031305 0.0188294 -0.00609701
v 0.0321681 0.0186956 -0.00516405
v 0.0326983 0.0184873 -0.00611917
v 0.0366329 0.0169579 -0.00108695
v 0.0359335 0.0177354 -0.00274504
v 0.0355106 0.0179278 -0.00196938
v 0.0361978 0.0174934 -0.00168179
v 0.0355557 0.0178423 -0.00418798
v 0.0357745 0.0169736 -0.00411479
v 0.0354044 0.0172715 -0.00518763
v 0.0231279 0.0175319 -0.0109795
v 0.0235247 0.0169446 -0.0114884
v 0.0225322 0.0173437 -0.0114977
v 0.0365066 0.0172255 -9.42553e-05
v 0.0366542 0.0169893 -0.000478017
v 0.0362923 0.0174695 -0.000582317
v 0.0257167 0.0170592 -0.0112232
v 0.0265469 0.0164675 -0.011621
v 0.0256226 0.0165002 -0.0116099
v 0.025705 0.0185121 -0.00980627
v 0.0262527 0.0190715 -0.00907053
v 0.0271401 0.0186627 -0.00941559
v 0.0231629 0.020086 -0.00280559
v 0.023213 0.0201726 -0.0039199
v 0.0221645 0.0201848 -0.00390246
v 0.0266632 0.0196031 -0.00406043
v 0.0274387 0.0195574 -0.00392873
v 0.026682 0.0196046 -0.00505265
v 0.0274491 0.019501 -0.00504307
v 0.0192693 0.0168222 -0.0116508
v 0.0198736 0.0163686 -0.0119817
v 0.0260984 0.0192789 -0.00854659
v 0.0253045 0.0191766 -0.00878492
v 0.0258987 0.019714 -0.00515752
v 0.0258202 0.0197089 -0.00383441
v 0.0258091 0.0193262 -0.00779029
v 0.0276433 0.0192105 -0.00772886
v 0.0270612 0.0190507 -0.00851007
v 0.020518 0.018147 -0.0109623
v 0.0192497 0.0178489 -0.0111544
v 0.0194505 0.0185703 -0.0107544
v 0.0229617 0.0196207 -0.00880032
v 0.0218531 0.0198031 -0.00823827
v 0.0230321 0.0198305 -0.00747119
v 0.0239419 0.0199473 -0.00348344
v 0.0244637 0.0200235 -0.00227018
v 0.0248254 0.0197848 -0.00362374
v 0.0367316 0.0167397 0.000213361
v 0.0236496 0.0158678 -0.0120213
v 0.0342498 0.0180936 -0.005465
v 0.0332689 0.0184248 -0.00512583
v 0.0269334 0.0192907 -0.00666687
v 0.0253764 0.0194532 -0.0063936
v 0.0247919 0.0188559 -0.0093946
v 0.0241957 0.0190183 -0.00942541
v 0.0244657 0.0191662 -0.00896403
v 0.0313777 0.018662 -0.00721934
v 0.0215473 0.0173899 -0.0116269
v 0.0224986 0.0165794 -0.0117521
v 0.0361664 0.0174351 0.000382211
v 0.0269623 0.0172005 -0.0110209
v 0.0337888 0.0183137 -0.00446867
v 0.0330586 0.0178552 -0.0076258
v 0.0335021 0.0180901 -0.00670904
v 0.0342381 0.017749 -0.00646324
v 0.0324645 0.0184108 -0.00731471
v 0.0314491 0.0184053 -0.00809818
v 0.0322232 0.0180437 -0.00803071
v 0.0357834 0.0175694 -0.00352499
v 0.0353602 0.0179176 -0.00319929
v 0.0211898 0.0164788 -0.0118291
v 0.0187082 0.0185304 -0.0107241
v 0.0213186 0.0198731 -0.00599663
v 0.0222339 0.0200687 -0.00518837
v 0.0225081 0.0199728 -0.00628169
v 0.0245061 0.0176477 -0.0107414
v 0.0252058 0.0160392 -0.0120168
v 0.0273478 0.0165052 -0.0114067
v 0.035313 0.0180173 -0.000503565
v 0.0285878 0.0191342 -0.0069728
v 0.0285106 0.019043 -0.00604386
v 0.0289365 0.0190012 -0.00760205
v 0.0360736 0.0171463 -0.00337342
v 0.0268038 0.0196386 -0.0028341
v 0.0271306 0.0195474 -0.00327361
v 0.0281618 0.017445 -0.0105922
v 0.0288197 0.0178273 -0.00972428
v 0.0289625 0.0172324 -0.0103845
v 0.0208566 0.0195328 -0.00930217
v 0.0210999 0.0196579 -0.00866565
v 0.021859 0.0194374 -0.00920911
v 0.0225591 0.0192363 -0.00947091
v 0.0223338 0.0189608 -0.0101459
v 0.0199547 0.0189412 -0.0103473
v 0.0264033 0.0194593 -0.0059257
v 0.0273163 0.0193303 -0.00583321
v 0.0233638 0.0190371 -0.0096756
v 0.0210269 0.0189244 -0.0100649
v 0.0220553 0.0180991 -0.0108978
v 0.0311404 0.0190574 -0.000275205
v 0.0306441 0.0191934 -0.00135198
v 0.0293367 0.0193982 0.000454552
v 0.0232003 0.020028 -0.00541701
v 0.0232591 0.0183433 -0.0105223
v 0.0242808 0.0185597 -0.00997002
v 0.0203675 0.0172016 -0.0116097
v 0.0260651 0.0197815 -0.000334821
v 0.0260028 0.0197675 -0.00178312
v 0.0252631 0.019905 -0.000772792
v 0.0315096 0.0190131 -0.00255785
v 0.0307257 0.0189956 -0.00360807
v 0.0303737 0.0191287 -0.00268062
v 0.0238281 0.0193607 -0.00906966
v 0.0259776 0.0177401 -0.0105714
v 0.033801 0.0184894 -8.87608e-05
v 0.0339151 0.0184664 -0.00138641
v 0.0330038 0.0186708 -0.00100362
v 0.0288458 0.0188042 -0.00846385
v 0.0268387 0.0195485 -0.00556048
v 0.0294798 0.019221 -0.0022536
v 0.0292192 0.0193547 -0.00102657
v 0.0248142 0.0198845 -0.00507783
v 0.0294621 0.0192698 -0.00376061
v 0.0242752 0.0194865 -0.00828635
v 0.0345916 0.0182085 -0.00239957
v 0.035331 0.0179195 -0.00257723
v 0.0336223 0.0184756 -0.00229252
v 0.0336026 0.0185059 -0.00345328
v 0.0265312 0.019696 -0.000714963
v 0.0366515 0.0169507 -0.00285245
v 0.0238942 0.0197426 -0.00623371
v 0.0313748 0.0190001 -0.00181601
v 0.0320371 0.0189065 -0.00157245
v 0.0284586 0.0193332 -0.00498713
v 0.0284093 0.0194462 -0.00172938
v 0.023909 0.0201076 -0.00457233
v 0.0330607 0.0185774 -0.00175509
v 0.0211804 0.0154446 -0.0120053
v 0.0229473 0.0201659 -0.00461057
v 0.0278894 0.0167511 -0.0112647
v 0.0243841 0.0196177 -0.00720151
v 0.0277693 0.0195128 -0.00257435
v 0.0274795 0.0195836 -0.00166145
v 0.027947 0.0194784 -0.00185608
v 0.0282844 0.0184647 -0.00931155
v 0.0278091 0.0187989 -0.0089726
v 0.0269547 0.0179456 -0.0101319
v 0.0320902 0.0188703 -0.000633981
v 0.0315241 0.0190396 -0.000938965
v 0.0222935 0.0158784 -0.0118293
v 0.031556 0.0177949 -0.00856158
v 0.0304043 0.0186063 -0.00822315
v 0.0296756 0.0184869 -0.00871646
v 0.0305913 0.0189389 -0.00615461
v 0.0304035 0.019055 -0.00514621
v 0.030571 0.01877 -0.0067855
v 0.032615 0.0187947 -0.00255553
v 0.0320417 0.0188298 -0.00385842
v 0.0296524 0.0188661 -0.00711033
v 0.0300118 0.0188216 -0.00760912
v 0.0299302 0.0171601 -0.010127
v 0.0216754 0.0198173 -0.00710606
v 0.0251105 0.0198936 -0.00153552
v 0.0296172 0.0189195 -0.00637351
v 0.0284381 0.0194489 -0.00297867
v 0.0239594 0.0199524 -0.00544656
v 0.0302892 0.0179208 -0.00893184
v 0.0281796 0.0195535 -0.000722033
v 0.0282696 0.0194064 -0.00416699
v 0.0291927 0.0182938 -0.00901844
v 0.0258505 0.0161571 -0.011955
v 0.0246623 0.0166517 -0.0115127
v 0.0271217 0.0197405 -0.000871964
v 0.0272279 0.019655 0.000102486
v 0.0368304 0.0155307 0.000670985
v 0.0346203 0.0181061 -0.00395303
v 0.0247079 0.0200551 0.000308074
v 0.0254967 0.0198843 1.89566e-05
v 0.0351237 0.0178243 -0.00468448
v 0.0354488 0.0177544 -0.00467659
v 0.0205135 0.0161551 -0.011943
v 0.0225074 0.0152468 -0.0122668
v 0.032939 0.0184877 -0.00437122
v 0.0235725 0.0202029 -0.00117069
v 0.0230374 0.0201933 0.000896971
v 0.0220938 0.0201764 -0.00285074
v 0.0223724 0.0201103 -0.00183133
v 0.0223852 0.0201132 -0.00059531
v 0.0246487 0.0200826 -0.00113498
v 0.0181488 0.0180166 -0.0110621
v 0.0186356 0.0175043 -0.0114653
v 0.0201827 0.0166367 -0.0117859
v 0.0278987 0.0180123 -0.00973286
v 0.0283193 0.0181454 -0.00965502
v -0.0241166 0.0161271 -0.0157022
v -0.0250262 0.0155141 -0.0157752
v -0.0273839 0.0157879 -0.0158965
v -0.0284943 0.0152749 -0.0158527
v -0.0254553 0.0164258 -0.0158362
v -0.0291826 0.0163447 -0.0159025
v -0.0295371 0.0149345 -0.0157472
v -0.0310688 0.0155096 -0.0157518
v -0.0270086 0.0198264 -0.0139538
v -0.0255801 0.0196354 -0.0143669
v -0.027247 0.0193085 -0.0148084
v -0.0172383 0.0170342 -0.0152803
v -0.0176735 0.0176285 -0.0152698
v -0.0164237 0.0172916 -0.0150708
v -0.0213573 0.0183208 -0.0153525
v -0.0208589 0.0186723 -0.0150566
v -0.020655 0.0178575 -0.0154895
v -0.0186857 0.0194642 -0.0144505
v -0.0182458 0.0185944 -0.0150635
v -0.0195949 0.0186675 -0.0150189
v -0.0166563 0.0196244 -0.0137785
v -0.0279976 0.0167302 -0.0157844
v -0.030119 0.0189144 -0.0153054
v -0.0288839 0.0192194 -0.0149109
v -0.0286062 0.0187294 -0.0152709
v -0.0313488 0.0172285 -0.0154781
v -0.0299851 0.0173153 -0.015543
v -0.0305746 0.0166574 -0.0156505
v -0.0164912 0.0165625 -0.0151421
v -0.0163506 0.0192002 -0.0143566
v -0.0165611 0.018362 -0.0148975
v -0.0177608 0.0171742 -0.0154135
v -0.0221963 0.0186408 -0.0150844
v -0.0257606 0.0198156 -0.0135215
v -0.0244586 0.0196977 -0.013558
v -0.029956 0.0198394 -0.0137118
v -0.0286303 0.0196597 -0.0143615
v -0.0301846 0.0195856 -0.0147316
v -0.0190263 0.0200731 -0.0125091
v -0.0193362 0.0199255 -0.0131931
v -0.0201475 0.0200357 -0.0127663
v -0.0281664 0.0189822 -0.0149953
v -0.0266474 0.0183332 -0.0153847
v -0.0254494 0.018803 -0.0150276
v -0.0252205 0.017776 -0.0155996
v -0.023286 0.0176162 -0.0157017
v -0.0242071 0.0170472 -0.0158023
v -0.0241064 0.0177604 -0.0156997
v -0.0201759 0.019379 -0.0146071
v -0.0195643 0.0198253 -0.0138455
v -0.0270472 0.0172703 -0.0156731
v -0.0279481 0.0181802 -0.0155209
v -0.0183679 0.0159878 -0.0158892
v -0.021475 0.0172416 -0.0155145
v -0.0208571 0.0165383 -0.0156153
v -0.0226594 0.0168491 -0.0155683
v -0.0294615 0.0182188 -0.015476
v -0.0276543 0.018706 -0.0151377
v -0.0202385 0.0199626 -0.0133746
v -0.0210596 0.0197054 -0.0139409
v -0.028476 0.0174199 -0.0155989
v -0.0195071 0.0162185 -0.015898
v -0.019259 0.017479 -0.0154173
v -0.0182205 0.0168344 -0.0154511
v -0.0267275 0.0187971 -0.0150531
v -0.0175821 0.0168716 -0.0154542
v -0.0248108 0.0193281 -0.0147082
v -0.0241456 0.019567 -0.0144016
v -0.024287 0.0190799 -0.0148112
v -0.0238782 0.0187464 -0.015088
v -0.0233178 0.0189493 -0.0148777
v -0.0233173 0.0197825 -0.0138042
v -0.0236599 0.0183533 -0.0155199
v -0.0173272 0.0191966 -0.0144623
v -0.0235215 0.0192597 -0.0147162
v -0.0226336 0.019448 -0.0144462
v -0.0232893 0.0186947 -0.0152082
v -0.0248769 0.0133245 -0.00582699
v -0.0250315 0.0135596 -0.00485208
v -0.0222402 0.0199396 -0.0133726
v -0.0246567 0.0165512 -0.0158155
v -0.0220748 0.0178793 -0.0155782
v -0.0213635 0.0191759 -0.0145823
v -0.0210464 0.0201753 -0.0130915
v -0.0312061 0.0180552 -0.0154098
v -0.0233567 0.019983 -0.0130404
v -0.0241764 0.0199081 -0.0130681
v -0.017945 0.019914 -0.0133127
v -0.017671 0.0195785 -0.0139771
v -0.0303144 0.0200298 -0.0132471
v -0.0281963 0.0199658 -0.0136692
v -0.0203982 0.0159379 -0.015904
v -0.030487 0.0198398 -0.0128776
v -0.0262976 0.013398 -0.00925778
v -0.0279046 0.015764 -0.0123022
v -0.0317203 0.0164174 -0.0155023
v -0.0287896 0.0200128 -0.013135
v -0.0272651 0.01999 -0.0134534
v -0.0265602 0.0199717 -0.0133829
v -0.0315586 0.0143903 -0.0157618
v -0.0296661 0.0198889 -0.0130094
v -0.0277507 0.0199789 -0.0131889
v -0.0268196 0.0200179 -0.0129936
v -0.0281833 0.0197694 -0.0129248
v -0.0288372 0.0190549 -0.0127429
v -0.027471 0.0195754 -0.0128556
v -0.0303607 0.0193331 -0.0125502
v -0.0294224 0.0175584 -0.0122463
v -0.0258755 0.019321 -0.0126965
v -0.0271584 0.0184063 -0.0128796
v -0.0281548 0.0173243 -0.0124493
v -0.0269038 0.017238 -0.012528
v -0.021093 0.0201025 -0.0121773
v -0.0217508 0.0201424 -0.0126219
v -0.021554 0.0200234 -0.0123113
v -0.0219044 0.0198918 -0.0121502
v -0.0273439 0.0165549 -0.0124326
v -0.0264115 0.016051 -0.0124075
v -0.0256051 0.0177633 -0.0125976
v -0.0169386 0.0200793 -0.0125169
v -0.0178926 0.0200823 -0.0124917
v -0.0185529 0.0200228 -0.0121064
v -0.0214175 0.0135342 -0.00773668
v -0.0212747 0.0134368 -0.00658188
v -0.0246876 0.0162294 -0.0123024
v -0.0181132 0.019829 -0.0120498
v -0.0171312 0.0199161 -0.012026
v -0.0200927 0.0198122 -0.0120339
v -0.0235463 0.0139551 -0.00963806
v -0.0235079 0.0133993 -0.00851654
v -0.0227465 0.0137567 -0.00870003
v -0.0176903 0.0194223 -0.0118215
v -0.0190451 0.0192912 -0.0119288
v -0.0237647 0.0132072 -0.00602701
v -0.0167647 0.0194062 -0.0117818
v -0.0240504 0.0152288 -0.0114641
v -0.0254079 0.0151261 -0.0120414
v -0.0254709 0.0142816 -0.0111709
v -0.0179769 0.0187035 -0.0116861
v -0.0171597 0.0189361 -0.0115851
v -0.0246366 0.0134393 -0.00681994
v -0.026374 0.0137699 -0.0106395
v -0.0249523 0.0199941 -0.0129427
v -0.0239717 0.0198995 -0.012719
v -0.0210976 0.0171614 -0.0119377
v -0.0213477 0.0188316 -0.011964
v -0.0224981 0.0171671 -0.0120687
v -0.0224255 0.0200254 -0.0126644
v -0.0242695 0.0194012 -0.0125133
v -0.0232748 0.0185861 -0.0122488
v -0.0245692 0.0185483 -0.0125824
v -0.0230118 0.0196628 -0.0121842
v -0.0260035 0.0199605 -0.0130808
v -0.0239366 0.0174114 -0.0122959
v -0.0235174 0.016384 -0.0120414
v -0.0209247 0.0163482 -0.0111448
v -0.0211053 0.0157468 -0.0103712
v -0.0199124 0.0160867 -0.0107502
v -0.0220308 0.016267 -0.0115683
v -0.0228928 0.0160281 -0.0116731
v -0.022797 0.0156411 -0.0110375
v -0.0220556 0.0158973 -0.0107982
v -0.0198964 0.0168753 -0.0114234
v -0.0183808 0.0163364 -0.0111737
v -0.0188394 0.0173703 -0.0116046
v -0.0198104 0.0178984 -0.0117377
v -0.0244306 0.0143657 -0.0103809
v -0.0234466 0.0150934 -0.0104337
v -0.0186495 0.0182262 -0.0116101
v -0.0246186 0.0138351 -0.00990584
v -0.0254266 0.0137817 -0.0101517
v -0.022722 0.0154877 -0.0105502
v -0.0174106 0.0177842 -0.0114817
v -0.0191974 0.0139626 -0.00859051
v -0.0195304 0.0147496 -0.00938952
v -0.0208424 0.0140201 -0.00867712
v -0.0223242 0.0151776 -0.00992627
v -0.0247864 0.0132877 -0.00817174
v -0.0246603 0.0135046 -0.00923842
v -0.021055 0.0149968 -0.00953498
v -0.0199662 0.0154446 -0.00990814
v -0.0219879 0.013809 -0.00838024
v -0.0221667 0.0142908 -0.00906838
v -0.018862 0.0152809 -0.0102023
v -0.0194889 0.0152645 -0.00982688
v -0.0234267 0.0134329 -0.00651854
v -0.0173932 0.0153576 -0.0105736
v -0.0225609 0.0135801 -0.0080335
v -0.0312794 0.0196302 -0.0143158
v -0.0201509 0.0135684 -0.00797858
v -0.0191673 0.0135367 -0.00782284
v -0.0229205 0.0134362 -0.00723489
v -0.0258299 0.0134768 -0.00532274
v -0.000665086 0.0233508 0.00974256
v -0.000333983 0.0239206 0.00953256
v -0.000928661 0.0239223 0.00940669
v -0.00115087 0.0212054 0.00996394
v -0.00224189 0.0203568 0.00971551
v -0.00107338 0.026716 0.00730078
v -0.000194352 0.0269752 0.00627334
v -0.00195227 0.026818 0.00654897
v -0.00374053 0.0206378 0.00916468
v -0.00465846 0.0205971 0.00909742
v -0.00415572 0.0202245 0.0097265
v -0.00523747 0.020317 0.00975323
v -0.00030756 0.0225743 0.0102151
v -0.000677557 0.0219449 0.010284
v -0.00322794 0.0203856 0.00963187
v -0.00316424 0.0201695 0.0103834
v 0.000339705 0.0271133 0.00520055
v -0.000506916 0.0272136 0.00456832
v -0.0136718 0.0212588 0.00726025
v -0.0136229 0.0221691 0.00761769
v -0.0131793 0.0219433 0.00657117
v -0.00272065 0.0206287 0.00928251
v -0.00322716 0.020667 0.00929226
v -0.00117162 0.0248357 0.00900803
v -9.0287e-05 0.0254482 0.00890798
v -0.000763286 0.0258659 0.00888857
v -0.00157283 0.0222117 0.00926987
v -0.000987286 0.0223503 0.00987723
v -0.00131157 0.0229635 0.00940773
v 0.000119274 0.0260463 0.00843765
v -0.00116561 0.0264425 0.00825248
v 0.000113135 0.0265846 0.00776938
v -0.00207228 0.0211238 0.00918984
v -0.00234596 0.0220537 0.00900512
v -0.00306897 0.0212079 0.00891822
v -0.00558052 0.0206168 0.00905084
v -0.005244 0.0212843 0.0086953
v -0.00634423 0.0209131 0.008713
v -0.0126847 0.0243772 0.00601039
v -0.0127733 0.0249126 0.00500265
v -0.0126173 0.0238019 0.00531235
v -0.0138621 0.0199679 0.00733336
v -0.0138333 0.0205036 0.0077032
v -0.0136393 0.020526 0.00704861
v -0.00178765 0.0231978 0.00888174
v -0.00323879 0.0227875 0.00876125
v -0.00412479 0.0214285 0.00878187
v -0.00155648 0.0228023 0.00913921
v -0.0048279 0.0223524 0.00874038
v -0.00257951 0.0267291 0.00749958
v -0.00297797 0.0264737 0.00809638
v -0.0135615 0.0211264 0.00810417
v -0.0137818 0.0195556 0.00505427
v -0.0140776 0.0195414 0.00563882
v -0.0135283 0.0203036 0.00560886
v -0.0126042 0.0236217 0.00602577
v -0.0132602 0.0235243 0.00694756
v -0.00167153 0.0269594 0.00516038
v -0.0126653 0.0227025 0.005721
v -0.0131814 0.0215629 0.00577358
v -0.002703 0.0272495 0.00167811
v -0.00351185 0.0274493 0.0012275
v -0.00359576 0.0272419 0.00204719
v -0.0043242 0.0272393 0.000556193
v -0.00290864 0.0271733 0.00011768
v -0.00341784 0.0269839 0.00283162
v -0.0025052 0.0271469 0.00290649
v -0.00172758 0.0271973 0.00226517
v -0.00137055 0.0271383 0.000755436
v -0.00198742 0.0272219 -0.000414659
v -0.00635315 0.0204207 0.00947731
v -0.00975714 0.0211298 0.00965644
v -0.0104342 0.0219617 0.00963075
v -0.0134844 0.0202108 0.00458891
v -0.00103886 0.0271506 -0.00110198
v -0.0133567 0.0209626 0.0052396
v -0.0134428 0.0209859 0.0057427
v -0.0133485 0.0209499 0.00636597
v -0.00165598 0.0272274 0.00362117
v 0.00372305 0.0269799 0.00258408
v -0.00285978 0.0271254 0.00415447
v -0.0138594 0.0199348 0.00650413
v -0.0131139 0.0216593 0.00443638
v -0.00414394 0.0270851 0.00394385
v -0.00600288 0.020329 0.0103026
v -0.00676276 0.0199755 0.0109144
v -0.00579715 0.0201126 0.0108764
v -0.0129216 0.0231112 0.00479583
v -0.0131453 0.0232277 0.00389187
v -0.0132554 0.0215474 0.00623651
v -0.0130315 0.0249558 0.00664826
v -0.0129555 0.0250941 0.00589787
v -0.0107429 0.0239128 0.00894146
v -0.00964705 0.0234159 0.0086875
v -0.00960993 0.0245513 0.00854033
v -0.00937362 0.0213897 0.00908621
v -0.00876523 0.0208329 0.00958388
v -0.00479536 0.0200331 0.0107527
v -0.00702394 0.0204236 0.0100977
v -0.00774953 0.0205938 0.00966342
v -0.00723403 0.0206006 0.00905091
v -0.00796414 0.0209459 0.00915875
v -0.0053757 0.0242862 0.00840175
v -0.00639873 0.0253356 0.0084979
v -0.00730743 0.0245679 0.00832765
v -0.00711712 0.0204719 0.00957957
v -0.0033737 0.0269672 0.00659601
v -0.00347059 0.0243735 0.00852103
v -0.00297916 0.0253394 0.00869973
v -0.00436945 0.0252645 0.00855395
v -0.00396399 0.0268037 0.00744369
v -0.00314826 0.0266188 0.00772279
v -0.00786246 0.0268457 0.00585263
v -0.00763244 0.0269633 0.00435788
v -0.00840819 0.0269506 0.0048704
v -0.00918364 0.0269306 0.00464524
v -0.00863337 0.0269104 0.00404501
v -0.00878558 0.0268406 0.00547133
v -0.00454543 0.0269953 0.00285203
v -0.00436 0.0272342 0.00183114
v -0.0084815 0.0269623 0.00260023
v -0.00948451 0.0268946 0.00351096
v -0.006738 0.0270324 0.00298697
v -0.0128957 0.0239286 0.0045405
v -0.00896312 0.0268005 0.00666944
v -0.00966044 0.0268832 0.00559399
v -0.0130265 0.0253782 0.006219
v -0.0127334 0.0256496 0.00571788
v -0.0128353 0.0244082 0.00388856
v -0.0128281 0.0252556 0.00393446
v -0.00981122 0.02677 0.00236469
v -0.0130055 0.0242353 0.00841453
v -0.0124962 0.0238664 0.00879435
v -0.0121801 0.0246069 0.00844692
v -0.00393062 0.02713 0.0023858
v -0.0119844 0.0261606 0.00538749
v -0.012546 0.0257951 0.00438408
v -0.0103379 0.0266637 0.00540616
v -0.0103962 0.0267426 0.00641189
v -0.0134403 0.0239547 0.00788641
v -0.0131477 0.0247968 0.00762087
v -0.0124434 0.0259209 0.00256457
v -0.0126136 0.0256416 0.00333728
v -0.0122055 0.0259366 0.00334824
v -0.0101718 0.0268319 0.00444906
v -0.00628126 0.0271131 0.00194452
v -0.00559761 0.0272492 0.00114233
v -0.00703734 0.0271227 0.00137822
v -0.0111178 0.0265857 0.00520095
v -0.0104102 0.0267792 0.00314018
v -0.0110068 0.0267316 0.00385674
v -0.0112312 0.0265789 0.00275513
v -0.0118543 0.0258209 0.0072735
v -0.0115377 0.0262803 0.00642263
v -0.012291 0.0258407 0.00647767
v -0.0119713 0.0262096 0.00233385
v -0.0117577 0.0263511 0.00387828
v -0.0122547 0.0253107 0.00785992
v -0.0116165 0.0250783 0.00811642
v -0.00922944 0.0255582 0.00832465
v -0.0106675 0.0252355 0.00811692
v -0.0126201 0.0247382 0.00804737
v -0.0128406 0.0256257 0.00652615
v -0.0126792 0.0254773 0.00712978
v -0.0115091 0.0255445 0.00780493
v -0.0124608 0.0230692 0.00913678
v -0.0118462 0.0237789 0.00871972
v -0.0099365 0.0262494 0.00760374
v -0.00549228 0.0271175 0.00241588
v -0.011098 0.02618 0.00744701
v -0.0113861 0.0244344 0.00822067
v -0.0116078 0.0228255 0.00932228
v -0.0129568 0.0233712 0.00882743
v -0.013203 0.0222376 0.00904857
v -0.0111344 0.0223054 0.00965223
v -0.0108047 0.0229274 0.00946605
v -0.013287 0.02335 0.00842108
v -0.0106191 0.0267682 0.0021308
v -0.0133749 0.0233026 0.00786745
v -0.0136005 0.0218415 0.00843976
v -0.0123976 0.0222587 0.00946778
v -0.0135832 0.022652 0.00828237
v -0.0127271 0.0215832 0.00971233
v -0.0134235 0.0229838 0.00770672
v -0.00544734 0.0270819 0.00362337
v -0.00655599 0.0267756 0.00585743
v -0.0073375 0.0220892 0.00861893
v -0.00747719 0.0213605 0.00861436
v -0.00631893 0.0220512 0.00863244
v -0.0101999 0.0229834 0.00920736
v -0.00960948 0.0223002 0.00900564
v -0.00767598 0.0267521 0.00687518
v -0.0074105 0.0228058 0.00835543
v -0.00576847 0.0231453 0.0084518
v -0.00680542 0.0238014 0.00827644
v -0.00201323 0.0258216 0.00869744
v -0.00355282 0.0259341 0.00851123
v -0.00377696 0.0271027 0.0049707
v -0.00289931 0.0269661 0.00561964
v -0.0039503 0.0268542 0.00577358
v -0.00492977 0.0269374 0.00495425
v -0.00496677 0.026766 0.00632446
v -0.00571928 0.0267817 0.00695
v -0.00498614 0.0267845 0.00707138
v -0.00257618 0.0199337 0.0110421
v -0.00813592 0.0220187 0.00849679
v -0.00855168 0.0212561 0.0087649
v -0.00446173 0.0264175 0.00800641
v -0.00507442 0.0265735 0.00746424
v -0.00596554 0.0263945 0.00769956
v -0.00720251 0.0268783 0.00638467
v -0.00981348 0.0216797 0.00938065
v -0.00809537 0.0264604 0.00751741
v -0.0071056 0.0265505 0.0077229
v -0.00781086 0.0259144 0.00812769
v -0.00274122 0.0194535 0.0115478
v -0.00647915 0.0260017 0.00815025
v -0.00902035 0.0218665 0.00862885
v -0.00568996 0.0197134 0.0113186
v -0.00442387 0.0234437 0.00841362
v -0.0128712 0.0250451 0.00302651
v -0.0127368 0.0255951 0.00257125
v -0.00834971 0.0238317 0.00818972
v -0.0087947 0.0227055 0.00835103
v -0.00229941 0.0240863 0.0086726
v 0.00468768 0.0269471 0.00100989
v -0.00223324 0.0249937 0.00872321
v 0.0034944 0.026971 0.000583906
v 0.00471211 0.0269299 0.00013566
v 0.00338274 0.0268985 -0.000485016
v 0.00396056 0.0268736 0.00144872
v 0.00611891 0.0267379 -0.00362363
v 0.00516031 0.0269559 -0.00226786
v 0.00469857 0.0269376 -0.000977832
v 0.0032957 0.0270461 -0.00203212
v 0.00198299 0.0271799 -0.00064296
v 0.00251148 0.0269766 0.000194847
v 0.00161667 0.0271588 0.000777528
v 0.0024909 0.0270061 0.000723413
v -0.00623668 0.0269553 0.00459935
v -0.00572161 0.0268888 0.00544045
v -0.00862317 0.0247969 0.00835797
v -0.00789471 0.0252637 0.00844405
v 0.00279832 0.027082 0.00144963
v -0.00520279 0.0259442 0.00842752
v 0.000338655 0.0273 -0.000354377
v -0.00364681 0.0199029 0.0111364
v -0.00669113 0.026725 0.0070823
v -0.008881 0.0262704 0.00768228
v -0.00660332 0.0265263 0.00754126
v -0.00382841 0.0193444 0.0115346
v -0.00439032 0.0196479 0.0113458
v -0.00479095 0.0196915 0.0112817
v -0.00502751 0.019623 0.0112872
v 0.00152325 0.0271601 0.00246015
v 0.000300693 0.0272225 0.00133024
v -0.000477366 0.0272603 0.00277009
v 0.000813122 0.0271214 0.00412723
v -0.0124417 0.0209859 -0.00693364
v -0.0125427 0.0217469 -0.00538227
v -0.012483 0.0228753 -0.0063856
v -0.0122846 0.0212092 -0.00850298
v -0.0122666 0.0226891 -0.00789349
v -0.0126031 0.0212653 -0.00358897
v -0.00953121 0.0226359 -0.0120046
v -0.00834728 0.022716 -0.0114118
v -0.00884188 0.0217435 -0.0121507
v -0.0080885 0.0216766 -0.0114746
v -0.00802751 0.0223123 -0.0107609
v -0.00873402 0.0234127 -0.0115054
v -0.00930101 0.0236518 -0.0114438
v -0.0082958 0.0210603 -0.0120844
v -0.00802778 0.0229488 -0.0105187
v -0.00880377 0.024237 -0.0110514
v -0.00749617 0.0208231 -0.011668
v -0.00825744 0.02374 -0.0105997
v 0.000592226 0.0268903 -0.00761703
v -0.000186148 0.0266367 -0.00829384
v -0.000981755 0.0268438 -0.00787126
v 0.00132913 0.0259183 -0.00909412
v 0.000723983 0.026495 -0.00865061
v 0.00197537 0.0261963 -0.00881184
v -0.000941257 0.0263798 -0.00886414
v -0.00223707 0.0268023 -0.00840718
v 0.000313226 0.025935 -0.00926815
v -0.00259502 0.0264314 -0.00939564
v -0.00148053 0.0257714 -0.00945137
v -0.0116896 0.024454 -0.0105365
v -0.011615 0.0242379 -0.0109676
v -0.0119507 0.0236324 -0.0100274
v -0.0116012 0.0247033 -0.0100936
v -0.011412 0.0252647 -0.0100675
v -0.0112948 0.0248597 -0.0106569
v -0.011757 0.0234335 -0.0110349
v -0.0113432 0.0235773 -0.0115332
v -0.011158 0.0256888 -0.00960741
v -0.0103928 0.0262043 -0.00941175
v -0.0106412 0.0257522 -0.00992762
v -0.0116785 0.0228831 -0.0113911
v -0.0120125 0.0225648 -0.0108688
v -0.0108734 0.0253968 -0.0104482
v -0.0106935 0.0244056 -0.0111583
v -0.0121526 0.0221054 -0.0101138
v -0.0122903 0.022275 -0.00920105
v -0.0112179 0.0226894 -0.0117424
v -0.0107191 0.023444 -0.0116653
v -0.0131884 0.020413 0.00212411
v -0.0132737 0.022037 0.00268994
v -0.0127158 0.0225336 -0.00312059
v -0.0128456 0.0217792 -0.00243608
v -0.012864 0.0207471 -0.00188857
v -0.012793 0.0216589 -0.00145201
v -0.0128804 0.0209809 -0.000466891
v -0.0122241 0.0203126 -0.009298
v -0.0119571 0.0220778 -0.0115567
v -0.0123134 0.0213145 -0.0109081
v -0.0123566 0.021138 -0.00977888
v -0.0120045 0.021269 -0.0117073
v -0.0117149 0.0206844 -0.0122546
v -0.0120036 0.0206568 -0.0119558
v -0.0115878 0.0212108 -0.0121468
v -0.0116031 0.0218008 -0.0119598
v -0.0122603 0.0201056 -0.0105621
v -0.0121793 0.023205 -0.00881808
v -0.0121917 0.0204468 -0.0114515
v -0.0122702 0.0200888 -0.0121172
v -0.0126444 0.0197871 -0.0115107
v -0.0111275 0.0209991 -0.0122066
v -0.0107937 0.0219108 -0.0121155
v -0.0115088 0.0203287 -0.0125414
v -0.0129045 0.0241425 0.00163945
v -0.0125657 0.0247908 0.000229459
v -0.0129028 0.023186 0.000580499
v -0.0122198 0.025932 0.000547125
v -0.0123692 0.0259463 -0.000498912
v -0.0129704 0.0245435 0.00238326
v -0.0128027 0.0250814 0.00204078
v -0.0127421 0.0238303 -0.000937145
v -0.0130644 0.0226342 0.00157861
v -0.0131173 0.0230408 0.00217005
v -0.0125634 0.0252069 0.00128607
v -0.0116395 0.0189086 -0.0134314
v -0.0104653 0.0190591 -0.0134134
v -0.0109645 0.0184239 -0.0137087
v -0.0108925 0.0199622 -0.0130497
v -0.0119762 0.0197819 -0.0131528
v -0.0101739 0.0210017 -0.0123525
v -0.00913517 0.0268163 -0.00630965
v -0.00989947 0.0268625 -0.00588151
v -0.00895698 0.0270057 -0.00539675
v -0.00802239 0.026817 -0.00636301
v -0.00784194 0.0270987 -0.00542092
v -0.00722358 0.0271001 -0.0050704
v -0.0069091 0.0269702 -0.00600902
v -0.00884195 0.0199091 -0.0129074
v -0.00979942 0.019952 -0.0128723
v -0.0104748 0.0227487 -0.0117919
v -0.00899678 0.0207121 -0.0125185
v -0.00854054 0.0267702 -0.00691217
v -0.00803162 0.0202979 -0.012525
v -0.00714786 0.0269702 -0.007009
v -0.00788633 0.0268635 -0.0072237
v -0.0100178 0.0265383 -0.00740624
v -0.00927633 0.0265832 -0.00715525
v -0.00941183 0.026658 -0.0080614
v -0.00741633 0.0268197 -0.00796162
v -0.0065647 0.0270112 -0.00754495
v -0.00719936 0.0204274 -0.0123919
v -0.00577279 0.0266433 -0.00905758
v -0.00530862 0.0268491 -0.00811863
v -0.00447558 0.0267453 -0.00883126
v -0.00853507 0.0268635 -0.00769603
v -0.0100414 0.0255684 -0.010316
v -0.0100456 0.0235164 -0.011404
v -0.00965826 0.0245984 -0.0110629
v -0.0130672 0.0237355 0.00272561
v -0.0127214 0.0222744 -0.000469681
v -0.0124057 0.0258729 0.00182911
v -0.0123065 0.0199756 -0.0127041
v -0.0123373 0.0260762 0.00223694
v 0.00132297 0.0271772 -0.00201285
v 0.000442696 0.0272709 -0.00261228
v 4.27402e-05 0.0272211 -0.00171118
v 0.002969 0.0270125 -0.0050553
v 0.00408741 0.026925 -0.00354362
v 0.00484738 0.0268843 -0.00488098
v 0.0045879 0.0268171 -0.00622865
v 0.00572672 0.0267843 -0.00648002
v 0.0061535 0.0267577 -0.00548294
v 0.00247329 0.0269773 -0.00344235
v 0.000858764 0.0271932 -0.0039386
v -0.000694718 0.0272321 -0.00277429
v -0.00523863 0.0272123 -0.00251038
v -0.00461058 0.0272568 -0.00148371
v -0.00403332 0.0271957 -0.00228611
v -0.00350353 0.0272672 -0.00127983
v -0.00277777 0.0271779 -0.00213691
v -0.00183216 0.027266 -0.00202083
v -0.00232216 0.0273156 -0.00122481
v -0.00329023 0.0270305 -0.0031894
v -0.00207967 0.0271104 -0.00292099
v -0.00241071 0.0271619 -0.00343771
v -0.00164036 0.0270326 -0.00397232
v -0.00056938 0.0271575 -0.00415344
v -0.00485665 0.0269217 -0.00629167
v -0.00402957 0.0269857 -0.00679948
v -0.00506071 0.0270113 -0.00720452
v -0.00437757 0.0271259 -0.00552541
v -0.00340111 0.027249 -0.00503358
v -0.00374749 0.0269417 -0.00593912
v -0.000303017 0.0271494 -0.00526523
v -0.00155459 0.0271176 -0.00487346
v -0.00106924 0.0271765 -0.00482243
v -0.00277873 0.027229 -0.00410393
v -0.00216654 0.0271612 -0.00505396
v -0.00130567 0.0270181 -0.00549708
v -0.00342656 0.026709 -0.00863202
v -0.00413326 0.026922 -0.00783337
v -0.0030832 0.0269734 -0.00788576
v -0.00202912 0.0270031 -0.00615854
v -0.000724976 0.0269734 -0.00664357
v -0.00296627 0.0268779 -0.00654096
v 0.00123437 0.0271754 -0.00610852
v -0.00284225 0.0269539 -0.00574511
v -0.00226433 0.0270435 -0.00729915
v -0.00334973 0.027088 -0.00726329
v -0.00484145 0.0271387 -0.00481757
v -0.0100618 0.026712 -0.00663959
v -0.0107451 0.0263344 -0.00731185
v -0.0117028 0.025006 -0.00924189
v -0.00769296 0.0270713 -0.00271207
v -0.00799364 0.027079 -0.00437335
v -0.00913716 0.0268497 -0.0033244
v -0.0117008 0.0257106 -0.00607889
v -0.0116967 0.0259021 -0.00462252
v -0.010957 0.0265006 -0.00591821
v -0.0125113 0.0229569 -0.00544376
v -0.0126314 0.0232343 -0.00437278
v -0.0113878 0.0258553 -0.00712066
v -0.0112405 0.0259597 -0.00840657
v -0.0118147 0.0250879 -0.00775914
v -0.0130134 0.0213416 0.000964856
v -0.0103921 0.0267495 -0.0043131
v -0.0101874 0.0268587 -0.00517671
v -0.0109562 0.0265611 -0.00482891
v -0.0121027 0.0241163 -0.00706489
v -0.0119576 0.0240067 -0.00844808
v -0.0103382 0.0264834 -0.0082939
v -0.0126704 0.0227526 -0.00184574
v -0.0125642 0.0236299 -0.00286237
v -0.0104863 0.0268225 -0.00314561
v -0.00993396 0.0267007 -0.00394329
v -0.0123054 0.0250472 -0.0025053
v -0.0120332 0.0251504 -0.00351242
v -0.0123399 0.0245811 -0.00294513
v -0.00889065 0.0270236 0.00057927
v -0.00823325 0.0270659 -0.000761783
v -0.00906079 0.0269416 -0.00083366
v -0.0124618 0.0252951 -0.00139301
v -0.0124149 0.0243801 -0.00206154
v -0.00943157 0.0269347 -0.00445204
v -0.00659971 0.0272711 -0.00160247
v -0.00760698 0.0271194 -0.00145584
v -0.00713355 0.0271081 -0.000326648
v -0.0117808 0.0253351 -0.00687253
v 0.00390292 0.026749 -0.00731024
v 0.00299435 0.0269736 -0.00644779
v 0.00228967 0.0269213 -0.00738453
v 0.00202988 0.0266287 -0.00824076
v 0.0032234 0.0266498 -0.00799138
v -0.00478727 0.0263643 -0.00947614
v -0.0038455 0.0256878 -0.00966348
v -0.0057901 0.025937 -0.00975891
v -0.00841097 0.0267159 -0.00880924
v -0.0096207 0.0264684 -0.00889454
v -0.00707579 0.0267002 -0.00893745
v -0.00905545 0.0254278 -0.0105042
v -0.00383243 0.0263697 -0.00923471
v -0.00663979 0.0264079 -0.00954268
v -0.00892807 0.0248399 -0.0107446
v -0.0118533 0.0253766 -0.00543874
v -0.0122339 0.0238942 -0.00573412
v -0.0113651 0.0266684 -0.00224696
v -0.0107281 0.0269207 -0.00146637
v -0.00739965 0.0213969 -0.0106363
v -0.0111622 0.0265594 -0.00392274
v -0.00851409 0.0271357 -0.00170271
v -0.00876867 0.0270594 -0.0025055
v -0.00964283 0.0270326 -0.00198446
v -0.00759959 0.0262247 -0.00955233
v -0.0120464 0.0249733 -0.00616664
v -0.00911203 0.026202 -0.00987012
v -0.0103024 0.0250773 -0.0107479
v -0.0117498 0.0262505 -0.00313613
v -0.00848016 0.0246867 -0.0103755
v -0.00753312 0.0224106 -0.0101655
v -0.00668187 0.0207063 -0.0111542
v -0.0119778 0.0258016 -0.00347545
v -0.0120467 0.0246875 -0.00481692
v -0.00868334 0.0251535 -0.0105078
v -0.008011 0.0255098 -0.0102825
v -0.0112252 0.0265397 -0.00314799
v -0.00722953 0.0232758 -0.00993904
v -0.00656593 0.0221098 -0.00981326
v -0.0120641 0.0262052 -0.00171325
v -0.0121923 0.0257015 -0.00261909
v -0.0124605 0.0237146 -0.00188558
v -0.00682881 0.0261235 -0.00968768
v -0.00705396 0.0258537 -0.00994132
v -0.0075481 0.0244352 -0.00994926
v -0.0062259 0.0229047 -0.00970027
v -0.00634585 0.0268607 -0.00826271
v -0.00522449 0.0224326 -0.00949588
v -0.00597594 0.0238139 -0.00970811
v -0.010851 0.0269227 -0.000517547
v -0.0108758 0.0268879 0.000377353
v -0.0100045 0.0268351 -0.000466292
v -0.011618 0.0266525 -0.000546794
v -0.00656635 0.0251351 -0.00998125
v -0.0118364 0.0265182 0.00100519
v -0.0048565 0.0246984 -0.00976447
v -0.0111639 0.0268218 0.0016195
v -0.0101364 0.026929 0.00128128
v -0.00934669 0.0269527 0.00170122
v -0.00283326 0.0244719 -0.00950717
v -0.0123813 0.0243127 -0.00375022
v -0.00235895 0.0254259 -0.00956653
v -0.000587694 0.0256703 -0.0094054
v -0.00545428 0.0271016 -0.000421742
v -0.0058373 0.0269874 -0.00596675
v -0.00618319 0.0271885 -0.00522115
v -0.00525129 0.027127 -0.00556319
v -0.0039224 0.0271676 -0.0040098
v -0.0063111 0.0271 0.000386667
v -0.00414228 0.0271629 -0.000534343
v -0.00607892 0.0269094 -0.00680672
v -0.00624451 0.0272217 -0.00248916
v -0.00626133 0.0270675 -0.00347736
v -0.00494534 0.0270637 -0.00392953
v -0.00592568 0.0271407 -0.00433985
v -0.00469253 0.0270055 -0.00314381
v -0.00569688 0.0272512 -0.00178892
v -0.00676912 0.0271519 -0.00449121
v -0.0041984 0.0270572 -0.00354098
v -0.0058687 0.0269574 -0.00758423
v -0.0120916 0.0250333 -0.0070283
v -0.00998673 0.0269964 0.000476368
v 0.0256499 0.0160088 0.0156165
v 0.0259884 0.0163047 0.0152472
v 0.024955 0.0162165 0.0154943
v 0.0247872 0.0187359 0.0129471
v 0.0248402 0.0183703 0.0135028
v 0.0256673 0.0184573 0.0132674
v 0.028418 0.0191059 0.0106122
v 0.0282233 0.0188766 0.0115238
v 0.029439 0.0189502 0.011317
v 0.0252364 0.0197485 0.00776907
v 0.0247212 0.0199197 0.00687026
v 0.0247688 0.019898 0.00744995
v 0.0250624 0.0198048 0.00580475
v 0.0259934 0.0196854 0.00632632
v 0.0257888 0.0197897 0.00479446
v 0.0317234 0.0177957 0.0124569
v 0.031674 0.0184002 0.0120308
v 0.0310317 0.0185463 0.0121223
v 0.025831 0.0193944 0.00975499
v 0.026669 0.0193559 0.00970584
v 0.0261467 0.0193776 0.00948666
v 0.0284056 0.0152406 0.0158525
v 0.0280393 0.0158657 0.0153669
v 0.0271965 0.0158359 0.0156039
v 0.0235814 0.0201613 0.0060244
v 0.0252806 0.019696 0.00917193
v 0.0260811 0.019532 0.00889423
v 0.0277755 0.019338 0.00977374
v 0.0271855 0.0193529 0.0093262
v 0.0247952 0.0199335 0.0045728
v 0.0243347 0.0149965 0.0160917
v 0.0253227 0.0154931 0.015975
v 0.0241261 0.0199351 0.00751706
v 0.0283519 0.0193978 0.00731773
v 0.0278076 0.0194391 0.00674519
v 0.0274925 0.0195156 0.00722895
v 0.0253324 0.0198495 0.0066789
v 0.0252452 0.0199044 0.00507537
v 0.0323778 0.0163261 0.0133703
v 0.0321283 0.017209 0.0130344
v 0.0319028 0.0168571 0.0134513
v 0.0249988 0.0174713 0.0147026
v 0.0258384 0.0170627 0.015052
v 0.0260318 0.017327 0.0148063
v 0.03263 0.0099112 0.0148166
v 0.0333834 0.0103304 0.0139229
v 0.032682 0.0108139 0.0145638
v 0.0292499 0.0152712 0.0154085
v 0.0293515 0.0146363 0.0159301
v 0.0255414 0.01417 0.0161354
v 0.0266454 0.0192433 0.0120759
v 0.0257859 0.019343 0.0116617
v 0.0261553 0.0191288 0.0124446
v 0.0302224 0.0188413 0.012079
v 0.0293446 0.0188142 0.0122706
v 0.0304818 0.0181446 0.0126266
v 0.0252384 0.0167395 0.015063
v 0.0294046 0.0182667 0.0129631
v 0.0330221 0.011707 0.0145333
v 0.0323777 0.0110009 0.015252
v 0.026533 0.015023 0.0161328
v 0.0262052 0.0158845 0.0157911
v 0.027071 0.0188427 0.0126178
v 0.0305174 0.0187893 0.0115335
v 0.0314371 0.0186872 0.0114128
v 0.0303676 0.0188178 0.0105386
v 0.0286435 0.014179 0.0162274
v 0.02778 0.0148196 0.0161467
v 0.0251039 0.0192716 0.0124018
v 0.028111 0.0183542 0.0131205
v 0.0267445 0.0184475 0.0133066
v 0.0274453 0.0178892 0.0138203
v 0.029055 0.0161078 0.015091
v 0.0294332 0.0167746 0.014741
v 0.0287348 0.0166863 0.0149964
v 0.030227 0.0145414 0.0154262
v 0.031668 0.0165405 0.0136639
v 0.0311788 0.0171682 0.0132796
v 0.0310273 0.0164202 0.0139975
v 0.027339 0.0191222 0.0106453
v 0.0324448 0.0145283 0.0144531
v 0.0322403 0.0133504 0.0149381
v 0.0327371 0.0138785 0.0143325
v 0.0259663 0.0187785 0.0129235
v 0.0331225 0.0131128 0.0139524
v 0.0319931 0.0101362 0.0156253
v 0.0276936 0.0135341 0.0162095
v 0.0303235 0.0163937 0.0144588
v 0.0309534 0.015626 0.0147346
v 0.0322091 0.0121287 0.0154472
v 0.0318324 0.0143572 0.0149911
v 0.031797 0.0151355 0.0145329
v 0.0364405 0.013073 0.00811772
v 0.0368512 0.0123562 0.00783638
v 0.0366906 0.0129001 0.00689591
v 0.0267689 0.0168836 0.0150258
v 0.0344298 0.0124292 0.0127136
v 0.0349159 0.0129736 0.0121718
v 0.0339343 0.0133121 0.0131398
v 0.0285825 0.0156908 0.0153463
v 0.0275857 0.01946 0.00813917
v 0.0284986 0.0192577 0.0087269
v 0.029003 0.0176262 0.0136052
v 0.0281588 0.0171948 0.0146398
v 0.0292606 0.0173036 0.0142354
v 0.0252388 0.0179895 0.0140506
v 0.0263626 0.0175503 0.0143243
v 0.0291486 0.0131194 0.0162878
v 0.0299125 0.0158954 0.0151424
v 0.0313217 0.0114816 0.0159342
v 0.0296361 0.0136863 0.0160954
v 0.025999 0.0180491 0.0136558
v 0.0277207 0.0164901 0.0152638
v 0.0283695 0.0162842 0.0151487
v 0.0305331 0.0129802 0.0160722
v 0.0271111 0.0192002 0.0121603
v 0.0312148 0.0138249 0.0153442
v 0.0315135 0.0127649 0.0157527
v 0.0300731 0.017096 0.0138888
v 0.028032 0.0188142 0.012607
v 0.0328285 0.0170835 0.0124902
v 0.032346 0.0174485 0.0125765
v 0.0332609 0.0158453 0.0128574
v 0.0316428 0.0158439 0.0138787
v 0.0325342 0.0154711 0.0137833
v 0.0327486 0.0159554 0.013416
v 0.0312197 0.0147977 0.0151292
v 0.0301688 0.0176833 0.0133379
v 0.0287649 0.018735 0.0127159
v 0.0276339 0.0190616 0.0121557
v 0.0292828 0.0188975 0.0105193
v 0.0295769 0.0116785 0.0162682
v 0.0338108 0.0110899 0.0137354
v 0.0283819 0.0189313 0.012241
v 0.0270597 0.0191742 0.0115756
v 0.0309769 0.00993564 0.0159319
v 0.0341053 0.011977 0.0133895
v 0.0238242 0.0200692 0.00403445
v 0.0266147 0.0196113 0.00765675
v 0.0242012 0.0198275 0.00885293
v 0.0275881 0.019312 0.00896501
v 0.036055 0.0114754 0.0110058
v 0.0351086 0.0117529 0.0121766
v 0.0354563 0.0134602 0.0113921
v 0.0348427 0.0141184 0.011739
v 0.0348517 0.0136205 0.0121385
v 0.0367068 0.0122684 0.00877574
v 0.0359754 0.0131155 0.00917612
v 0.0364038 0.0121682 0.00992185
v 0.0249419 0.0194258 0.0102892
v 0.0239037 0.0195166 0.0107965
v 0.035403 0.0137522 0.0102193
v 0.0357836 0.012948 0.0103078
v 0.0369614 0.0134464 0.00325166
v 0.0367749 0.0142092 0.00400712
v 0.037095 0.0131166 0.00395836
v 0.0369135 0.0132993 0.00527249
v 0.036634 0.0142951 0.00656824
v 0.0363821 0.014007 0.00769794
v 0.03707 0.0116644 0.00823612
v 0.0367606 0.0114292 0.00914976
v 0.036184 0.0138135 0.00853434
v 0.0351249 0.0133362 0.0119739
v 0.0364166 0.0111382 0.0100552
v 0.034389 0.0141705 0.0123936
v 0.0356298 0.0140527 0.00918541
v 0.0356519 0.0124178 0.0111338
v 0.0228393 0.0201763 0.00638125
v 0.0264769 0.0193013 0.0115108
v 0.0332406 0.0144457 0.0138336
v 0.0322603 0.0181356 0.0116693
v 0.0295181 0.0188054 0.0100614
v 0.0300569 0.0189033 0.00988031
v 0.0295521 0.0190194 0.00929422
v 0.0305468 0.018732 0.00988722
v 0.0311104 0.0186139 0.0100824
v 0.0302649 0.0188877 0.00945492
v 0.0319408 0.0185211 0.0097092
v 0.0316246 0.0184042 0.0105509
v 0.0292298 0.0192568 0.00767972
v 0.0295377 0.0191678 0.00841396
v 0.0304377 0.0189846 0.00862886
v 0.0310174 0.0188617 0.00941683
v 0.0314995 0.0186806 0.00867506
v 0.0295115 0.0192622 0.00646689
v 0.0300303 0.0190004 0.00754749
v 0.0326223 0.0185449 0.00883102
v 0.0320419 0.0187685 0.00770668
v 0.0325546 0.0185047 0.00715262
v 0.0326494 0.0184938 0.00791003
v 0.0298907 0.0191976 0.00551049
v 0.029221 0.0193689 0.00525588
v 0.0333346 0.0183358 0.00822488
v 0.0331796 0.018433 0.0074465
v 0.0306765 0.0189832 0.00640937
v 0.0310546 0.0189132 0.00754045
v 0.030278 0.0191861 0.00465577
v 0.0303384 0.0191484 0.00569387
v 0.031469 0.019035 0.00409257
v 0.031102 0.0189445 0.0051325
v 0.0321059 0.0187487 0.0048706
v 0.0332691 0.0184913 0.00626706
v 0.0318996 0.0187099 0.00637081
v 0.03093 0.0190048 0.00435923
v 0.0324193 0.0189945 0.00371736
v 0.033436 0.0187222 0.00435438
v 0.0333587 0.0188768 0.00325756
v 0.0341293 0.0182589 0.00749624
v 0.0288034 0.0190425 0.00981742
v 0.0328571 0.0187825 0.00462909
v 0.0308387 0.0191779 0.00379243
v 0.0331817 0.0186568 0.00487272
v 0.0328953 0.0186095 0.0051941
v 0.0325777 0.0187128 0.0056863
v 0.0346748 0.0181033 0.00650033
v 0.0344094 0.0183129 0.00534206
v 0.0335068 0.0184332 0.00524626
v 0.033855 0.0186772 0.00210574
v 0.0324245 0.0189938 0.00213296
v 0.0344101 0.0185158 0.00377013
v 0.0311433 0.0191909 0.00296899
v 0.0329747 0.0186924 0.000750416
v 0.0272172 0.0195983 0.00636036
v 0.0226157 0.0202339 0.0023104
v 0.0227784 0.0201922 0.00332271
v 0.023512 0.0201639 0.0026757
v 0.0343419 0.0137231 0.0127055
v 0.0339109 0.0145543 0.0129444
v 0.0267248 0.0196642 0.00531089
v 0.0232469 0.020098 0.00362616
v 0.026302 0.0191786 0.0107799
v 0.0278095 0.0195437 0.00504785
v 0.0269005 0.0193469 0.00883515
v 0.024611 0.0194093 0.0115649
v 0.0283138 0.0194351 0.00602922
v 0.036619 0.0167033 0.00155748
v 0.0337409 0.0169558 0.011624
v 0.0343985 0.0148749 0.0121912
v 0.034303 0.0158138 0.0117821
v 0.0338692 0.015279 0.0124606
v 0.0328409 0.0187158 -0.000205901
v 0.0283945 0.0194599 0.00521383
v 0.0285342 0.0194292 0.0047449
v 0.0281856 0.0194205 0.0049411
v 0.0273823 0.0197064 0.00118287
v 0.0282201 0.0195523 0.00171357
v 0.0318767 0.0189377 0.00107394
v 0.0320972 0.018934 0.000167948
v 0.0300765 0.0193141 0.00253422
v 0.030163 0.0193064 0.00347935
v 0.0292623 0.0193929 0.00414186
v 0.031069 0.0191171 0.000577225
v 0.0307506 0.019202 0.00162768
v 0.029285 0.0195048 0.00196855
v 0.0260038 0.0197723 0.000716155
v 0.0263532 0.0197251 0.00180589
v 0.0252943 0.0199154 0.00177831
v 0.0246132 0.020043 0.00297891
v 0.0254085 0.0198952 0.00272891
v 0.0256144 0.019824 0.00344538
v 0.0259728 0.0198146 0.00253733
v 0.0256086 0.0199323 0.00285623
v 0.0262644 0.0198314 0.00382643
v 0.0269931 0.0197242 0.00423935
v 0.0268187 0.0197559 0.00313426
v 0.0290087 0.0194974 0.0031009
v 0.0280219 0.0195697 0.00256965
v 0.0271459 0.0197522 0.00220714
v 0.0278401 0.0195598 0.00332073
v 0.0282535 0.0195581 0.00402311
v 0.0338855 0.0184899 0.000906178
v 0.0242486 0.0200935 0.00166162
v 0.034548 0.0183217 0.000955098
v 0.0358695 0.0176417 0.00338652
v 0.0359406 0.0175664 0.00181424
v 0.0351673 0.0181592 0.00258201
v 0.0353463 0.0179648 0.00111963
v 0.0357142 0.0178169 0.000701141
v 0.0354146 0.0179486 0.00450406
v 0.0323326 0.0184223 0.0108842
v 0.0329678 0.0181907 0.0111334
v 0.035735 0.0174475 0.00652068
v 0.0360762 0.0170048 0.00652619
v 0.0354035 0.0176556 0.00601937
v 0.0341288 0.0175715 0.0103349
v 0.0334673 0.0178039 0.0109475
v 0.0362945 0.0171285 0.00286129
v 0.0324228 0.0175924 0.0121534
v 0.0359412 0.0172877 0.00542679
v 0.0363524 0.0161401 0.00495323
v 0.0365251 0.016013 0.00441302
v 0.0363369 0.0165744 0.00523
v 0.0353817 0.0175986 0.00755665
v 0.0354118 0.0176715 0.00693004
v 0.0349657 0.0178778 0.00757993
v 0.0348345 0.0180057 0.00708846
v 0.0364647 0.0156533 0.00522658
v 0.0363478 0.0156497 0.00631655
v 0.0360289 0.0172168 0.00369241
v 0.0329503 0.0176103 0.0116283
v 0.036711 0.0162445 0.00301912
v 0.0368476 0.015599 0.00192816
v 0.0354693 0.0166516 0.00927053
v 0.0355231 0.0161001 0.00957032
v 0.0358327 0.0163855 0.00870103
v 0.0339764 0.0182469 0.00853972
v 0.0331641 0.0182973 0.0101111
v 0.0334517 0.0182497 0.00898391
v 0.0357544 0.0156695 0.00918364
v 0.0358728 0.0154538 0.00848205
v 0.0351912 0.0147552 0.0111035
v 0.035332 0.0151727 0.0101978
v 0.0349557 0.0156719 0.0108452
v 0.0341266 0.0180849 0.00938547
v 0.0360511 0.0173054 0.00442393
v 0.0364146 0.0168352 0.00396837
v 0.0323067 0.0183638 0.0103528
v 0.0344976 0.0164972 0.0106358
v 0.0371563 0.0144575 0.00180218
v 0.0371151 0.0135164 0.00253675
v 0.0359334 0.0145962 0.00840263
v 0.0367989 0.0150165 0.00289517
v 0.0355142 0.0149664 0.00926481
v 0.0356329 0.015524 0.00974951
v 0.0351815 0.0175854 0.00798371
v 0.0348099 0.0180149 0.00846077
v 0.0349274 0.0166379 0.00963644
v 0.0344547 0.0169821 0.0100224
v 0.034671 0.0174704 0.00944976
v 0.0352814 0.0159942 0.0102432
v 0.0353338 0.0140636 0.0111019
v 0.0367695 0.0153176 0.00379263
v 0.0368367 0.0140876 0.00285087
v 0.035681 0.0171082 0.00778547
v 0.035237 0.0171269 0.00882641
v 0.0363656 0.0150642 0.00757695
v 0.0360429 0.0161452 0.00763919
v 0.0354516 0.014545 0.00996141
v 0.0364736 0.0146588 0.0053693
v 0.036726 0.0152451 0.00460669
v 0.0287918 0.00754767 0.0168135
v 0.0282313 0.00866296 0.0166263
v 0.0259362 0.0115886 0.0165519
v 0.0257954 0.0125682 0.0161166
v 0.0296827 0.012831 0.0161959
v 0.0270979 0.00886865 0.0165357
v 0.0262394 0.00880246 0.0159757
v 0.0269108 0.0078746 0.0163056
v 0.0285947 0.00953488 0.0166187
v 0.0292049 0.00907047 0.0163174
v 0.0287604 0.0102053 0.016294
v 0.0275667 0.00819283 0.0167171
v 0.0270222 0.00712173 0.016114
v 0.0262346 0.00711017 0.0155813
v 0.0266222 0.0129299 0.0159356
v 0.0274275 0.0115556 0.0162655
v 0.0280829 0.0121215 0.0160925
v 0.0275411 0.0103318 0.0166302
v 0.0271865 0.00965299 0.0164256
v 0.0253877 0.00670179 0.0153401
v 0.0292832 0.00810032 0.0166026
v 0.0258389 0.0079865 0.0158526
v 0.0298272 0.00970425 0.0159866
v 0.0264744 0.00957941 0.0163065
v 0.0286262 0.011211 0.0161241
v 0.0293294 0.0106133 0.0161755
v 0.0260318 0.0104388 0.0163925
v 0.0252485 0.0111743 0.0164372
v 0.0254074 0.0133496 0.0157126
v 0.0247198 0.0137693 0.0157066
vn 0.0339547 -0.97864 0.202757
vn -0.0487799 -0.981088 0.187313
vn 0.0749594 -0.891888 0.446001
vn 0.0559672 -0.827026 0.559371
vn 0.242587 -0.964098 0.108011
vn 0.439086 -0.873856 0.208756
vn -0.0763143 -0.996161 0.0428788
vn 0.176615 0.331172 0.926894
vn 0.00821151 0.347106 0.93779
vn 0.242976 0.279384 0.928928
vn 0.204841 0.236755 0.94973
vn -0.0353699 0.224606 0.973808
vn -0.036945 0.181683 0.982663
vn -0.0538163 0.316153 0.947181
vn 0.109906 -0.461755 0.880172
vn 0.147224 -0.976516 0.157293
vn 0.06658 -0.997781 -0.000546771
vn -0.0126478 -0.999601 -0.0252375
vn -0.0802676 -0.995177 0.0563884
vn -0.14374 -0.976855 -0.158408
vn 0.4701 -0.879789 0.0705536
vn 0.152115 -0.986243 0.0647028
vn -0.0303063 -0.996147 -0.0822937
vn -0.163437 -0.984063 -0.0700613
vn -0.128015 -0.964518 0.230904
vn 0.648068 -0.732536 0.208324
vn -0.242378 -0.730885 -0.638012
vn -0.204666 0.304719 0.930192
vn -0.231833 0.323051 0.917547
vn -0.206576 0.513894 0.83261
vn -0.688236 0.609325 0.393769
vn -0.237284 0.84589 0.477668
vn -0.613162 0.630993 0.475269
vn -0.628155 0.405946 0.663799
vn -0.202088 0.681624 0.703242
vn -0.733131 0.437998 0.520266
vn -0.471416 0.574496 0.66912
vn -0.398825 0.682937 0.611993
vn -0.0234527 0.78548 0.618442
vn -0.0440674 0.235893 0.970779
vn -0.0608927 0.512251 0.856674
vn -0.0971319 0.111784 0.988974
vn -0.0901468 -0.0907098 0.991789
vn 0.0481473 0.925585 0.375466
vn 0.0316378 0.857291 0.513859
vn 0.0785109 0.794004 0.602821
vn -0.143481 -0.0179253 0.989491
vn -0.1 -0.0021567 0.994985
vn 0.0223996 0.687244 0.726081
vn -0.11404 0.147882 0.982408
vn -0.928409 0.349446 -0.126272
vn -0.729458 0.670015 -0.137738
vn -0.90782 0.380523 -0.176254
vn -0.986303 -0.0635379 -0.152213
vn -0.988632 -0.105902 -0.106735
vn -0.987256 -0.118192 -0.106563
vn -0.670374 0.740599 -0.0459603
vn -0.987343 0.00314157 -0.158569
vn -0.882868 0.469218 -0.0194504
vn -0.993224 0.0941594 0.0681222
vn -0.961925 0.183428 -0.20262
vn -0.979772 -0.117529 -0.161967
vn -0.964356 -0.0240513 -0.263514
vn -0.99694 0.0430661 -0.0652299
vn -0.333016 0.208987 0.91947
vn -0.253796 -0.0503025 0.965949
vn -0.41137 -0.13612 0.901247
vn -0.191003 -0.741377 0.643334
vn 0.0228837 -0.219477 0.975349
vn -0.437471 0.172051 0.88262
vn -0.0599867 0.371465 0.926507
vn -0.085606 0.455825 0.885943
vn -0.354924 -0.720268 0.596022
vn -0.0558312 -0.656372 0.752369
vn -0.436532 0.0602217 0.897671
vn -0.0613904 -0.85894 0.508383
vn 0.613547 -0.789655 -0.002372
vn 0.797573 -0.60155 0.0448863
vn 0.595133 -0.79921 -0.0841459
vn 0.652128 -0.746308 0.133245
vn 0.506154 -0.860785 -0.0534519
vn 0.665563 -0.746295 0.00836609
vn 0.552339 -0.831845 0.0543674
vn 0.523262 -0.847063 -0.0931758
vn 0.659821 -0.742892 -0.112906
vn 0.634607 -0.735863 -0.236177
vn 0.532866 -0.846085 -0.0139685
vn 0.508549 -0.860305 -0.0354115
vn 0.541577 -0.839228 0.0488952
vn 0.590433 -0.807067 0.00554088
vn 0.623042 -0.774273 -0.110998
vn 0.193053 0.231106 0.953583
vn 0.316562 0.336789 0.88677
vn 0.375478 0.26007 0.889595
vn -0.469629 -0.0108976 0.882796
vn -0.431289 -0.0942694 0.897276
vn 0.258387 0.182545 0.948638
vn -0.260408 0.00987913 0.965448
vn 0.332787 -0.00948322 0.942954
vn 0.381631 0.0674859 0.921848
vn 0.252793 0.337213 0.906853
vn -0.086688 -0.0126199 0.996156
vn -0.517859 0.0162627 0.855311
vn -0.10551 0.0620087 -0.992483
vn -0.063009 -0.0477858 -0.996868
vn 0.0026765 -0.0400895 -0.999193
vn -0.169767 0.0690572 -0.983062
vn -0.160556 0.235332 -0.958562
vn -0.214424 0.268818 -0.93902
vn -0.17201 0.208101 -0.962864
vn -0.160482 0.280272 -0.946411
vn 0.0876857 -0.031372 -0.995654
vn -0.121985 0.280396 -0.952102
vn -0.214499 0.228919 -0.949519
vn -0.354929 0.251965 -0.900299
vn -0.108219 0.125102 -0.986224
vn -0.510529 0.105419 -0.853374
vn -0.497561 0.0356988 -0.866694
vn -0.272688 0.142753 -0.951453
vn -0.229682 0.108435 -0.967206
vn -0.0394961 -0.159036 0.986483
vn -0.290204 -0.471423 0.832792
vn -0.254923 -0.836838 0.484475
vn -0.389215 -0.394374 0.832455
vn 0.0138761 0.475382 0.87967
vn 0.15024 0.157886 0.975961
vn 0.125028 0.316021 0.940478
vn 0.0179278 0.309385 0.950768
vn -0.0130066 0.612679 0.790225
vn -0.155362 0.496552 0.85399
vn -0.048993 0.348563 0.936004
vn -0.0226753 0.345864 0.938011
vn -0.0831343 0.407735 0.909308
vn 0.0672589 0.373156 0.925328
vn 0.351842 0.177251 0.919124
vn -0.129759 0.423897 0.896367
vn -0.0898585 0.569669 0.816948
vn 0.00100797 0.173284 0.984871
vn -0.0296958 0.178872 0.983424
vn -0.0802791 0.718441 0.69094
vn 0.20463 -0.0266897 0.978476
vn 0.128755 -0.0277928 0.991287
vn -0.160542 -0.0172005 0.986879
vn -0.0198816 0.770118 0.637591
vn 0.265739 -0.681122 0.682243
vn 0.290215 -0.0418348 0.956047
vn 0.276637 -0.396376 0.875419
vn 0.0436682 -0.417824 0.907478
vn 0.102967 -0.919108 0.380313
vn -0.184002 -0.813038 0.55237
vn -0.172701 -0.362241 0.915946
vn -0.253816 -0.967211 0.00901826
vn -0.402293 -0.896533 0.185443
vn -0.0714407 0.0825632 0.994022
vn 0.0569716 0.199055 0.978331
vn -0.131953 0.114629 0.984606
vn -0.270703 -0.942025 0.198266
vn 0.225696 0.146842 0.963067
vn 0.0344787 -0.724904 0.687987
vn -0.268327 -0.959216 -0.088916
vn -0.142343 0.432677 0.890241
vn -0.0756319 0.472835 0.877899
vn -0.0857263 0.340408 0.936362
vn 0.06819 0.496002 0.86564
vn 0.131763 0.62344 0.770688
vn 0.166928 0.661416 0.731207
vn -0.0958852 -0.27024 0.958007
vn 0.207684 0.484045 0.85004
vn 0.096336 0.0950155 0.990803
vn -0.0210915 -0.184449 0.982616
vn 0.102045 0.492316 0.864414
vn -0.0792841 0.128714 0.988507
vn 0.0154944 -0.693445 0.720343
vn 0.181044 0.43056 0.884218
vn -0.047818 0.463242 0.884941
vn 0.909515 0.119218 0.398208
vn 0.727442 0.469837 0.500081
vn 0.746949 0.223005 0.626367
vn 0.551676 0.195314 0.810867
vn 0.691883 0.211671 0.690286
vn 0.609786 0.493175 0.620435
vn 0.436134 0.839005 0.325357
vn 0.875173 0.10243 0.472842
vn 0.0446347 0.891605 0.450608
vn -0.0658226 0.951409 0.300813
vn -0.0615087 0.640359 0.765609
vn 0.963667 0.232219 0.131983
vn 0.980074 0.0548639 0.190905
vn 0.963246 0.164424 0.212421
vn 0.720257 0.413973 0.556647
vn 0.899962 0.375723 0.221135
vn 0.876745 0.250848 0.410357
vn 0.335856 0.705919 0.623601
vn 0.403334 0.863007 0.304204
vn 0.410722 0.252555 0.876084
vn 0.17032 0.968171 0.183401
vn 0.0246816 0.993595 0.110269
vn 0.633324 0.727167 0.264819
vn -0.0907156 0.362305 0.927634
vn -0.0860692 0.546015 0.833343
vn -0.157502 0.903924 0.397637
vn -0.124467 0.736841 0.66451
vn -0.564669 0.493294 0.661672
vn -0.296744 0.851637 0.43204
vn -0.0161211 0.896639 0.442468
vn -0.134941 0.940855 0.310778
vn -0.12431 0.908727 0.398451
vn -0.161583 0.940991 0.297367
vn -0.0151908 0.630297 0.776205
vn -0.171891 0.441297 0.880744
vn -0.0361098 0.764662 0.643419
vn -0.141464 0.693365 0.706564
vn -0.288037 0.708014 0.644787
vn -0.0540955 0.171051 0.983776
vn -0.0164955 -0.078966 0.996741
vn -0.0156654 0.503194 0.864031
vn -0.0291375 0.402302 0.915043
vn -0.0237128 0.63718 0.77035
vn 0.0363246 0.662121 0.748516
vn 0.063626 0.555025 0.829397
vn -0.016887 0.734556 0.678338
vn -0.0310571 0.787566 0.615448
vn 0.0210948 0.866227 0.499206
vn -0.00765196 0.768375 0.639954
vn 0.0454666 0.639291 0.767619
vn -0.0901105 0.521037 0.848764
vn -0.210542 0.282 0.936028
vn -0.248631 0.303991 0.919658
vn -0.378807 0.231129 0.89615
vn -0.409841 0.379763 0.829343
vn -0.344481 0.036629 0.938079
vn 0.127894 0.469097 0.873837
vn -0.0175879 0.520544 0.853654
vn -0.00920669 -0.399139 0.916844
vn 0.026621 0.356454 0.933933
vn -0.524033 0.360213 0.771775
vn -0.205937 -0.0247643 0.978252
vn -0.0868664 0.394529 0.914769
vn -0.508392 0.221823 0.832065
vn -0.338596 0.038812 0.940131
vn -0.0904191 0.830961 -0.548933
vn -0.0993597 0.96896 -0.226372
vn -0.0698877 0.878632 -0.472357
vn -0.0486666 0.992517 -0.111993
vn -0.00728411 0.942098 -0.335259
vn -0.41709 0.822154 -0.387425
vn -0.0482585 0.986602 0.155847
vn -0.199074 0.975653 -0.0920404
vn -0.00485941 0.999312 0.036782
vn -0.117743 0.577457 -0.807886
vn 0.0379269 0.984545 0.170977
vn 0.472734 0.208943 0.856076
vn 0.364663 0.161398 0.917045
vn 0.159946 0.428669 0.889191
vn 0.238019 0.138449 0.961342
vn 0.42299 0.690718 0.586505
vn 0.223052 0.953097 0.204581
vn 0.157679 0.858709 0.487603
vn 0.236024 0.667418 0.70629
vn 0.306995 0.250244 0.918222
vn 0.437805 0.398056 0.80615
vn 0.0528855 0.0516476 0.997264
vn 0.417169 0.181261 0.89057
vn -0.0527606 -0.112113 0.992294
vn -0.364576 0.00263476 0.93117
vn -0.558441 -0.0998637 0.823511
vn -0.100335 -0.0515996 0.993615
vn -0.104869 0.0933895 0.990091
vn -0.0853748 0.0919041 0.992101
vn -0.0509566 0.0828906 0.995255
vn -0.0496357 0.107375 0.992979
vn -0.0389652 0.197979 0.979432
vn -0.423757 0.149513 0.893351
vn -0.298031 0.31281 0.901847
vn -0.326645 0.115603 0.938051
vn 0.620275 0.542249 0.566767
vn 0.757924 0.233034 0.609299
vn 0.708061 0.142259 0.691673
vn 0.488572 0.069396 0.869759
vn 0.10249 0.382581 0.91822
vn -0.102112 -0.105679 0.989144
vn 0.288505 0.390025 0.87444
vn -0.298737 0.0682025 0.951895
vn -0.547867 -0.0522856 0.83493
vn -0.838841 -0.132282 0.52806
vn 0.244428 0.805601 0.539688
vn -0.379802 0.892161 0.244538
vn -0.654904 0.565119 0.501739
vn -0.0999469 0.00280282 0.994989
vn -0.179027 0.130792 0.975112
vn -0.440672 0.0889385 0.893252
vn -0.202362 0.430316 0.879703
vn 0.398983 0.903592 0.155996
vn -0.105239 0.412851 0.904698
vn 0.2444 0.821852 0.514614
vn 0.483419 0.875024 -0.0252649
vn 0.372281 0.882633 0.286995
vn 0.415112 0.899368 0.137182
vn 0.379045 0.844328 0.378729
vn 0.0442276 0.427835 0.902774
vn -0.0422474 0.308674 0.950229
vn 0.497725 0.751416 -0.433179
vn 0.473818 0.824286 -0.309919
vn -0.484376 0.57793 0.656793
vn 0.455101 0.874232 -0.169116
vn 0.196756 0.740229 0.642921
vn 0.351385 0.853955 0.383784
vn 0.43844 0.849447 -0.293617
vn 0.496963 0.646967 -0.578326
vn 0.549472 0.684402 -0.479244
vn 0.492052 0.729753 -0.474705
vn 0.518974 0.729838 -0.444974
vn 0.09628 0.587059 0.803799
vn 0.517299 0.848144 -0.114255
vn 0.165566 0.593755 0.787428
vn 0.390037 0.829917 0.398884
vn -0.105241 0.108004 0.988564
vn -0.057911 -0.404616 0.912651
vn -0.0709252 -0.416085 0.906556
vn -0.0640296 -0.445659 0.89291
vn -0.0709051 -0.618521 0.782562
vn -0.256369 -0.266911 0.928996
vn -0.0240458 -0.712987 0.700764
vn -0.0882973 0.383737 0.919211
vn -0.0202616 0.774758 0.631933
vn -0.100315 0.826282 0.554251
vn -0.0321624 0.707327 0.706155
vn -0.187411 -0.250829 0.949717
vn -0.290745 0.0206818 0.956577
vn -0.0201562 -0.667168 0.744635
vn -0.094041 0.131918 0.98679
vn 0.0346421 -0.904448 0.425176
vn 0.0345229 -0.895344 0.444035
vn -0.228168 0.637683 0.735731
vn -0.0449113 0.451269 0.891257
vn -0.28784 0.617013 0.732422
vn -0.321015 0.49864 0.805176
vn -0.212693 0.329405 0.919921
vn -0.112494 0.448591 0.886629
vn -0.230522 0.749272 0.620847
vn -0.185078 0.464298 0.866125
vn -0.0613619 0.493218 0.867739
vn -0.0653381 0.440769 0.89524
vn -0.0564431 0.167827 0.984199
vn -0.0534631 0.313537 0.94807
vn -0.0675665 0.386207 0.919934
vn -0.0398496 0.0268549 0.998845
vn -0.0702785 0.0969083 0.992809
vn 0.0513008 0.966295 0.252273
vn -0.115826 0.724108 0.679891
vn -0.0155826 0.970713 0.239737
vn -0.109908 0.065585 0.991776
vn -0.0915426 0.00504744 0.995788
vn -0.0603093 0.184977 0.980891
vn -0.0599306 0.19222 0.97952
vn -0.0936655 0.54915 0.830458
vn -0.0173307 0.329405 0.94403
vn 0.00551454 0.727161 0.686445
vn -0.0450569 0.949774 0.309677
vn -0.0167226 0.838433 0.544748
vn 0.0298726 0.987538 0.154521
vn 0.0450006 0.978892 0.199363
vn -0.947327 0.294352 -0.12621
vn -0.938127 0.27141 -0.215069
vn -0.961396 0.19935 -0.189676
vn -0.921417 0.323865 -0.214713
vn -0.881526 0.413232 -0.228367
vn -0.956388 0.226005 -0.185049
vn -0.99265 0.0773414 -0.0930782
vn -0.942439 0.331576 -0.0432009
vn -0.94199 0.32765 -0.0728048
vn -0.935379 0.34652 -0.0706394
vn -0.953963 0.268347 -0.133959
vn -0.954145 0.2824 -0.099287
vn -0.930499 0.351888 -0.101716
vn -0.984824 0.159232 -0.0690421
vn -0.998887 0.0251097 -0.0399364
vn -0.992958 0.0330696 -0.113761
vn -0.959966 0.254582 -0.116845
vn -0.914345 0.370184 -0.164123
vn -0.956436 0.291848 -0.00740558
vn -0.930627 0.315658 -0.185183
vn -0.889649 0.413715 -0.193296
vn -0.931825 0.36055 0.0413005
vn -0.929277 0.32044 -0.183747
vn -0.910881 0.392068 -0.128756
vn -0.985277 0.105674 -0.134396
vn -0.970903 0.219586 -0.0955508
vn -0.955647 0.285494 -0.0723345
vn -0.959247 0.227328 -0.167829
vn -0.980565 0.172958 -0.0926161
vn -0.120435 -0.00551329 0.992706
vn -0.306002 0.00194887 0.952029
vn -0.0973061 -0.051985 0.993896
vn -0.101349 0.00461796 0.99484
vn -0.170202 0.0603211 0.983561
vn -0.0726839 0.239623 0.968141
vn -0.0808746 -0.071625 0.994147
vn -0.042966 0.0498073 0.997834
vn 0.0223225 -0.0903314 0.995662
vn 0.0148346 0.0783233 0.996818
vn -0.0743646 -0.101539 0.992048
vn -0.0609325 -0.219602 0.973685
vn -0.075289 0.0935124 0.992767
vn -0.0895539 -0.0930161 0.991629
vn -0.0970858 -0.204183 0.974107
vn 0.000260276 -0.029203 0.999574
vn -0.0849583 -0.236559 0.967896
vn -0.0539034 -0.413393 0.908956
vn -0.0322336 -0.0208576 0.999263
vn -0.0906357 -0.0454714 0.994846
vn -0.124806 -0.0849265 0.98854
vn -0.0185876 -0.0133524 0.999738
vn -0.148044 -0.304156 0.941048
vn -0.030739 -0.321281 0.946485
vn -0.0811422 0.0784341 0.993612
vn -0.459962 0.885733 -0.0625488
vn 0.777392 0.613703 0.137948
vn 0.782088 0.61781 0.0815445
vn 0.0192356 0.999124 0.0371578
vn 0.300193 0.951252 0.0707339
vn 0.432837 0.899795 0.0549701
vn 0.229184 0.972938 -0.0294409
vn 0.524286 0.851504 0.00809621
vn -0.394194 0.910211 -0.126991
vn -0.689758 0.703138 -0.172716
vn 0.265413 0.961761 0.0676157
vn 0.00203669 0.999281 -0.0378592
vn -0.0991722 0.989347 -0.106574
vn -0.284643 0.95643 0.0649642
vn -0.35091 0.936389 -0.00621198
vn -0.233268 0.958556 -0.163574
vn -0.611092 0.789166 -0.0615108
vn -0.573155 0.814716 -0.0879273
vn -0.871419 0.446209 -0.203781
vn -0.800952 0.56132 -0.208315
vn -0.389397 0.418473 0.820519
vn -0.0638248 0.553768 0.830221
vn -0.225138 0.236813 0.94511
vn 0.0689728 0.494248 0.866581
vn 0.077612 0.718767 0.690905
vn 0.185688 0.804347 0.564399
vn 0.494215 0.5152 0.700229
vn 0.319296 0.630535 0.707443
vn 0.426116 0.269073 0.863728
vn -0.00339694 0.370442 0.92885
vn 0.321184 0.395058 0.86068
vn -0.0560467 0.271088 0.960922
vn 0.54033 0.110286 0.834194
vn 0.660681 0.378421 0.648303
vn 0.0840863 0.020052 0.996257
vn 0.599668 0.141315 0.787673
vn -0.165233 -0.0122115 0.986179
vn 0.509268 0.249139 0.823757
vn -0.0572679 0.249519 0.966675
vn -0.0531693 0.450683 0.891099
vn -0.196656 0.791226 0.57904
vn -0.037701 0.704221 0.70898
vn -0.206503 0.821421 0.531624
vn -0.0685684 0.754667 0.652515
vn 0.518486 0.851716 -0.0758442
vn 0.558274 0.82124 0.117877
vn 0.384958 0.881725 -0.272705
vn 0.530949 0.80938 0.25099
vn 0.440869 0.893313 -0.0873274
vn 0.566161 0.824214 0.0115641
vn 0.192721 0.980209 0.0452631
vn -0.271772 0.946513 0.173933
vn 0.295494 0.838745 0.457374
vn 0.50159 0.770735 -0.392906
vn 0.487065 0.76494 0.421468
vn 0.398053 0.917205 -0.0169994
vn 0.222631 0.948616 0.224864
vn 0.376364 0.888306 0.263177
vn 0.284038 0.897258 0.338009
vn 0.493202 0.869844 0.0110745
vn 0.331815 0.756909 0.563017
vn 0.287631 0.887828 0.359206
vn 0.489746 0.846887 0.207199
vn 0.346371 0.85477 0.386516
vn 0.763793 0.616873 -0.189968
vn 0.756809 0.652802 -0.0330061
vn 0.901711 0.366852 -0.228774
vn 0.353668 0.167018 -0.920339
vn 0.267805 0.161804 -0.94979
vn 0.366787 0.204044 -0.907653
vn 0.184203 0.485584 -0.854563
vn 0.0971898 0.796758 -0.596432
vn 0.0311597 0.708818 -0.704702
vn -0.0994701 0.951912 0.289776
vn 0.0420156 0.99709 -0.0636062
vn -0.0604829 0.976118 0.208652
vn 0.155934 0.888313 -0.431955
vn -0.0066307 0.979132 -0.203115
vn 0.0507204 0.808723 -0.585998
vn -0.983387 0.181464 -0.00461049
vn -0.830021 0.317628 0.458451
vn -0.919268 0.193752 0.342647
vn 0.318143 0.153631 -0.935512
vn -0.520595 0.33614 0.784851
vn -0.390412 0.731998 0.558353
vn -0.260697 0.282752 0.923086
vn 0.214479 0.469494 -0.856489
vn 0.124121 0.69414 -0.709058
vn -0.0399737 0.937499 -0.345685
vn 0.246809 0.311144 -0.917755
vn 0.219221 0.652648 -0.725254
vn 0.0136011 0.900514 -0.434615
vn 0.19177 0.488117 -0.851449
vn -0.892195 0.433398 0.127096
vn 0.188566 0.196062 -0.96229
vn -0.70804 0.197932 0.677866
vn 0.279605 0.161004 -0.946519
vn -0.0142967 0.723838 0.689822
vn -0.0673569 0.268754 0.960851
vn -0.150298 0.136267 0.979205
vn 0.0357573 0.990666 -0.131539
vn 0.0742134 0.851836 -0.518524
vn 0.279464 0.302319 -0.91132
vn 0.240142 0.103979 0.965153
vn 0.292181 0.0110255 0.956299
vn 0.225343 0.122375 0.966563
vn 0.196315 -0.20064 0.959794
vn 0.334973 -0.193592 0.922126
vn 0.532898 -0.135638 0.835238
vn 0.362005 -0.320108 0.87549
vn -0.167394 -0.155107 0.973612
vn -0.00846436 -0.289748 0.957065
vn 0.0542408 -0.232067 0.971186
vn -0.249626 -0.256366 0.93379
vn -0.121466 -0.340532 0.932354
vn 0.277788 -0.278954 0.919249
vn -0.510922 0.349182 0.785513
vn -0.0954793 0.0276842 0.995046
vn -0.344919 0.163733 0.924242
vn 0.0158848 -0.00287928 0.99987
vn 0.163442 -0.0955035 0.981919
vn -0.249896 0.199409 0.947517
vn -0.158381 -0.372941 0.914238
vn 0.0861483 -0.300977 0.949732
vn 0.0489659 0.0215594 0.998568
vn -0.102835 -0.10525 0.989115
vn -0.103811 -0.200839 0.974108
vn 0.359655 -0.244925 0.900367
vn -0.343893 0.345112 0.87329
vn -0.220407 -0.182929 0.958101
vn -0.158182 -0.0877753 0.983501
vn -0.213102 0.369232 0.904575
vn -0.255638 -0.100023 0.961584
vn -0.399655 0.337944 0.852097
vn -0.340191 -0.053154 0.938853
vn -0.175878 -0.199056 0.964077
vn -0.366502 -0.256455 0.894375
vn -0.363788 -0.189632 0.911975
vn -0.386619 -0.375836 0.842184
vn -0.476811 -0.449431 0.755422
vn -0.52861 -0.111855 0.841463
vn -0.285737 0.0253883 0.957972
vn -0.592143 0.0971029 0.799961
vn -0.449802 -0.416795 0.789912
vn -0.657535 -0.341322 0.671674
vn -0.602647 -0.661129 0.446906
vn -0.354053 -0.111502 0.928555
vn -0.426086 -0.654265 0.62481
vn -0.588478 -0.627084 0.510352
vn -0.644944 -0.326216 0.691108
vn -0.50999 -0.768464 0.386488
vn -0.500306 -0.857198 0.122091
vn -0.436807 -0.644499 0.627551
vn -0.298096 -0.197977 0.93378
vn -0.313413 -0.00622232 0.949596
vn -0.467752 0.104272 0.877688
vn -0.255579 0.0269163 0.966413
vn -0.404223 -0.474775 0.781788
vn -0.51051 -0.549565 0.66133
vn -0.518783 -0.824154 0.227232
vn -0.617835 -0.0371053 0.785432
vn -0.381508 -0.922375 -0.0606279
vn -0.0261489 -0.0139571 0.999561
vn -0.00954028 -0.0738238 0.997226
vn -0.323895 -0.943514 -0.0698064
vn -0.678877 -0.155228 -0.717656
vn -0.921161 -0.128341 -0.367411
vn -0.97016 -0.118302 -0.211646
vn -0.944186 0.241174 -0.224384
vn -0.873731 0.188754 -0.448293
vn -0.856901 0.353265 -0.375398
vn -0.56779 -0.0869628 -0.818567
vn -0.254282 -0.0343627 -0.966519
vn -0.26864 0.109231 -0.957027
vn -0.372313 0.211156 -0.903768
vn -0.348347 -0.113972 -0.930411
vn -0.587267 0.0173072 -0.809208
vn -0.600591 0.280345 -0.748797
vn -0.904761 0.367431 -0.215411
vn -0.782036 0.0113529 -0.62313
vn -0.984466 0.0625541 -0.164051
vn -0.962498 -0.0654794 -0.263267
vn -0.980659 0.111932 -0.160556
vn -0.541481 -0.395825 -0.741701
vn -0.757781 0.643496 -0.108079
vn -0.841575 0.529442 -0.106969
vn -0.858099 0.450073 -0.247184
vn -0.900372 0.400192 -0.170814
vn -0.278973 0.0790142 -0.957043
vn -0.872452 -0.212743 -0.439963
vn -0.931081 0.228893 -0.284072
vn -0.832138 0.549896 -0.0718464
vn -0.978807 -0.0836866 -0.186903
vn -0.989427 -0.101852 -0.103248
vn -0.965551 -0.0938214 -0.242713
vn -0.978472 -0.0544467 -0.199067
vn -0.919777 -0.197222 -0.339285
vn -0.0881568 -0.0402436 -0.995293
vn -0.970958 0.0879176 0.222512
vn -0.868217 0.0754889 0.490409
vn -0.960707 0.0632575 0.270259
vn -0.0889873 0.995052 -0.0442012
vn -0.01599 0.995471 0.0937165
vn -0.0737275 0.996516 0.0389813
vn -0.0205518 0.990034 0.139319
vn -0.0834581 0.992606 0.0881401
vn 0.0412532 0.935539 0.350807
vn 0.000996468 0.945696 0.32505
vn -0.222148 0.974069 -0.0428839
vn -0.969917 0.205773 0.130072
vn -0.913753 0.11768 0.388853
vn -0.238099 0.968146 0.0774701
vn -0.104013 0.993357 0.0492305
vn -0.175038 0.98307 -0.0541833
vn -0.235388 0.146861 0.960742
vn -0.0802528 0.35812 0.93022
vn -0.263632 0.375189 0.888668
vn 0.0593805 0.919809 0.387848
vn -0.552515 0.800883 0.230898
vn -0.408407 0.137406 0.902399
vn 0.14865 0.796778 0.585702
vn -0.00234175 0.281888 0.959445
vn -0.581039 0.12214 0.804659
vn -0.878376 0.474958 0.0535747
vn -0.514201 0.615464 0.597328
vn -0.677978 0.129523 0.723581
vn 0.0477702 0.771206 0.634791
vn 0.106186 0.605933 0.788397
vn -0.751652 0.658703 -0.0336136
vn 0.792154 -0.610318 -0.00205637
vn 0.952765 -0.301122 0.0395411
vn 0.999412 -0.0285669 0.0189378
vn 0.978666 0.186908 -0.085315
vn 0.351617 -0.936099 -0.00915167
vn 0.691044 -0.711597 0.126838
vn 0.818606 -0.571903 0.0530227
vn 0.979815 -0.185536 -0.0744187
vn 0.942779 0.303963 0.137018
vn 0.94649 -0.103833 0.305575
vn 0.771199 -0.632601 -0.0711968
vn 0.905368 -0.388134 0.172225
vn 0.784905 -0.611949 0.0971725
vn 0.236189 -0.963326 0.12735
vn -0.059985 -0.997377 0.0405119
vn 0.212916 -0.965703 0.148612
vn 0.780537 -0.591718 0.201573
vn 0.894823 -0.357878 0.26686
vn 0.55399 -0.806617 0.206071
vn 0.881129 0.125675 -0.45587
vn 0.611797 -0.72586 0.314374
vn 0.464776 -0.88064 0.0919584
vn 0.656787 -0.753845 -0.0186431
vn 0.450799 -0.866677 -0.213663
vn -0.0344293 -0.996826 -0.0717842
vn 0.605061 -0.783045 0.144021
vn -0.311469 -0.118658 0.942819
vn -0.151469 0.031718 0.987953
vn -0.632967 0.654244 0.413905
vn -0.0520994 0.38541 0.921274
vn -0.120967 0.0137653 0.992561
vn -0.0670133 0.386591 0.919813
vn -0.336289 -0.0759224 0.938694
vn -0.161826 -0.0966009 0.98208
vn -0.718131 0.30835 0.623866
vn -0.115813 -0.0980798 0.988417
vn -0.0913537 0.306424 0.947501
vn -0.973144 0.163174 0.162373
vn -0.871753 0.410346 0.267698
vn -0.626895 0.293728 0.721614
vn -0.274709 0.241805 0.930626
vn -0.98562 -0.0145946 0.168343
vn -0.905146 0.422636 -0.0457028
vn -0.65944 0.751099 0.0314612
vn -0.257707 0.966133 -0.0132208
vn -0.479314 0.85358 -0.204103
vn -0.159465 0.975861 -0.149217
vn -0.329386 0.942561 -0.0555342
vn 0.220603 0.9715 -0.0867278
vn -0.0876861 0.994733 -0.053072
vn -0.052146 0.998599 0.0090154
vn 0.0253756 0.999657 0.00647319
vn -0.078642 0.995455 -0.0537085
vn 0.0370205 0.998251 0.0460857
vn 0.0928317 0.995602 0.012567
vn 0.0673783 0.993712 0.089419
vn 0.0647748 0.984955 0.160211
vn 0.119132 0.971159 0.206539
vn 0.10226 0.994457 0.0244469
vn -0.256684 0.96628 -0.0204193
vn -0.01746 0.998593 0.0500747
vn 0.02599 0.996451 0.0800582
vn 0.0655292 0.997759 -0.0134935
vn -0.112494 0.993616 -0.00847185
vn -0.290904 0.956551 -0.0196276
vn -0.0526799 0.998538 -0.0121107
vn -0.539925 0.829332 -0.143837
vn 0.110929 0.973549 0.19974
vn 0.0978881 0.98821 0.117724
vn -0.0217628 0.989132 0.14541
vn -0.625587 0.761024 -0.171707
vn -0.0633902 0.994409 0.084455
vn 0.0508702 0.997641 0.0460955
vn 0.130574 0.991122 0.0250661
vn 0.0980719 0.972094 0.213107
vn 0.073164 0.942885 0.324986
vn -0.557335 0.815371 -0.156678
vn -0.59331 0.785559 -0.175728
vn -0.0112469 0.9999 -0.00858968
vn 0.125849 0.987786 -0.0918713
vn -0.314259 0.946184 -0.0773088
vn -0.364673 0.923162 -0.121595
vn -0.199063 0.972946 -0.117261
vn -0.467325 0.879433 -0.090582
vn -0.204171 0.978032 -0.0420449
vn -0.315924 0.948459 -0.0248634
vn 0.123652 0.992125 0.019947
vn -0.167592 0.426256 -0.888943
vn -0.146521 0.269728 -0.951724
vn -0.449949 0.356908 -0.818635
vn -0.788683 0.0674104 -0.611093
vn -0.98153 0.165988 -0.0951142
vn -0.924545 0.189112 -0.330838
vn -0.391984 0.572024 -0.720512
vn -0.958587 0.167073 -0.230647
vn -0.924705 0.160335 -0.345272
vn -0.866964 0.286415 -0.407849
vn -0.900516 0.0714088 -0.428919
vn -0.908636 0.181236 -0.37621
vn -0.952283 0.0600209 -0.299258
vn -0.898239 0.161788 -0.408645
vn -0.208635 0.0555989 -0.976412
vn -0.601631 0.0354146 -0.797988
vn -0.888741 0.350171 -0.295838
vn -0.985654 0.137314 -0.0981422
vn -0.967162 0.0846678 -0.239644
vn -0.995789 0.0654088 -0.0642366
vn -0.964775 -0.0258515 -0.261803
vn -0.564308 0.130527 -0.81518
vn -0.935051 0.205172 -0.289111
vn -0.176362 -0.0319488 -0.983807
vn -0.195447 0.2378 -0.951447
vn -0.189576 0.306636 0.932757
vn -0.00241138 0.508009 0.861349
vn -0.122352 0.634522 0.763159
vn -0.0833421 0.678513 0.729846
vn -0.0456992 0.555923 0.829977
vn -0.0392553 0.503428 0.863145
vn 0.0145799 0.29803 0.954445
vn -0.11171 0.153123 0.981873
vn -0.107732 -0.0136254 0.994087
vn -0.072288 0.0127693 0.997302
vn -0.216469 0.225019 0.950004
vn -0.0609072 0.235853 0.969878
vn -0.0913625 0.055415 0.994275
vn -0.015187 0.084469 0.99631
vn -0.0636454 -0.023456 0.997697
vn 0.00679436 0.165425 0.986199
vn -0.124562 0.0364107 0.991544
vn -0.0655435 0.139987 0.987982
vn -0.0361317 0.0658531 0.997175
vn -0.117121 0.0663221 0.990901
vn -0.134766 0.60501 0.78473
vn 0.0958566 0.628383 0.771976
vn 0.152413 0.65054 0.744022
vn 0.0156984 0.571006 0.820796
vn -8.6553e-05 0.381119 0.924526
vn -0.0576103 0.121167 0.990959
vn -0.066095 0.40179 0.913344
vn -0.0822421 0.00602566 0.996594
vn -0.573142 -0.116632 0.811113
vn -0.121436 -0.119491 0.985381
vn -0.443652 -0.0161221 0.896054
vn -0.395566 -0.0142287 0.918327
vn -0.233239 -0.0563496 0.970785
vn -0.488504 0.144916 0.860444
vn -0.469749 -0.112927 0.875547
vn -0.628945 -0.0672983 0.774531
vn -0.57521 0.0148071 0.817872
vn -0.0783374 -0.030579 0.996458
vn -0.190779 -0.0219128 0.981388
vn -0.0549052 -0.0728726 0.995829
vn -0.432489 0.167475 0.885949
vn -0.398207 0.0370642 0.916547
vn -0.544442 0.102968 0.832455
vn -0.388745 0.13372 0.91159
vn 0.108688 -0.0288203 0.993658
vn -0.306867 -0.130879 0.942711
vn -0.572148 -0.12291 0.810888
vn -0.575456 -0.0080638 0.817793
vn -0.463106 -0.0668329 0.88378
vn -0.614972 0.10496 0.781532
vn -0.338645 -0.0380336 0.940145
vn 0.04038 -0.0992842 0.99424
vn -0.56269 0.285052 0.775967
vn -0.470526 0.245963 0.847412
vn -0.101635 -0.217658 0.970719
vn -0.328303 -0.0148175 0.944456
vn -0.527123 0.18197 0.830077
vn -0.229868 0.162412 0.959574
vn -0.0670648 0.00198516 0.997747
vn 0.000942864 -0.211043 0.977476
vn 0.224559 0.680199 0.697784
vn -0.0136469 0.366707 0.930236
vn -0.049151 0.560962 0.826381
vn 0.20218 0.37445 0.904937
vn 0.359642 0.628411 0.689752
vn 0.487849 0.268637 0.830565
vn 0.039482 0.520346 0.853042
vn 0.117474 0.699463 0.704948
vn 0.185801 0.254822 0.94897
vn 0.1359 0.556502 0.819656
vn -0.0238609 0.374298 0.927001
vn 0.544174 0.835552 0.07568
vn 0.504311 0.84934 0.155855
vn 0.550308 0.834962 9.92429e-05
vn 0.454493 0.86245 0.222746
vn 0.360974 0.747527 0.557585
vn 0.409568 0.797041 0.443824
vn -0.132399 0.358878 0.923947
vn -0.0972079 0.440473 0.892488
vn -0.131906 0.411605 0.901766
vn 0.684864 0.136362 0.715798
vn 0.419376 0.902225 -0.10057
vn 0.421088 0.89698 0.134581
vn 0.269174 0.900491 0.341558
vn 0.393273 0.499389 0.771976
vn 0.742602 0.27989 0.608444
vn 0.353912 0.647969 0.674449
vn -0.0211607 0.543728 0.838995
vn -0.208792 0.492071 0.845146
vn -0.269384 0.482548 0.833414
vn -0.171403 0.57302 0.801417
vn -0.0517242 0.41549 0.908126
vn 0.0291774 0.513719 0.857462
vn 0.681547 -0.705654 0.193768
vn 0.421786 -0.27049 -0.865409
vn 0.00051211 0.019356 -0.999813
vn -0.0617398 0.195336 -0.978791
vn 0.649391 -0.603253 -0.463009
vn 0.187645 -0.39026 -0.90138
vn 0.734452 -0.640801 0.223505
vn 0.587147 -0.799511 0.126653
vn 0.597328 -0.267027 -0.756238
vn 0.82447 -0.509282 0.246739
vn 0.78619 -0.615989 -0.0496288
vn 0.486756 -0.859726 -0.154724
vn -0.216106 0.289035 -0.932608
vn 0.0194527 0.301749 -0.953189
vn -0.0144511 0.317116 -0.948277
vn 0.846324 -0.510385 0.152453
vn -0.151099 0.277197 -0.948858
vn 0.674865 -0.731646 0.0961844
vn 0.738336 -0.647451 0.188856
vn -0.271806 -0.920814 -0.279685
vn -0.348509 -0.722418 -0.597205
vn -0.0960055 -0.55375 -0.82713
vn 0.819949 -0.490277 -0.295487
vn -0.178927 0.183763 -0.966549
vn 0.77939 -0.620102 -0.0895803
vn 0.0502919 -0.499453 -0.86488
vn 0.0135408 -0.856886 -0.515327
vn -0.13562 -0.988264 -0.0702939
vn 0.390296 -0.725098 -0.567364
vn 0.409295 -0.912239 -0.0172313
vn 0.746997 -0.643687 0.166322
vn 0.0277421 -0.068689 -0.997252
vn 0.392037 -0.91893 -0.0433001
vn 0.71992 -0.691481 0.0597465
vn 0.177896 -0.964697 -0.1942
vn -0.221916 -0.409526 -0.884897
vn -0.0266762 -0.0699991 -0.99719
vn -0.423643 -0.507437 -0.750357
vn 0.0688019 0.383601 -0.920932
vn 0.250424 0.956497 0.149669
vn 0.534675 0.832008 0.147939
vn 0.389604 0.910022 0.141662
vn 0.695124 0.688081 0.2082
vn 0.801024 0.598535 0.0107422
vn 0.706135 0.62334 -0.335888
vn 0.589619 0.721739 -0.36255
vn -0.0600095 0.636381 0.769037
vn 0.727319 0.606003 0.32213
vn 0.0140383 0.879326 0.476013
vn -0.091102 0.664626 0.741602
vn 0.0305648 0.882306 0.469684
vn -0.0358873 0.859196 0.510387
vn 0.0114992 0.963126 0.268805
vn 0.527966 0.761475 0.376042
vn 0.407095 0.881566 0.238989
vn 0.0345728 0.743681 0.66764
vn 0.0647508 0.822364 0.565265
vn 0.16677 0.897757 0.4077
vn 0.112122 0.943711 0.311189
vn 0.050086 0.800559 0.597157
vn 0.123185 0.992343 0.00903633
vn 0.306594 0.947989 0.0855404
vn 0.206326 0.937107 0.28153
vn 0.591845 0.787339 0.172674
vn 0.760239 0.64415 -0.0843093
vn 0.578009 0.774025 -0.258439
vn -0.0310688 0.581326 0.813077
vn 0.0455684 0.951578 0.30401
vn 0.528862 0.661038 -0.532292
vn 0.0808764 0.99533 0.0527014
vn 0.070399 0.989454 0.12659
vn -0.0512939 0.558547 0.827885
vn 0.427328 0.894241 0.133127
vn 0.0660911 0.996937 0.041817
vn 0.0864693 0.994039 0.0664049
vn 0.0925855 0.995081 0.0352388
vn 0.113287 0.657809 0.744616
vn 0.0286195 0.991912 0.123655
vn 0.0483101 0.978074 0.202579
vn 0.0696625 0.994521 0.0779374
vn -0.493398 0.853163 0.169327
vn -0.895404 0.428939 0.119432
vn -0.651953 0.460521 0.602393
vn -0.943904 0.329836 0.0159201
vn -0.569629 0.332789 0.751515
vn -0.403071 0.343909 0.848092
vn -0.297349 0.759913 0.578027
vn -0.574818 0.352716 0.73836
vn -0.299653 0.533639 0.790846
vn -0.793718 0.314954 0.5204
vn -0.0842302 0.971492 0.221603
vn -0.0324997 0.994272 0.101815
vn -0.931464 0.221888 0.28834
vn -0.767303 0.239919 0.594715
vn -0.123244 0.885909 0.447187
vn -0.990039 0.130167 0.0536519
vn -0.711992 0.702176 0.00404308
vn -0.852652 0.521135 -0.0374533
vn -0.889236 0.456914 -0.0221216
vn -0.689158 0.721379 0.0683685
vn -0.918975 0.39273 0.03532
vn -0.645328 0.759386 0.0829742
vn -0.362134 0.918028 -0.161507
vn -0.102826 0.992225 0.0701215
vn 0.409158 0.908846 -0.0811696
vn 0.0446857 0.997675 0.0514528
vn 0.214083 0.976126 0.0366879
vn 0.897365 0.0964694 -0.430615
vn 0.599889 0.343631 -0.722531
vn 0.637886 0.0553772 -0.768137
vn 0.739307 -0.0126869 -0.673249
vn 0.915359 -0.0778073 -0.39505
vn 0.398902 0.916659 -0.0247553
vn 0.446465 0.894789 0.00464097
vn 0.797561 -0.00197346 -0.603235
vn 0.939714 0.0652471 -0.335678
vn -0.319016 0.338949 0.885066
vn -0.446063 0.292835 0.84574
vn 0.617957 0.274345 -0.736793
vn 0.756396 0.512752 -0.406142
vn 0.428761 0.834866 -0.345199
vn -0.979775 0.187124 -0.0708969
vn -0.132071 0.866253 0.481833
vn 0.0553489 0.998251 -0.0207839
vn -0.0509758 0.996388 0.0679095
vn 0.334296 0.92759 -0.166804
vn 0.198105 0.979526 -0.0358204
vn 0.0483501 0.994687 -0.0908853
vn 0.712825 0.689951 -0.125889
vn 0.91642 0.371247 -0.149498
vn 0.751757 0.571415 -0.32916
vn 0.306901 0.783273 -0.540644
vn 0.171288 0.947167 -0.271175
vn 0.978101 -0.102314 -0.181248
vn 0.981025 -0.0569268 -0.185338
vn 0.173104 0.983082 -0.0598683
vn 0.383086 0.884299 -0.266946
vn 0.125915 0.988251 -0.086637
vn 0.0630066 0.996499 -0.0549529
vn -0.94573 0.3151 -0.0794123
vn -0.955366 0.289376 -0.0594682
vn -0.972559 0.164879 -0.164148
vn -0.836581 0.461998 -0.294431
vn -0.856897 0.458856 -0.234901
vn -0.931069 0.33346 -0.148039
vn -0.95383 0.280221 -0.108099
vn -0.996025 0.0304216 -0.0837188
vn -0.988159 0.0719408 -0.135525
vn -0.989577 0.134121 -0.0524396
vn -0.996801 0.0422629 -0.0678299
vn -0.912547 0.352719 -0.206996
vn -0.996498 0.0832663 0.0076484
vn -0.942422 0.251433 -0.220503
vn -0.158196 0.985607 -0.0596051
vn -0.22177 0.971443 -0.0843585
vn -0.334054 0.918617 -0.211071
vn -0.616959 0.775872 -0.131849
vn -0.900897 0.415239 -0.126336
vn -0.975354 0.206523 -0.0776701
vn -0.503992 0.852495 -0.138725
vn -0.998484 0.0149982 -0.052958
vn -0.980124 0.150139 -0.129674
vn -0.960382 0.274804 -0.0463664
vn -0.850761 0.521223 -0.0673191
vn -0.978655 -0.00869443 -0.205327
vn -0.320799 0.944055 -0.0764705
vn -0.937723 0.300282 -0.174661
vn -0.99676 0.069925 -0.0397619
vn -0.98371 0.105089 -0.145846
vn -0.961894 0.257281 -0.0925606
vn -0.986961 0.123549 -0.103171
vn -0.96633 0.0429479 -0.253698
vn -0.982332 0.148256 -0.114208
vn -0.950575 0.256173 -0.175451
vn -0.675796 0.733073 -0.0768308
vn -0.998909 -0.0263549 0.0385436
vn -0.972847 0.230039 0.025515
vn -0.948832 0.29759 -0.105632
vn -0.998658 0.00133423 -0.0517761
vn 0.0740757 0.920246 0.384267
vn 0.125373 0.985553 0.113872
vn -0.0468686 0.995673 0.0802429
vn -0.0304009 0.999446 0.0135599
vn -0.0210011 0.999778 -0.00141391
vn -0.0628959 0.998015 0.00334058
vn 0.132035 0.98668 0.0950186
vn 0.0956661 0.976281 0.194223
vn 0.131905 0.991257 -0.00340113
vn 0.0704313 0.99747 -0.00967171
vn 0.00393906 0.853622 0.520878
vn 0.101228 0.818855 0.565004
vn 0.210452 0.972361 -0.101118
vn 0.2445 0.812247 0.529599
vn 0.340094 0.940391 -0.000813519
vn 0.0106846 0.725917 0.687699
vn 0.0176743 0.816477 0.577108
vn -0.0170049 0.980957 0.193482
vn 0.127063 0.949468 0.286993
vn -0.065213 0.66835 0.740983
vn 0.352306 0.929614 -0.108161
vn -0.0134567 0.594583 0.803922
vn -0.0838797 0.63717 0.766145
vn -0.040402 0.523669 0.850963
vn -0.101816 0.628384 0.771212
vn 0.027513 0.767548 0.6404
vn -0.0640177 0.655699 0.752304
vn 0.053947 0.7072 0.704953
vn 0.119078 0.74914 0.651621
vn 0.0127094 0.744457 0.667549
vn 0.100074 0.697224 0.709834
vn -0.0342669 0.625144 0.779757
vn 0.00207743 0.734711 0.678378
vn -0.191051 0.253602 0.948254
vn -0.00712937 0.564005 0.825741
vn 0.0422474 0.720777 0.691878
vn -0.054917 0.781572 0.621393
vn 0.197241 0.979975 -0.0272952
vn -0.106502 0.695393 0.710694
vn -0.0538503 0.595807 0.801321
vn -0.0719 0.497904 0.864247
vn -0.0511215 0.470713 0.880804
vn -0.108652 0.678416 0.726599
vn -0.167401 0.448469 0.877982
vn -0.088026 0.674965 0.732581
vn -0.166552 0.230437 0.958728
vn -0.100281 0.236642 0.966408
vn -0.157403 0.423974 0.891891
vn -0.185506 0.272033 0.944238
vn -0.328199 0.286696 0.90005
vn -0.338947 0.324003 0.883254
vn -0.152663 0.138351 0.978546
vn -0.25045 0.0367884 0.96743
vn -0.164716 0.0536217 0.984883
vn -0.490063 0.158569 0.857143
vn -0.38268 0.0980322 0.918665
vn -0.155261 0.0462438 0.986791
vn -0.229446 0.103143 0.967841
vn -0.191054 0.114136 0.974921
vn -0.317981 0.172956 0.932188
vn -0.382256 0.239161 0.892571
vn -0.285571 0.0306979 0.957866
vn -0.348132 0.125254 0.92904
vn -0.171997 0.246154 0.953848
vn -0.188621 0.160843 0.968789
vn -0.201465 0.0883777 0.975501
vn -0.199085 0.229386 0.952758
vn -0.228115 0.0422505 0.972717
vn -0.153564 0.136015 0.978733
vn -0.35254 0.0212894 0.935555
vn -0.311201 0.0305178 0.949854
vn -0.328232 -0.0445421 0.943546
vn -0.190571 -0.0091229 0.981631
vn -0.244568 0.0952408 0.964943
vn -0.247639 0.129393 0.960173
vn -0.231605 0.132402 0.963758
vn -0.389721 -0.0328637 0.920346
vn -0.141624 0.0884577 0.98596
vn -0.125312 0.137682 0.982517
vn -0.17906 0.226221 0.957477
vn -0.257418 0.101216 0.960985
vn -0.162774 0.302853 0.939034
vn -0.363121 0.116552 0.924423
vn -0.215306 0.359015 0.908159
vn -0.167652 0.510361 0.84346
vn -0.224219 0.0762497 0.971551
vn -0.409022 0.121096 0.904454
vn -0.292619 0.0187713 0.956045
vn -0.202421 0.231567 0.951526
vn -0.337311 0.0767217 0.938262
vn -0.54382 -0.0813738 0.835248
vn -0.26284 0.263458 0.928173
vn -0.185395 0.276525 0.942954
vn -0.357327 0.30709 0.882051
vn -0.330623 0.167721 0.92874
vn -0.533472 0.0131029 0.845717
vn -0.467588 0.251669 0.847363
vn -0.141224 -0.0365824 0.989302
vn -0.0859376 0.222293 0.971185
vn -0.113933 0.13988 0.983592
vn -0.311174 -0.0671419 0.947978
vn -0.156644 -0.0147566 0.987545
vn -0.132843 0.218614 0.966727
vn -0.139573 0.288837 0.94715
vn -0.184874 0.436278 0.880615
vn 0.470985 0.87325 0.124928
vn 0.463114 0.883561 0.0696066
vn 0.666047 0.735886 0.121876
vn 0.510064 0.858824 0.0474935
vn 0.674265 0.728476 -0.121197
vn 0.84249 0.481066 -0.242459
vn 0.852972 0.499378 -0.151856
vn 0.173676 0.984713 0.0133087
vn 0.322084 0.946706 0.00318538
vn 0.175251 0.983024 -0.0543304
vn 0.896053 0.383424 -0.223773
vn 0.0811495 0.996674 0.00749598
vn 0.593766 0.803225 0.047658
vn 0.627871 0.778237 0.01118
vn 0.703415 0.710249 0.0274574
vn 0.65959 0.727094 0.190462
vn 0.577961 0.814511 0.0503352
vn 0.317324 0.947811 0.0309727
vn 0.626281 0.778767 0.0359858
vn 0.888762 0.381744 -0.25372
vn 0.188343 0.981123 -0.0438615
vn 0.257367 0.965971 -0.0257407
vn 0.633656 0.769874 -0.0759883
vn 0.863089 0.451366 -0.226598
vn 0.642496 0.754974 -0.131197
vn 0.225284 0.973818 0.0304352
vn 0.118614 0.992918 0.00659776
vn 0.155422 0.987182 0.0362771
vn 0.535744 0.840099 0.084929
vn 0.322032 0.868079 0.377803
vn 0.525393 0.834302 0.167039
vn 0.616832 0.786078 -0.0399964
vn 0.464318 0.885642 0.00687619
vn 0.380058 0.896114 0.229207
vn 0.898571 0.364796 -0.243914
vn 0.503284 0.863155 -0.0408565
vn 0.546112 0.837327 0.0254155
vn 0.496122 0.867374 0.0390619
vn 0.420078 0.907449 -0.0084772
vn 0.384353 0.916672 0.109478
vn 0.285089 0.957054 0.0526549
vn 0.734106 0.67739 -0.0472375
vn 0.850297 0.522317 -0.0646505
vn 0.772921 0.634104 -0.0224805
vn 0.0909091 0.995828 0.00785116
vn 0.0550757 0.998062 0.0289799
vn 0.12854 0.991507 0.0197867
vn 0.146682 0.987391 0.0595273
vn 0.0827584 0.995742 0.040596
vn 0.0924946 0.99302 0.0731888
vn 0.291366 0.918741 0.266499
vn 0.312046 0.940399 0.135193
vn 0.807572 0.560841 -0.182443
vn -0.117901 0.427264 0.896406
vn -0.0865833 0.278559 0.956509
vn 0.165299 0.453528 0.875779
vn 0.0458596 0.36514 0.929823
vn -0.11315 0.048278 0.992404
vn 0.129248 0.364597 0.922152
vn -0.0972008 -0.0152404 0.995148
vn -0.0846559 0.047038 0.995299
vn 0.114561 0.0704889 0.990912
vn 0.187267 0.339453 0.921793
vn -0.116567 0.115873 0.9864
vn -0.0685068 0.0261722 0.997307
vn -0.0594755 -0.00362021 0.998223
vn -0.0958321 0.0288221 0.99498
vn -0.0640879 -0.0673334 0.99567
vn -0.0831718 -0.0375606 0.995827
vn -0.105785 -0.0724785 0.991744
vn -0.0741165 0.078167 0.994181
vn -0.0957368 -0.00151579 0.995406
vn -0.0786379 0.346553 0.934728
vn -0.174116 0.214832 0.961005
vn -0.118657 0.112112 0.986586
vn -0.0566588 -0.0446845 0.997393
vn -0.0754399 -0.214694 0.973764
vn -0.147253 -0.0258959 0.98876
vn -0.111685 -0.274459 0.955091
vn -0.0819054 -0.155048 0.984506
vn -0.0373759 -0.0626796 0.997334
vn -0.0741661 0.0802271 0.994014
vn -0.0446897 0.0806028 0.995744
vn -0.0813229 0.00150661 0.996687
vn -0.0617894 -0.00941558 0.998045
vn 0.0648264 0.251646 0.965646
vn -0.0431873 0.315718 0.94787
vn -0.0707962 0.137267 0.988001
vn -0.0756278 -0.0200964 0.996934
vn -0.0775631 0.0199458 0.996788
vn -0.0770436 0.153867 0.985083
vn -0.0659454 -0.0414856 0.99696
vn -0.1092 -0.0882123 0.990098
vn -0.0688405 -0.0716956 0.995048
vn -0.0621325 0.285128 0.956474
vn 0.887688 0.323209 -0.327942
vn 0.898975 0.391163 -0.197067
vn -0.366038 0.92094 0.133735
vn -0.190319 0.981717 0.0031055
vn -0.402748 0.915147 -0.0172926
vn -0.301152 0.952282 0.0496602
vn -0.322639 0.944894 0.0554886
vn -0.242908 0.969754 0.0239431
vn -0.386222 0.92186 -0.0317293
vn -0.466888 0.881779 0.066939
vn -0.144997 0.987671 0.0590067
vn -0.291703 0.956503 -0.00328034
vn 0.038802 0.99911 -0.0165381
vn -0.342453 0.937912 -0.0552
vn -0.258641 0.963281 0.0720748
vn -0.439645 0.898078 -0.0130045
vn -0.405831 0.91151 -0.0667124
vn -0.253914 0.96696 -0.0227336
vn 0.644313 0.76244 -0.0595482
vn -0.444882 0.89062 -0.0942163
vn -0.405348 0.91219 -0.0600168
vn -0.529351 0.845021 -0.0756738
vn -0.392869 0.918869 -0.0365174
vn 0.0120317 0.993918 -0.109468
vn 0.454211 0.889286 -0.0535136
vn 0.425709 0.895611 -0.129045
vn 0.552673 0.829834 -0.0769891
vn 0.539977 0.840749 -0.0395679
vn 0.653464 0.716065 -0.245431
vn 0.751211 0.565305 -0.340752
vn 0.569049 0.822248 -0.00959776
vn 0.777721 0.602623 -0.178875
vn 0.326173 0.928142 -0.179341
vn 0.620325 0.766065 -0.168346
vn 0.733614 0.456244 -0.503639
vn 0.615082 0.592405 -0.520319
vn 0.0486356 0.990701 -0.127067
vn 0.387449 0.846763 -0.364521
vn 0.542057 0.651012 -0.531374
vn 0.598815 0.751863 -0.275903
vn 0.229291 0.926944 -0.296986
vn 0.313038 0.858036 -0.407163
vn 0.186935 0.97248 -0.13906
vn 0.061745 0.996562 -0.0552391
vn 0.102219 0.988434 -0.112021
vn 0.0898177 0.984006 -0.153833
vn 0.191215 0.928774 -0.317514
vn -0.229145 0.943046 -0.241158
vn 0.66386 0.605169 -0.439386
vn 0.132133 0.952438 -0.274596
vn 0.0165253 0.962493 -0.270802
vn 0.244338 0.945544 -0.215048
vn 0.249905 0.92075 -0.299611
vn -0.0340255 0.999418 0.0025902
vn 0.338531 0.927234 -0.160107
vn -0.051449 0.994399 -0.0923193
vn -0.137876 0.989865 -0.0340183
vn -0.178691 0.0010315 0.983905
vn -0.24538 0.40769 0.879533
vn -0.0266732 -0.176541 0.983932
vn -0.112637 0.0970551 0.988885
vn 0.0627886 -0.318155 0.945957
vn 0.0332089 -0.224575 0.973891
vn 0.0225493 -0.0777859 0.996715
vn -0.214089 0.455155 0.864292
vn -0.327233 0.162815 0.930811
vn -0.400066 0.205214 0.893216
vn -0.271576 0.185916 0.944289
vn -0.105521 -0.145061 0.98378
vn -0.106154 -0.180706 0.977792
vn -0.10483 0.169862 0.979876
vn -0.0802656 -0.0683766 0.994426
vn -0.108207 0.473052 0.874364
vn -0.0841569 0.648549 0.756506
vn -0.158905 0.00905192 0.987252
vn -0.39298 0.101816 0.913893
vn -0.435425 0.0584376 0.898326
vn -0.408913 0.0377352 0.911793
vn -0.126481 0.0172076 0.99182
vn -0.0284131 0.433789 0.900567
vn -0.0084955 0.0981187 0.995139
vn -0.0801605 0.135001 0.987598
vn -0.13972 0.546517 0.82571
vn -0.184135 0.497142 0.847906
vn -0.185647 0.447213 0.874949
vn -0.13534 -0.0470644 0.989681
vn -0.090707 0.00541128 0.995863
vn -0.114506 0.379248 0.918183
vn -0.178349 0.408591 0.895123
vn -0.380825 0.173961 0.908135
vn -0.00274268 -0.197726 0.980253
vn -0.160638 0.141476 0.976821
vn -0.0510679 -0.0729797 0.996025
vn -0.070328 0.117401 0.990591
vn -0.199109 0.189992 0.961384
vn -0.194991 0.230571 0.953318
vn -0.37278 0.319221 0.871283
vn -0.274168 0.426601 0.861884
vn -0.264839 0.0829408 0.960719
vn -0.160761 0.359518 0.919186
vn -0.33241 0.396963 0.855526
vn -0.088462 0.0579563 0.994392
vn -0.084241 0.0961369 0.991797
vn -0.0457545 0.413949 0.90915
vn -0.0198672 0.335814 0.941719
vn -0.143557 0.382132 0.912889
vn -0.218874 0.381429 0.898113
vn -0.333458 0.208447 0.919432
vn -0.104003 0.376093 0.920727
vn -0.133656 0.526404 0.839663
vn -0.154751 0.503292 0.850147
vn -0.103708 0.523954 0.845409
vn -0.193498 0.0483131 -0.97991
vn -0.347338 0.135484 -0.927901
vn -0.327087 0.0035502 -0.944988
vn -0.320277 0.023414 -0.947035
vn 0.361785 0.241458 -0.90045
vn 0.29748 0.30362 -0.905163
vn 0.228636 0.298019 -0.926774
vn 0.366986 0.107396 -0.924006
vn 0.277768 0.22133 -0.934804
vn 0.317786 -0.0660479 -0.945859
vn 0.273109 -0.0362175 -0.961301
vn 0.17232 -0.0317762 -0.984528
vn 0.00339575 0.134035 -0.990971
vn -0.0241321 0.111948 -0.993421
vn 0.142661 0.0519792 -0.988406
vn -0.0328514 0.0285368 -0.999053
vn 0.286863 0.0769071 -0.95488
vn 0.086032 -0.463741 -0.881784
vn 0.199369 -0.211577 -0.956811
vn 0.0954404 0.403757 -0.909874
vn 0.151839 0.210375 -0.965757
vn -0.351419 -0.0277209 -0.935808
vn -0.623566 0.069333 -0.77869
vn 0.0180147 0.0457113 -0.998792
vn 0.244352 0.225159 -0.943184
vn 0.0719028 0.259026 -0.96319
vn 0.234208 -0.143197 -0.961583
vn 0.0023639 0.0637551 -0.997963
vn -0.37979 -0.152364 -0.912439
vn -0.538427 -0.162564 -0.826843
vn -0.545984 -0.10154 -0.83162
vn -0.399639 -0.113802 -0.909581
vn -0.0725062 -0.0336363 -0.996801
vn -0.344612 -0.0503421 -0.937394
vn -0.599628 -0.00920079 -0.800226
vn 0.0979546 0.422214 -0.901188
vn 0.0120751 -0.216144 -0.976287
vn 0.280961 0.426135 -0.859924
vn 0.247243 0.427018 -0.869785
vn 0.199358 0.133901 -0.970735
vn 0.0360331 0.432792 -0.900774
vn -0.254481 0.198753 -0.946434
vn -0.163907 0.311628 -0.935961
vn -0.143269 -0.16188 -0.976355
vn -0.143658 -0.125209 -0.981675
vn -0.294859 -0.147396 -0.944104
vn 0.307157 0.365402 -0.878713
vn -0.438103 -0.0943452 -0.89396
vn -0.283021 -0.108335 -0.952976
vn -0.034117 -0.283514 -0.958361
vn -0.399311 -0.282815 -0.872105
vn 0.289867 -0.102537 -0.951558
vn -0.032441 0.202429 -0.97876
vn 0.103205 -0.0906019 -0.990525
vn -0.0980254 0.0969636 -0.990449
vn 0.246595 -0.0583428 -0.967361
vn -0.315574 -0.249689 -0.915461
vn -0.269431 0.229405 -0.935297
vn 0.0508815 0.20312 -0.977831
vn -0.00844295 -0.243586 -0.969843
vn -0.240942 -0.279014 -0.929569
vn -0.0180822 0.0938276 -0.995424
vn -0.407852 -0.120197 -0.905102
vn 0.0632689 0.0224318 -0.997744
vn -0.28166 -0.141272 -0.949057
vn 0.287555 0.0646013 -0.955583
vn -0.376532 -0.196139 -0.905402
vn 0.00540429 -0.0504756 -0.998711
vn 0.109934 0.0138996 -0.993842
vn -0.476382 0.252442 0.842219
vn 0.00913806 -0.0274762 0.999581
vn -0.50765 0.0409238 0.860591
vn 0.482084 -0.00507014 0.87611
vn 0.177132 -0.0094297 0.984142
vn 0.514065 -0.121045 0.849168
vn 0.460128 -0.119087 0.87983
vn -0.014458 0.0191643 0.999712
vn 0.137982 0.0498412 0.98918
vn -0.183577 0.0376312 0.982285
vn 0.143164 -0.0692461 0.987274
vn 0.309011 0.132526 0.94178
vn 0.0959227 0.0382353 0.994654
vn 0.494262 0.0613041 0.867149
vn 0.404001 0.0779776 0.911429
vn 0.25621 -0.272598 0.927387
vn 0.305378 -0.116549 0.945072
vn 0.241332 -0.167458 0.955885
vn 0.137395 0.125005 0.982597
vn -0.260807 -0.0693079 0.9629
vn 0.0100726 0.0840967 0.996407
vn 0.174014 0.0276595 0.984355
vn 0.0175038 0.0813752 0.99653
vn 0.366988 0.0699899 0.927589
vn 0.182239 0.121355 0.975737
vn 0.0541644 -0.00676392 0.998509
vn 0.293941 -0.214997 0.93133
vn 0.546656 -0.0895444 0.832556
vn -0.058846 -0.282844 0.957359
vn -0.123423 -0.319274 0.939591
vn 0.171171 -0.202409 0.964226
vn -0.48923 -0.0736106 0.869043
vn -0.00191527 0.00827185 0.999964
vn 0.488279 -0.126676 0.863445
vn 0.181749 0.0672622 0.981042
vn -0.0190205 -0.0881551 0.995925
vn -0.207489 0.150033 0.966663
vn 0.125438 0.100257 0.987023
vn 0.205401 0.111091 0.972352
vn 0.22868 0.0695915 0.971011
vn 0.103739 0.121244 0.987187
vn -0.0679575 0.17161 0.982818
vn -0.516266 -0.0536377 0.854747
vn 0.262267 -0.104907 0.959276
vn -0.249896 0.319146 0.914165
vn 0.0581037 0.0744415 0.995531
vn 0.33615 0.183547 0.92375
vn 0.197059 0.102015 0.97507
vn -0.386502 0.0877948 0.918101
vn 0.504447 -0.0540711 0.861748
vn 0.472661 -0.0867292 0.876966
vn 0.125738 0.0651224 0.989924
vn 0.493018 -0.199474 0.846843
vn -0.286057 0.322927 0.902158
vn -0.342305 0.231636 0.910589
vn 0.0294531 0.0224106 0.999315
vn -0.246693 -0.216899 0.944509
vn -0.516964 0.103843 0.849685
vn 0.340352 -0.233575 0.910826
vn 0.0648452 0.265697 0.961873
vn -0.0315019 0.124928 0.991666
vn 0.146942 0.236944 0.960347
vn 0.021967 0.268976 0.962896
vn -0.306905 -0.343869 0.887448
vn -0.287362 -0.112247 0.951222
vn 0.016768 -0.152135 0.988218
vn 0.292961 -0.0821921 0.952585
vn -0.0938619 0.0791332 0.992435
vn 0.441481 0.139402 0.886375
vn -0.0772119 0.100932 0.991893
vn 0.000768616 0.283859 0.958866
vn -0.243838 -0.130126 0.961047
vn 0.684369 -0.0996823 0.72229
vn 0.401662 0.0930709 0.911046
vn -0.193814 0.334353 0.922303
vn 0.238078 0.214686 0.947222
vn 0.257307 0.170586 0.951154
vn -0.221084 0.974838 -0.0285043
vn -0.058875 0.996793 -0.0541976
vn -0.0276962 0.992233 0.121273
vn 0.0249122 0.971439 -0.23598
vn 0.0223231 0.999406 -0.0262406
vn 0.0254426 0.990351 -0.13623
vn -0.105074 0.994462 0.00225947
vn -0.287642 0.957686 -0.0099896
vn -0.811121 0.578712 -0.0847035
vn 0.0389903 0.993204 0.109658
vn -0.0175071 0.999561 0.0239211
vn 0.0106427 0.992789 -0.119403
vn -0.10654 0.98874 -0.105085
vn 0.0350926 0.991821 -0.122715
vn 0.00705065 0.979343 0.202081
vn 0.0585326 0.997254 -0.0453769
vn 0.0203266 0.998546 -0.0499342
vn -0.0507589 0.998699 0.00479881
vn 0.0143823 0.996544 -0.0818095
vn -0.0561391 0.998402 -0.00643261
vn -0.89795 0.410039 -0.159854
vn -0.984443 0.0803412 -0.156261
vn -0.944966 0.230812 -0.231874
vn 0.010041 0.999594 0.0266507
vn 0.0222238 0.998275 -0.0543459
vn 0.0194786 0.99981 -0.000828208
vn -0.00253253 0.997783 -0.0665065
vn -0.0208397 0.99894 -0.0410406
vn 0.0331861 0.996075 -0.0820519
vn -0.195779 0.97962 -0.044884
vn -0.196935 0.980181 0.0215076
vn -0.513026 0.8562 -0.0610457
vn -0.601189 0.798003 -0.0419928
vn 0.00314454 0.999611 -0.027712
vn -0.00413305 0.997995 -0.0631569
vn -0.0167688 0.998937 0.0429441
vn -0.021985 0.999448 0.0248878
vn -0.016565 0.998032 0.0604739
vn 0.0151744 0.999304 0.0340655
vn -0.00417447 0.999961 -0.00782108
vn -0.00280575 0.999932 0.011341
vn -0.941701 0.266038 -0.205968
vn -0.978654 0.0625644 -0.195759
vn -0.978839 0.200668 -0.0400724
vn -0.954673 0.282827 -0.0927803
vn -0.998719 0.0109264 -0.0494114
vn -0.0730823 0.997322 -0.00290987
vn -0.0034557 0.999424 -0.0337736
vn 0.0309268 0.994522 -0.0998487
vn 0.00213976 0.997841 -0.0656342
vn -0.0152786 0.998186 0.0582386
vn -0.0395109 0.997042 -0.0659241
vn -0.9969 -0.0158273 -0.0770684
vn -0.0691507 0.997606 0.000189258
vn -0.0536522 0.99803 0.0325198
vn -0.836169 0.536692 -0.113063
vn -0.172078 0.612895 -0.771199
vn -0.423356 0.495672 -0.75834
vn -0.47729 0.70604 -0.523165
vn -0.713539 0.394701 -0.578855
vn -0.19481 0.978632 -0.0657985
vn -0.491715 0.854649 -0.16671
vn -0.296848 0.942746 -0.152025
vn -0.163122 0.986491 -0.0150324
vn -0.70181 0.610104 -0.367744
vn -0.388121 0.886652 -0.251417
vn 0.00758511 0.984551 -0.174933
vn -0.000807229 0.99999 -0.00437232
vn -0.000899889 0.999354 0.035915
vn 0.00886162 0.998843 0.0472715
vn 0.0201616 0.999579 0.0208555
vn 0.00782129 0.99964 0.0256817
vn -0.326542 0.838405 -0.436402
vn -0.161717 0.983876 -0.0763973
vn -0.0197598 0.911803 -0.410152
vn -0.652405 0.335358 -0.679634
vn -0.815021 0.329643 -0.476525
vn -0.718783 0.312168 -0.62121
vn -0.915934 0.157976 -0.36893
vn -0.828581 0.517507 -0.213635
vn -0.87578 0.48068 -0.0442182
vn -0.90928 0.226056 -0.34944
vn 0.185367 0.0868072 0.978828
vn -0.135348 0.123637 0.983054
vn 0.136482 -0.069079 0.988231
vn -0.419501 0.568293 0.707857
vn -0.12971 0.373563 0.918491
vn -0.211331 0.385018 0.898388
vn 0.732818 -0.678308 -0.0536273
vn 0.575295 -0.816965 0.0400629
vn 0.753162 -0.623578 -0.209517
vn 0.474892 0.00185358 0.880042
vn -0.0987396 -0.29551 0.950223
vn -0.0672439 -0.76365 0.64212
vn -0.404839 0.057914 0.912552
vn -0.648956 0.260713 0.714762
vn -0.216714 0.243839 0.945292
vn -0.0871651 0.271137 0.958586
vn 0.71832 -0.683486 -0.12986
vn 0.785218 -0.617519 0.0458617
vn 0.775974 -0.591741 0.21842
vn 0.644747 -0.7139 0.27322
vn 0.5381 -0.813293 0.221364
vn 0.537019 -0.792486 0.289095
vn 0.16499 -0.870696 0.463321
vn -0.404318 0.549945 0.730813
vn 0.54493 -0.528594 0.650876
vn 0.308771 -0.850933 0.42494
vn 0.760866 -0.573842 0.302966
vn -0.0818877 0.391045 0.916721
vn 0.482705 -0.859277 0.169232
vn -0.269387 0.380617 0.884625
vn 0.448195 -0.855179 0.260367
vn 0.227593 -0.413696 0.881509
vn 0.855915 -0.265432 0.443797
vn 0.713611 -0.219959 0.665115
vn 0.626401 -0.0144941 0.779366
vn -0.280446 0.100904 0.954551
vn -0.390457 0.304711 0.868731
vn 0.577979 -0.184105 0.795013
vn -0.462985 0.386514 0.797654
vn -0.263213 0.322336 0.909296
vn -0.214711 0.400555 0.890761
vn -0.571452 0.234196 0.786508
vn 0.589729 0.0834065 0.803283
vn 0.371614 -0.176289 0.911496
vn 0.584846 -0.788004 0.192367
vn 0.514367 -0.850009 0.113626
vn 0.689996 -0.717816 0.0929835
vn 0.533987 -0.799985 0.273645
vn 0.768099 -0.258741 0.585728
vn 0.73542 -0.0289715 0.676992
vn 0.696696 0.0327255 0.71662
vn 0.730049 -0.106034 0.675119
vn 0.91383 -0.392552 0.104009
vn 0.972402 -0.214874 0.0909089
vn 0.988171 -0.0951763 0.120251
vn 0.741645 -0.582954 0.331855
vn 0.981148 0.160963 0.106951
vn 0.986576 0.0522518 0.154719
vn 0.99004 -0.0649768 0.124895
vn 0.274976 -0.95096 0.141644
vn 0.585737 -0.643994 0.492122
vn 0.853818 0.267159 0.44679
vn 0.821154 0.0882474 0.563843
vn 0.881008 -0.155111 0.446952
vn 0.790301 -0.601921 0.114523
vn 0.53534 -0.386279 0.751133
vn 0.99132 0.0213962 0.12972
vn 0.993898 0.0117615 0.109675
vn 0.676932 -0.500366 0.539813
vn 0.869269 -0.491778 0.0502654
vn 0.679613 -0.228309 0.697138
vn 0.832387 -0.535584 0.142414
vn 0.921309 -0.355729 0.156991
vn 0.898775 -0.432377 0.0724806
vn 0.964461 0.203706 0.168283
vn 0.962176 0.251778 0.104041
vn 0.794326 -0.607296 0.0154123
vn 0.658526 -0.750302 0.0582237
vn 0.964197 0.161884 0.210043
vn 0.628243 -0.777508 -0.0281514
vn 0.311766 -0.923496 0.223512
vn 0.827339 -0.0706869 0.557238
vn 0.753125 0.010366 0.657796
vn 0.166274 -0.278227 -0.946014
vn 0.0451944 -0.167437 -0.984846
vn 0.00572148 -0.525683 -0.850662
vn 0.234425 -0.811203 -0.535719
vn 0.362879 -0.698385 -0.616909
vn 0.256685 -0.579739 -0.773315
vn -0.152253 -0.409907 -0.899331
vn 0.0899161 -0.848028 -0.522267
vn -0.111426 -0.27249 -0.955685
vn 0.11687 -0.0126583 -0.993067
vn 0.139801 0.090858 -0.986002
vn 0.0766411 -0.146932 -0.986173
vn 0.0912612 -0.973468 -0.209838
vn 0.415424 -0.376642 -0.827988
vn 0.0849997 0.0249392 -0.996069
vn 0.0394674 -0.031288 -0.998731
vn 0.0746237 0.520761 -0.850435
vn 0.0210641 0.324277 -0.945728
vn 0.142515 0.286141 -0.94753
vn -0.0417509 0.385217 -0.921881
vn 0.0607931 -0.007391 -0.998123
vn 0.0527175 -0.0470673 -0.9975
vn 0.0732318 -0.615957 -0.784368
vn 0.0551732 -0.0474538 -0.997349
vn 0.14366 -0.101154 -0.984444
vn -0.00537186 -0.831943 -0.554835
vn 0.135414 -0.183141 -0.973716
vn 0.184327 -0.319281 -0.929561
vn 0.0735063 0.00245352 -0.997292
vn 0.0756543 0.0761737 -0.99422
vn -0.0213588 -0.963901 -0.265403
vn -0.0469427 -0.97145 -0.232552
vn 0.214079 -0.259826 -0.941627
vn 0.136057 -0.987549 0.078966
vn 0.0178665 0.294433 -0.955505
vn 0.147069 0.532481 -0.833567
vn 0.0800405 0.638856 -0.765151
vn 0.252548 -0.924624 -0.285113
vn 0.157841 -0.986284 -0.0482639
vn 0.411497 -0.806752 -0.424053
vn 0.0137595 -0.253681 -0.96719
vn 0.175837 -0.142357 -0.974072
vn 0.0624348 -0.25755 -0.964246
vn 0.0672799 0.313796 -0.947104
vn 0.107836 0.106181 -0.988482
vn 0.0471316 0.584282 -0.810181
vn 0.0514351 0.203311 -0.977762
vn -0.0622479 0.534845 -0.842654
vn -0.126362 -0.800366 -0.586044
vn -0.145387 -0.560256 -0.815461
vn -0.0287923 -0.716272 -0.697227
vn -0.00673792 0.356561 -0.934248
vn 0.161201 0.281879 -0.945811
vn -0.0500465 0.615236 -0.786753
vn 0.0106363 0.599844 -0.800047
vn 0.0839113 -0.222459 -0.971324
vn 0.106451 0.00103405 -0.994317
vn 0.0831255 -0.246704 -0.965519
vn -0.127938 -0.892356 -0.432819
vn -0.0326294 0.13113 -0.990828
vn 0.0838657 -0.222947 -0.971216
vn 0.124109 -0.239084 -0.963035
vn 0.0843901 0.545009 -0.834172
vn -0.0101095 -0.31906 -0.94768
vn -0.17333 -0.972769 0.153873
vn 0.0411381 -0.419369 -0.906883
vn 0.085092 -0.202555 -0.975567
vn 0.38475 -0.150214 -0.910716
vn 0.218739 0.00127255 -0.975783
vn 0.0109666 -0.513284 -0.858149
vn 0.00371924 -0.140089 -0.990132
vn 0.199246 0.177977 -0.963652
vn 0.154897 -0.181219 -0.971168
vn 0.0182952 -0.0861357 -0.996115
vn 0.100139 0.45851 -0.88303
vn -0.0577794 -0.236214 -0.969982
vn -0.230094 0.00303381 -0.973164
vn -0.0104221 0.242307 -0.970144
vn -0.318257 -0.0311483 -0.947493
vn -0.0753455 -0.290938 -0.95377
vn 0.0600021 -0.804213 -0.591305
vn 0.0205723 -0.966071 -0.257455
vn -0.0691117 -0.203487 -0.976635
vn -0.125031 -0.163195 -0.978639
vn -0.0404528 -0.88028 -0.472727
vn 0.0327153 -0.552456 -0.8329
vn 0.237719 0.25028 -0.938536
vn 0.0478377 0.472854 -0.879841
vn 0.0296358 -0.128124 -0.991315
vn 0.000766536 -0.0189972 -0.999819
vn -0.0185058 -0.312381 -0.949777
vn 0.0100507 0.0198513 -0.999752
vn 0.341721 -0.0928577 -0.935203
vn -0.19879 -0.281754 -0.938668
vn -0.0192068 0.0242164 -0.999522
vn 0.0947639 -0.5751 -0.812576
vn 0.015872 -0.935245 -0.353645
vn 0.0410625 0.394134 0.918135
vn -0.0203125 0.357877 0.933548
vn -0.0325333 0.463235 0.885638
vn -0.109837 0.358205 0.92716
vn 0.0122731 0.312362 0.949884
vn -0.0901103 -0.065187 0.993796
vn -0.027786 0.142812 0.98936
vn 0.0891132 0.276804 0.956785
vn -0.056276 0.0141702 0.998315
vn 0.0942072 0.272723 0.957469
vn 0.0932787 0.176951 0.979789
vn -0.0945072 -0.0190205 0.995342
vn -0.106556 0.0192148 0.994121
vn 0.0523006 0.221025 0.973865
vn -0.206372 -0.0568664 0.97682
vn -0.151751 0.00954728 0.988373
vn -0.0820444 0.0432673 0.995689
vn 0.0729975 0.280436 0.957093
vn 0.0955811 0.299727 0.949225
vn 0.0155021 -0.0316292 0.999379
vn -0.197658 -0.305128 0.931573
vn -0.55474 -0.00911715 0.831974
vn 0.183625 -0.0968112 0.978217
vn -0.415906 0.050181 0.908022
vn -0.71245 0.17032 0.68074
vn -0.739024 0.047318 0.672015
vn -0.0690469 0.0697852 0.99517
vn -0.518043 0.337427 0.785986
vn -0.1383 0.0940458 0.985915
vn -0.266374 -0.155238 0.951287
vn -0.601692 0.301786 0.739521
vn -0.705755 0.207249 0.677464
vn -0.3164 0.441353 0.839701
vn -0.48095 0.432172 0.762833
vn -0.566611 0.246293 0.786315
vn -0.435497 0.309928 0.845155
vn -0.371355 0.382757 0.845927
vn 0.00918335 -0.114134 0.993423
vn -0.0876683 -0.0751696 0.99331
vn -0.0648184 -0.0766795 0.994947
vn -0.047032 0.0810747 0.995598
vn -0.0225605 -0.27294 0.961767
vn -0.166904 0.290552 0.942191
vn -0.23201 0.505913 0.830797
vn -0.19736 0.54102 0.817525
vn -0.0286589 -0.156661 0.987237
vn -0.109014 0.40078 0.909665
vn -0.0396378 -0.146107 0.988474
vn -0.0906895 0.0616177 0.993971
vn -0.130123 0.153468 0.979549
vn 0.0240407 -0.201341 0.979226
vn -0.135467 0.0971795 0.986004
vn -0.0527749 -0.224161 0.973122
vn -0.107 -0.180333 0.977768
vn -0.174928 0.541821 0.822089
vn -0.136987 0.413548 0.900118
vn -0.139965 -0.128832 0.981739
vn -0.172126 -0.082158 0.981643
vn -0.00990693 0.350932 0.936348
vn 0.0588048 0.42048 0.905394
vn 0.0344916 0.230138 0.972547
vn 0.0898697 0.23704 0.967334
vn -0.0899789 -0.373018 0.923451
vn 0.140741 0.248179 0.958436
vn 0.111291 0.212442 0.970815
vn 0.148136 0.154484 0.976827
vn -0.156034 0.3609 0.919459
vn -0.019562 0.418781 0.907877
vn 0.331048 -0.199044 0.922382
vn 0.190497 -0.28077 0.94068
vn -0.0159286 0.171688 0.985022
vn -0.0852569 -0.135131 0.987153
vn -0.316728 0.158027 0.93526
vn -0.254052 0.119302 0.959805
vn -0.383688 0.273299 0.882094
vn 0.368236 -0.0900392 0.925362
vn 0.296001 -0.313084 0.90242
vn -0.33427 0.471994 0.815773
vn -0.0047502 -0.276599 0.960974
vn 0.281401 -0.105213 0.953805
vn 0.111643 -0.0982465 0.98888
vn 0.0510308 0.246944 0.967685
vn -0.047466 0.327239 0.943749
vn -0.187325 0.31564 0.930205
vn 0.290317 0.223587 0.930443
vn 0.0104249 0.413732 0.910339
vn 0.0310675 -0.276963 0.960378
vn -0.0995786 -0.337408 0.936077
vn -0.10434 -0.188048 0.976602
vn -0.0462184 0.119961 0.991702
vn 0.155343 0.147639 0.976766
vn 0.149286 0.473827 0.867872
vn -0.136323 -0.111573 0.984361
vn -0.122919 -0.0454367 0.991376
vn -0.116477 -0.0914824 0.988971
vn -0.2564 0.151383 0.954642
vn 0.108981 0.282504 0.953056
vn -0.0504936 0.474455 0.87883
vn -0.0514531 0.451836 0.890616
vn -0.062619 0.551473 0.831839
vn -0.106689 0.0229372 0.994028
vn -0.0759389 -0.049711 0.995872
vn 0.127247 0.552469 0.823764
vn 0.120365 0.269548 0.955435
vn -0.133371 0.268296 0.95406
vn 0.0142524 0.553025 0.833043
vn -0.219776 0.490381 0.843341
vn -0.0599324 0.275968 0.959297
vn -0.0968886 0.0785869 0.992188
vn -0.076345 0.290817 0.953728
vn -0.0525297 0.177612 0.982698
vn -0.202539 -0.135082 0.969913
vn 0.0663208 0.0530095 0.996389
vn -0.0817761 0.31774 0.944645
vn -0.0712435 0.199908 0.977221
vn -0.0590537 0.341381 0.938068
vn 0.0251575 0.135204 0.990498
vn -0.250974 0.509312 0.823173
vn -0.00469657 0.495343 0.868685
vn -0.107193 -0.026586 0.993883
vn -0.124609 -0.249701 0.960272
vn -0.0981906 0.0871571 0.991344
vn -0.11012 -0.00585019 0.993901
vn -0.155484 0.0808628 0.984523
vn 0.0309355 0.235435 0.971398
vn 0.00121226 0.167273 0.98591
vn -0.033049 0.057993 0.99777
vn -0.183371 0.0346629 0.982432
vn -0.12216 -0.0173333 0.992359
vn -0.0585397 -0.0188937 0.998106
vn -0.0513586 0.102065 0.993451
vn -0.0209998 -0.169373 0.985328
vn -0.0729707 0.410892 0.908759
vn -0.0827419 0.528567 0.844849
vn -0.145038 0.424258 0.893851
vn -0.0961482 -0.0564478 0.993765
vn -0.0410724 0.222285 0.974116
vn -0.0771403 0.00451992 0.99701
vn -0.155825 -0.343495 0.926137
vn -0.0553402 -0.125857 0.990504
vn -0.0527522 0.136935 0.989174
vn -0.0507461 -0.0375679 0.998005
vn 0.000776199 0.194393 0.980923
vn -0.0938401 0.125149 0.98769
vn -0.0844314 -0.0808128 0.993147
vn 0.109222 0.0681598 0.991678
vn 0.148979 0.186865 0.971024
vn -0.0500698 0.293618 0.954611
vn -0.107686 0.554552 0.825152
vn -0.145229 0.528027 0.836717
vn -0.106574 -0.00173806 0.994303
vn -0.475725 -0.00878346 0.87955
vn -0.119781 -0.0298697 0.992351
vn -0.0619422 0.0877788 0.994212
vn -0.0844247 0.0816012 0.993083
vn -0.0750797 0.0464621 0.996095
vn -0.0738372 0.07625 0.994351
vn -0.0635179 0.0605935 0.99614
vn -0.0704681 0.0165195 0.997377
vn -0.0647856 -0.0175367 0.997745
vn -0.138068 -0.0114326 0.990357
vn -0.0993138 0.0743115 0.992277
vn -0.0588861 0.0674101 0.995986
vn -0.0811301 0.0751281 0.993868
vn -0.113499 0.390175 0.913718
vn -0.0788321 0.00195363 0.996886
vn -0.167111 0.325755 0.930569
vn -0.00523211 0.446155 0.89494
vn -0.102329 -0.0455899 0.993705
vn -0.148171 -0.265908 0.952543
vn -0.0522314 0.0662127 0.996438
vn -0.0746032 0.0766725 0.994261
vn -0.0518803 0.0932146 0.994293
vn -0.0929963 0.515581 0.851779
vn -0.263586 0.538862 0.800094
vn -0.00760265 0.519049 0.854711
vn 0.202973 0.0402223 0.978358
vn -0.102542 0.117811 0.987727
vn 0.0438091 0.837471 0.544723
vn -0.101962 0.596358 0.796217
vn -0.0582057 -0.0161862 0.998173
vn 0.00593179 0.739894 0.672697
vn -0.0755371 0.497946 0.863912
vn -0.104852 0.228915 0.967783
vn -0.0504939 0.242501 0.968836
vn -0.00137832 0.472459 0.881352
vn 0.150733 0.465813 0.871951
vn 0.283621 -0.0348425 -0.958303
vn 0.429162 -0.121818 -0.894975
vn 0.552609 0.078382 -0.829747
vn 0.13405 0.157685 -0.978349
vn 0.0449995 0.152794 -0.987233
vn 0.0618787 0.174932 -0.982634
vn 0.485309 0.0290332 -0.873861
vn 0.557226 0.158316 -0.815129
vn 0.131228 0.680716 -0.720697
vn 0.0541034 0.603379 -0.795617
vn 0.208187 0.872201 -0.442633
vn -0.0696938 0.219587 -0.9731
vn -0.0307248 0.466488 -0.883994
vn -0.0343496 0.425645 -0.904238
vn 0.150491 0.111804 -0.982269
vn 0.385492 0.0508058 -0.921311
vn 0.0254871 -0.0515301 -0.998346
vn -0.00607043 -0.0695395 -0.997561
vn -0.0250983 -0.0296452 -0.999245
vn 0.159475 0.06597 -0.984995
vn 0.133456 -0.0231249 -0.990785
vn 0.227561 0.0585466 -0.972002
vn 0.277434 -0.0841349 -0.957054
vn 0.480348 -0.0932982 -0.872102
vn 0.52316 0.175472 -0.833974
vn 0.101889 -0.0937158 -0.990372
vn 0.125803 -0.0726833 -0.989389
vn 0.130953 0.408329 -0.903393
vn 0.573027 -0.197181 -0.795462
vn 0.292996 -0.232867 -0.927322
vn 0.643984 0.031892 -0.764374
vn 0.177183 0.15186 -0.972391
vn 0.189701 0.330169 -0.924663
vn 0.266829 0.357684 -0.89491
vn 0.215609 0.131457 -0.967591
vn 0.0837935 0.0273308 -0.996108
vn 0.220691 0.122569 -0.967612
vn 0.516473 -0.153533 -0.842427
vn 0.654255 -0.125381 -0.745809
vn 0.393077 -0.188375 -0.900003
vn -0.0652989 0.0907114 -0.993734
vn -0.064837 0.0488185 -0.996701
vn 0.00220558 0.0315845 -0.999499
vn 0.224986 -0.0642625 -0.97224
vn 0.203576 -0.0277526 -0.978666
vn 0.476934 -0.112189 -0.87175
vn 0.0415472 0.0209323 -0.998917
vn 0.0394384 -0.00117726 -0.999221
vn 0.109147 -0.244312 -0.963534
vn 0.18872 0.250961 -0.949423
vn 0.292423 0.187478 -0.937732
vn 0.70291 -0.287534 -0.650571
vn 0.674058 -0.324269 -0.663699
vn 0.657253 -0.486888 -0.575291
vn 0.567884 -0.5364 -0.624326
vn 0.545389 -0.0146342 -0.838056
vn 0.7464 -0.0355653 -0.664546
vn 0.805808 -0.100714 -0.58355
vn 0.468422 0.11611 -0.875842
vn 0.38198 0.171889 -0.908045
vn 0.297801 0.0791081 -0.951345
vn 0.172111 -0.0117951 -0.985007
vn 0.304988 -0.107868 -0.946228
vn 0.057995 0.055028 -0.996799
vn 0.386305 0.0309547 -0.921852
vn -0.0158227 -0.252778 -0.967395
vn 0.145345 -0.314582 -0.938037
vn 0.673326 -0.513907 -0.531537
vn 0.6251 -0.558818 -0.544953
vn 0.207808 0.214034 -0.954466
vn 0.0851127 0.35549 -0.930797
vn 0.214174 0.03223 -0.976264
vn 0.48266 -0.672907 -0.560567
vn 0.358027 0.154277 -0.920877
vn 0.154104 0.10633 -0.982317
vn 0.770297 -0.145604 -0.62084
vn 0.458256 -0.158145 -0.874638
vn 0.511775 -0.203527 -0.834664
vn 0.454352 -0.227528 -0.861276
vn 0.17882 0.175362 -0.968128
vn 0.754796 -0.0895745 -0.649815
vn 0.331273 -0.363237 -0.870814
vn 0.050489 0.0241924 -0.998432
vn 0.189794 0.481757 -0.855505
vn 0.0747106 -0.0843262 -0.993633
vn 0.0888006 0.116241 -0.989243
vn 0.247404 0.148822 -0.957415
vn 0.0911962 0.129303 -0.987403
vn 0.225611 0.956836 -0.183204
vn 0.11253 0.905886 -0.408299
vn 0.104241 0.625591 -0.773156
vn 0.416638 0.0693621 -0.906423
vn 0.00767889 0.0942789 -0.995516
vn 0.57368 0.207903 -0.792255
vn 0.503262 0.357775 -0.786591
vn 0.0667554 0.230164 -0.97086
vn 0.196926 0.174056 -0.964845
vn 0.254457 0.407426 -0.877072
vn 0.0231063 0.108595 -0.993818
vn 0.0859025 -0.09716 -0.991555
vn -0.414655 0.22854 -0.880812
vn -0.00995035 0.0597178 -0.998166
vn -0.360329 0.0752279 -0.929787
vn -0.0728697 -0.145259 -0.986707
vn -0.0911694 -0.236086 -0.967446
vn 0.0372845 -0.169305 -0.984858
vn 0.323051 0.065239 -0.94413
vn 0.12424 0.124949 -0.984354
vn -0.205776 -0.0739319 -0.975803
vn -0.18101 -0.0608163 -0.981599
vn -0.172008 -0.0797294 -0.981864
vn -0.248376 0.0701725 -0.966119
vn 0.0713192 -0.0291957 -0.997026
vn 0.0473097 -0.0544122 -0.997397
vn -0.00119351 0.202184 -0.979347
vn 0.351801 0.326984 -0.877107
vn 0.355645 0.368949 -0.858716
vn 0.111202 0.18693 -0.976059
vn 0.0810329 0.318146 -0.944572
vn 0.169123 -0.0273149 -0.985216
vn 0.0376235 0.165695 -0.985459
vn 0.290476 0.304352 -0.90719
vn 0.102286 0.109368 -0.988725
vn -0.2917 -0.0711535 -0.95386
vn -0.150608 -0.120215 -0.981257
vn 0.34421 0.346693 -0.872538
vn -0.164192 0.23111 -0.958973
vn 0.0457039 0.0727924 -0.996299
vn 0.148676 0.111754 -0.982551
vn 0.0300594 -0.190854 -0.981158
vn 0.0531432 -0.041772 -0.997713
vn -0.0425954 0.186809 -0.981472
vn 0.0779322 -0.0683903 -0.99461
vn 0.120317 0.17226 -0.977676
vn 0.0619762 0.176961 -0.982265
vn 0.0424646 0.116056 -0.992334
vn 0.0613939 0.108493 -0.9922
vn 0.0180962 0.361334 -0.932261
vn 0.0657115 0.979031 0.19282
vn 0.0337633 0.99838 -0.0457948
vn 0.125956 0.93844 -0.321661
vn 0.470545 -0.0293612 -0.881887
vn 0.386709 0.12713 -0.913397
vn 0.261854 -0.0232701 -0.964827
vn -0.0315611 0.94289 0.331605
vn -0.0570756 0.972906 0.224045
vn -0.0782616 0.867135 0.491886
vn -0.186454 0.70542 0.683825
vn -0.0989377 0.958717 0.266595
vn -0.132894 0.887097 0.442039
vn -0.0557108 0.964778 0.257097
vn 0.473715 -0.0331855 -0.880053
vn 0.213661 0.712032 -0.66885
vn -0.137079 0.52645 0.839083
vn 0.263339 0.105665 -0.958899
vn 0.0146762 0.999487 -0.0284638
vn 0.0147651 0.999891 0.000685966
vn 0.0126063 0.99983 0.0134345
vn 0.106703 0.532401 -0.83974
vn -0.00845939 0.630104 -0.776464
vn 0.0614465 0.638439 -0.767216
vn 0.197534 0.11776 -0.973197
vn -0.0812189 0.886979 0.454612
vn -0.0258993 0.958732 0.283128
vn -0.0310747 0.947951 0.316895
vn -0.021382 0.629504 0.776703
vn -0.139909 0.680055 0.719688
vn 0.0229813 0.961717 0.27308
vn 0.251205 0.339939 -0.906277
vn -0.12949 0.460596 0.878114
vn -0.158715 0.547394 0.821687
vn 0.0472644 0.877874 0.476553
vn -0.0948782 0.396018 0.913328
vn -0.141988 0.378636 0.91459
vn -0.120198 0.320635 0.939545
vn -0.245008 0.441571 0.863126
vn 0.0230978 0.744491 0.667233
vn -0.179245 0.823678 -0.537983
vn -0.234878 0.910566 -0.340151
vn -0.101797 0.596582 -0.79607
vn 0.32225 0.437602 -0.83944
vn -0.157967 0.702012 0.694424
vn 0.0653537 0.0877622 -0.993995
vn -0.213027 0.490482 -0.845013
vn -0.211936 0.731231 -0.64837
vn -0.141688 0.207443 -0.967932
vn -0.267773 0.725933 -0.633498
vn 0.00241715 0.935447 0.353459
vn 0.102771 0.675564 -0.730103
vn 0.171199 0.362583 -0.916092
vn -0.0526018 0.998547 -0.0116926
vn -0.0378805 0.990995 0.128426
vn 0.0969879 0.250623 -0.963214
vn 0.00773227 0.479272 -0.877632
vn 0.101557 0.0993068 -0.989861
vn 0.0734912 0.414944 -0.906874
vn 0.126024 0.160662 -0.978931
vn 0.128788 0.483112 -0.866035
vn 0.105741 0.484052 -0.868627
vn 0.0211652 0.937537 -0.347241
vn 0.146737 0.0511363 -0.987853
vn 0.00533866 0.964348 -0.264585
vn 0.081528 0.643654 -0.760962
vn -0.0252828 0.988623 -0.148273
vn 0.019114 0.999757 0.011
vn 0.0352115 0.889452 -0.455671
vn -0.0106771 0.999711 -0.0215471
vn 0.152288 -0.00456075 -0.988326
vn -0.0937695 0.947119 0.306875
vn -0.0279028 0.942936 -0.331803
vn 0.0889465 0.993903 -0.0651597
vn -0.000631735 0.998749 -0.0499906
vn -0.0385944 0.686811 0.72581
vn 0.117619 0.0587083 -0.991322
vn -0.00118007 0.993956 -0.109774
vn 0.0601666 0.998187 0.00176672
vn 0.00279541 0.97689 -0.213723
vn 0.0024987 0.697114 -0.716956
vn 0.0300541 0.264201 -0.963999
vn -0.145349 0.655649 -0.740945
vn 0.252044 0.166747 -0.953241
vn 0.189982 0.00926651 -0.981744
vn 0.0963175 0.52927 -0.842968
vn 0.0477337 0.996855 -0.0632566
vn 0.0585734 0.997945 0.0259829
vn 0.129628 0.343249 -0.930256
vn 0.0372005 0.998622 0.0370219
vn 0.126472 0.894538 -0.428726
vn 0.147002 0.0397176 -0.988338
vn 0.332632 0.615244 -0.714724
vn 0.0337228 0.998428 -0.0447622
vn 0.0014687 0.999987 0.00480235
vn -0.076737 0.878841 -0.470904
vn 0.109436 0.273987 -0.955487
vn 0.113784 -0.0461917 -0.992431
vn 0.0553721 0.0563537 -0.996874
vn -0.195637 0.842454 -0.501994
vn 0.0764959 0.900626 -0.427811
vn 0.13883 0.727206 -0.672234
vn -0.157321 0.821201 -0.548524
vn -0.205343 0.771693 -0.601934
vn -0.0333951 0.697944 -0.715373
vn -0.124275 0.760873 -0.636889
vn -0.111128 0.651607 -0.750372
vn 0.124247 -0.00670633 -0.992229
vn -0.0479948 0.678928 -0.732635
vn 0.0507445 0.630934 -0.774175
vn -0.132374 0.867464 -0.479566
vn 0.00175569 0.999983 0.00547665
vn -0.136505 0.908613 -0.394702
vn -0.183915 0.775975 -0.603356
vn -0.0986183 0.808219 -0.580566
vn -0.028586 0.769356 -0.63818
vn 0.173104 0.0549535 -0.983369
vn -0.0546183 0.997469 0.0455267
vn -0.0189168 0.999697 0.0157445
vn 0.0175454 0.999832 0.00532091
vn 0.0127433 0.998622 0.0509164
vn 0.00810659 0.997938 0.0636745
vn 0.0316801 0.999463 0.00840059
vn 0.0197944 0.998877 0.0430568
vn 0.0674949 0.996063 -0.0574762
vn 0.0324872 0.999461 -0.00475156
vn -0.0166157 0.952473 -0.304171
vn -0.00282791 0.9999 0.0138794
vn -0.0184109 0.985024 -0.171429
vn -0.0294412 0.95998 -0.278516
vn -0.1906 0.626473 -0.75578
vn -0.45788 0.298579 -0.837375
vn -0.199177 0.496443 -0.84491
vn -0.232767 0.822213 -0.519409
vn -0.450143 0.493504 -0.744195
vn -0.109787 0.333128 -0.936468
vn -0.607095 0.573349 -0.550187
vn -0.595266 0.745367 -0.300145
vn -0.587278 0.759583 -0.279534
vn -0.422534 0.891042 -0.165859
vn 0.0080609 0.963897 -0.266155
vn 0.110855 0.450001 -0.886121
vn 0.00510383 0.945249 -0.32631
vn 0.124439 0.713989 -0.68901
vn 0.113408 0.320086 -0.940576
vn 0.183214 0.369005 -0.91119
vn 0.0258545 0.401672 -0.915419
vn 0.0554277 0.81729 -0.573555
vn 0.0256333 0.525343 -0.850504
vn 0.0338184 0.859915 -0.509316
vn 0.12056 0.302449 -0.945511
vn 0.0779498 0.491059 -0.867632
vn 0.0533938 0.44322 -0.894821
vn -0.0350048 0.681988 -0.730526
vn -0.168126 0.518108 -0.838628
vn 0.0844399 0.292951 -0.952392
vn -0.0370703 0.275455 -0.960599
vn 0.0382433 0.372976 -0.927053
vn 0.124161 0.606779 -0.785113
vn 0.0133759 0.997155 0.0741792
vn 0.187113 0.650718 -0.735904
vn 0.166208 0.915779 -0.365682
vn 0.0577669 0.316931 -0.946688
vn 0.0837473 0.629544 -0.772438
vn 0.157696 0.6489 -0.744353
vn -0.051863 0.159053 -0.985907
vn 0.0333963 0.989434 -0.141087
vn 0.131824 0.580589 -0.803454
vn -0.203424 0.203241 -0.957764
vn -0.212773 0.354983 0.910338
vn -0.568177 0.447254 0.690752
vn -0.215197 0.518505 0.827552
vn -0.249516 0.875676 0.413441
vn 0.0348811 0.616841 0.786315
vn -0.839915 0.499891 -0.21131
vn -0.0651304 0.309233 0.948753
vn -0.099107 0.85218 -0.513778
vn 0.0135297 0.758274 -0.651796
vn 0.100286 0.572983 -0.813408
vn -0.160596 0.985263 -0.0588692
vn -0.0591974 0.774911 0.629292
vn -0.0531078 0.969327 0.239968
vn 0.00287598 0.971195 0.238271
vn -0.0739894 0.110291 0.991141
vn 0.0185225 0.90543 0.424091
vn 0.0247466 0.843967 0.535823
vn 0.102725 0.950222 0.294153
vn -0.144078 0.256833 0.955656
vn -0.05261 0.429984 0.901302
vn -0.14423 0.488202 0.86073
vn -0.165075 0.168202 0.971832
vn -0.123644 0.158403 0.979602
vn 0.0364815 0.764186 0.643963
vn 0.0515336 0.675994 0.735103
vn 0.0751099 0.76818 0.635813
vn -0.0441606 0.302604 0.952093
vn 0.00386894 0.395646 0.918395
vn 0.024432 0.703176 0.710596
vn 0.0346158 0.705861 0.707504
vn 0.133533 0.899033 0.417024
vn -0.109412 0.686694 0.718666
vn -0.00622748 0.978474 0.206274
vn -0.0704082 0.537974 0.840016
vn -0.0456149 0.231856 0.97168
vn -0.0635854 0.145882 0.987256
vn -0.00630788 0.182664 0.983155
vn -0.2137 0.564421 0.797346
vn -0.0904383 0.298949 0.949974
vn -0.123593 0.568401 0.813416
vn -0.908521 0.40962 0.082472
vn 0.0194223 0.966198 0.257068
vn -0.0411085 0.994522 -0.0961023
vn -0.122703 0.114009 0.985873
vn 0.0562831 0.83884 0.541461
vn -0.0257963 0.209472 0.977474
vn 0.0123081 0.215464 0.976434
vn 0.0334325 0.908951 0.41556
vn 0.10742 0.978383 -0.176712
vn -0.0197763 0.163512 0.986343
vn 0.0853947 0.883403 0.460768
vn -0.0305973 0.860471 0.50858
vn 0.0752749 0.384601 0.920009
vn -0.0596035 0.901036 0.42963
vn 0.0468844 0.976584 -0.209964
vn 0.00287655 0.885143 -0.465311
vn -0.0174588 0.989863 -0.140946
vn 0.0972224 0.674846 -0.731526
vn 0.119005 0.567806 -0.814515
vn 0.0888903 0.638273 -0.764661
vn -0.0559354 0.472195 -0.879717
vn -0.00797044 0.997337 0.0724903
vn -0.0985882 0.947596 0.303878
vn 0.081499 0.995182 -0.0545126
vn -0.0606164 0.701722 0.709867
vn -0.00229416 0.999084 0.0427323
vn -0.0960132 0.859253 0.50246
vn -0.0581947 0.942655 0.328656
vn -0.0949202 0.854753 0.510281
vn -0.0434658 0.74254 0.66839
vn 0.00731042 0.934526 0.355819
vn 0.0380032 0.452162 0.891126
vn -0.0770887 0.630756 0.772143
vn 0.0314754 0.812199 0.582531
vn -0.000315871 0.533667 0.845694
vn -0.631414 0.668849 0.392374
vn -0.627563 0.296869 -0.719746
vn -0.399683 0.408094 -0.8208
vn -0.288057 0.953294 0.0908458
vn -0.220672 0.974437 -0.0421529
vn -0.0131076 0.999714 0.0200222
vn -0.0550491 0.998472 0.00485659
vn -0.0921621 0.995506 0.0217608
vn -0.326316 0.945036 0.0206168
vn -0.346237 0.93769 0.0292995
vn -0.375764 0.926698 0.00573952
vn -0.433213 0.901253 -0.00833745
vn -0.0475038 0.997443 0.0534003
vn -0.0744235 0.99664 -0.0342151
vn -0.297396 0.953733 0.044155
vn -0.511476 0.858299 0.0414293
vn -0.259652 0.964192 0.0539908
vn -0.343088 0.936531 0.0721179
vn 0.218878 0.94376 0.247811
vn -0.0574053 0.992004 0.112392
vn 0.244516 0.962582 0.116821
vn -0.417977 0.908366 -0.012887
vn -0.241669 0.962627 -0.122248
vn -0.265311 0.954491 0.136222
vn 0.121855 0.988499 -0.0895559
vn 0.341594 0.936959 -0.0736275
vn -0.212306 0.977188 0.00552395
vn -0.0495277 0.998771 0.00176107
vn -0.477941 0.878348 -0.00876698
vn 0.354146 0.91422 0.196934
vn 0.202357 0.97237 0.1164
vn 0.437722 0.895945 0.0753802
vn 0.461631 0.882052 -0.0942431
vn 0.388879 0.891005 0.23427
vn 0.219156 0.861311 -0.458381
vn 0.185192 0.6247 -0.758587
vn 0.374123 0.838785 -0.395564
vn -0.23724 0.964188 -0.118569
vn -0.242395 0.958442 0.150447
vn -0.473047 0.879554 -0.0510902
vn -0.432269 0.900611 -0.0451944
vn -0.524471 0.851413 0.00519439
vn -0.461897 0.886921 0.00480798
vn 0.242637 0.957431 0.156375
vn 0.094766 0.995172 0.0255454
vn -0.0488449 0.998041 -0.0390971
vn -0.0749087 0.996053 -0.0476086
vn 0.151937 0.639393 -0.753719
vn 0.491338 0.839174 -0.233182
vn 0.362872 0.719527 -0.592119
vn -0.412071 0.910154 -0.0426293
vn 0.223594 0.966856 -0.123269
vn -0.136781 0.986458 -0.0905122
vn -0.0483533 0.997772 0.0459606
vn -0.0903225 0.973049 0.212171
vn 0.118323 0.971573 -0.205051
vn 0.27482 0.903561 0.328713
vn 0.558186 0.813793 -0.161766
vn 0.477044 0.849753 0.224387
vn 0.394028 0.747762 0.53441
vn 0.372013 0.388447 0.843039
vn 0.114864 0.517554 0.847906
vn 0.562038 0.814818 0.142078
vn 0.312462 0.766868 0.560608
vn -0.0734201 0.811171 0.580182
vn 0.532169 0.737983 -0.414942
vn 0.399717 0.79035 0.464299
vn 0.0707848 0.658987 0.748816
vn 0.498069 0.832244 -0.243509
vn 0.391043 0.752307 -0.530207
vn 0.508288 0.81859 0.267495
vn 0.0159196 0.95351 0.30094
vn 0.0263321 0.992225 0.121636
vn -0.109946 0.587645 0.801614
vn -0.0206097 0.634107 0.772971
vn 0.385937 0.518472 0.763046
vn 0.0346445 0.595142 0.802874
vn -0.0885508 0.983905 0.155212
vn -0.106555 0.981548 0.158773
vn 0.477739 0.489048 0.729792
vn 0.376178 0.580108 0.722472
vn -0.289487 0.888273 0.356607
vn -0.229392 0.945668 0.230418
vn -0.263033 0.86974 0.417572
vn 0.424465 0.599515 0.678536
vn 0.466068 0.68183 0.563817
vn 0.487328 0.871508 -0.0546364
vn 0.706813 0.450911 0.545064
vn 0.709513 0.562995 0.423825
vn 0.821116 0.421059 0.385328
vn 0.758452 0.630755 0.164008
vn 0.486935 0.868574 -0.0920552
vn 0.619067 0.6226 0.47867
vn 0.60951 0.671217 0.421858
vn 0.733557 0.672401 0.0988513
vn -0.366159 0.91163 0.186703
vn 0.805422 0.585661 -0.0910868
vn 0.808312 0.58511 -0.0654083
vn 0.765222 0.602082 0.227887
vn 0.785194 0.615097 -0.0716009
vn 0.659104 0.751997 0.0090197
vn 0.398643 0.916097 -0.0430079
vn 0.167979 0.552302 -0.816545
vn 0.00612882 0.720277 0.69366
vn 0.455659 0.618868 0.639826
vn -0.100984 0.837914 0.53638
vn 0.911031 0.388271 -0.138808
vn 0.899221 0.428835 -0.0866105
vn 0.922511 0.376795 0.0836596
vn -0.160905 0.982887 0.0896786
vn 0.12405 0.935164 0.331782
vn 0.845509 0.488244 -0.216176
vn 0.676385 0.711563 -0.190214
vn 0.730632 0.648527 -0.213517
vn 0.822418 0.442851 0.357089
vn 0.505923 0.74826 0.429126
vn 0.646714 0.759718 -0.0677504
vn 0.45081 0.891512 -0.0444639
vn 0.493339 0.849004 -0.18923
vn 0.167157 0.985892 -0.00872317
vn -0.241652 0.968296 0.0633036
vn -0.135301 0.98608 0.0966466
vn 0.883605 0.406819 0.231821
vn 0.118194 0.989489 -0.0833164
vn 0.497702 0.866041 -0.0476026
vn 0.912751 0.407968 0.0211584
vn -0.140778 0.980603 0.136376
vn 0.0887035 0.983414 0.158203
vn 0.865221 0.467867 0.180257
vn 0.380096 0.546468 -0.746257
vn 0.417797 0.279683 -0.864421
vn 0.512785 0.500328 -0.697656
vn 0.561788 0.821931 -0.0939375
vn 0.783727 0.618838 0.0530153
vn -0.188371 0.98204 0.0106696
vn 0.922213 0.371797 -0.106252
vn 0.661156 0.366318 -0.65474
vn 0.316586 0.946136 0.067821
vn 0.381476 0.654252 -0.653016
vn 0.362128 0.698506 -0.617214
vn 0.400152 0.683181 -0.610854
vn 0.17584 0.431428 -0.884845
vn 0.474091 0.826571 -0.303344
vn 0.0300662 0.48238 -0.875446
vn 0.494195 0.770898 -0.401854
vn 0.169265 0.455255 -0.874124
vn 0.0701909 0.477587 -0.875776
vn 0.302698 0.443918 -0.843393
vn 0.0431058 0.51217 -0.857802
vn 0.546736 0.830356 0.107653
vn -0.150238 0.986521 -0.0648492
vn -0.980381 -0.161552 -0.112937
vn -0.989615 -0.12934 -0.0627152
vn -0.997841 -0.0509181 -0.0414854
vn -0.994834 -0.0940531 -0.038192
vn -0.817958 0.572275 0.0587089
vn -0.964519 0.184736 0.188614
vn -0.946121 0.194161 0.259146
vn -0.996514 -0.037591 -0.0744749
vn -0.987247 -0.139565 -0.0765834
vn -0.997483 0.00565661 -0.0706795
vn -0.982681 0.145615 -0.114601
vn -0.99608 -0.0113631 -0.0877195
vn -0.987535 0.0976909 -0.123413
vn -0.98765 -0.07505 -0.137529
vn -0.992504 -0.0086639 -0.121901
vn -0.965122 0.183574 -0.186654
vn -0.979448 0.0523535 -0.194786
vn -0.981612 0.125935 -0.14345
vn -0.873291 0.482098 -0.0703204
vn -0.994498 0.0901103 -0.0534174
vn -0.977802 0.195216 -0.0761202
vn -0.816197 0.567693 -0.107452
vn -0.773467 0.627743 -0.0876803
vn -0.471444 0.121337 0.873509
vn -0.989071 0.142699 0.03708
vn -0.995135 -0.027801 -0.0945221
vn -0.99336 0.0553291 -0.100871
vn -0.996074 0.0107553 -0.0878725
vn -0.989128 -0.086076 -0.119231
vn -0.972144 0.191135 -0.13566
vn -0.883945 0.456143 -0.102833
vn -0.998587 0.0155358 0.0508176
vn -0.962212 0.26929 -0.0403917
vn -0.836601 0.539826 -0.0932056
vn -0.750493 0.651177 -0.11282
vn -0.982037 0.16394 0.0934227
vn -0.997171 0.0645947 0.0384498
vn -0.988513 -0.127648 -0.0809171
vn -0.994269 -0.0928257 -0.0530291
vn -0.949333 0.258219 -0.179134
vn -0.326901 -0.945048 0.00438986
vn -0.413661 -0.901236 -0.12907
vn -0.91881 0.381025 -0.102997
vn -0.975452 0.211433 -0.0615665
vn -0.736554 0.673206 -0.0654379
vn -0.906631 0.412312 0.0895517
vn -0.994827 -0.0930718 -0.0407005
vn -0.793262 -0.50225 0.34421
vn -0.692978 -0.661138 0.287539
vn -0.5616 -0.743267 0.363536
vn -0.931417 -0.0521374 0.3602
vn -0.994954 0.0434639 -0.0904259
vn -0.860866 0.496103 -0.113101
vn -0.9567 0.212813 -0.198587
vn -0.739717 -0.376044 0.558041
vn -0.839969 0.541959 -0.0270501
vn -0.99755 -0.0635646 -0.0292197
vn -0.929549 0.345102 -0.129785
vn -0.96208 0.26999 0.0388376
vn -0.989779 -0.0682428 -0.125221
vn -0.991196 0.0110017 0.131947
vn -0.98363 0.173508 -0.0486584
vn -0.655065 0.753127 -0.0607353
vn -0.576244 -0.583433 0.572319
vn -0.892187 0.09754 0.441008
vn -0.414322 -0.517648 0.748584
vn -0.838546 0.543856 -0.0325597
vn -0.84377 -0.536602 0.0105334
vn -0.985847 -0.143677 -0.0863845
vn -0.778681 -0.615169 -0.12338
vn -0.667974 0.166681 0.725278
vn -0.6555 0.00956188 0.755135
vn -0.999798 -0.0200446 0.00150681
vn -0.995242 -0.0874066 0.043051
vn -0.99572 -0.0721077 -0.0578198
vn -0.989243 0.0604993 0.133184
vn -0.99 -0.0245608 0.138914
vn -0.999096 0.0366256 -0.0215813
vn -0.886491 0.453686 -0.0911167
vn -0.994162 -0.0281435 -0.104158
vn -0.822865 0.555444 -0.119891
vn -0.476956 -0.756559 0.44736
vn -0.912324 0.320303 -0.255089
vn -0.97994 -0.103385 -0.170382
vn -0.977586 -0.180401 -0.108542
vn -0.985298 -0.118825 -0.122751
vn -0.996416 0.00607121 -0.0843674
vn -0.955037 -0.289861 0.0623286
vn -0.749077 -0.645967 0.147006
vn -0.711706 -0.0683741 0.699142
vn -0.642721 0.0264081 0.765645
vn -0.96017 0.184749 0.209624
vn -0.71229 -0.00478198 0.701869
vn -0.582307 0.0499723 0.811432
vn -0.459497 0.149089 0.875577
vn -0.992747 -0.0399153 0.113404
vn -0.996115 -0.0403055 0.0782936
vn -0.910093 0.404036 -0.0921135
vn -0.71513 0.697541 -0.0450157
vn -0.861898 0.506855 -0.015154
vn -0.937661 0.347529 0.00390406
vn -0.89056 0.450641 -0.061848
vn -0.994646 -0.103329 -0.00169895
vn -0.570724 0.0789898 0.817334
vn -0.985321 0.132371 0.107799
vn -0.996568 -0.0822502 0.00933435
vn -0.991211 0.130593 0.0211362
vn -0.947743 0.298079 0.113724
vn -0.997122 0.0739272 -0.0168191
vn -0.995594 0.080571 -0.0479715
vn -0.991544 -0.00268163 -0.129741
vn -0.970458 0.240182 -0.0229046
vn -0.737537 0.669336 -0.0895976
vn -0.864745 0.486568 -0.12437
vn -0.862217 0.50651 0.00535512
vn -0.395435 -0.128457 0.909467
vn -0.695624 0.0103882 0.718331
vn -0.665879 -0.073614 0.742419
vn -0.501114 -0.043867 0.864269
vn -0.569666 -0.783701 0.247577
vn -0.724738 0.68394 -0.0835524
vn -0.93026 0.09169 0.35526
vn -0.991679 -0.0923572 -0.0896801
vn -0.889824 0.451785 -0.0640626
vn -0.714838 0.691536 -0.103849
vn -0.996607 -0.05286 -0.0630946
vn -0.734593 0.677919 0.0282534
vn -0.874296 0.484653 -0.0268145
vn -0.935238 0.346716 -0.0715334
vn -0.931964 0.361884 -0.0219657
vn -0.96646 -0.256763 0.00522851
vn -0.998449 0.00488395 -0.0554613
vn -0.919515 0.38478 -0.0802238
vn -0.989471 0.0612863 0.131113
vn -0.945843 0.304692 -0.111998
vn -0.764989 0.642788 -0.0401959
vn -0.472199 -0.872613 0.124799
vn -0.624852 -0.780616 -0.0141156
vn -0.993964 -0.0962178 -0.0527006
vn -0.539522 0.0715304 0.838928
vn -0.693195 0.708122 -0.134329
vn -0.697869 0.706251 -0.119117
vn -0.994385 -0.047834 -0.0943954
vn -0.985797 -0.148514 -0.0784041
vn -0.711673 0.701811 -0.0313553
vn -0.935934 -0.341919 -0.0843732
vn -0.645276 -0.753054 -0.12856
vn -0.89123 -0.434869 -0.128834
vn -0.99991 -0.0133467 0.00102389
vn -0.996002 -0.021984 -0.0865811
vn -0.97432 0.211163 -0.078169
vn -0.75213 0.652158 -0.0948184
vn -0.633734 -0.759535 -0.146588
vn -0.994143 -0.104207 -0.0286574
vn -0.831233 0.547741 -0.0950363
vn -0.974759 0.203761 0.0912526
vn -0.958827 0.266173 0.0990058
vn -0.904643 0.413346 -0.103761
vn -0.510883 -0.105078 0.853204
vn -0.549153 -0.0916923 0.830677
vn -0.683417 0.730025 0.0020357
vn -0.857078 0.514479 -0.0270076
vn -0.8476 0.512331 -0.138173
vn -0.614213 0.788733 -0.0253664
vn 0.265431 -0.00669896 -0.964107
vn 0.378118 0.224695 -0.898075
vn 0.190572 0.0347147 -0.981059
vn 0.412572 0.0610313 -0.908878
vn 0.508547 0.189512 -0.83992
vn 0.324854 0.152769 -0.933344
vn 0.448734 0.0688692 -0.891008
vn 0.624924 -0.0362754 -0.779842
vn 0.359368 -0.0596494 -0.931288
vn 0.215574 0.0621722 -0.974506
vn 0.34292 0.13155 -0.930108
vn 0.249761 0.229817 -0.94064
vn 0.0918187 0.222575 -0.970582
vn 0.133526 0.35389 -0.925707
vn 0.154446 0.0115614 -0.987934
vn -0.0227309 0.053578 -0.998305
vn 0.0766553 -0.0527683 -0.99566
vn 0.0366598 0.140474 -0.989406
vn 0.0255726 0.345596 -0.938035
vn 0.0660496 -0.127898 -0.989585
vn 0.361222 0.25416 -0.897174
vn 0.346977 0.278821 -0.89547
vn 0.360463 0.299772 -0.883291
vn 0.202781 0.37444 -0.904807
vn 0.120209 0.0760582 -0.989831
vn 0.311632 0.302023 -0.900926
vn 0.196154 0.239 -0.951001
vn 0.242447 -0.21602 -0.945809
vn 0.140714 -0.0916405 -0.9858
vn 0.0567648 -0.300352 -0.952138
vn -0.0764183 -0.214395 -0.973753
vn 0.132307 -0.118439 -0.984107
vn -0.0183872 0.267907 -0.963269
vn 0.100612 0.0879721 -0.991029
vn 0.042285 0.16913 -0.984686
vn 0.00187054 0.303089 -0.952961
vn 0.069769 -0.0410877 -0.996717
vn 0.0790137 0.0197914 -0.996677
vn 0.139859 -0.269803 -0.952705
vn 0.146218 0.138584 -0.979497
vn 0.0809424 0.164987 -0.982969
vn 0.152187 0.0213355 -0.988121
vn 0.0575749 -0.236873 -0.969833
vn 0.00411709 -0.11724 -0.993095
vn 0.0825957 -0.261382 -0.961695
vn 0.0687829 -0.124841 -0.98979
vn -0.273706 0.259365 -0.926183
vn 0.160271 0.213022 -0.963813
vn 0.143705 0.329771 -0.933059
vn -0.122054 0.233181 -0.964743
vn 0.147624 0.0743942 -0.986242
vn 0.0760974 0.043961 -0.996131
vn 0.6181 0.465091 -0.633753
vn 0.687206 0.37512 -0.62212
vn 0.653791 0.465131 -0.596834
vn 0.725209 0.187039 -0.662638
vn 0.753946 0.296683 -0.586127
vn 0.789987 0.0367171 -0.612024
vn 0.628344 0.435602 -0.644542
vn 0.717744 0.404391 -0.566844
vn 0.601044 0.211829 -0.770633
vn 0.754938 0.353222 -0.552543
vn 0.388403 0.294491 -0.873166
vn 0.713503 0.37057 -0.594636
vn 0.875588 0.288794 -0.387225
vn 0.836156 0.243706 -0.491377
vn 0.689132 0.580962 -0.433105
vn 0.73445 0.387217 -0.557356
vn 0.911043 0.144701 -0.386086
vn 0.812873 0.380067 -0.441347
vn 0.847579 0.405898 -0.341842
vn 0.873866 -0.102301 -0.475282
vn 0.811238 -0.265629 -0.520898
vn 0.845912 -0.074018 -0.528162
vn 0.9409 0.206913 -0.26813
vn 0.535543 0.459139 -0.708792
vn 0.937712 0.0857545 -0.336665
vn 0.790786 -0.13111 -0.597886
vn 0.282523 0.685796 -0.67072
vn 0.458963 0.591284 -0.663126
vn 0.347232 0.386321 -0.854509
vn 0.275029 0.784364 -0.555997
vn 0.458971 0.69998 -0.54715
vn 0.200461 0.541318 -0.816572
vn 0.42777 0.65897 -0.618686
vn 0.255269 0.309721 -0.915921
vn 0.154999 0.00755948 -0.987886
vn 0.190959 0.0924118 -0.977238
vn 0.269672 0.218163 -0.937914
vn 0.323129 0.244799 -0.914145
vn 0.572684 0.548616 -0.609143
vn 0.274613 0.292889 -0.915862
vn 0.241828 0.513275 -0.823449
vn 0.387926 0.231394 -0.892172
vn 0.99878 -0.0359086 0.0338983
vn 0.988125 0.147406 0.0433684
vn 0.977092 0.189979 0.0959168
vn 0.990965 -0.0721836 -0.113041
vn 0.999807 -0.0196589 -0.000290121
vn 0.918098 -0.383403 -0.10049
vn 0.773781 -0.489622 -0.401911
vn 0.905813 -0.291673 -0.307295
vn 0.763364 -0.593199 -0.255714
vn 0.993022 -0.110213 0.0419679
vn 0.998447 0.0431386 -0.0352388
vn 0.992589 0.0874664 -0.0843633
vn 0.940738 0.326738 -0.0908505
vn 0.959646 0.276508 -0.0512071
vn 0.993924 -0.1025 0.0401077
vn 0.958583 -0.0606357 -0.278285
vn 0.959983 0.133682 -0.246091
vn 0.960974 0.268094 0.0682297
vn 0.910178 -0.180767 -0.372692
vn 0.922715 0.347054 -0.167781
vn 0.827698 -0.26375 -0.49533
vn 0.938796 0.308847 -0.152565
vn 0.9813 0.138163 -0.134021
vn 0.949086 0.311983 0.0436196
vn 0.966606 0.250726 -0.0529976
vn 0.894281 0.427857 -0.131152
vn 0.997106 -0.00159473 0.0760046
vn 0.960939 0.243075 0.132328
vn 0.953209 0.301545 0.0215354
vn 0.919847 0.371853 0.12493
vn 0.983313 0.179841 0.0274459
vn 0.963874 0.260619 0.0549994
vn 0.98607 0.149405 0.0731029
vn -0.168342 -0.0846161 -0.98209
vn 0.512095 0.590122 -0.624111
vn 0.0628662 -0.00624767 -0.998002
vn -0.223046 0.00612102 -0.974789
vn -0.273568 0.00925252 -0.961808
vn 0.546621 0.644425 -0.534717
vn -0.124276 0.0378713 -0.991525
vn 0.937158 0.337152 -0.0897961
vn 0.941626 0.275794 -0.193078
vn 0.986049 0.155363 -0.0597536
vn 0.991818 -0.0270888 -0.124754
vn 0.967367 0.101062 -0.232351
vn 0.962412 0.153496 -0.224059
vn 0.952171 0.305226 -0.0144014
vn 0.974003 0.113285 -0.196176
vn 0.823422 0.464286 -0.326213
vn -0.166648 0.0564258 -0.984401
vn 0.106532 0.178223 -0.978206
vn -0.248868 0.100724 -0.963286
vn 0.170759 0.245115 -0.954337
vn 0.136158 0.109093 -0.984662
vn -0.246515 0.146634 -0.957982
vn 0.41554 -0.056658 -0.907809
vn 0.408038 0.115335 -0.905651
vn 0.539015 0.0928084 -0.837168
vn -0.116626 0.218305 -0.968887
vn 0.617825 0.150347 -0.771808
vn 0.554054 0.0148296 -0.832348
vn 0.706804 -0.0099637 -0.707339
vn 0.787652 -0.125923 -0.603115
vn 0.582643 -0.155778 -0.79766
vn 0.481663 -0.00459731 -0.876345
vn 0.77705 -0.261843 -0.572391
vn 0.827596 -0.389074 -0.404606
vn 0.720432 -0.640949 -0.264881
vn 0.731719 -0.269348 -0.62613
vn 0.785278 -0.190388 -0.589144
vn 0.969835 0.106093 -0.219462
vn 0.955784 0.0901063 -0.279924
vn 0.787446 -0.423046 -0.448286
vn 0.955327 0.199401 -0.218149
vn 0.0188322 0.99835 -0.0542428
vn -0.000418885 0.998633 0.0522668
vn 0.0545591 0.979553 -0.193645
vn -0.0493 0.998581 0.0201588
vn 0.0219787 0.999746 -0.00501055
vn -0.0427468 0.99876 0.0255137
vn 0.0146111 0.999264 -0.0354808
vn 0.0670305 0.997389 -0.0268638
vn 0.107991 0.994074 0.0124126
vn -0.021506 0.999504 -0.0230121
vn -0.0118983 0.986489 0.163395
vn 0.0238114 0.995528 -0.0914144
vn 0.190547 0.979075 -0.0714423
vn 0.259625 0.953918 0.150449
vn -0.857579 0.51342 0.0309665
vn -0.722192 0.687092 -0.0796458
vn -0.968636 0.24711 -0.026103
vn 0.0597461 0.998183 -0.00780239
vn 0.0529637 0.993002 0.105557
vn -0.0049674 0.980753 0.195189
vn -0.195459 0.978244 -0.0695277
vn 0.178822 0.983053 0.0403622
vn 0.19649 0.973947 0.113225
vn 0.0922237 0.991861 -0.087785
vn 0.0644348 0.997899 -0.00670694
vn 0.986644 0.00588773 0.162785
vn 0.932163 0.299511 0.203387
vn 0.906202 0.271312 0.324328
vn 0.516582 0.854649 0.0521298
vn 0.169172 0.98526 0.0253526
vn 0.0549049 0.998174 0.0251696
vn 0.0587351 0.965773 -0.252652
vn 0.0565749 0.981755 -0.181539
vn 0.0286448 0.984624 -0.17232
vn -0.0842573 0.996071 -0.0272562
vn -0.0409656 0.999161 -0.000296612
vn 0.0545697 0.998079 0.0293492
vn 0.139482 0.985795 -0.0935589
vn 0.0911297 0.992623 -0.0799714
vn 0.0214479 0.999413 -0.0267087
vn 0.753654 0.644192 0.13047
vn 0.681422 0.662013 0.312093
vn 0.0360953 0.998782 -0.0336492
vn 0.0264034 0.977028 0.211471
vn 0.0375364 0.998208 0.0466122
vn 0.0837268 0.990184 -0.111919
vn 0.248498 0.96863 -0.00192954
vn 0.0184799 0.993166 -0.115235
vn 0.0655244 0.997827 0.0068611
vn 0.352923 0.933819 0.0585507
vn 0.0118099 0.998473 -0.0539686
vn 0.0881534 0.995723 0.0276531
vn 0.103501 0.9875 -0.118872
vn 0.0560641 0.990532 -0.125315
vn 0.0148047 0.997886 -0.0632727
vn -0.0182795 0.999707 0.0158979
vn -0.885602 0.457448 -0.0803149
vn 0.045626 0.997999 0.0437828
vn 0.0148664 0.999886 0.00265319
vn -0.0375418 0.99926 -0.00842199
vn 0.0741592 0.992402 0.0981778
vn 0.240135 0.970602 0.0163423
vn 0.160885 0.983155 -0.0867256
vn 0.135382 0.985627 -0.101053
vn 0.141225 0.987362 -0.0719171
vn -0.0215474 0.999695 0.0120269
vn 0.0470098 0.996325 -0.0715988
vn 0.0464453 0.998332 -0.0343046
vn 0.0437399 0.986041 -0.160654
vn 0.00646454 0.999705 -0.0234234
vn -0.0524571 0.998621 -0.00185472
vn 0.00430537 0.999919 0.0120075
vn 0.0157966 0.988996 0.1471
vn 0.0115182 0.999306 0.0354354
vn -0.0311229 0.994117 0.103741
vn -0.0295367 0.998857 -0.0375665
vn -0.0613742 0.997983 -0.0162523
vn 0.00462465 0.985873 -0.16743
vn 0.117 0.980423 -0.15837
vn -0.542655 0.839529 -0.0267701
vn 0.0231563 0.996673 0.0781487
vn 0.0209071 0.983495 0.179721
vn 0.0153208 0.984862 0.172665
vn -0.233899 0.971688 0.0333847
vn -0.784145 0.618159 -0.0547377
vn -0.70658 0.696962 -0.122425
vn 0.324675 0.944571 0.0486942
vn 0.0103196 0.999686 0.0228171
vn 0.0152607 0.999523 0.0268447
vn 0.0482269 0.997125 -0.058454
vn 0.0439684 0.998868 -0.0181326
vn 0.864109 0.501065 -0.0474416
vn 0.379376 0.925183 0.0105018
vn 0.675625 0.735661 0.048309
vn 0.0956398 0.993605 -0.0600249
vn 0.155942 0.987397 0.0270175
vn 0.398988 0.91375 0.0766124
vn 0.79068 0.54739 -0.274206
vn 0.358537 0.921503 0.149274
vn 0.644209 0.764819 -0.00685835
vn 0.408979 0.895436 -0.175868
vn 0.975921 0.212093 0.0509455
vn 0.831752 0.543732 0.112002
vn 0.976695 0.17971 0.117351
vn -0.0537921 0.996387 0.065718
vn 7.03155e-05 0.991223 0.132204
vn 0.0108055 0.950275 0.311226
vn 0.810362 0.582934 0.0591718
vn 0.979749 0.188688 0.0669957
vn 0.94596 0.308842 0.0988726
vn 0.726832 0.676622 0.11789
vn -0.0156667 0.999373 -0.031755
vn 0.513223 0.858241 0.00493142
vn 0.804898 0.590602 -0.0576928
vn 0.781507 0.623767 -0.0126778
vn 0.506554 0.861869 0.0241795
vn 0.943196 0.324448 0.0715136
vn 0.050535 0.982385 0.179905
vn -0.0490933 0.997044 0.0591022
vn 0.631442 0.7746 0.035713
vn 0.997433 -0.0534125 0.0476991
vn 0.995096 -0.0978368 -0.0145382
vn 0.993948 -0.0934288 0.0577783
vn 0.989283 -0.123026 0.0786357
vn 0.995324 -0.0575181 0.0776009
vn 0.180205 0.983621 -0.00405566
vn 0.997356 -0.0190454 0.0701314
vn 0.990533 0.137272 0.000480274
vn 0.944905 0.322937 0.0535342
vn 0.972109 0.16034 0.171161
vn 0.114386 0.993178 0.0226795
vn 0.372273 0.927701 0.0279951
vn 0.584312 0.808435 0.0707942
vn 0.997694 -0.0581384 0.0350195
vn 0.990442 -0.0880379 0.106182
vn 0.958791 0.28411 -0.00135467
vn 0.153667 0.983923 0.0910069
vn 0.7418 0.655493 0.141636
vn 0.996007 -0.000398797 0.0892758
vn 0.99323 -0.106258 -0.0469358
vn 0.983271 0.181948 0.00858058
vn 0.926054 0.359887 0.113596
vn 0.625579 0.78011 0.00889971
vn 0.98158 0.189773 0.0220759
vn -0.0154253 0.994952 0.0991611
vn 0.332258 0.941732 -0.0524035
vn 0.776922 0.626688 -0.0604488
vn 0.987811 0.0905834 -0.126588
vn 0.981823 -0.170147 0.0841019
vn -0.145505 0.987594 -0.059044
vn -0.333857 0.942261 -0.0261587
vn -0.17499 0.982269 -0.0672711
vn -0.259133 0.965454 -0.0273648
vn 0.176882 0.984228 0.00274578
vn -0.474123 0.879882 -0.0318625
vn -0.00627364 0.996441 0.0840627
vn -0.423747 -0.185253 -0.886634
vn -0.633718 -0.166252 -0.755488
vn -0.687155 -0.41948 -0.593173
vn -0.188497 -0.367839 -0.910584
vn -0.0435091 -0.253766 -0.966287
vn -0.690483 -0.667014 -0.279866
vn -0.739322 -0.385638 -0.551984
vn -0.669601 -0.376963 -0.639948
vn -0.557381 -0.691421 -0.459633
vn -0.330995 -0.725358 -0.603571
vn -0.473599 -0.539281 -0.696334
vn -0.403696 -0.684454 -0.607085
vn -0.233739 -0.505169 -0.830765
vn -0.592678 -0.707157 -0.385567
vn -0.264118 -0.829099 -0.492784
vn -0.173926 -0.553398 -0.814555
vn -0.193028 0.154484 -0.968956
vn -0.330859 0.0484568 -0.942435
vn -0.546683 0.119254 -0.828804
vn -0.561895 -0.81461 -0.143817
vn -0.349021 -0.910136 -0.223244
vn -0.430342 -0.00489942 -0.902653
vn -0.751652 0.210969 -0.624909
vn -0.485795 0.213489 -0.8476
vn -0.548919 -0.599844 -0.58213
vn -0.638073 -0.727307 -0.252761
vn -0.390086 -0.87946 -0.272733
vn -0.512511 0.198388 -0.835449
vn 0.139506 -0.305005 -0.942077
vn 0.0863911 -0.15674 -0.983854
vn -0.147909 0.213109 -0.965768
vn -0.0274653 0.060485 -0.997791
vn -0.0980603 0.246402 -0.964194
vn -0.112954 -0.874524 -0.471645
vn 0.159548 -0.911551 -0.378971
vn -0.292849 -0.944843 -0.146667
vn -0.254109 0.106894 -0.96125
vn -0.101388 -0.0422416 -0.99395
vn -0.208483 0.0132855 -0.977936
vn -0.0393736 -0.22102 -0.974474
vn -0.244493 -0.605057 -0.757713
vn -0.405508 -0.887082 -0.220563
vn -0.254135 -0.874674 -0.412747
vn -0.0770118 -0.328782 -0.941261
vn -0.167226 0.119694 -0.978626
vn -0.0181048 0.055885 -0.998273
vn -0.0251705 0.0514567 -0.998358
vn -0.0760049 0.0843734 -0.993531
vn -0.294149 0.0374718 -0.955025
vn -0.24007 0.197555 -0.950441
vn -0.485076 0.154376 -0.860738
vn -0.494891 -0.860478 -0.121079
vn -0.28299 -0.166059 -0.944638
vn -0.298745 -0.215237 -0.929744
vn -0.32511 0.129572 -0.936758
vn -0.298565 0.0464083 -0.95326
vn 0.0135017 -0.101169 -0.994778
vn 0.0273948 -0.114681 -0.993025
vn -0.942243 -0.304348 -0.139826
vn 0.0586453 -0.0286833 -0.997867
vn -0.00613901 0.0969917 -0.995266
vn 0.0534489 -0.181028 -0.982024
vn -0.0169965 -0.0239341 -0.999569
vn -0.196734 -0.0994307 -0.975402
vn 0.14273 -0.107703 -0.983884
vn 0.0966173 0.00320134 -0.995316
vn -0.153492 0.179176 -0.97177
vn 0.0562633 0.0165149 -0.998279
vn 0.100437 -0.970939 -0.217231
vn -0.145346 -0.326828 -0.93384
vn -0.446204 -0.892733 -0.0626859
vn -0.370702 -0.920907 -0.120458
vn -0.000132617 -0.380185 -0.92491
vn 0.00784975 0.303865 -0.952683
vn 0.205798 -0.508068 -0.83637
vn 0.174346 0.26342 -0.948796
vn -0.0736067 0.14754 -0.986313
vn -0.384563 0.508572 -0.770367
vn 0.0938459 0.481963 -0.871151
vn -0.0284809 -0.0719628 -0.997001
vn -0.16003 -0.0554043 -0.985556
vn -0.0427188 0.510562 -0.858779
vn -0.304439 0.412571 -0.858546
vn -0.534543 0.470563 -0.702022
vn 0.0174196 0.411603 -0.911197
vn 0.235162 0.504752 -0.830617
vn 0.308596 0.302949 -0.90166
vn -0.188166 0.225935 -0.955797
vn 0.352208 0.369883 -0.85973
vn -0.167504 0.271129 -0.947856
vn 0.373064 0.222834 -0.900649
vn -0.290834 -0.00599248 -0.956755
vn -0.0644757 0.311549 -0.94804
vn -0.102895 0.119453 -0.987494
vn -0.166051 0.211799 -0.963103
vn 0.0429792 0.147738 -0.988092
vn 0.107593 0.079735 -0.990992
vn -0.442111 -0.890702 -0.105769
vn -0.357779 -0.918214 -0.169931
vn -0.206396 0.210216 -0.95562
vn -0.140015 0.0114338 -0.990083
vn -0.0388506 0.00158751 -0.999244
vn 0.189212 0.286266 -0.939282
vn 0.254308 0.131837 -0.958095
vn 0.153649 0.353746 -0.922635
vn -0.681522 -0.713345 -0.163297
vn -0.2078 0.111346 -0.971813
vn -0.39753 -0.908843 -0.126386
vn 0.285213 0.181236 -0.941173
vn -0.308884 0.248109 -0.918168
vn -0.427056 -0.0875755 -0.899974
vn -0.0788155 0.474652 -0.876637
vn -0.121434 0.26118 -0.957621
vn 0.00762855 -0.259724 -0.965653
vn 0.327491 -0.333231 -0.884142
vn -0.0661155 -0.378231 -0.923347
vn 0.0242801 -0.0656387 -0.997548
vn 0.0888231 0.0298097 -0.995601
vn 0.197331 0.0932238 -0.975894
vn 0.311842 0.351696 -0.882647
vn -0.354938 -0.150007 -0.922777
vn 0.37776 0.12554 -0.917353
vn 0.340274 0.0501048 -0.93899
vn 0.324996 -0.0645937 -0.943507
vn -0.152239 0.247361 -0.956889
vn 0.109229 -0.32151 -0.940585
vn 0.0616308 0.0077374 -0.998069
vn -0.147455 0.311166 -0.938847
vn 0.138607 -0.0018169 -0.990346
vn -0.0766552 -0.272591 -0.959072
vn 0.372763 0.226024 -0.899978
vn 0.503923 0.0194062 -0.863531
vn 0.2565 -0.192723 -0.947135
vn 0.334949 -0.0263564 -0.941868
vn 0.0959863 -0.0777374 -0.992342
vn -0.798576 -0.594721 -0.0926448
vn -0.0306128 0.322961 -0.945917
vn 0.036267 0.201712 -0.978773
vn -0.0543873 0.319028 -0.946184
vn -0.0607375 0.0617663 -0.996241
vn -0.0787483 0.0635807 -0.994865
vn -0.68289 -0.727472 -0.0666766
vn -0.773507 -0.619002 -0.136098
vn 0.186609 -0.224808 -0.956367
vn 0.382733 -0.123539 -0.915562
vn -0.108512 0.302758 -0.94687
vn -0.110248 0.35032 -0.930119
vn -0.186295 0.24587 -0.951232
vn -0.0130293 0.0667381 -0.997685
vn -0.0311876 0.0402582 -0.998702
vn 0.174835 -0.277709 -0.944622
vn 0.334178 -0.314149 -0.888614
vn -0.355673 0.0457076 -0.933492
vn -0.257021 0.0232261 -0.966127
vn -0.216505 -0.0113017 -0.976216
vn 0.019579 -0.0981249 -0.994981
vn 0.00710524 0.240839 -0.970539
vn -0.913131 -0.35452 -0.201262
vn -0.049071 0.0260295 -0.998456
vn -0.000100005 -0.0205852 -0.999788
vn -0.397847 -0.917425 0.00703718
vn -0.0293855 -0.999516 0.0101946
vn -0.58114 -0.79482 -0.174751
vn -0.589219 -0.784511 -0.193296
vn -0.545035 0.174596 -0.820033
vn 0.1395 0.011176 -0.990159
vn 0.110918 -0.174392 -0.978409
vn 0.0932935 -0.0502766 -0.994368
vn 0.289572 0.12429 -0.949052
vn 0.0814137 -0.0483772 -0.995506
vn 0.623842 0.212056 -0.752233
vn 0.0517676 0.0011885 -0.998658
vn 0.082797 0.100772 -0.991458
vn 0.121613 -0.0425507 -0.991665
vn 0.11345 -0.113793 -0.987006
vn -0.28422 0.0932749 -0.954211
vn 0.061862 -0.00503073 -0.998072
vn 0.0669667 -0.065497 -0.995603
vn 0.0498102 0.139453 -0.988975
vn 0.0939917 0.108512 -0.989642
vn 0.0831987 0.204091 -0.97541
vn -0.267546 0.103599 -0.95796
vn 0.122513 0.105596 -0.986833
vn 0.0623639 0.0421428 -0.997163
vn 0.0995255 0.157033 -0.982566
vn 0.0668373 -0.0123037 -0.997688
vn -0.1591 0.0256462 -0.986929
vn -0.10649 0.0327805 -0.993773
vn -0.110616 0.168919 -0.979403
vn -0.0642778 0.0615429 -0.996033
vn 0.0692459 0.0639745 -0.995546
vn 0.0435831 -0.0529878 -0.997644
vn 0.0654898 -0.00847458 -0.997817
vn 0.118895 -0.0294352 -0.992471
vn 0.00928182 -0.0369389 -0.999274
vn -0.192649 0.019368 -0.981077
vn 0.00675398 0.0382396 -0.999246
vn -0.132049 0.170449 -0.976478
vn -0.25348 0.320607 -0.912666
vn 0.0990479 -0.0329414 -0.994537
vn 0.0494791 -0.094985 -0.994248
vn 0.50113 0.448445 -0.740112
vn 0.0625616 0.174108 -0.982737
vn 0.0587569 0.18487 -0.981005
vn 0.15458 -0.0463835 -0.986891
vn 0.137245 0.00520993 -0.990524
vn 0.0879897 0.0730975 -0.993436
vn -0.0920913 0.312947 -0.945295
vn 0.121374 -0.292472 -0.94854
vn 0.114716 0.00963297 -0.993352
vn 0.0668689 -0.00173578 -0.99776
vn 0.11503 -0.179014 -0.977099
vn 0.0810461 -0.255171 -0.963493
vn 0.101523 0.104589 -0.98932
vn 0.0253727 0.0202519 -0.999473
vn 0.0782124 -0.0704208 -0.994446
vn 0.115558 0.139692 -0.983429
vn 0.120428 -0.054106 -0.991247
vn 0.110206 0.0951892 -0.98934
vn 0.0771923 -0.41212 -0.907854
vn 0.0998665 0.018368 -0.994831
vn 0.122414 0.0461123 -0.991407
vn 0.102346 0.018022 -0.994586
vn 0.0543025 -0.036834 -0.997845
vn 0.0970217 -0.0291804 -0.994854
vn 0.0840073 0.220953 -0.97166
vn 0.0645309 0.188003 -0.980046
vn 0.0394878 -0.0668052 -0.996984
vn 0.205314 0.197119 -0.95864
vn 0.0701106 -0.124677 -0.989717
vn 0.0651511 -0.251371 -0.965696
vn 0.00749103 -0.0678103 -0.99767
vn 0.10976 0.0193733 -0.993769
vn 0.0972356 0.156457 -0.982887
vn 0.0637419 -0.109214 -0.991972
vn 0.0546168 0.129997 -0.990009
vn 0.0232285 -0.0568364 -0.998113
vn 0.135798 -0.0303822 -0.990271
vn 0.0672382 -0.0459569 -0.996678
vn -0.0426123 0.0754011 -0.996242
vn 0.11208 -0.0225428 -0.993443
vn 0.117688 -0.240603 -0.963462
vn 0.116199 -0.0558655 -0.991654
vn 0.0645296 -0.202069 -0.977243
vn 0.0680872 -0.0498764 -0.996432
vn 0.119036 -0.0787586 -0.989761
vn 0.0991606 0.0695661 -0.992637
vn 0.0442338 -0.047414 -0.997895
vn 0.0978181 -0.136264 -0.985831
vn 0.105878 -0.235129 -0.96618
vn 0.0796941 -0.0861542 -0.993089
vn 0.188537 -0.00946705 -0.982021
vn 0.0765985 -0.235207 -0.968922
vn 0.139949 0.0102622 -0.990106
vn 0.530336 0.377816 -0.758946
vn 0.220967 0.0761653 -0.972303
vn 0.175973 0.190278 -0.96583
vn 0.22073 0.0339637 -0.974743
vn 0.119123 0.0775927 -0.989843
vn 0.196196 -0.164293 -0.966703
vn 0.168405 0.10827 -0.979754
vn 0.138139 0.224181 -0.964707
vn 0.100337 0.388814 -0.915837
vn 0.765609 0.19922 -0.611682
vn 0.675467 0.278813 -0.682648
vn 0.0359433 0.417579 -0.907929
vn 0.00204868 0.178623 -0.983916
vn 0.039096 0.299663 -0.953244
vn 0.172648 0.0922693 -0.980652
vn 0.191514 0.381559 -0.904287
vn 0.0369943 0.180272 -0.982921
vn 0.0430434 0.0181174 -0.998909
vn 0.110689 -0.0144127 -0.993751
vn 0.056151 -0.0766489 -0.995476
vn 0.19359 0.135739 -0.971647
vn 0.313222 0.0544853 -0.948116
vn 0.0718544 0.0575976 -0.995751
vn 0.178555 0.217685 -0.959548
vn 0.0734221 -0.0397167 -0.99651
vn 0.0324713 -0.0464979 -0.99839
vn 0.12977 -0.0855501 -0.987847
vn 0.0830982 0.0293662 -0.996109
vn 0.11814 0.114905 -0.986326
vn 0.122389 0.361364 -0.924358
vn 0.250007 0.358577 -0.899399
vn 0.179667 0.192943 -0.964621
vn 0.198073 -0.0031576 -0.980182
vn 0.132557 0.0853416 -0.987495
vn 0.109718 0.101916 -0.988724
vn 0.0721175 0.00939537 -0.997352
vn 0.118622 -0.00413095 -0.992931
vn 0.247191 0.275782 -0.928892
vn 0.0644026 0.0633465 -0.995911
vn 0.0937285 0.0379967 -0.994872
vn 0.0944156 0.0455424 -0.994491
vn 0.0925462 0.0984284 -0.990832
vn 0.297545 0.204527 -0.932543
vn 0.300827 -0.0156351 -0.953551
vn 0.137299 0.248484 -0.958856
vn 0.183811 0.10935 -0.97686
vn 0.0840131 0.0682187 -0.994127
vn 0.100571 -0.0209985 -0.994708
vn 0.0901406 -0.0341237 -0.995344
vn 0.0980537 0.0693448 -0.992762
vn -0.378682 -0.038442 -0.924728
vn 0.0890683 -0.0130601 -0.99594
vn -0.211785 0.180537 -0.960497
vn -0.0130818 0.240552 -0.970548
vn 0.0407917 0.231005 -0.972097
vn -0.0300661 0.0666542 -0.997323
vn -0.0641423 0.128043 -0.989692
vn 0.0416431 0.0480738 -0.997975
vn 0.05615 0.0165458 -0.998285
vn 0.16866 0.0456658 -0.984616
vn 0.046254 0.0832529 -0.995454
vn 0.102359 0.107298 -0.988944
vn 0.0732646 0.00310043 -0.997308
vn -0.571058 0.369365 -0.733118
vn -0.245941 0.212043 -0.945807
vn 0.0840819 0.0448145 -0.995451
vn 0.110638 0.00690106 -0.993837
vn 0.0161463 0.271926 -0.962183
vn 0.107652 -0.020827 -0.99397
vn -0.0881526 0.48829 -0.868218
vn 0.0227094 0.348735 -0.936946
vn 0.0591734 0.394394 -0.917034
vn 0.0911268 0.153341 -0.983963
vn 0.055184 0.186392 -0.980924
vn 0.131785 0.143275 -0.98087
vn 0.0298296 0.371715 -0.927868
vn 0.000719248 0.352762 -0.935713
vn -0.0801001 0.520801 -0.849912
vn 0.104305 -0.00652472 -0.994524
vn 0.133177 0.31507 -0.939678
vn 0.0223398 0.227054 -0.973626
vn 0.210162 0.318932 -0.924183
vn 0.0635194 0.0747791 -0.995175
vn -0.0761817 0.643196 -0.761902
vn 0.142603 0.515772 -0.844775
vn 0.0904501 0.6294 -0.771799
vn 0.104026 0.510205 -0.853738
vn 0.166407 0.661645 -0.731118
vn 0.0369877 -0.659305 -0.750965
vn 0.0116804 -0.593637 -0.804648
vn 0.386195 0.747989 -0.539783
vn 0.530221 0.704582 -0.471626
vn 0.592532 0.397522 -0.700629
vn 0.0468992 0.86133 -0.505877
vn 0.131655 0.732338 -0.668092
vn 0.135414 0.797502 -0.587923
vn 0.0132843 0.341414 -0.939819
vn 0.0084258 0.515742 -0.856702
vn 0.229924 0.865003 -0.445988
vn 0.280907 0.299072 -0.911947
vn 0.126914 0.311536 -0.941721
vn -0.149449 0.325403 -0.93369
vn 0.0070366 0.999665 -0.0249122
vn 0.108339 0.860708 -0.497438
vn -0.0456951 0.697302 -0.715319
vn 0.0405884 0.696584 -0.716326
vn 0.144696 0.429578 -0.891362
vn -0.131543 0.971188 -0.198721
vn -0.56986 0.607035 -0.553867
vn 0.205018 0.65079 -0.731054
vn -0.731969 0.130651 -0.668694
vn 0.235132 0.804992 -0.544702
vn 0.117662 0.432044 -0.894144
vn 0.289994 0.566273 -0.771517
vn 0.0863311 0.512388 -0.854404
vn -0.188761 0.784077 -0.591264
vn 0.41463 0.449024 -0.791492
vn 0.285991 0.322585 -0.902302
vn 0.739881 0.435718 -0.512568
vn 0.0913242 -0.00189013 -0.995819
vn 0.208647 0.165242 -0.96393
vn 0.217543 0.0402425 -0.975221
vn 0.230286 0.89826 -0.374297
vn 0.112429 0.955961 -0.271106
vn 0.485172 0.213242 -0.848019
vn 0.0393713 0.160852 -0.986193
vn -0.22141 0.309424 -0.924789
vn -0.282986 -0.0254768 -0.958786
vn -0.726929 -0.0217057 -0.686369
vn -0.812042 0.149983 -0.563998
vn -0.0606506 0.978666 -0.1963
vn 0.0277692 0.978813 -0.202865
vn 0.0844834 -0.086171 -0.992692
vn -0.0392511 -0.0894974 -0.995213
vn 0.50182 0.715681 -0.485776
vn 0.231052 0.733062 -0.639715
vn 0.0654469 0.881127 -0.468329
vn 0.0571807 0.994524 -0.0874743
vn -0.114034 0.987628 -0.10764
vn -0.0849025 0.853261 -0.514526
vn -0.140599 0.860875 -0.489005
vn -0.0021904 0.586591 -0.80988
vn 0.130199 0.522118 -0.842877
vn 0.0936709 0.172929 -0.98047
vn 0.454647 0.439288 -0.774804
vn 0.273152 0.321002 -0.906833
vn 0.541609 0.0997223 -0.834695
vn 0.400861 0.700732 -0.590157
vn 0.0137078 0.89547 -0.44491
vn 0.207222 0.406144 -0.890004
vn 0.0176205 0.229204 -0.973219
vn 0.0815796 0.493009 -0.866191
vn 0.644356 0.147125 -0.75044
vn -0.0518302 0.971555 -0.231073
vn 0.0379102 0.792128 -0.609177
vn 0.0134441 0.934475 -0.355776
vn 0.129311 0.919099 -0.372204
vn 0.136611 0.553255 -0.821734
vn 0.0825697 0.622464 -0.77828
vn 0.101588 -0.0708273 -0.992302
vn 0.137883 0.149909 -0.979038
vn 0.139518 0.203626 -0.969057
vn 0.153337 -0.10485 -0.982596
vn 0.0298654 0.0235582 -0.999276
vn 0.18662 0.00788136 -0.982401
vn -0.0020001 0.892309 -0.451421
vn 0.012869 0.157566 -0.987425
vn -0.0420314 0.355285 -0.933813
vn -0.0671621 0.0779358 -0.994694
vn 0.0909217 0.15365 -0.983933
vn -0.787843 0.433875 -0.437099
vn 0.0828036 0.848213 -0.523143
vn 0.0899889 0.507319 -0.857047
vn 0.0720265 0.870418 -0.487017
vn -0.0983668 -0.0114133 -0.995085
vn -0.109321 -0.112233 -0.98765
vn -0.514613 0.72829 -0.452513
vn -0.395046 0.304374 -0.866773
vn 0.0504101 0.26995 -0.961554
vn -0.700104 0.42987 -0.570146
vn -0.136305 0.829582 -0.541493
vn -0.269739 0.958021 -0.0971453
vn 0.0122901 0.694835 -0.719064
vn 0.184105 0.925668 -0.330522
vn 0.0802603 0.571196 -0.81688
vn 0.0802517 0.612178 -0.786637
vn 0.833755 0.274031 -0.479334
vn 0.0373019 0.998796 0.0318699
vn 0.107552 0.540733 -0.834291
vn 0.0989072 0.984487 -0.144923
vn 0.286308 -0.0512781 -0.956765
vn 0.777419 0.104251 -0.620283
vn 0.210183 0.590124 -0.779472
vn 0.203604 0.375339 -0.904249
vn 0.507231 0.36893 -0.77885
vn -0.374403 0.261087 -0.88975
vn -0.343121 -0.0858555 -0.935359
vn -0.628908 0.161369 -0.760549
vn 0.0996239 0.97219 -0.211947
vn 0.83893 0.499541 -0.216001
vn 0.363425 0.926372 -0.0987742
vn 0.226321 0.971345 -0.0725743
vn -0.0297687 0.468748 -0.88283
vn 0.402489 0.907909 -0.117061
vn 0.83897 0.212641 -0.500913
vn 0.174722 0.982403 -0.0660018
vn 0.129926 0.698056 -0.704157
vn 0.116993 0.496932 -0.859867
vn 0.615498 0.734715 0.28523
vn 0.179753 0.620957 -0.762955
vn 0.0702731 -0.129341 -0.989107
vn 0.147538 0.875334 -0.46046
vn 0.0802413 0.65373 -0.752462
vn -0.407991 0.335678 -0.849037
vn 0.113382 0.965158 -0.235827
vn -0.187692 -0.233361 -0.954104
vn 0.359739 0.682556 -0.636164
vn 0.208501 0.874973 -0.436977
vn 0.11601 0.983017 -0.142196
vn 0.0980433 0.69492 -0.712372
vn -0.423661 0.396556 -0.814405
vn -0.295302 0.747258 -0.595317
vn -0.00684069 0.946854 -0.321592
vn 0.530508 0.680162 -0.505907
vn -0.780284 0.16734 -0.602623
vn -0.481511 -0.0481472 -0.875117
vn -0.0849776 0.935839 -0.34203
vn 0.0795273 0.996668 -0.018106
vn 0.113979 0.639762 -0.760075
vn -0.702398 0.468219 -0.536105
vn -0.883408 0.334028 -0.328658
vn -0.00502129 0.146463 -0.989204
vn -0.534003 0.810108 -0.242004
vn -0.00502228 0.999709 -0.0235804
vn 0.0808769 0.908771 -0.409382
vn 0.212995 0.655971 -0.72411
vn 0.633092 0.263247 -0.727939
vn 0.015354 0.662662 -0.748761
vn -0.765527 0.156133 -0.624172
vn -0.787598 0.348278 -0.508323
vn -0.116995 0.991895 -0.0495738
vn -0.416874 0.238557 -0.877101
vn 0.175471 0.596068 -0.783526
vn -0.256138 0.302939 -0.917944
vn -0.0430664 0.532452 -0.845364
vn -0.0396466 0.286831 -0.957161
vn -0.026949 -0.092495 -0.995348
vn 0.014067 0.351719 -0.936
vn -0.0250008 0.154467 -0.987682
vn -0.0197224 0.99962 -0.0192714
vn -0.0838252 0.967637 -0.238015
vn -0.376688 0.865491 -0.330199
vn -0.5791 0.158365 -0.799727
vn -0.3002 -0.153487 -0.941447
vn -0.424179 0.636594 -0.644065
vn 0.308363 0.793489 -0.524679
vn -0.149666 0.00847638 -0.9887
vn -0.213295 -0.20167 -0.955947
vn -0.091161 0.0158041 -0.995711
vn 0.106693 0.456039 -0.883541
vn -0.123526 0.291965 -0.948419
vn -0.234641 -0.0309359 -0.97159
vn -0.200083 -0.0300375 -0.979318
vn -0.13109 -0.152372 -0.979591
vn -0.288077 -0.214598 -0.933252
vn -0.342324 0.490164 -0.801595
vn 0.190394 0.974813 -0.116142
vn 0.231895 0.971067 -0.0570415
vn 0.268871 0.955958 -0.117698
vn 0.900838 0.434023 -0.0106991
vn 0.615371 0.779073 -0.11985
vn 0.387199 0.921991 -0.00313364
vn 0.686953 0.726693 -0.00370525
vn 0.712489 0.692285 -0.114461
vn 0.833038 0.489737 -0.257304
vn 0.746763 0.53433 -0.396026
vn 0.17944 0.608066 -0.773342
vn 0.150096 0.540312 -0.82797
vn 0.197893 0.568233 -0.798717
vn 0.782174 0.60986 0.127572
vn 0.932999 0.356014 -0.0526081
vn 0.629945 0.776365 -0.0206505
vn 0.0224139 0.63053 -0.775841
vn 0.132537 0.543183 -0.829088
vn 0.00712263 0.633186 -0.773967
vn 0.077293 0.75726 -0.648524
vn 0.107721 0.861137 -0.49683
vn 0.151899 0.772921 -0.616052
vn 0.0729841 0.99726 -0.0120772
vn 0.102969 0.992757 0.0619012
vn -0.149458 0.988764 -0.00291365
vn 0.114402 0.993419 -0.00562892
vn 0.107432 0.994101 -0.0149203
vn 0.0995054 0.992721 -0.0678466
vn 0.175141 0.978632 -0.107722
vn -0.0604178 0.368194 -0.927784
vn -0.0685329 0.290347 -0.954464
vn 0.0957673 0.982101 -0.162189
vn 0.0482027 0.913025 -0.405046
vn 0.12174 0.986619 -0.108452
vn 0.115175 0.993305 -0.0089054
vn 0.110609 0.988165 -0.106285
vn 0.108525 0.981888 -0.1553
vn 0.157576 0.948175 -0.275925
vn 0.0480388 0.63899 -0.767714
vn 0.00562815 0.51064 -0.859776
vn 0.039485 0.556498 -0.82991
vn 0.0930678 0.94016 -0.327777
vn -0.0305043 0.988301 -0.149434
vn 0.102257 0.989602 -0.101149
vn 0.169819 0.985352 0.0155834
vn 0.154595 0.98357 -0.093219
vn 0.151026 0.988463 -0.0115314
vn 0.951889 0.287733 0.105437
vn -0.0229632 0.434276 -0.900487
vn 0.447314 0.867946 -0.215823
vn 0.255685 0.965417 -0.0509353
vn 0.116298 0.991852 -0.0520007
vn 0.141406 0.978826 -0.148
vn 0.138774 0.84357 -0.518779
vn 0.236947 0.801434 -0.549145
vn 0.207034 0.874519 -0.438582
vn 0.183081 0.970032 -0.159748
vn 0.0220526 0.48092 -0.876487
vn 0.0517115 0.266178 -0.962536
vn 0.680434 0.728029 0.0835722
vn 0.08878 0.667874 -0.738961
vn 0.254805 0.962997 -0.0878095
vn 0.48507 0.682467 -0.54676
vn 0.437551 0.843287 -0.312117
vn 0.558591 0.746857 -0.360805
vn 0.346012 0.889107 -0.299609
vn 0.26007 0.799133 -0.541987
vn 0.385225 0.693329 -0.609013
vn 0.803962 0.545005 -0.237937
vn 0.374797 0.925845 -0.0483524
vn 0.0364899 0.210562 -0.976899
vn 0.0467336 0.501882 -0.863672
vn -0.362416 0.929732 -0.0652152
vn -0.111093 0.989285 -0.0947273
vn 0.021704 0.992988 -0.116202
vn 0.0943047 0.640639 -0.762029
vn -0.0217759 0.479591 -0.877222
vn 0.118332 0.510206 -0.851873
vn 0.400604 0.916192 -0.010426
vn 0.149801 0.988704 0.00498146
vn 0.129597 0.985088 -0.113166
vn 0.179953 0.972887 -0.145288
vn 0.696705 0.585757 -0.414114
vn 0.130964 0.990555 -0.0406136
vn 0.101366 0.994736 -0.0149809
vn 0.210699 0.728633 -0.65169
vn 0.264052 0.735353 -0.624126
vn 0.286897 0.681495 -0.673242
vn 0.113594 0.9058 -0.408194
vn 0.0143769 0.988094 -0.153177
vn 0.0383248 0.901526 -0.431025
vn 0.0873484 0.87768 -0.471219
vn 0.0521789 0.78266 -0.620259
vn 0.178044 0.713534 -0.67762
vn 0.108989 0.970258 -0.216149
vn 0.18911 0.956715 -0.221208
vn 0.158238 0.807317 -0.568506
vn 0.0856346 0.77147 -0.630477
vn 0.101497 0.665059 -0.739861
vn 0.184129 0.982901 -0.0016422
vn 0.139214 0.98985 -0.0285697
vn 0.146778 0.988788 -0.0274727
vn 0.0752859 0.981747 -0.174657
vn 0.179415 0.631608 -0.754242
vn 0.170574 0.737396 -0.653569
vn -0.0555932 0.436204 -0.898129
vn 0.14516 0.989327 -0.0126877
vn 0.123527 0.99172 -0.0350988
vn 0.200866 0.979308 -0.0246782
vn 0.157403 0.986229 -0.0507695
vn 0.153628 0.987334 -0.0396287
vn 0.129285 0.990385 -0.0492153
vn 0.202831 0.886095 -0.416768
vn 0.0730789 0.715077 -0.695215
vn 0.252751 0.967393 -0.0163488
vn 0.256204 0.966232 -0.0275002
vn 0.228106 0.973271 -0.0266632
vn 0.175001 0.9118 -0.371478
vn 0.146846 0.964484 -0.219562
vn 0.139927 0.989864 -0.0242725
vn 0.139459 0.988388 -0.0603353
vn 0.183443 0.977177 -0.107114
vn 0.164171 0.986058 -0.0271512
vn 0.175992 0.95922 -0.221189
vn 0.310336 0.949916 -0.0367661
vn 0.3213 0.945802 -0.0471625
vn 0.251796 0.967748 0.00788567
vn 0.268599 0.960445 -0.0734923
vn 0.0518858 0.998318 0.0258527
vn 0.856474 0.478639 -0.193281
vn 0.158096 0.976523 -0.146313
vn 0.201439 0.979499 -0.00189028
vn 0.227951 0.973654 -0.00601233
vn 0.154722 0.976578 -0.14952
vn 0.143149 0.989 -0.0372541
vn 0.174995 0.984421 -0.0170611
vn 0.247971 0.968739 -0.00745026
vn -0.0367125 0.243913 -0.969102
vn 0.0110435 0.995528 -0.0938237
vn 0.196702 0.53439 -0.822031
vn 0.173277 0.982076 -0.0741765
vn 0.114706 0.993352 -0.00972075
vn 0.154988 0.985478 -0.0693681
vn 0.143923 0.989101 -0.0310699
vn 0.237704 0.758524 -0.606744
vn 0.157293 0.896072 -0.415106
vn 0.143066 0.744951 -0.651598
vn 0.21803 0.975932 -0.00443438
vn 0.204819 0.978405 0.0277818
vn -0.035426 0.301307 -0.952869
vn 0.289979 0.704257 -0.648023
vn 0.239123 0.860802 -0.449267
vn 0.235832 0.726946 -0.644929
vn 0.079157 0.983469 -0.162858
vn 0.131452 0.988243 -0.0780781
vn 0.0908646 0.98926 -0.114493
vn 0.246201 0.969216 -0.00228303
vn 0.199592 0.976771 -0.0779808
vn 0.179287 0.982916 -0.0416142
vn 0.153354 0.979233 -0.13261
vn 0.203244 0.753055 -0.62578
vn -0.195422 0.979822 -0.0419501
vn 0.210537 0.976957 -0.0350476
vn 0.11585 0.986886 -0.112404
vn 0.154713 0.987901 -0.0107675
vn 0.130999 0.968049 -0.213822
vn 0.260261 0.723037 -0.639907
vn 0.15892 0.986738 -0.0330394
vn 0.150013 0.98723 -0.0536098
vn 0.270423 0.730536 -0.627048
vn 0.0885744 0.512139 -0.854323
vn 0.0262865 0.586606 -0.809446
vn 0.0998655 0.994899 -0.0142409
vn 0.100354 0.99495 0.00174501
vn 0.979157 0.202738 -0.0122044
vn 0.302748 0.949331 -0.0843439
vn 0.154168 0.987953 0.0134519
vn 0.193554 0.981049 -0.00888034
vn 0.365863 0.869436 -0.332001
vn 0.523385 0.703428 -0.480893
vn 0.0756769 0.191122 -0.978645
vn -0.0866346 0.436243 -0.895649
vn 0.249804 0.964148 -0.0895395
vn 0.0292003 0.999342 -0.0215334
vn -0.0133146 0.99985 -0.0111151
vn -0.190352 0.981114 0.0343667
vn -0.150556 0.988247 0.0264712
vn -0.161676 0.98646 -0.0275198
vn 0.191181 0.980978 -0.0336336
vn -0.010325 0.45424 -0.890819
vn -0.0379039 0.412924 -0.909976
vn 0.0166215 0.381243 -0.924325
vn 0.188035 0.725244 -0.662317
vn 0.130595 0.613791 -0.778592
vn 0.0258601 0.0682966 -0.99733
vn 0.0073218 0.10545 -0.994398
vn 0.0245646 0.0302235 -0.999241
vn -0.0607672 -0.0557968 -0.996591
vn 0.00337487 0.051211 -0.998682
vn -0.0539282 0.0959335 -0.993926
vn -0.00588724 -0.00546027 -0.999968
vn -0.168232 0.0686077 -0.983357
vn 0.0447132 0.917317 -0.395639
vn 0.0139149 0.876684 -0.480866
vn 0.0405581 0.683249 -0.729058
vn 0.270518 0.27418 -0.922846
vn 0.129775 0.25145 -0.95913
vn 0.155895 0.134554 -0.978566
vn 0.0344609 0.511734 -0.858453
vn 0.0130204 0.56911 -0.822159
vn 0.105257 0.238619 -0.965392
vn 0.066103 0.765272 -0.640304
vn 0.0726306 0.430476 -0.899675
vn 0.048721 0.454422 -0.889453
vn 0.0682106 0.855944 -0.512549
vn 0.0215941 0.193345 -0.980893
vn -0.0385551 0.460068 -0.887046
vn 0.063954 0.658633 -0.749741
vn 0.073653 0.505464 -0.859698
vn -0.109245 0.123644 -0.986295
vn -0.0666013 0.181571 -0.98112
vn -0.126433 0.166796 -0.977852
vn 0.229906 0.353459 -0.906758
vn 0.110949 0.676619 -0.727927
vn 0.152539 0.363646 -0.918963
vn 0.11674 0.248236 -0.961639
vn 0.0541833 0.637678 -0.768395
vn 0.0771163 0.962196 -0.261211
vn -0.00517855 0.969184 -0.246285
vn -0.00526416 0.970045 -0.24287
vn 0.0182728 0.884017 -0.467097
vn -0.0163301 0.845973 -0.532975
vn -0.0591661 0.968756 0.240855
vn 0.0214206 0.984195 -0.175788
vn 0.0785085 0.99601 0.0424245
vn 0.063789 0.527049 -0.847438
vn 0.0322721 0.425957 -0.904168
vn -0.000365221 0.571821 -0.820379
vn -0.0584891 0.294093 -0.953986
vn 0.0883797 0.0996154 -0.991093
vn 0.0502077 0.0514722 -0.997412
vn -0.0328933 0.224344 -0.973955
vn -0.0276327 0.72114 -0.692238
vn 0.0207655 0.924003 -0.381821
vn -0.00274557 0.189335 -0.981909
vn 0.0265652 0.306382 -0.951538
vn 0.0816344 0.274729 -0.95805
vn 0.0174272 0.0434564 -0.998903
vn -0.0327494 0.24999 -0.967694
vn 0.0610988 0.0792045 -0.994984
vn -0.0284165 0.188304 -0.9817
vn 0.0505652 0.542938 -0.838249
vn 0.0594735 0.958745 -0.277975
vn -0.0256513 0.870032 -0.492327
vn -0.0273724 0.201372 -0.979132
vn 0.0173738 0.29564 -0.955141
vn 0.0570688 0.269518 -0.961303
vn 0.10012 0.312343 -0.944679
vn 0.0199258 0.517647 -0.855362
vn 0.106175 0.290924 -0.950837
vn 0.00375998 0.629939 -0.776635
vn 0.0191468 0.877576 -0.479056
vn 0.019523 0.599612 -0.800052
vn -0.00707927 0.715928 -0.698138
vn 0.0323752 0.652172 -0.75738
vn -0.0345855 0.947098 -0.319075
vn -0.00110499 0.482842 -0.875707
vn 0.120205 0.682288 -0.721134
vn 0.0292433 0.634526 -0.772348
vn 0.0692901 0.788798 -0.610734
vn 0.0466661 0.719633 -0.692784
vn 0.0579179 0.994094 -0.0917756
vn 0.00497254 0.995992 -0.0892998
vn -0.049152 0.949663 -0.309394
vn 0.0769066 -0.100296 -0.991981
vn 0.0549984 0.21951 -0.974059
vn -0.0207697 0.698628 -0.715184
vn 0.0139389 0.976456 -0.215268
vn -0.123739 0.203342 -0.971257
vn -0.0480851 0.998654 -0.0194268
vn -0.00731005 0.9732 -0.229843
vn 0.02163 0.952258 -0.304526
vn 0.0939499 0.866504 -0.49025
vn 0.0706071 0.99651 0.0445166
vn -0.0243803 0.966277 -0.256348
vn -0.117728 0.330688 -0.936369
vn 0.0828166 0.746379 0.660348
vn -0.0452873 0.988256 0.145943
vn 0.0769045 0.222891 0.971805
vn -0.173783 0.0672401 -0.982486
vn -0.0935633 0.836137 0.540483
vn 0.0165409 0.986525 -0.16277
vn 0.0878231 0.970596 -0.224124
vn -0.277478 0.0683583 -0.958297
vn 0.151616 0.785127 0.60049
vn -0.0159009 0.91091 0.4123
vn -0.00822038 0.768141 0.640228
vn -0.0329566 0.465611 0.884376
vn 0.118719 0.271698 0.955032
vn -0.0220159 0.227373 0.973559
vn 0.222064 0.457473 0.861049
vn 0.237427 0.177521 0.955047
vn -0.0883039 0.175438 0.980522
vn 0.0015917 0.130851 0.991401
vn 0.129003 0.174069 0.976247
vn 0.0342942 0.182568 0.982595
vn 0.130339 0.723506 0.677902
vn -0.144453 0.985774 0.085924
vn -0.217493 0.889538 0.40177
vn -0.188464 0.512408 0.837806
vn 0.0582724 0.112353 0.991958
vn -0.0307701 0.230083 0.972684
vn -0.0958194 0.125875 0.987408
vn 0.0843055 0.994231 0.066319
vn 0.026113 0.993385 0.111822
vn -0.154182 0.712061 0.68498
vn -0.00600528 0.961984 0.273041
vn 0.00724322 0.989345 0.145411
vn -0.185467 0.268972 0.945122
vn -0.0463921 0.576385 0.81586
vn 0.00892371 0.726664 0.686935
vn 0.0340234 0.549808 0.834598
vn -0.340593 0.715803 0.609609
vn -0.165375 0.955981 0.242385
vn -0.310153 0.839696 0.445775
vn -0.0917144 0.35138 0.93173
vn -0.0927971 0.306401 0.947369
vn 0.00671442 0.999921 0.0105977
vn 0.00462134 0.402588 0.915369
vn -0.357445 0.685539 0.634247
vn -0.200869 0.504732 0.839582
vn -0.298657 0.78084 0.54872
vn -0.107171 0.203056 0.973284
vn -0.0756364 0.211135 0.974526
vn 0.0160469 0.999341 0.0325444
vn -0.14552 0.909012 0.39054
vn -0.0830038 0.930513 0.35673
vn -0.0772577 0.831949 0.549448
vn -0.176379 0.302111 0.936813
vn -0.0857668 0.0741798 0.99355
vn -0.161987 0.191405 0.968052
vn -0.163215 0.968703 0.187017
vn -0.205307 0.20755 0.956437
vn -0.194627 0.036037 0.980215
vn -0.15459 0.0668024 0.985718
vn -0.174373 0.439233 0.881288
vn 0.0524556 0.909919 0.411456
vn -0.172447 0.119165 0.977784
vn -0.212254 0.364397 0.906732
vn -0.167954 0.744246 0.646443
vn -0.0876947 0.773883 0.627228
vn 0.051754 0.721058 0.690939
vn -0.261778 0.663323 0.701053
vn -0.287111 0.561442 0.776112
vn -0.388696 0.824361 0.411515
vn -0.240607 0.831792 0.50023
vn -0.0751661 0.498969 0.863354
vn 0.0252113 0.484384 0.874492
vn -0.0876154 0.234595 0.968137
vn -0.122342 0.165937 0.978518
vn -0.367983 0.734465 0.570219
vn -0.441784 0.700092 0.56098
vn -0.106285 0.154039 0.982332
vn -0.22588 0.799207 0.556998
vn -0.204218 0.87883 0.431222
vn -0.340473 0.807509 0.481672
vn -0.0858163 0.162509 0.982968
vn 0.0557804 0.823132 0.565103
vn 0.125584 0.663478 0.737581
vn -0.0102386 0.777871 0.628341
vn -0.249421 0.677555 0.691887
vn -0.00437272 0.999946 0.00945417
vn -0.121735 0.938774 0.322311
vn -0.0544473 0.679897 0.731284
vn 0.0603301 0.752713 0.655579
vn -0.116439 0.865404 0.487357
vn -0.232196 0.71875 0.65535
vn 0.18503 0.705282 0.684355
vn 0.28116 0.680934 0.676224
vn -0.0216051 0.98492 0.171656
vn 0.140786 0.630441 0.763363
vn -0.163564 0.950076 0.265711
vn -0.0500912 0.905574 -0.421219
vn 0.0132922 0.914498 0.404373
vn 0.0201636 0.937153 0.348335
vn -0.0421153 0.998144 0.043996
vn 0.0418319 0.997341 -0.0596681
vn -0.395764 0.341234 0.852602
vn -0.213107 0.427222 0.878673
vn -0.445732 0.350723 0.8236
vn -0.568914 0.324831 0.755527
vn -0.327186 0.815936 0.476652
vn 0.00624415 0.974033 0.226318
vn -0.0395138 0.983892 0.174344
vn 0.0168821 0.99324 0.114841
vn -0.0788999 0.63578 0.767827
vn -0.0466793 0.67751 0.734031
vn -0.0168047 0.940183 0.340256
vn 0.0592334 0.954834 0.291178
vn -0.215325 0.338587 0.915966
vn -0.496472 0.148972 0.855174
vn -0.0540969 0.881372 0.469315
vn -0.0369328 0.960396 0.276179
vn 0.0211388 0.996745 0.0778021
vn -0.0213358 0.99591 0.0877926
vn -0.961581 0.169697 -0.21579
vn -0.982554 0.0865522 -0.164608
vn -0.926108 0.166652 -0.338454
vn -0.136444 0.636163 0.759395
vn -0.0801574 0.662146 0.745076
vn -0.232752 0.148564 0.961122
vn 0.026424 0.418862 0.907665
vn 0.000731104 0.467815 0.883826
vn -0.600168 0.223745 0.767943
vn -0.631976 0.227417 0.74087
vn -0.652925 0.204893 0.729183
vn 0.0686384 0.682264 0.727877
vn 0.0169491 0.844747 0.534897
vn -0.00733456 0.922907 0.384953
vn -0.448531 0.326174 0.832124
vn -0.245284 0.141821 0.959022
vn -0.130661 0.24946 0.95953
vn -0.0262156 0.768849 0.638892
vn -0.0823611 0.213228 0.973525
vn -0.011162 0.468128 0.88359
vn -0.950256 -0.151951 -0.27189
vn -0.999516 0.0277696 0.0139945
vn -0.981965 0.00946425 0.188824
vn -0.864619 0.479446 -0.150216
vn -0.95843 0.280658 -0.0514103
vn -0.951993 0.234913 -0.196277
vn -0.358641 0.123571 0.925261
vn -0.121995 0.133903 0.983457
vn -0.0853521 0.197446 0.976591
vn -0.709186 0.119015 0.694903
vn -0.0665232 0.141738 0.987666
vn 0.04231 0.963879 0.26296
vn -0.0323408 0.784721 0.619005
vn -0.992321 0.11678 0.0407717
vn -0.830491 0.537219 -0.147246
vn -0.802719 0.571234 -0.171271
vn -0.92064 0.373379 -0.114059
vn -0.932351 0.0510212 -0.357935
vn -0.930449 0.0948108 -0.353943
vn -0.0468558 0.990169 0.131797
vn -0.965169 0.232438 -0.12009
vn -0.940088 0.335451 -0.0608803
vn 0.0576069 0.995562 0.0744216
vn 0.00626344 0.999729 -0.0224456
vn 0.0205666 0.965669 0.258961
vn -0.0471383 0.995382 -0.0836166
vn 0.0191475 0.999669 -0.0171688
vn -0.0663243 0.995891 0.0616673
vn -0.10254 0.99433 0.0281737
vn -0.0176154 0.999814 -0.00786622
vn -0.0145655 0.999853 -0.00905243
vn 0.053501 0.996546 0.0635123
vn 0.0268329 0.955703 0.293107
vn 0.378622 0.596316 0.707851
vn 0.260347 0.272663 0.926215
vn -0.94668 0.321938 0.0123631
vn 0.0130197 0.999736 0.0189308
vn -0.961041 0.259925 -0.0940195
vn -0.964391 0.26429 0.0100312
vn -0.942558 0.293622 -0.159279
vn -0.0496671 0.996971 0.0598478
vn 0.0728321 0.996851 0.031351
vn -0.0206756 0.999093 0.0372189
vn -0.846823 0.526192 -0.0775374
vn -0.976348 0.189666 0.103784
vn -0.0295302 0.999373 -0.0195299
vn 0.0480163 0.96368 0.262708
vn -0.0355996 0.756049 0.653546
vn 0.0171789 0.857461 0.514262
vn -0.951173 0.0947371 0.293761
vn -0.988982 0.113106 0.0955117
vn -0.979145 0.184397 -0.0852757
vn -0.993856 0.10427 -0.0371257
vn -0.968171 -0.110468 -0.224594
vn -0.0031548 0.496117 0.86825
vn 0.397937 0.191766 0.897147
vn 0.134308 0.191421 0.972275
vn 0.487756 0.529484 0.694076
vn 0.193505 0.861862 0.468775
vn 0.0376762 0.908857 0.415403
vn 0.105609 0.960383 0.257898
vn 0.22525 0.938167 0.262879
vn 0.177733 0.785748 0.592461
vn 0.224664 0.784929 0.577419
vn -0.0535599 -0.0561849 0.996983
vn -0.0569022 0.115362 0.991692
vn -0.0387805 -0.147263 0.988337
vn 0.139837 0.980553 0.137698
vn -0.0200561 0.996397 0.0824065
vn -0.106112 -0.00856407 0.994317
vn -0.0900823 0.0146986 0.995826
vn -0.0582395 -0.00331233 0.998297
vn -0.058606 0.957535 0.282298
vn 0.032483 0.91082 0.411524
vn 0.000429231 0.99768 0.068075
vn -0.0031137 0.998651 0.0518378
vn -0.0154478 0.998161 0.0586122
vn -0.0445528 0.998827 0.0189568
vn -0.0345412 0.999403 -0.000526611
vn -0.00196219 0.997235 0.0742837
vn 0.0407827 0.996389 0.0744727
vn -0.0706735 0.988173 0.136087
vn -0.0773362 0.99636 0.0358695
vn -0.0829486 0.996142 -0.0286381
vn -0.0431454 0.997781 0.0507133
vn -0.970455 0.113107 0.213127
vn -0.0522254 0.965728 0.254248
vn -0.097535 0.993733 0.0546051
vn -0.950376 0.300537 -0.080389
vn -0.754766 0.640046 -0.143766
vn -0.98793 0.139178 0.0679925
vn -0.972373 0.226855 0.0550271
vn -0.100491 0.993917 0.0450646
vn -0.565688 0.484744 0.667098
vn -0.118119 0.423913 0.897968
vn -0.0266004 0.508222 0.860815
vn -0.0255875 0.963858 0.265185
vn -0.500422 0.863972 0.0559491
vn -0.763884 0.645293 0.00890725
vn -0.205375 0.978456 0.0210762
vn -0.207136 0.957699 0.199768
vn -0.975765 0.202059 0.083994
vn -0.848672 0.49439 0.187975
vn -0.648258 0.756294 0.0882115
vn -0.817675 0.574664 0.0342016
vn -0.61555 0.787905 0.0174405
vn -0.155637 0.987114 0.0371976
vn -0.0531478 0.995041 0.0840805
vn -0.0476892 0.998847 -0.00549411
vn -0.0646565 0.997619 0.0240154
vn -0.311989 0.947716 0.0670663
vn -0.127216 0.991372 -0.0315745
vn -0.281413 0.959525 0.0109206
vn -0.331188 0.942781 0.0384631
vn -0.411468 0.825005 0.387378
vn -0.420834 0.889936 0.17582
vn -0.441623 0.882512 0.161682
vn -0.538285 0.840064 0.0673978
vn -0.515553 0.856802 0.0097266
vn -0.357118 0.69375 0.625442
vn -0.0110774 0.448994 0.893466
vn -0.109762 0.43209 0.895126
vn -0.158941 0.473936 0.866096
vn -0.427751 0.631915 0.646307
vn -0.689839 0.695579 0.200728
vn -0.598421 0.728222 0.334043
vn -0.178152 0.640358 0.74713
vn -0.190585 0.36607 0.910862
vn -0.0115641 0.496135 0.868168
vn -0.138384 0.777233 0.613806
vn -0.0147512 0.99565 0.0919954
vn -0.230717 0.795746 0.559962
vn -0.0756585 0.471732 0.87849
vn -0.160749 0.378368 0.911591
vn -0.524729 0.30666 0.794115
vn -0.68124 0.303648 0.666116
vn -0.105836 0.203772 0.973281
vn 0.0754543 0.381984 0.921084
vn -0.866143 0.228093 0.444714
vn -0.0935534 0.990121 0.104444
vn -0.991213 0.125438 -0.0419693
vn -0.979503 0.0959641 0.177099
vn -0.170749 0.330732 0.928149
vn -0.959653 0.185463 0.211353
vn -0.184303 0.403961 0.896018
vn -0.969428 0.230618 -0.0838165
vn -0.0127496 0.998768 0.0479542
vn 0.0150147 0.997168 0.0736948
vn -0.0764308 0.179253 0.98083
vn 0.0371373 0.332576 0.942345
vn -0.0540025 0.126341 0.990516
vn 0.441511 0.334779 0.832461
vn 0.564627 0.231228 0.792294
vn -0.0532227 0.972106 0.228422
vn -0.0636391 0.190005 0.979718
vn -0.0766643 0.163917 0.983491
vn -0.0735297 0.0340226 0.996713
vn -0.0913564 0.371135 0.924074
vn -0.0692846 0.446179 0.892258
vn -0.0533867 0.991018 0.122609
vn 0.0192155 0.994462 0.103324
vn -0.0804903 0.990759 0.10917
vn -0.0488107 0.990948 0.125056
vn -0.0460048 0.997157 0.0596828
vn -0.05491 0.978832 0.197161
vn -0.0576427 0.985281 0.160931
vn -0.00409137 0.859568 0.511005
vn 0.00247554 0.226534 0.974
vn 0.185022 0.621743 0.761053
vn -0.0932453 0.794832 0.599623
vn -0.119432 0.898925 0.421508
vn -0.011255 0.868251 0.495998
vn 0.036422 0.997339 0.0631524
vn 0.568938 0.343655 0.747135
vn -0.116261 0.846343 0.519795
vn -0.0676377 0.819914 0.568477
vn -0.0644177 0.581815 0.810766
vn -0.0506269 0.56372 0.824413
vn -0.0561576 0.60637 0.793197
vn 0.367725 0.275703 0.888125
vn -0.024919 0.610633 0.791521
vn -0.0901193 0.14337 0.985558
vn -0.980516 0.193408 0.0343745
vn -0.904964 0.42173 -0.0564288
vn 0.107572 0.0127787 0.994115
vn 0.249421 0.133213 0.959189
vn -0.187508 0.0685825 0.979866
vn 0.00221472 0.999614 0.0276974
vn -0.161136 -0.0164838 0.986794
vn 0.0438091 0.998569 -0.0306752
vn 0.0279609 0.999279 -0.0256779
vn 0.0620053 0.997191 0.042025
vn 0.0586005 0.998239 -0.00926536
vn 0.134046 0.990503 -0.0305878
vn 0.0816747 0.996088 -0.0337327
vn 0.0394359 0.998691 0.0325738
vn 0.0644346 0.997894 -0.00741894
vn 0.126458 0.991527 0.0297137
vn 0.131622 0.990968 0.0256397
vn 0.112644 0.993635 -0.000456205
vn 0.0884558 0.990694 -0.103447
vn -0.0324205 0.994963 0.0948555
vn -0.0270978 0.99131 0.128728
vn 0.0404342 -0.0722966 0.996563
vn -0.0316177 0.105371 0.99393
vn 0.10289 0.994426 -0.0230258
vn -0.0873654 0.527593 0.844993
vn -0.0045694 0.999984 0.00333772
vn -0.0139364 0.806047 0.591687
vn 0.055823 0.974517 0.217257
vn -0.0784733 0.788795 0.609626
vn 0.134274 0.930624 0.340456
vn -0.0152276 0.520052 0.853999
vn -0.0427718 0.675894 0.735756
vn -0.0925232 0.701479 0.706659
vn 0.0463328 0.695529 0.717002
vn 0.066611 0.997221 0.0333715
vn 0.0102669 0.999881 0.0114997
vn 0.0147661 0.999883 -0.00403075
vn 0.0686713 0.997245 0.0280444
vn -0.990119 0.0946865 -0.103434
vn -0.997888 0.0205186 -0.0616388
vn -0.987986 0.111499 -0.107009
vn -0.998565 0.0288567 -0.0451018
vn -0.991112 0.11374 -0.0689967
vn -0.995203 0.0523765 -0.0826336
vn 0.0768597 0.330954 -0.940512
vn 0.711005 0.278734 -0.645585
vn 0.306643 0.344345 -0.887354
vn 0.714476 0.415258 -0.563102
vn 0.812744 0.326291 -0.482681
vn 0.51291 0.335044 -0.790359
vn 0.033198 0.444832 -0.894998
vn 0.467716 0.466696 -0.750624
vn 0.767118 0.113431 -0.631398
vn 0.486398 0.437876 -0.756096
vn 0.356321 0.775319 -0.521455
vn 0.697461 0.274305 -0.662046
vn 0.00564858 0.969035 -0.246858
vn 0.0102988 0.920916 -0.389626
vn 0.0512393 0.961623 -0.269548
vn 0.062181 0.558505 -0.827167
vn 0.0503813 0.833314 -0.550499
vn 0.0939285 0.707162 -0.700785
vn 0.0873324 0.792276 -0.603881
vn 0.0790038 0.943012 -0.323243
vn 0.0789476 0.555472 -0.827779
vn 0.0753498 0.659997 -0.74748
vn 0.141415 0.308394 -0.940689
vn -0.903075 0.384812 -0.190723
vn -0.73091 0.376535 -0.569203
vn -0.969807 0.206225 -0.130174
vn -0.905059 0.362681 -0.222108
vn -0.762901 0.559088 -0.324657
vn -0.554347 0.584283 -0.592716
vn -0.896688 0.224029 -0.381786
vn -0.431859 0.354729 -0.829256
vn -0.608709 0.746515 -0.268679
vn -0.289518 0.883799 -0.36753
vn -0.243933 0.816601 -0.523126
vn -0.744736 0.258348 -0.615325
vn -0.947692 0.229773 -0.221551
vn -0.275495 0.701634 -0.657124
vn -0.0818303 0.495695 -0.864633
vn -0.980463 0.170914 -0.0973702
vn -0.992244 0.104486 -0.0673347
vn -0.305709 0.273794 -0.911909
vn 0.0574407 0.333223 -0.941097
vn -0.976185 0.178673 -0.123043
vn -0.996626 0.060767 -0.0551677
vn -0.996088 0.0694897 -0.0545841
vn -0.996559 0.0519646 -0.0645686
vn -0.989541 0.132717 -0.056515
vn -0.994517 0.10324 0.0166533
vn -0.98377 0.151488 -0.0961611
vn -0.995094 0.0881117 -0.0449909
vn -0.796816 0.286767 -0.531835
vn -0.983921 0.104841 -0.144598
vn -0.999914 0.0113731 -0.0065425
vn -0.842543 0.172732 -0.510182
vn -0.443772 0.359854 -0.820714
vn -0.805379 0.338221 -0.486797
vn -0.4053 0.275636 -0.87164
vn -0.44851 0.301996 -0.841212
vn -0.918953 0.389333 0.0628069
vn -0.976329 0.210028 -0.0516715
vn -0.94426 0.275488 -0.180223
vn -0.468018 0.862451 -0.192709
vn -0.470951 0.876864 0.0965124
vn -0.148887 0.304836 -0.940695
vn -0.116009 0.272245 -0.955209
vn -0.298921 0.691441 -0.65769
vn -0.976317 0.153932 -0.152019
vn -0.973465 0.225718 -0.0376454
vn -0.989553 0.0802017 -0.119802
vn -0.889488 0.454849 -0.0438573
vn -0.893756 0.448103 0.0200829
vn -0.985 0.154492 -0.0768575
vn -0.944627 0.273349 -0.181549
vn -0.989533 0.0932773 -0.11011
vn -0.986273 0.074482 -0.147372
vn -0.986674 0.116148 -0.113948
vn -0.940995 0.300087 -0.15645
vn 0.0852737 0.352167 -0.932044
vn 0.126265 0.335188 -0.933652
vn 0.0531593 0.218369 -0.974417
vn 0.0119805 0.500646 -0.865569
vn 0.0105487 0.616254 -0.787477
vn -0.0594453 0.370089 -0.927092
vn -0.0477335 0.978942 -0.198479
vn -0.179755 0.97531 -0.128294
vn -0.0716492 0.99301 -0.0937986
vn -0.0846358 0.988476 -0.125506
vn -0.0469127 0.989755 -0.134851
vn -0.0515507 0.995708 -0.0768621
vn -0.0321543 0.990797 -0.131484
vn 0.0608356 0.405909 -0.911887
vn 0.0750151 0.420993 -0.903957
vn -0.0430455 0.363003 -0.930793
vn 0.105662 0.419263 -0.901695
vn -0.134351 0.990896 -0.00868222
vn 0.152617 0.604836 -0.781589
vn -0.0753964 0.997113 -0.00898278
vn -0.0820717 0.996615 0.00485379
vn -0.164101 0.984942 -0.0543999
vn -0.138122 0.988355 -0.0638539
vn -0.172622 0.983733 -0.0497044
vn -0.0564688 0.990654 -0.124164
vn -0.0310107 0.997559 -0.0625572
vn 0.109014 0.773078 -0.624873
vn 0.0208497 0.8957 -0.444169
vn -0.000625222 0.982914 -0.184064
vn 0.0400224 0.939171 -0.34111
vn -0.129166 0.99122 -0.0282613
vn -0.0695974 0.70506 -0.705724
vn 0.0207407 0.400659 -0.915992
vn 0.0513793 0.466901 -0.882816
vn -0.990497 0.137536 0.000541806
vn -0.99477 0.0400383 -0.0939665
vn -0.822373 0.550277 -0.144565
vn -0.160334 0.924545 -0.345701
vn -0.548884 0.831813 -0.082544
vn 0.0772024 0.996676 -0.0259999
vn 0.0280218 0.999605 -0.00222585
vn -0.0151766 0.999872 0.00499885
vn 0.0833043 0.996523 -0.0011496
vn 0.0620642 0.997742 -0.0256611
vn 0.0816676 0.996565 -0.0137339
vn 0.063878 0.996063 -0.0614718
vn 0.0689681 0.996579 -0.0455381
vn 0.131829 0.991264 -0.00405655
vn 0.0797522 0.996666 -0.0172225
vn 0.0508433 0.998483 -0.0211295
vn -0.0394264 0.998525 -0.0373301
vn 0.0351657 0.990163 -0.135425
vn -0.0169673 0.999211 0.0359172
vn 0.0208795 0.99067 -0.134676
vn -0.0171491 0.999818 0.00830738
vn -0.0236164 0.991932 -0.124553
vn 0.0057165 0.998432 -0.0556921
vn 0.0142962 0.999804 0.0136626
vn -0.043094 0.998969 0.01427
vn -0.0471302 0.995315 -0.0844196
vn 0.0360141 0.996257 0.0785867
vn 0.00359642 0.99997 -0.00684422
vn -0.0491659 0.99874 -0.010061
vn -0.00258941 0.996245 -0.0865367
vn -0.00495241 0.998779 0.0491635
vn -0.0125516 0.999542 -0.0275522
vn 0.00606214 0.980414 -0.196853
vn 0.00689569 0.992086 -0.125369
vn 0.038725 0.984667 -0.170093
vn -0.0346502 0.997043 -0.0685906
vn -0.0114069 0.999863 -0.0119626
vn -0.0628873 0.997756 -0.0229628
vn 0.0356674 0.997303 0.0641428
vn 0.0560147 0.995027 -0.0823587
vn -0.0166895 0.994748 -0.100982
vn 0.00156072 0.936192 -0.351485
vn -0.0299071 0.985573 -0.166587
vn -0.00225248 0.968502 -0.248996
vn -0.0400006 0.997581 -0.0568485
vn -0.0192643 0.996616 -0.0799139
vn -0.0185485 0.996979 0.0754204
vn 0.0185062 0.996894 -0.0765433
vn -0.0228617 0.976474 -0.21442
vn 0.0431009 0.997743 -0.0514926
vn -0.0302391 0.99906 0.0310493
vn -0.0190639 0.999611 0.02038
vn -0.178979 0.966153 -0.18578
vn -0.440385 0.891521 -0.10607
vn -0.926509 0.360392 -0.108165
vn -0.0696341 0.99553 -0.0637994
vn -0.0742567 0.996435 0.0400435
vn -0.119829 0.990907 -0.061185
vn -0.817794 0.568095 -0.0920867
vn -0.847322 0.515611 -0.127244
vn -0.53249 0.839262 -0.109975
vn -0.987389 0.126393 -0.0953336
vn -0.987186 0.134336 -0.0861237
vn -0.749504 0.652672 -0.110739
vn -0.687312 0.715441 -0.125485
vn -0.910999 0.380451 -0.159177
vn -0.984238 0.118936 -0.130884
vn -0.185235 0.982632 0.0110788
vn -0.236489 0.971378 -0.0223019
vn -0.493976 0.867276 -0.0618036
vn -0.980302 0.161855 -0.113189
vn -0.974903 0.210549 -0.0723397
vn -0.314958 0.941708 -0.118272
vn -0.992097 0.123406 -0.0226865
vn -0.984167 0.176886 0.0112746
vn -0.15727 0.98292 -0.0955721
vn -0.0897649 0.995878 0.0130413
vn -0.973877 0.145114 -0.174661
vn -0.953432 0.254967 -0.161117
vn -0.962511 0.257767 -0.0844348
vn -0.0621075 0.998065 -0.00289844
vn -0.0726751 0.99664 0.0377691
vn -0.115869 0.991978 0.0505359
vn -0.975951 0.195594 -0.096241
vn -0.986269 0.117595 -0.115955
vn -0.141825 0.985155 0.0967267
vn -0.0557634 0.99781 0.0355807
vn -0.0647079 0.99774 0.0181127
vn -0.0317958 0.99893 0.0335707
vn -0.809556 0.57826 -0.101169
vn 0.08192 0.979445 -0.184325
vn 0.10447 0.9911 -0.082506
vn 0.0589048 0.974958 -0.214445
vn 0.0696786 0.88209 -0.465899
vn 0.0788417 0.903182 -0.421956
vn 0.0616415 0.659903 -0.748818
vn 0.0760146 0.176206 -0.981414
vn 0.11393 0.378561 -0.918538
vn -0.0627657 0.954332 -0.29208
vn -0.156394 0.953821 -0.25645
vn -0.0463936 0.94083 -0.335688
vn 0.0699992 0.557196 -0.827425
vn 0.0362459 0.742936 -0.668381
vn 0.0245555 0.761881 -0.647252
vn 0.423825 0.368453 -0.827414
vn -0.942466 0.334069 0.0124914
vn -0.966931 0.243992 -0.0742506
vn -0.43425 0.895206 -0.10017
vn -0.159344 0.986938 -0.0237442
vn 0.553438 0.57081 -0.606534
vn -0.471111 0.875341 -0.10878
vn -0.0550564 0.998256 0.0212938
vn -0.0739402 0.986581 -0.145574
vn -0.111646 0.993647 -0.0141689
vn -0.00857901 0.756776 -0.653618
vn -0.961731 0.273772 0.0110571
vn -0.0225902 0.808854 -0.587576
vn -0.0175965 0.593006 -0.805006
vn -0.69067 0.708259 -0.146096
vn 0.52042 0.195302 -0.831276
vn 0.536505 0.259195 -0.803107
vn 0.34299 0.882686 -0.321284
vn -0.93033 0.307849 -0.199288
vn -0.947707 0.313804 -0.0581167
vn 0.370279 0.127752 -0.920094
vn 0.234337 0.294978 -0.926323
vn -0.410679 0.905293 -0.108571
vn 0.384718 0.0286145 -0.92259
vn 0.307668 0.281286 -0.908966
vn -0.785128 0.612517 -0.0916388
vn -0.937687 0.304497 -0.167408
vn -0.98443 0.140542 -0.10557
vn 0.000141235 0.583834 -0.811873
vn 0.0818585 0.460715 -0.883765
vn 0.293158 -0.00103331 -0.956063
vn 0.210724 -0.0126426 -0.977464
vn -0.00802084 0.977234 -0.212014
vn 0.131586 0.0767166 -0.988332
vn 0.130157 -0.102912 -0.986138
vn -0.112874 0.993572 0.0086447
vn -0.183969 0.982928 -0.00262449
vn -0.0457166 0.998953 0.00182415
vn -0.534341 0.845219 -0.0092123
vn 0.148162 -0.0404037 -0.988137
vn -0.591693 0.806041 0.0140412
vn 0.103703 -0.0774065 -0.991592
vn -0.30342 0.948537 0.0906351
vn -0.072227 0.992756 0.0960106
vn -0.0936441 0.9913 0.0924969
vn 0.0626133 -0.12988 -0.989551
vn -0.945294 0.310486 -0.100086
vn 0.0565773 0.0570507 -0.996767
vn -0.0282385 0.351971 -0.935585
vn -0.0246274 0.99937 0.0255653
vn -0.00460288 0.980526 -0.196334
vn -0.0232483 0.995315 -0.0938538
vn 0.0058861 0.984878 -0.17315
vn -0.0580242 0.992301 0.109414
vn -0.0436932 0.997787 -0.0501245
vn -0.0309537 0.998977 0.032973
vn 0.00685071 0.999886 0.0134654
vn -0.03934 0.993376 -0.107969
vn 0.0134318 0.99953 -0.0275456
vn -0.0102929 0.995417 0.095069
vn 0.0220475 0.997002 0.0741641
vn 0.0281054 0.994032 -0.105406
vn 0.00642409 0.999484 0.0314716
vn -0.0417019 0.997835 0.0508627
vn -0.0450174 0.988406 0.145008
vn 0.0187621 0.996829 -0.0773287
vn -0.955114 0.271072 -0.11949
vn -0.0621782 0.996363 -0.0582663
vn 0.000499632 0.667419 0.744682
vn 0.0115551 0.545638 0.837941
vn -0.014015 0.576193 0.817194
vn 0.0301656 0.712737 0.700783
vn 0.012509 0.813834 0.580963
vn 0.0236679 0.748219 0.66303
vn 0.116559 0.984777 0.128953
vn 0.104142 0.991253 0.0810681
vn 0.0734261 0.995947 0.0519365
vn 0.155944 0.9852 0.0711525
vn 0.1631 0.986226 0.0275078
vn 0.141239 0.98422 0.106598
vn 0.173619 0.984571 0.0218132
vn 0.114844 0.993106 0.0234747
vn 0.11035 0.992564 0.0513815
vn 0.349394 0.680216 0.644384
vn 0.436191 0.739906 0.512129
vn 0.252113 0.79955 0.545122
vn 0.163092 0.971853 0.170005
vn 0.0556305 0.989647 0.132306
vn 0.05534 0.983336 0.173168
vn 0.205771 0.533655 0.820287
vn 0.229228 0.486576 0.843029
vn 0.0868715 0.519563 0.850004
vn 0.123357 0.990926 0.0533782
vn 0.144816 0.977731 0.151892
vn 0.168112 0.976374 0.135763
vn 0.118353 0.986838 0.110201
vn 0.0316606 0.999297 -0.0200587
vn 0.152467 0.987998 0.0247708
vn -0.102403 0.0229529 0.994478
vn -0.0313531 0.341971 0.939187
vn 0.0971789 0.991464 0.0869255
vn 0.132765 0.990312 0.0406913
vn 0.146208 0.988677 0.0337842
vn 0.147992 0.988619 0.0270213
vn 0.186003 0.982479 0.0117137
vn 0.126221 0.989091 0.0759389
vn 0.511952 0.419313 0.749721
vn 0.386381 0.62674 0.676689
vn 0.311649 0.528808 0.789454
vn -0.0483922 0.705115 0.70744
vn -0.0216582 0.409013 0.912272
vn 0.142951 0.771507 0.619954
vn 0.743679 -0.089335 0.662541
vn 0.740113 -0.0217052 0.672133
vn 0.777769 -0.0713132 0.624491
vn 0.243717 0.47665 0.844634
vn 0.34947 0.425376 0.834821
vn -0.124423 -0.158672 0.97946
vn 0.0850431 0.962194 0.258747
vn 0.0660732 0.996356 0.0539428
vn 0.0949452 0.897694 0.430269
vn 0.143702 0.905146 0.400075
vn 0.160056 0.929393 0.332583
vn 0.259683 0.685968 0.679715
vn 0.0233067 0.468289 0.883268
vn 0.209921 0.697823 0.684819
vn 0.730406 0.0393609 0.681878
vn 0.723164 -0.0320626 0.689932
vn 0.0298905 0.228888 0.972994
vn 0.087014 0.57931 0.81045
vn 0.100783 0.823811 0.557834
vn 0.171959 0.982895 0.0659335
vn 0.269946 0.960979 0.0603992
vn 0.169205 0.985246 -0.0256852
vn 0.093652 0.190093 0.977289
vn 0.0350825 0.279273 0.959571
vn 0.0989987 0.907535 0.408142
vn 0.111149 0.728407 0.676069
vn 0.0686349 0.759841 0.646476
vn 0.106128 0.765555 0.634557
vn 0.132052 0.358513 0.924138
vn 0.313371 0.607717 0.729711
vn 0.121965 0.464652 0.877054
vn 0.330104 0.369204 0.868746
vn 0.313727 0.425806 0.848684
vn 0.263017 0.654597 0.708749
vn 0.412078 0.567036 0.713206
vn 0.0775238 0.984555 0.156976
vn 0.58889 0.322118 0.741248
vn 0.652076 0.207791 0.729123
vn 0.69707 0.0817681 0.712325
vn 0.0476843 0.770718 0.635389
vn 0.70798 0.139109 0.692397
vn 0.530161 -0.169541 0.830774
vn -0.0774031 -0.0409674 0.996158
vn 0.435937 0.612824 0.659095
vn 0.429162 0.504314 0.749324
vn 0.642852 0.10668 0.758525
vn 0.494652 0.277023 0.823758
vn 0.48262 0.536496 0.692279
vn 0.916217 0.31396 0.248948
vn 0.914805 0.390632 0.102656
vn 0.946381 0.26237 0.188482
vn 0.0746901 0.566482 0.820682
vn 0.750222 0.170389 0.638855
vn 0.754814 0.047268 0.654233
vn 0.731965 0.117384 0.671155
vn 0.213896 0.504012 0.836792
vn 0.105855 0.986953 0.121319
vn 0.143645 0.984492 0.100711
vn 0.197702 0.764927 0.613026
vn 0.097426 0.730698 0.675713
vn 0.246216 0.817912 0.519998
vn 0.067258 0.806369 0.587576
vn 0.100577 0.790879 0.603651
vn 0.0565396 0.0518326 0.997054
vn 0.295702 0.398363 0.868256
vn 0.338564 0.000141961 0.940943
vn 0.296447 0.253046 0.920916
vn 0.068923 0.779886 0.622115
vn 0.142149 0.484066 0.863408
vn 0.155261 0.400261 0.903153
vn 0.289818 0.216717 0.932223
vn 0.149254 0.942761 0.298201
vn 0.391525 0.316482 0.86403
vn 0.452897 0.261668 0.8523
vn 0.353502 0.699596 0.620968
vn 0.0362373 0.843879 0.535309
vn 0.627235 0.52253 0.577529
vn 0.465216 0.744191 0.479326
vn 0.671193 0.403428 0.621889
vn 0.44067 0.511444 0.737723
vn 0.50148 0.457522 0.734296
vn 0.617076 0.430967 0.658395
vn 0.315856 0.379416 0.869643
vn 0.256614 0.676325 0.690459
vn 0.140491 0.79902 0.584661
vn 0.174613 0.965399 0.193688
vn 0.180583 0.981031 -0.070491
vn 0.0514763 -0.0446225 0.997677
vn 0.769459 -0.135127 0.624239
vn 0.123748 0.983669 0.1307
vn 0.194661 0.979122 -0.0585363
vn 0.235029 -0.178924 0.955378
vn 0.757283 0.073682 0.648917
vn 0.103221 0.994658 -0.000185223
vn 0.105244 0.990855 0.0844369
vn 0.131128 0.980781 0.144477
vn 0.0455071 0.997593 0.052322
vn 0.849926 0.115275 0.514137
vn 0.76567 0.0253636 0.642733
vn 0.911971 0.231539 0.338672
vn 0.786196 0.272837 0.554487
vn 0.741216 0.306943 0.59698
vn 0.871455 0.406495 0.274459
vn 0.848707 0.42122 0.319797
vn 0.883409 0.324442 0.33812
vn 0.114503 0.985528 0.124997
vn 0.094789 0.992466 0.07763
vn 0.954155 0.24942 0.16546
vn 0.887787 0.400267 0.227202
vn 0.939049 0.335138 0.0766071
vn 0.988528 0.134023 0.0696381
vn 0.932789 0.356053 0.0559547
vn 0.949536 0.294362 0.108314
vn 0.982809 0.156436 0.0980494
vn 0.949394 0.140708 0.280805
vn 0.97417 0.116533 0.193424
vn 0.948787 0.125338 0.289988
vn 0.875893 0.242608 0.417077
vn 0.783705 0.109283 0.611444
vn 0.902359 0.173597 0.394477
vn 0.792513 0.260013 0.551648
vn 0.908997 0.208197 0.361079
vn 0.859851 0.198614 0.470328
vn 0.0073458 0.9838 0.179122
vn 0.125473 0.988652 -0.0826098
vn 0.712674 0.239846 0.659219
vn 0.466575 0.728325 0.501848
vn 0.0926601 0.989566 0.110331
vn 0.110165 0.986373 0.122198
vn 0.126477 0.97717 0.170711
vn 0.181323 0.97531 0.126065
vn 0.220193 0.958484 0.181171
vn 0.1342 0.977814 0.160844
vn 0.179636 0.971143 0.156881
vn 0.209187 0.976595 -0.0500354
vn 0.190419 0.980158 0.0550474
vn 0.178682 0.981987 0.0614284
vn 0.173941 0.983621 0.0472629
vn 0.204213 0.969214 0.137552
vn 0.200807 0.976162 0.0823696
vn 0.188564 0.980102 0.0619924
vn 0.197762 0.979729 0.0319679
vn 0.222097 0.972092 0.075567
vn 0.225864 0.974025 0.0161614
vn 0.23616 0.971061 0.0356126
vn 0.277983 0.960508 -0.0122403
vn 0.180293 0.982992 0.034957
vn 0.149588 0.988095 0.0359445
vn 0.196445 0.979268 0.0494243
vn 0.153884 0.986382 0.0580604
vn 0.214166 0.975022 0.0588745
vn 0.161333 0.986478 0.0288627
vn 0.210259 0.975287 0.0678651
vn 0.225481 0.972869 0.0518121
vn 0.131711 0.979207 0.154289
vn 0.215884 0.974495 0.0612591
vn 0.156076 0.979181 0.129788
vn 0.204147 0.977043 0.0609136
vn 0.197246 0.979886 0.030289
vn 0.186313 0.973452 0.132965
vn 0.123072 0.986819 0.105082
vn 0.231322 0.95881 0.164845
vn 0.228144 0.973494 0.0161234
vn 0.268104 0.962857 0.0320382
vn 0.24741 0.962355 0.112521
vn 0.0990055 0.972119 0.212564
vn 0.185193 0.973763 0.132249
vn 0.23689 0.931048 0.277547
vn 0.204095 0.972824 0.109355
vn 0.158354 0.986122 0.0498665
vn 0.387968 0.921506 0.0175245
vn 0.326433 0.936276 0.129723
vn 0.164676 0.975327 0.147037
vn 0.289791 0.954174 -0.0746591
vn 0.169598 0.982988 -0.0705094
vn 0.371992 0.926854 0.0506318
vn 0.141373 0.989746 0.0204202
vn 0.222436 0.972456 -0.0696613
vn 0.126826 0.991348 0.0338157
vn -0.0648674 0.997597 -0.0243301
vn 0.0379328 0.99928 -0.000861716
vn 0.0858565 0.995939 0.0271049
vn 0.727136 0.166089 0.666099
vn 0.721255 0.277808 0.634519
vn 0.102316 0.993496 0.0499655
vn 0.110994 0.993784 0.00863277
vn 0.117304 0.992634 0.0303012
vn 0.170657 0.984371 0.0434812
vn 0.123307 0.984655 0.123493
vn 0.082921 0.995255 0.0509149
vn 0.127095 0.990861 0.0451731
vn 0.920683 0.388635 0.0361353
vn 0.687241 0.490567 0.535764
vn 0.770966 0.268656 0.577439
vn 0.732159 0.403994 0.548391
vn 0.683455 0.368688 0.630046
vn 0.238024 0.97097 -0.0236854
vn 0.104879 0.994164 -0.0252569
vn 0.10022 0.991556 0.0822996
vn 0.14762 0.988828 -0.0207006
vn 0.102465 0.99425 -0.0311251
vn 0.128987 0.99164 -0.00355962
vn 0.192968 0.979842 -0.0517032
vn 0.208976 0.977766 -0.0174327
vn 0.161285 0.986864 0.00932286
vn 0.145582 0.987977 0.0520259
vn 0.144415 0.987609 0.0614288
vn 0.174833 0.984367 -0.0213457
vn 0.169124 0.984749 -0.0408181
vn 0.130549 0.991282 -0.0178012
vn 0.135821 0.990723 -0.00443649
vn 0.081229 0.996435 -0.0227918
vn 0.176774 0.984251 -0.000455387
vn 0.144544 0.989101 0.0280517
vn 0.120533 0.992702 0.00376315
vn 0.11707 0.992781 0.0260865
vn 0.114063 0.993373 -0.0141413
vn 0.158671 0.985944 0.0523262
vn 0.0618632 0.997921 0.0180958
vn 0.131045 0.990512 0.0414023
vn 0.120223 0.992732 0.00550494
vn 0.118384 0.992612 0.0265717
vn 0.117785 0.992636 0.0283089
vn 0.105982 0.994358 -0.00439245
vn 0.120517 0.992701 -0.00460937
vn 0.134226 0.989935 0.0448593
vn 0.239314 0.966889 -0.0886253
vn 0.118567 0.992945 0.00172412
vn 0.338115 0.939623 -0.0527897
vn 0.71655 0.696495 0.0380733
vn 0.685779 0.727455 0.0227332
vn 0.47687 0.878781 -0.0184053
vn 0.469514 0.882917 0.00375276
vn 0.550864 0.834491 0.0131973
vn 0.554609 0.826383 0.097468
vn 0.210762 0.97404 0.0826155
vn 0.466605 0.788554 0.400578
vn 0.70245 0.711484 -0.0188419
vn 0.900175 0.41565 0.130078
vn 0.588954 0.806022 0.0588363
vn 0.699925 0.576694 0.421342
vn 0.617324 0.661297 0.426142
vn 0.829942 0.555543 0.0506777
vn 0.483336 0.717715 0.50127
vn 0.767283 0.634099 0.095892
vn 0.981808 0.135695 0.132815
vn 0.96278 0.213658 0.165546
vn 0.955968 0.267731 0.120192
vn 0.68837 0.695126 0.207234
vn 0.632641 0.770183 0.0811383
vn 0.523894 0.847837 0.0818975
vn 0.44024 0.895276 0.0683353
vn 0.973966 0.165378 0.155047
vn 0.980961 0.170753 0.0925177
vn 0.806753 0.587926 0.0590987
vn 0.524688 0.633671 0.568475
vn 0.971269 0.227509 0.0698351
vn 0.979859 0.195259 0.0418399
vn 0.66976 0.548935 0.500092
vn 0.807174 0.387092 0.445679
vn 0.928954 0.291973 0.227589
vn 0.195588 0.9767 0.0883272
vn 0.334525 0.931983 0.139647
vn 0.237588 0.969293 0.0634332
vn 0.972063 -0.0500733 0.229317
vn 0.942219 0.0138222 0.334712
vn 0.895409 0.214977 0.389908
vn 0.945479 0.0404613 0.32316
vn 0.802604 0.352602 0.481144
vn 0.434632 0.854064 0.285779
vn 0.80464 0.588554 0.0784775
vn 0.897743 0.431444 0.0889623
vn 0.0848756 0.994852 0.0553708
vn 0.756736 0.508695 0.410585
vn 0.966475 0.212133 0.144655
vn 0.920839 0.287125 0.263847
vn 0.882998 0.139336 0.448219
vn 0.989228 0.0805983 0.122195
vn 0.956493 -0.0696308 0.283324
vn 0.93465 -0.0585613 0.350714
vn 0.742791 0.627828 0.23258
vn 0.586734 0.784883 0.199254
vn 0.663916 0.556761 0.499232
vn 0.81931 0.378674 0.430507
vn 0.760224 0.466838 0.451799
vn 0.762498 0.415449 0.495982
vn 0.926078 0.252191 0.280678
vn 0.992106 0.104743 0.0689579
vn 0.972712 0.133427 0.189813
vn 0.835075 0.496968 0.23595
vn 0.739577 0.559307 0.374435
vn 0.947893 0.161997 0.274327
vn 0.953614 0.224893 0.20011
vn 0.978711 0.0675665 0.193802
vn 0.980916 0.166703 0.100066
vn 0.97865 0.0783328 0.190021
vn 0.12713 0.0885807 0.987923
vn 0.0365653 0.110109 0.993247
vn 0.0287618 0.149438 0.988353
vn 0.0700001 0.44273 0.893918
vn 0.161201 0.0799024 0.983682
vn -0.323902 0.00327947 0.946085
vn -0.382833 -0.0715235 0.921045
vn -0.535387 -0.150724 0.831049
vn 0.266821 0.114644 0.956903
vn 0.40017 0.136639 0.906197
vn 0.2747 0.203031 0.93985
vn -0.279997 0.0797394 0.956684
vn -0.660007 -0.159708 0.734087
vn -0.359955 -0.21849 0.907025
vn -0.102211 0.0107037 0.994705
vn 0.154116 0.269746 0.950518
vn -0.0626356 0.00902826 0.997996
vn 0.0227169 0.0930877 0.995399
vn -0.190632 -0.0563523 0.980043
vn -0.0882188 0.0144147 0.995997
vn 0.388333 0.22662 0.893219
vn -0.30194 -0.210845 0.929718
vn 0.232157 -0.0462315 0.971579
vn -0.395904 -0.176701 0.901131
vn 0.019177 0.0598267 0.998025
vn 0.0802015 -0.0270081 0.996413
vn -0.218538 -0.272694 0.936952
vn -0.155486 -0.16117 0.974602
vn -0.173721 -0.0104969 0.984739
vn -0.115158 -0.254457 0.960203
vt 0.998139 0.263237
vt 0.99886 0.315903
vt 0.991706 0.280913
vt 0.988324 0.299131
vt 0.982708 0.272417
vt 0.988466 0.270051
vt 0.990508 0.310668
vt 0.982238 0.311611
vt 0.982614 0.295307
vt 0.986791 0.103106
vt 0.98754 0.0915318
vt 0.999832 0.102913
vt 0.99983 0.0926127
vt 0.9813 0.0970559
vt 0.997366 0.0814235
vt 0.988293 0.0761389
vt 0.894906 0.439408
vt 0.884712 0.432086
vt 0.911147 0.42314
vt 0.874527 0.433374
vt 0.876973 0.405837
vt 0.859092 0.441124
vt 0.835962 0.426783
vt 0.970642 0.408131
vt 0.84256 0.0959651
vt 0.845886 0.086275
vt 0.859537 0.109072
vt 0.950496 0.093376
vt 0.946422 0.174585
vt 0.885095 0.152145
vt 0.843055 0.101875
vt 0.859443 0.063565
vt 0.833046 0.094996
vt 0.896534 0.196917
vt 0.995587 0.145522
vt 0.98134 0.139838
vt 0.999792 0.137453
vt 0.987907 0.105526
vt 0.999169 0.110992
vt 0.986513 0.11253
vt 0.981419 0.125248
vt 0.997607 0.125974
vt 0.983427 0.117083
vt 0.989215 0.11506
vt 0.990903 0.11934
vt 0.455153 0.0275666
vt 0.453161 0.0367843
vt 0.448031 0.0255681
vt 0.456199 0.0469241
vt 0.439637 0.0461753
vt 0.452849 0.00496273
vt 0.456376 0.0158543
vt 0.446173 0.00792212
vt 0.433037 0.0362475
vt 0.440443 0.031055
vt 0.446464 0.0191415
vt 0.439728 0.0231342
vt 0.954047 0.93714
vt 0.975559 0.930663
vt 0.975801 0.94489
vt 0.952546 0.990693
vt 0.947294 0.99936
vt 0.931813 0.981327
vt 0.957445 0.923456
vt 0.948967 0.95985
vt 0.940989 0.919403
vt 0.931511 0.930467
vt 0.977294 0.955726
vt 0.955998 0.981145
vt 0.973744 0.97565
vt 0.941103 0.943535
vt 0.0113022 0.0664016
vt 0.0158501 0.0596304
vt 0.00949278 0.0802671
vt 0.030967 0.0584016
vt 0.0224922 0.050438
vt 0.00508565 0.0583312
vt 0.000147227 0.0372857
vt 0.0132532 0.053027
vt 0.0215692 0.0893893
vt 0.0330525 0.0501051
vt 0.00373099 0.0716816
vt 0.0768968 0.0399503
vt 0.0487218 0.0411699
vt 0.0220801 0.121519
vt 0.153444 0.0123539
vt 0.159637 0.00287885
vt 0.164813 0.019002
vt 0.144268 0.000607079
vt 0.150165 0.0358761
vt 0.144812 0.0414675
vt 0.144603 0.0353034
vt 0.159045 0.0364619
vt 0.152511 0.0439422
vt 0.161827 0.043402
vt 0.169504 0.030467
vt 0.152907 0.0260565
vt 0.1467 0.0137842
vt 0.175963 0.0237791
vt 0.171856 0.0399911
vt 0.982392 0.216364
vt 0.988268 0.222968
vt 0.984163 0.224769
vt 0.986413 0.229972
vt 0.987072 0.248098
vt 0.982392 0.263504
vt 0.982438 0.243316
vt 0.988318 0.209818
vt 0.99397 0.2152
vt 0.991792 0.239609
vt 0.999264 0.23128
vt 0.994973 0.223522
vt 0.989148 0.226517
vt 0.982392 0.235381
vt 0.996603 0.252728
vt 0.992843 0.268694
vt 0.901854 0.0350343
vt 0.883814 0.0405752
vt 0.899029 0.0228524
vt 0.884258 0.0251918
vt 0.896495 0.0147321
vt 0.883797 0.0160097
vt 0.883797 0.00334241
vt 0.897831 0.00334241
vt 0.915056 0.0191492
vt 0.917042 0.0364626
vt 0.905646 0.0414259
vt 0.898837 0.0473119
vt 0.904057 0.0498477
vt 0.889323 0.0674124
vt 0.88693 0.059901
vt 0.898771 0.0623621
vt 0.889948 0.0499205
vt 0.958225 0.00515494
vt 0.952754 0.0186361
vt 0.94854 0.00968919
vt 0.951989 0.0313272
vt 0.95416 0.0373619
vt 0.941308 0.0454106
vt 0.934533 0.0347624
vt 0.970603 0.0137693
vt 0.967366 0.00204187
vt 0.974622 0.00327148
vt 0.962396 0.0233256
vt 0.961214 0.0336585
vt 0.968361 0.0268249
vt 0.967773 0.0343689
vt 0.932086 0.00175924
vt 0.962585 0.0126624
vt 0.972962 0.0223772
vt 0.706263 0.968548
vt 0.707911 0.96437
vt 0.712981 0.970749
vt 0.708696 0.993497
vt 0.710305 0.981279
vt 0.716617 0.988571
vt 0.70198 0.989278
vt 0.701057 0.978399
vt 0.722168 0.979192
vt 0.720124 0.968723
vt 0.707014 0.973627
vt 0.698944 0.963489
vt 0.71573 0.961429
vt 0.702519 0.9712
vt 0.695441 0.971388
vt 0.688319 0.966578
vt 0.724155 0.962629
vt 0.0341252 0.684233
vt 0.0392151 0.684199
vt 0.0414456 0.694627
vt 0.0458011 0.704286
vt 0.031524 0.692494
vt 0.0387449 0.710536
vt 0.0518366 0.719542
vt 0.0317694 0.718348
vt 0.0195284 0.740056
vt 0.0266236 0.730762
vt 0.0224944 0.742123
vt 0.0325365 0.652214
vt 0.0331549 0.662971
vt 0.0165505 0.654502
vt 0.022298 0.669207
vt 0.0284629 0.699469
vt 0.0450104 0.735834
vt 0.0392841 0.673309
vt 0.0293068 0.69157
vt 0.0510979 0.730586
vt 0.0136771 0.75764
vt 0.281079 0.0200628
vt 0.294296 0.0128875
vt 0.284194 0.0331461
vt 0.285545 0.04757
vt 0.28976 0.0540945
vt 0.280163 0.0551289
vt 0.289313 0.0399564
vt 0.295208 0.036315
vt 0.301199 0.0513202
vt 0.300871 0.0603386
vt 0.304907 0.0679348
vt 0.292232 0.0614354
vt 0.293821 0.0525129
vt 0.295123 0.0285268
vt 0.279906 0.0648192
vt 0.305523 0.0171542
vt 0.301571 0.0247218
vt 0.295676 0.0700031
vt 0.280616 0.0461472
vt 0.285387 0.00546872
vt 0.0160649 0.620021
vt 0.0168964 0.606925
vt 0.0352439 0.6117
vt 0.0527382 0.606852
vt 0.0528959 0.623296
vt 0.0350903 0.5942
vt 0.0143665 0.595718
vt 0.0335866 0.62488
vt 0.0512066 0.563218
vt 0.0297725 0.544632
vt 0.0494068 0.544632
vt 0.0279927 0.649813
vt 0.0164281 0.638851
vt 0.0335894 0.642583
vt 0.0529332 0.636745
vt 0.0415994 0.649686
vt 0.0395333 0.635038
vt 0.0487341 0.577987
vt 0.0284257 0.582396
vt 0.0530807 0.591509
vt 0.0287805 0.571436
vt 0.0296797 0.558406
vt 0.0532436 0.64599
vt 0.568007 0.977483
vt 0.567296 0.995366
vt 0.559156 0.993756
vt 0.551472 0.992984
vt 0.556125 0.982458
vt 0.542 0.978904
vt 0.55046 0.978213
vt 0.541912 0.994683
vt 0.531015 0.999359
vt 0.521055 0.991009
vt 0.53236 0.987418
vt 0.545624 0.961783
vt 0.5416 0.970952
vt 0.535122 0.969881
vt 0.538217 0.977529
vt 0.532684 0.9618
vt 0.525423 0.966456
vt 0.520567 0.960698
vt 0.550436 0.959912
vt 0.532239 0.969076
vt 0.530706 0.975518
vt 0.532511 0.948754
vt 0.543746 0.953365
vt 0.969277 0.471487
vt 0.962059 0.475558
vt 0.963957 0.461608
vt 0.946847 0.480374
vt 0.951673 0.461517
vt 0.939975 0.462637
vt 0.931408 0.478431
vt 0.950065 0.447407
vt 0.947652 0.453848
vt 0.941385 0.451435
vt 0.959438 0.451558
vt 0.928694 0.466446
vt 0.930846 0.451276
vt 0.911713 0.461728
vt 0.904202 0.472538
vt 0.896015 0.459664
vt 0.883161 0.458478
vt 0.892083 0.449169
vt 0.922386 0.475885
vt 0.918234 0.467991
vt 0.968307 0.476681
vt 0.911958 0.478203
vt 0.888278 0.464823
vt 0.913953 0.450056
vt 0.977844 0.463991
vt 0.894758 0.471459
vt 0.880122 0.447299
vt 0.0263246 0.760113
vt 0.0290551 0.770718
vt 0.0167089 0.768686
vt 0.025029 0.778002
vt 0.0186102 0.777608
vt 0.0390588 0.760113
vt 0.0306303 0.78176
vt 0.0413115 0.77208
vt 0.0410176 0.778643
vt 0.0138838 0.760113
vt 0.0138838 0.788701
vt 0.0501298 0.822365
vt 0.0436044 0.839312
vt 0.0320169 0.822869
vt 0.0348695 0.850549
vt 0.0181627 0.830517
vt 0.0157123 0.863611
vt 0.0139911 0.845903
vt 0.0407638 0.884541
vt 0.0417779 0.86595
vt 0.0138838 0.884541
vt 0.052154 0.793405
vt 0.0370528 0.795771
vt 0.0423839 0.78644
vt 0.0289123 0.788885
vt 0.0219507 0.794689
vt 0.0186883 0.816354
vt 0.027949 0.806237
vt 0.0501208 0.805647
vt 0.115342 0.508199
vt 0.0998254 0.517227
vt 0.0989856 0.507834
vt 0.094161 0.498431
vt 0.0894248 0.506213
vt 0.105284 0.49702
vt 0.116601 0.495057
vt 0.10209 0.477789
vt 0.133473 0.493605
vt 0.151752 0.49689
vt 0.135797 0.513774
vt 0.154755 0.525711
vt 0.14421 0.52607
vt 0.159513 0.507318
vt 0.0988018 0.52607
vt 0.0883304 0.520285
vt 0.0812894 0.525933
vt 0.0844366 0.517334
vt 0.0750472 0.51735
vt 0.0853955 0.512275
vt 0.119758 0.526042
vt 0.163263 0.520209
vt 0.077574 0.51013
vt 0.0818415 0.506828
vt 0.07007 0.525048
vt 0.0615795 0.51688
vt 0.0701338 0.511172
vt 0.134563 0.477599
vt 0.430584 0.979011
vt 0.43709 0.981365
vt 0.43626 0.988987
vt 0.413817 0.97399
vt 0.423095 0.971644
vt 0.421093 0.978874
vt 0.394515 0.978273
vt 0.382846 0.983036
vt 0.392339 0.971326
vt 0.412554 0.954727
vt 0.415968 0.951952
vt 0.421771 0.955763
vt 0.400538 0.972426
vt 0.398702 0.98274
vt 0.44315 0.99105
vt 0.407873 0.96141
vt 0.416552 0.963662
vt 0.382893 0.972839
vt 0.398128 0.966717
vt 0.402641 0.965275
vt 0.405453 0.990433
vt 0.405414 0.980247
vt 0.406632 0.970262
vt 0.426334 0.983788
vt 0.416034 0.991032
vt 0.430677 0.991968
vt 0.424587 0.991034
vt 0.282589 0.915606
vt 0.271114 0.899504
vt 0.285446 0.889437
vt 0.29112 0.903608
vt 0.307802 0.91203
vt 0.298331 0.917608
vt 0.310177 0.928661
vt 0.291221 0.894277
vt 0.293601 0.875732
vt 0.295017 0.883902
vt 0.278681 0.919972
vt 0.304766 0.93074
vt 0.306086 0.849251
vt 0.296211 0.860508
vt 0.286443 0.873195
vt 0.288325 0.931295
vt 0.295685 0.94274
vt 0.285802 0.943327
vt 0.288834 0.890097
vt 0.306862 0.87923
vt 0.315888 0.903031
vt 0.277305 0.929613
vt 0.272662 0.938523
vt 0.282855 0.953685
vt 0.293524 0.862679
vt 0.288826 0.863934
vt 0.289031 0.854481
vt 0.028892 0.29293
vt 0.0305228 0.284401
vt 0.0471509 0.286757
vt 0.0251048 0.305404
vt 0.0352489 0.33573
vt 0.0105536 0.313586
vt 0.0565165 0.298773
vt 0.0399823 0.300673
vt 0.0711379 0.259886
vt 0.0647762 0.268045
vt 0.0581862 0.259371
vt 0.0191415 0.289786
vt 0.0032856 0.290589
vt 0.0204937 0.279989
vt 0.0177818 0.299459
vt 0.0461062 0.260741
vt 0.041918 0.255856
vt 0.0509076 0.250448
vt 0.00664155 0.276187
vt 0.0392705 0.272149
vt 0.0521211 0.266177
vt 0.0612968 0.278563
vt 0.0634488 0.248651
vt 0.0324336 0.261287
vt 0.0220989 0.272375
vt 0.0144729 0.263861
vt 0.0411842 0.0208186
vt 0.0284387 0.0297004
vt 0.0285547 0.016036
vt 0.0491974 0.00592442
vt 0.0529216 0.0194152
vt 0.0145365 0.0118489
vt 0.0202756 0.0120322
vt 0.0144564 0.0177119
vt 0.0513235 0.0260109
vt 0.060623 0.0089904
vt 0.0462707 0.0316125
vt 0.0374978 0.036067
vt 0.0286804 0.0476713
vt 0.0177717 0.0339043
vt 0.0256339 0.00556063
vt 0.0367633 0.0059661
vt 0.0188038 0.0223119
vt 0.00913758 0.0240435
vt 0.0179951 0.00422118
vt 0.0110517 0.0169183
vt 0.00670732 0.035951
vt 0.00173292 0.0282751
vt 0.00813499 0.0122615
vt 0.0127001 2.27161e-05
vt 0.0136982 0.00605042
vt 0.0001736 0.0228937
vt 0.547667 0.0293088
vt 0.542095 0.0155961
vt 0.559491 0.0312008
vt 0.560943 0.0169484
vt 0.571446 0.0213913
vt 0.538513 0.0284544
vt 0.541175 0.0351355
vt 0.552085 0.0501657
vt 0.538564 0.0526813
vt 0.553601 0.0446389
vt 0.560132 0.0397624
vt 0.568626 0.0398346
vt 0.560811 0.0498939
vt 0.544423 0.0414995
vt 0.550303 0.0340598
vt 0.553837 0.0371507
vt 0.575389 0.0319711
vt 0.589742 0.0375804
vt 0.582028 0.046961
vt 0.570369 0.0485634
vt 0.582352 0.0243658
vt 0.604569 0.0391182
vt 0.599822 0.0363918
vt 0.604479 0.0272078
vt 0.559418 0.00408208
vt 0.539622 0.00235017
vt 0.600081 0.0421598
vt 0.577316 0.00735929
vt 0.598666 0.00852692
vt 0.826482 0.0388443
vt 0.824481 0.0517477
vt 0.809068 0.0413361
vt 0.825203 0.0652454
vt 0.818624 0.0553844
vt 0.8386 0.0331202
vt 0.853713 0.0235757
vt 0.852276 0.0372686
vt 0.815721 0.0285805
vt 0.832547 0.017959
vt 0.858928 0.0447724
vt 0.87137 0.0514477
vt 0.858975 0.0564216
vt 0.826998 0.027597
vt 0.831448 0.0250604
vt 0.84803 0.046396
vt 0.865942 0.0355891
vt 0.837096 0.0506968
vt 0.882533 0.0455317
vt 0.839597 0.0815625
vt 0.83828 0.0736186
vt 0.844662 0.0817142
vt 0.847801 0.0567642
vt 0.867321 0.0136932
vt 0.870515 0.0246767
vt 0.853977 0.0652439
vt 0.836218 0.0837911
vt 0.831432 0.0800717
vt 0.834246 0.0606355
vt 0.842754 0.0650731
vt 0.80667 0.018108
vt 0.819178 0.0170215
vt 0.472995 0.0385603
vt 0.477822 0.0450862
vt 0.467682 0.0522029
vt 0.518159 0.0260343
vt 0.520832 0.0376542
vt 0.512039 0.0333193
vt 0.510799 0.0236326
vt 0.522504 0.0193236
vt 0.51298 0.0251914
vt 0.492072 0.0403341
vt 0.500712 0.0373717
vt 0.494317 0.0508805
vt 0.506798 0.0452858
vt 0.494602 0.0215422
vt 0.489645 0.0319528
vt 0.484145 0.0307553
vt 0.506409 0.0295375
vt 0.49968 0.0285838
vt 0.484901 0.037431
vt 0.504781 0.0233901
vt 0.510467 0.0158918
vt 0.513398 0.0193067
vt 0.494795 0.0295065
vt 0.52294 0.0111895
vt 0.498752 0.0236362
vt 0.484092 0.0490506
vt 0.52562 0.00693951
vt 0.465201 0.0251432
vt 0.485366 0.00649732
vt 0.463374 0.0438829
vt 0.467848 0.00935684
vt 0.0939524 0.058459
vt 0.0885912 0.0514329
vt 0.100729 0.0542612
vt 0.107734 0.0152445
vt 0.0995356 0.0123669
vt 0.105434 0.00627485
vt 0.0875378 0.0261424
vt 0.0946529 0.0201311
vt 0.0978485 0.030221
vt 0.101572 0.0226709
vt 0.107666 0.0381439
vt 0.0944137 0.0385038
vt 0.1101 0.0234847
vt 0.105008 0.0462299
vt 0.114608 0.0520829
vt 0.116251 0.04426
vt 0.113178 0.0275096
vt 0.107429 0.0297758
vt 0.11967 0.0231923
vt 0.114453 0.0333828
vt 0.11966 0.00377483
vt 0.130609 0.00763816
vt 0.122984 0.011916
vt 0.130771 0.0183647
vt 0.116321 0.0392544
vt 0.124224 0.037081
vt 0.128855 0.0281346
vt 0.0946612 0.046333
vt 0.0901391 0.0438044
vt 0.113818 0.00982356
vt 0.0876658 0.062263
vt 0.0814927 0.0600703
vt 0.366507 0.970835
vt 0.37509 0.977719
vt 0.365687 0.979313
vt 0.335038 0.956
vt 0.339758 0.948871
vt 0.344011 0.955163
vt 0.326494 0.946452
vt 0.357771 0.963927
vt 0.358237 0.970668
vt 0.352892 0.967514
vt 0.336785 0.965744
vt 0.351056 0.981284
vt 0.342503 0.979201
vt 0.350095 0.974255
vt 0.329214 0.975592
vt 0.378805 0.98534
vt 0.366124 0.990866
vt 0.346554 0.96687
vt 0.352436 0.956571
vt 0.354433 0.975125
vt 0.331446 0.986318
vt 0.329942 0.966706
vt 0.328773 0.960176
vt 0.320841 0.968047
vt 0.317003 0.989641
vt 0.357404 0.980895
vt 0.373563 0.971625
vt 0.321329 0.957754
vt 0.30657 0.955768
vt 0.30793 0.935234
vt 0.322246 0.93681
vt 0.297564 0.990457
vt 0.284048 0.956332
vt 0.274759 0.982157
vt 0.727845 0.108481
vt 0.735007 0.0955031
vt 0.74201 0.100828
vt 0.749745 0.0719827
vt 0.76386 0.0686494
vt 0.763607 0.078524
vt 0.788059 0.0988542
vt 0.780574 0.0877481
vt 0.784339 0.078662
vt 0.774262 0.0896728
vt 0.780229 0.095031
vt 0.77351 0.0973743
vt 0.830509 0.108481
vt 0.815723 0.0964956
vt 0.830509 0.0966734
vt 0.742196 0.108481
vt 0.813755 0.0843529
vt 0.799273 0.0972757
vt 0.808363 0.0737399
vt 0.759075 0.0900319
vt 0.767618 0.0862898
vt 0.774026 0.0813437
vt 0.7456 0.0901039
vt 0.767763 0.0922129
vt 0.773003 0.0720586
vt 0.768279 0.104659
vt 0.815057 0.108481
vt 0.725072 0.0709058
vt 0.823366 0.0897704
vt 0.722426 0.0962223
vt 0.791214 0.0623077
vt 0.80073 0.0550414
vt 0.814761 0.0560234
vt 0.775161 0.0595484
vt 0.769248 0.0635031
vt 0.754755 0.108481
vt 0.489978 0.944631
vt 0.490426 0.954967
vt 0.48159 0.954373
vt 0.500317 0.944629
vt 0.505533 0.953194
vt 0.496739 0.951436
vt 0.48572 0.963146
vt 0.467462 0.963209
vt 0.472492 0.953906
vt 0.47562 0.964185
vt 0.498131 0.980095
vt 0.488156 0.980898
vt 0.491777 0.971432
vt 0.502572 0.988321
vt 0.495355 0.985254
vt 0.482029 0.972785
vt 0.448023 0.971707
vt 0.440424 0.975206
vt 0.440957 0.971545
vt 0.496522 0.962259
vt 0.470116 0.976343
vt 0.458188 0.965887
vt 0.492381 0.991868
vt 0.481047 0.986537
vt 0.472484 0.989073
vt 0.477671 0.993607
vt 0.484467 0.994575
vt 0.479863 0.979419
vt 0.455826 0.978974
vt 0.500036 0.972311
vt 0.510096 0.967838
vt 0.460905 0.995099
vt 0.506874 0.97865
vt 0.447994 0.980114
vt 0.518171 0.956746
vt 0.0336859 0.134049
vt 0.0409702 0.123704
vt 0.0418581 0.135701
vt 0.0499678 0.120394
vt 0.051182 0.137401
vt 0.0486842 0.146296
vt 0.0326773 0.146553
vt 0.0226725 0.124239
vt 0.0188015 0.142764
vt 0.0205806 0.169214
vt 0.0326568 0.157872
vt 0.0352503 0.167902
vt 0.0547514 0.124224
vt 0.0286657 0.184647
vt 0.0200825 0.178582
vt 0.0497997 0.155679
vt 0.0412315 0.151712
vt 0.067111 0.152828
vt 0.0682286 0.167299
vt 0.0607825 0.142533
vt 0.0623772 0.132004
vt 0.0430466 0.111565
vt 0.0535363 0.108179
vt 0.0607393 0.105519
vt 0.01476 0.186315
vt 0.0127395 0.193297
vt 0.00703966 0.200064
vt 0.0142343 0.194079
vt 0.0446342 0.178944
vt 0.0184138 0.158247
vt 0.0593463 0.184125
vt 0.0087907 0.188832
vt 0.0135018 0.175419
vt 0.0578167 0.199734
vt 0.104071 0.201608
vt 0.756101 0.0565763
vt 0.754638 0.0449556
vt 0.763158 0.0550674
vt 0.752171 0.0335799
vt 0.747617 0.0429614
vt 0.743057 0.0367508
vt 0.747022 0.0533599
vt 0.754223 0.0678729
vt 0.735418 0.0609786
vt 0.735536 0.0441742
vt 0.724419 0.0347083
vt 0.73539 0.036605
vt 0.742094 0.0475252
vt 0.747969 0.0228217
vt 0.737931 0.0278093
vt 0.77699 0.0195896
vt 0.769353 0.0370507
vt 0.762308 0.034738
vt 0.729272 0.0236742
vt 0.761468 0.00670294
vt 0.762696 0.0171724
vt 0.755721 0.0145669
vt 0.763707 0.0234595
vt 0.724419 0.0525363
vt 0.73308 0.0110618
vt 0.757854 0.00374935
vt 0.761838 0.0194379
vt 0.772718 0.0512794
vt 0.762244 0.0434812
vt 0.793401 0.0243783
vt 0.778015 0.0379502
vt 0.785033 0.0514432
vt 0.74407 0.00374935
vt 0.742363 0.0691018
vt 0.793401 0.0457871
vt 0.604439 0.144034
vt 0.592043 0.143495
vt 0.601794 0.132934
vt 0.58005 0.0641058
vt 0.545701 0.0618705
vt 0.564013 0.0564863
vt 0.560655 0.0745338
vt 0.577423 0.0836739
vt 0.560566 0.0868443
vt 0.574258 0.0999365
vt 0.600175 0.0739169
vt 0.603109 0.118433
vt 0.593178 0.127878
vt 0.590928 0.0929208
vt 0.572925 0.0548027
vt 0.579859 0.0498775
vt 0.563721 0.143681
vt 0.556855 0.131837
vt 0.570216 0.127927
vt 0.545698 0.0782934
vt 0.591543 0.106349
vt 0.590039 0.160228
vt 0.599524 0.155969
vt 0.57461 0.15601
vt 0.581993 0.166871
vt 0.569247 0.167104
vt 0.545878 0.0979242
vt 0.545705 0.140505
vt 0.545811 0.165688
vt 0.579628 0.1437
vt 0.602118 0.10447
vt 0.583407 0.116762
vt 0.584608 0.131411
vt 0.565069 0.113168
vt 0.547243 0.120392
vt 0.604721 0.0948089
vt 0.905823 0.0753451
vt 0.914984 0.0650492
vt 0.918808 0.0705608
vt 0.93049 0.0564208
vt 0.929406 0.0722101
vt 0.971127 0.0457166
vt 0.962927 0.0451789
vt 0.959099 0.0393871
vt 0.937871 0.05356
vt 0.940113 0.0531849
vt 0.946574 0.0546562
vt 0.942048 0.0610272
vt 0.919484 0.0526195
vt 0.906684 0.0601722
vt 0.90637 0.0533779
vt 0.943937 0.0506225
vt 0.908074 0.0484791
vt 0.922756 0.0395348
vt 0.953543 0.0611701
vt 0.945881 0.0781118
vt 0.939657 0.0672298
vt 0.96408 0.0530287
vt 0.960975 0.0485138
vt 0.957018 0.0508601
vt 0.956193 0.0543772
vt 0.933939 0.0655744
vt 0.950761 0.0555601
vt 0.958988 0.0533388
vt 0.938454 0.0651649
vt 0.978873 0.0652941
vt 0.917077 0.0731772
vt 0.918406 0.0793678
vt 0.961843 0.0519298
vt 0.966883 0.112605
vt 0.610694 0.122079
vt 0.615921 0.116409
vt 0.613686 0.127502
vt 0.631669 0.0613167
vt 0.620716 0.0720245
vt 0.610249 0.0524778
vt 0.607463 0.143783
vt 0.611668 0.135078
vt 0.616435 0.14318
vt 0.614717 0.0980667
vt 0.613664 0.0875087
vt 0.618267 0.0909547
vt 0.611861 0.0717089
vt 0.625115 0.120569
vt 0.619057 0.106549
vt 0.611886 0.152803
vt 0.619945 0.133415
vt 0.633665 0.0902078
vt 0.649571 0.0971127
vt 0.63309 0.10721
vt 0.611617 0.112468
vt 0.632004 0.0747168
vt 0.614192 0.0804018
vt 0.633337 0.15572
vt 0.627625 0.143146
vt 0.639488 0.148668
vt 0.628407 0.162655
vt 0.63638 0.167448
vt 0.63895 0.161324
vt 0.64206 0.15711
vt 0.625278 0.170268
vt 0.631033 0.130988
vt 0.640587 0.117668
vt 0.628943 0.16637
vt 0.626625 0.160919
vt 0.65197 0.110038
vt 0.651878 0.121401
vt 0.643754 0.137533
vt 0.62372 0.155537
vt 0.622697 0.164854
vt 0.618229 0.161071
vt 0.618619 0.150872
vt 0.611734 0.0927351
vt 0.70339 0.0948662
vt 0.70738 0.0885452
vt 0.709378 0.0956823
vt 0.703321 0.0891403
vt 0.713166 0.1016
vt 0.707446 0.104661
vt 0.691699 0.0643819
vt 0.689598 0.0627344
vt 0.69377 0.0600414
vt 0.694742 0.0793937
vt 0.686443 0.0834435
vt 0.685095 0.0749705
vt 0.683819 0.0933108
vt 0.675977 0.0915798
vt 0.677 0.0863739
vt 0.705372 0.0997775
vt 0.696489 0.0892349
vt 0.690169 0.0693463
vt 0.68904 0.0549759
vt 0.69392 0.0523354
vt 0.70284 0.0791029
vt 0.698338 0.0728267
vt 0.705901 0.0741502
vt 0.672579 0.0993371
vt 0.689136 0.104518
vt 0.694835 0.0959684
vt 0.706854 0.0815864
vt 0.700498 0.103335
vt 0.680272 0.0782769
vt 0.683617 0.106907
vt 0.681392 0.10182
vt 0.684363 0.104734
vt 0.711913 0.0753325
vt 0.708433 0.0667073
vt 0.695292 0.0656361
vt 0.711333 0.108023
vt 0.702746 0.0847376
vt 0.704157 0.0524807
vt 0.700951 0.0661735
vt 0.703027 0.040715
vt 0.692292 0.0419404
vt 0.69324 0.0294194
vt 0.675433 0.108421
vt 0.186511 0.0381848
vt 0.182811 0.0216904
vt 0.196633 0.0399731
vt 0.215877 0.0313351
vt 0.216986 0.0449423
vt 0.212561 0.0402434
vt 0.190745 0.048015
vt 0.209644 0.0534256
vt 0.202996 0.0601267
vt 0.198858 0.0520353
vt 0.223822 0.0603255
vt 0.217843 0.0545646
vt 0.228093 0.0486431
vt 0.212764 0.0638788
vt 0.197269 0.017454
vt 0.224393 0.0202745
vt 0.206093 0.0445832
vt 0.225452 0.0376781
vt 0.229114 0.0296194
vt 0.236409 0.0347707
vt 0.241519 0.0433156
vt 0.253882 0.0647954
vt 0.238359 0.063238
vt 0.257477 0.0434347
vt 0.257069 0.0260482
vt 0.202254 0.0688714
vt 0.188451 0.0589943
vt 0.261939 0.0536709
vt 0.204809 0.034218
vt 0.2459 0.0182067
vt 0.215197 0.0761322
vt 0.231125 0.0763164
vt 0.2233 0.0682397
vt 0.181774 0.0483388
vt 0.192542 0.068554
vt 0.224554 0.00750114
vt 0.201044 0.00540033
vt 0.23869 0.0115285
vt 0.174119 0.0338121
vt 0.218627 0.00229996
vt 0.194869 0.0289831
vt 0.653146 0.0331824
vt 0.64395 0.0324858
vt 0.650116 0.0258433
vt 0.626328 0.0199667
vt 0.629246 0.026801
vt 0.620573 0.0265516
vt 0.634961 0.035145
vt 0.640808 0.0383491
vt 0.661538 0.0325332
vt 0.65816 0.0424679
vt 0.656674 0.0642429
vt 0.647939 0.0743155
vt 0.646647 0.0635709
vt 0.62445 0.0336539
vt 0.647087 0.0411146
vt 0.638948 0.0448633
vt 0.63657 0.0680568
vt 0.633633 0.0564392
vt 0.641929 0.0603596
vt 0.675355 0.0547631
vt 0.684208 0.0622746
vt 0.669047 0.0635709
vt 0.668933 0.0361285
vt 0.640161 0.0210372
vt 0.648606 0.0524951
vt 0.627146 0.0453074
vt 0.681705 0.032957
vt 0.671776 0.0441824
vt 0.663667 0.0534377
vt 0.64978 0.00962422
vt 0.652207 0.0179487
vt 0.6561 0.0125397
vt 0.664625 0.0176758
vt 0.663295 0.00972766
vt 0.674479 0.0138214
vt 0.658539 0.0166803
vt 0.658413 0.0243638
vt 0.669992 0.0248283
vt 0.660815 0.0733631
vt 0.683496 0.0467384
vt 0.672171 0.0758056
vt 0.622488 0.0138989
vt 0.632294 0.0150901
vt 0.682183 0.0211228
vt 0.689699 0.0382584
vt 0.304063 0.105479
vt 0.326957 0.109176
vt 0.309303 0.113311
vt 0.284385 0.0896451
vt 0.277661 0.0791323
vt 0.292087 0.0738838
vt 0.308288 0.0957816
vt 0.300527 0.0984184
vt 0.297803 0.0906928
vt 0.265202 0.0795131
vt 0.269548 0.0936564
vt 0.272214 0.0716338
vt 0.279604 0.0685484
vt 0.26834 0.109527
vt 0.251453 0.120428
vt 0.259075 0.103777
vt 0.236277 0.0752048
vt 0.242963 0.093701
vt 0.235082 0.0961504
vt 0.313516 0.122792
vt 0.278351 0.101595
vt 0.291602 0.102069
vt 0.296205 0.114541
vt 0.280326 0.113697
vt 0.250698 0.100654
vt 0.240892 0.108479
vt 0.266596 0.067011
vt 0.257515 0.0735992
vt 0.259496 0.0653345
vt 0.233377 0.12577
vt 0.268627 0.125531
vt 0.250323 0.0842
vt 0.25815 0.0817676
vt 0.287792 0.124811
vt 0.315191 0.089805
vt 0.307386 0.0805331
vt 0.258533 0.0904442
vt 0.213923 0.113079
vt 0.216523 0.0996823
vt 0.223155 0.111495
vt 0.272637 0.0639579
vt 0.224934 0.0985154
vt 0.231502 0.110074
vt 0.321193 0.0792134
vt 0.32608 0.0905052
vt 0.229404 0.0854171
vt 0.247754 0.0682136
vt 0.944336 0.707413
vt 0.949808 0.71002
vt 0.943495 0.716875
vt 0.949699 0.701433
vt 0.948239 0.692395
vt 0.957735 0.693234
vt 0.955361 0.680823
vt 0.936567 0.72418
vt 0.937244 0.71899
vt 0.956671 0.70588
vt 0.962893 0.719313
vt 0.95347 0.71543
vt 0.917872 0.691321
vt 0.935861 0.693585
vt 0.928605 0.702047
vt 0.93804 0.702094
vt 0.943143 0.697761
vt 0.945478 0.684432
vt 0.941484 0.690344
vt 0.93788 0.684459
vt 0.929978 0.6799
vt 0.950236 0.716969
vt 0.952675 0.723025
vt 0.943912 0.726986
vt 0.96909 0.698755
vt 0.928802 0.710406
vt 0.936229 0.706757
vt 0.936319 0.714477
vt 0.967337 0.709794
vt 0.966309 0.686373
vt 0.973704 0.676553
vt 0.964253 0.667664
vt 0.971107 0.717891
vt 0.976229 0.728551
vt 0.97922 0.695976
vt 0.977241 0.707972
vt 0.977101 0.687846
vt 0.97997 0.665868
vt 0.933836 0.735772
vt 0.942552 0.753021
vt 0.953952 0.745444
vt 0.955837 0.758136
vt 0.944865 0.74036
vt 0.964852 0.743891
vt 0.979959 0.757932
vt 0.958761 0.732883
vt 0.917828 0.679262
vt 0.000102526 0.474064
vt 0.00609904 0.469598
vt 0.00966181 0.473269
vt 0.0482444 0.498673
vt 0.054502 0.496366
vt 0.0525418 0.510412
vt 0.0432585 0.488217
vt 0.0562896 0.480774
vt 0.017735 0.475471
vt 0.0128314 0.479894
vt 0.0404252 0.505403
vt 0.0106456 0.468747
vt 0.0354727 0.484992
vt 0.0434627 0.473179
vt 0.00551616 0.463324
vt 0.0712406 0.49735
vt 0.0705571 0.483563
vt 0.0853272 0.487649
vt 0.0183782 0.46639
vt 0.0779098 0.505631
vt 0.0183103 0.486799
vt 0.0268168 0.480014
vt 0.0595702 0.447968
vt 0.0665083 0.43739
vt 0.0659649 0.458177
vt 0.000448309 0.484874
vt 0.0320416 0.50254
vt 0.0612905 0.492928
vt 0.0232163 0.497843
vt 0.0086025 0.497552
vt 0.0633688 0.467571
vt 0.0559209 0.464488
vt 0.067321 0.408875
vt 0.0406091 0.452635
vt 0.0161968 0.409892
vt 0.0512137 0.473091
vt 0.0114278 0.458099
vt 0.0261583 0.462496
vt 0.0165895 0.452262
vt 0.02716 0.471671
vt 0.0692461 0.4684
vt 0.036413 0.468847
vt 0.0344553 0.476559
vt 0.048983 0.46745
vt 0.0756043 0.440002
vt 0.080054 0.450853
vt 0.0718486 0.429636
vt 0.0823644 0.468333
vt 0.00196036 0.44008
vt 0.981106 0.164479
vt 0.975714 0.150771
vt 0.984535 0.15408
vt 0.971826 0.137815
vt 0.971723 0.143798
vt 0.968421 0.139959
vt 0.967698 0.135671
vt 0.950182 0.185024
vt 0.957728 0.192943
vt 0.94979 0.195785
vt 0.977451 0.141901
vt 0.964787 0.189048
vt 0.958696 0.185744
vt 0.964676 0.180349
vt 0.963859 0.197268
vt 0.955967 0.202815
vt 0.971409 0.204265
vt 0.957913 0.210515
vt 0.977589 0.1344
vt 0.971135 0.130679
vt 0.957287 0.160153
vt 0.956291 0.151574
vt 0.961378 0.155437
vt 0.966494 0.130711
vt 0.971722 0.172666
vt 0.961301 0.170425
vt 0.991253 0.169605
vt 0.988174 0.15936
vt 0.967418 0.160534
vt 0.985636 0.146348
vt 0.969286 0.147154
vt 0.964815 0.14321
vt 0.953995 0.172333
vt 0.958349 0.179179
vt 0.972031 0.183135
vt 0.964197 0.138446
vt 0.962538 0.133316
vt 0.985829 0.174131
vt 0.979783 0.178055
vt 0.95051 0.154465
vt 0.952202 0.148057
vt 0.95606 0.166864
vt 0.951302 0.164065
vt 0.955865 0.14387
vt 0.958695 0.136279
vt 0.964426 0.150623
vt 0.989058 0.188381
vt 0.999895 0.171882
vt 0.999895 0.200665
vt 0.954556 0.147812
vt 0.979179 0.185323
vt 0.97314 0.19164
vt 0.989569 0.20746
vt 0.101277 0.313824
vt 0.10316 0.324571
vt 0.0904689 0.326546
vt 0.117411 0.323075
vt 0.0809762 0.327537
vt 0.0704135 0.332025
vt 0.0820157 0.315416
vt 0.0772687 0.339552
vt 0.0666596 0.313532
vt 0.091467 0.337606
vt 0.0830381 0.303176
vt 0.0919565 0.304419
vt 0.0998574 0.332788
vt 0.0845635 0.348391
vt 0.074203 0.301469
vt 0.105104 0.347402
vt 0.130185 0.295727
vt 0.139329 0.29207
vt 0.13409 0.303671
vt 0.117616 0.306588
vt 0.125871 0.312245
vt 0.129255 0.292893
vt 0.135946 0.284099
vt 0.121292 0.294121
vt 0.124534 0.277879
vt 0.104069 0.299824
vt 0.11193 0.291261
vt 0.0922088 0.264313
vt 0.0752152 0.271538
vt 0.0732669 0.264015
vt 0.0742436 0.253805
vt 0.0958016 0.248195
vt 0.110086 0.287136
vt 0.101522 0.288378
vt 0.0821781 0.241501
vt 0.101428 0.219601
vt 0.0603564 0.330401
vt 0.0609822 0.316568
vt 0.0653147 0.243342
vt 0.0812833 0.228606
vt 0.0622971 0.229627
vt 0.109944 0.331202
vt 0.0603564 0.299277
vt 0.0636047 0.287462
vt 0.0803415 0.297747
vt 0.0813921 0.217735
vt 0.0939076 0.29818
vt 0.0868464 0.297796
vt 0.108765 0.281709
vt 0.116371 0.269304
vt 0.0942729 0.278437
vt 0.0705277 0.279631
vt 0.0803318 0.290459
vt 0.112737 0.233817
vt 0.115806 0.253241
vt 0.0920142 0.292849
vt 0.0877604 0.285685
vt 0.0609661 0.215677
vt 0.0752113 0.21031
vt 0.0164686 0.90855
vt 0.0261334 0.920398
vt 0.0136417 0.921821
vt 0.0631754 0.947701
vt 0.0787054 0.953321
vt 0.0632475 0.961795
vt 0.0741982 0.868642
vt 0.0627351 0.877794
vt 0.0533237 0.873439
vt 0.0567274 0.935919
vt 0.0708604 0.93191
vt 0.0895443 0.928984
vt 0.0723365 0.913673
vt 0.0178473 0.987569
vt 0.014165 0.963649
vt 0.0441126 0.973365
vt 0.0973083 0.900565
vt 0.088418 0.907481
vt 0.0892665 0.891163
vt 0.0439656 0.957648
vt 0.0958292 0.993517
vt 0.0772368 0.993517
vt 0.0797271 0.980896
vt 0.103891 0.957601
vt 0.104219 0.982474
vt 0.0833309 0.966776
vt 0.0618926 0.977336
vt 0.0326674 0.909391
vt 0.0397544 0.917942
vt 0.0739739 0.881555
vt 0.0891611 0.879969
vt 0.0900327 0.956484
vt 0.0773365 0.897105
vt 0.0792213 0.942617
vt 0.0549474 0.8892
vt 0.0914031 0.946882
vt 0.101817 0.940533
vt 0.0587541 0.92355
vt 0.0633112 0.992138
vt 0.104807 0.914711
vt 0.104699 0.930199
vt 0.0428681 0.887343
vt 0.0660442 0.896967
vt 0.0538652 0.908384
vt 0.041458 0.897748
vt 0.042675 0.942861
vt 0.049741 0.919775
vt 0.0267335 0.90345
vt 0.0312666 0.905017
vt 0.0440006 0.993517
vt 0.0474533 0.929142
vt 0.0342724 0.900927
vt 0.0407636 0.908101
vt 0.0318052 0.932399
vt 0.026719 0.953507
vt 0.0218527 0.946471
vt 0.0138645 0.939285
vt 0.0446234 0.384095
vt 0.0528804 0.387082
vt 0.0426246 0.387674
vt 0.0367274 0.389904
vt 0.0427034 0.393663
vt 0.0364062 0.3968
vt 0.0560192 0.396306
vt 0.052027 0.401165
vt 0.0648065 0.38722
vt 0.0630923 0.393106
vt 0.0730483 0.385067
vt 0.0709329 0.390301
vt 0.0318604 0.398142
vt 0.0340696 0.403112
vt 0.0642958 0.380781
vt 0.0414436 0.404027
vt 0.0508012 0.376497
vt 0.0299546 0.39319
vt 0.0203929 0.383436
vt 0.0221447 0.389593
vt 0.0130169 0.388669
vt 0.0743798 0.379455
vt 0.0402272 0.37791
vt 0.0389936 0.384464
vt 0.0308165 0.384667
vt 0.0335621 0.373933
vt 0.0232536 0.398888
vt 0.0460137 0.359971
vt 0.0346291 0.356906
vt 0.0442099 0.349234
vt 0.0405803 0.365644
vt 0.0425373 0.37189
vt 0.0681675 0.376774
vt 0.0253381 0.378717
vt 0.0607642 0.373929
vt 0.0727763 0.371485
vt 0.0152557 0.395191
vt 0.0607675 0.365243
vt 0.0566616 0.35705
vt 0.0680174 0.360781
vt 0.0301246 0.401203
vt 0.0220125 0.336705
vt 0.00166918 0.341136
vt 0.0130426 0.331593
vt 0.0536443 0.36243
vt 0.0513296 0.36776
vt 0.0800918 0.364055
vt 0.0288016 0.397917
vt 0.0381423 0.361182
vt 0.0654965 0.353727
vt 0.0591457 0.350025
vt 0.0254045 0.373272
vt 0.0143496 0.370265
vt 0.0169246 0.37797
vt 0.0312918 0.365934
vt 0.00443882 0.352872
vt 0.0232467 0.348507
vt 0.00602204 0.362454
vt 0.0190347 0.358909
vt 0.0321809 0.338387
vt 0.043034 0.340412
vt 0.0358927 0.343941
vt 0.014624 0.383875
vt 0.0214741 0.328153
vt 0.366064 0.140632
vt 0.388846 0.150197
vt 0.376397 0.148104
vt 0.465165 0.138545
vt 0.460604 0.160908
vt 0.440091 0.145437
vt 0.401515 0.195774
vt 0.392662 0.204976
vt 0.383465 0.192088
vt 0.439536 0.165142
vt 0.432512 0.175083
vt 0.42528 0.160972
vt 0.402799 0.217103
vt 0.407783 0.162411
vt 0.391145 0.170952
vt 0.438411 0.173164
vt 0.481095 0.14479
vt 0.437777 0.118251
vt 0.450737 0.124047
vt 0.427802 0.12645
vt 0.426423 0.112822
vt 0.447301 0.178683
vt 0.418139 0.117679
vt 0.483287 0.161911
vt 0.473332 0.177358
vt 0.460501 0.176326
vt 0.438938 0.197743
vt 0.412231 0.142036
vt 0.462228 0.187308
vt 0.4533 0.193319
vt 0.490294 0.182325
vt 0.40675 0.122374
vt 0.390818 0.120779
vt 0.393903 0.131814
vt 0.469565 0.202746
vt 0.385286 0.124207
vt 0.483274 0.197057
vt 0.380827 0.131764
vt 0.369501 0.127231
vt 0.419562 0.178149
vt 0.404396 0.180225
vt 0.413784 0.197095
vt 0.474272 0.12265
vt 0.499038 0.163338
vt 0.50103 0.174592
vt 0.481387 0.131817
vt 0.468322 0.109681
vt 0.485529 0.122027
vt 0.497942 0.146355
vt 0.512299 0.172814
vt 0.497259 0.127775
vt 0.511116 0.152974
vt 0.416134 0.217039
vt 0.51902 0.127097
vt 0.372242 0.155053
vt 0.371711 0.112733
vt 0.391653 0.107856
vt 0.491264 0.11933
vt 0.472866 0.222629
vt 0.43447 0.222629
vt 0.364467 0.184581
vt 0.413153 0.107965
vt 0.443378 0.10756
vt 0.525001 0.14357
vt 0.524938 0.163162
vt 0.359171 0.128168
vt 0.155095 0.0494731
vt 0.177793 0.0556567
vt 0.152911 0.0735807
vt 0.107912 0.0735832
vt 0.115616 0.0762635
vt 0.108557 0.0834928
vt 0.138446 0.136422
vt 0.157296 0.137525
vt 0.142492 0.163553
vt 0.0758725 0.126147
vt 0.0891197 0.136682
vt 0.0682673 0.139367
vt 0.155146 0.166344
vt 0.064456 0.127093
vt 0.108258 0.135367
vt 0.123294 0.135773
vt 0.111036 0.153547
vt 0.115432 0.0547997
vt 0.117887 0.064968
vt 0.110041 0.0636126
vt 0.110361 0.0995585
vt 0.0968845 0.0943904
vt 0.117738 0.123007
vt 0.176102 0.15354
vt 0.0748367 0.148554
vt 0.0742258 0.167784
vt 0.18155 0.0766361
vt 0.159499 0.0934541
vt 0.175001 0.109128
vt 0.150318 0.114554
vt 0.0841011 0.112163
vt 0.0659258 0.105343
vt 0.0788914 0.0954978
vt 0.122906 0.0888101
vt 0.13713 0.0539412
vt 0.126839 0.0485171
vt 0.134932 0.0400496
vt 0.121349 0.0737737
vt 0.100082 0.177195
vt 0.097038 0.154144
vt 0.122825 0.0565944
vt 0.129247 0.0656412
vt 0.207823 0.110844
vt 0.131716 0.118512
vt 0.121054 0.106842
vt 0.104112 0.116053
vt 0.137146 0.0970657
vt 0.126807 0.040115
vt 0.0985116 0.0652373
vt 0.101293 0.0602483
vt 0.104144 0.0677061
vt 0.0985078 0.076622
vt 0.125224 0.152291
vt 0.123868 0.177456
vt 0.113791 0.169019
vt 0.0666467 0.117212
vt 0.0635567 0.0934471
vt 0.0876604 0.0745377
vt 0.0859656 0.0818681
vt 0.1441 0.0453865
vt 0.0785092 0.0739375
vt 0.0868757 0.0657219
vt 0.0677581 0.0599259
vt 0.0702887 0.081104
vt 0.0676864 0.0739376
vt 0.211601 0.0781103
vt 0.141901 0.0646455
vt 0.133965 0.0780856
vt 0.197976 0.148251
vt 0.0935945 0.376396
vt 0.116968 0.377003
vt 0.118356 0.390268
vt 0.1318 0.376397
vt 0.125236 0.368854
vt 0.136932 0.362336
vt 0.173114 0.482144
vt 0.182914 0.466326
vt 0.185279 0.482825
vt 0.151779 0.371704
vt 0.15252 0.360249
vt 0.112764 0.418119
vt 0.0969428 0.429337
vt 0.0844981 0.422654
vt 0.138528 0.39174
vt 0.143404 0.380767
vt 0.165457 0.482434
vt 0.165697 0.495664
vt 0.133211 0.415085
vt 0.143878 0.426149
vt 0.125751 0.429527
vt 0.151271 0.437655
vt 0.134469 0.442572
vt 0.17375 0.504549
vt 0.177487 0.494466
vt 0.098256 0.410486
vt 0.147254 0.413998
vt 0.161864 0.422954
vt 0.08713 0.397541
vt 0.101728 0.39347
vt 0.162889 0.484214
vt 0.145422 0.492615
vt 0.161587 0.473861
vt 0.128386 0.404311
vt 0.0811709 0.410289
vt 0.186896 0.389096
vt 0.161892 0.39305
vt 0.159815 0.386516
vt 0.111788 0.404902
vt 0.153052 0.395307
vt 0.143204 0.401828
vt 0.14979 0.384901
vt 0.151089 0.455196
vt 0.135897 0.460687
vt 0.182214 0.502529
vt 0.157302 0.404821
vt 0.184233 0.437242
vt 0.165738 0.444181
vt 0.183828 0.360641
vt 0.16711 0.373768
vt 0.166786 0.358134
vt 0.164287 0.364538
vt 0.134923 0.471216
vt 0.14715 0.46752
vt 0.118746 0.454127
vt 0.107489 0.434303
vt 0.145662 0.462922
vt 0.0814978 0.439932
vt 0.0952502 0.443019
vt 0.117865 0.439833
vt 0.10477 0.447884
vt 0.0990582 0.458296
vt 0.111959 0.461951
vt 0.119701 0.463333
vt 0.127208 0.46617
vt 0.169673 0.404335
vt 0.0667729 0.403968
vt 0.0864059 0.450955
vt 0.114289 0.368864
vt 0.0731954 0.419365
vt 0.0759368 0.39005
vt 0.158845 0.365152
vt 0.379018 0.073979
vt 0.383967 0.0529636
vt 0.397393 0.0678047
vt 0.395502 0.103804
vt 0.327391 0.0279453
vt 0.330638 0.0338713
vt 0.324158 0.0324896
vt 0.321569 0.014008
vt 0.325504 0.0223264
vt 0.318428 0.0165045
vt 0.317371 0.0251857
vt 0.314222 0.0188247
vt 0.335012 0.0278299
vt 0.331593 0.0417258
vt 0.343081 0.0421433
vt 0.329836 0.0162425
vt 0.322619 0.02507
vt 0.312477 0.0149283
vt 0.313692 0.00967954
vt 0.30787 0.00885423
vt 0.307997 0.0216652
vt 0.329303 0.107195
vt 0.344342 0.0959101
vt 0.338662 0.110044
vt 0.319064 0.0354842
vt 0.31051 0.0407512
vt 0.312475 0.0312761
vt 0.324862 0.0389821
vt 0.323437 0.0443042
vt 0.328911 0.0503329
vt 0.33622 0.055532
vt 0.318897 0.048766
vt 0.325653 0.0556859
vt 0.33881 0.0919983
vt 0.33444 0.0880275
vt 0.341342 0.0810381
vt 0.348991 0.101669
vt 0.36213 0.110044
vt 0.345675 0.110044
vt 0.341954 0.0894933
vt 0.332784 0.0940577
vt 0.358888 0.0916311
vt 0.369569 0.0600848
vt 0.369923 0.046085
vt 0.402822 0.0401615
vt 0.383946 0.0312208
vt 0.401344 0.00934912
vt 0.368161 0.0312796
vt 0.377364 0.0068319
vt 0.366789 0.082242
vt 0.357481 0.0683945
vt 0.333446 0.0799018
vt 0.359292 0.0227997
vt 0.346269 0.0709689
vt 0.35119 0.07406
vt 0.347091 0.0816302
vt 0.35734 0.0586658
vt 0.351911 0.0649905
vt 0.348312 0.0564635
vt 0.35917 0.0504687
vt 0.353725 0.0503231
vt 0.356306 0.0445806
vt 0.33783 0.0662621
vt 0.330431 0.0642366
vt 0.356261 0.0815852
vt 0.359805 0.0542287
vt 0.332511 0.0698569
vt 0.337275 0.0738035
vt 0.330393 0.0753071
vt 0.326935 0.0684464
vt 0.344366 0.0629229
vt 0.344757 0.0313763
vt 0.362767 0.0525039
vt 0.323084 0.0634589
vt 0.353826 0.0358096
vt 0.35342 0.0285037
vt 0.331673 0.0849074
vt 0.467999 0.0615237
vt 0.475916 0.0604212
vt 0.472604 0.0703961
vt 0.502411 0.064848
vt 0.499528 0.0708047
vt 0.497142 0.0676489
vt 0.495714 0.0707939
vt 0.494696 0.076983
vt 0.490548 0.0704222
vt 0.495096 0.0637004
vt 0.456315 0.0862245
vt 0.467328 0.082416
vt 0.466123 0.0894702
vt 0.506275 0.0742448
vt 0.516344 0.0766263
vt 0.514675 0.0839857
vt 0.505376 0.0825382
vt 0.513546 0.101586
vt 0.520479 0.108679
vt 0.508844 0.11024
vt 0.424689 0.0443271
vt 0.431085 0.0741602
vt 0.415251 0.0630525
vt 0.449765 0.0767811
vt 0.440653 0.0690631
vt 0.447939 0.0673446
vt 0.526209 0.11477
vt 0.512975 0.115102
vt 0.522111 0.0502195
vt 0.518957 0.0583914
vt 0.51523 0.0529766
vt 0.475043 0.100476
vt 0.477852 0.104171
vt 0.468347 0.102643
vt 0.512819 0.0919256
vt 0.502434 0.0905709
vt 0.508826 0.0871016
vt 0.428793 0.0886973
vt 0.423721 0.0773502
vt 0.500134 0.0996658
vt 0.486711 0.102997
vt 0.491009 0.0952448
vt 0.457502 0.0733218
vt 0.464264 0.0672673
vt 0.483151 0.0748761
vt 0.486403 0.081723
vt 0.502145 0.108764
vt 0.481513 0.0659104
vt 0.442036 0.0957069
vt 0.450203 0.0981929
vt 0.440009 0.104003
vt 0.41513 0.0836414
vt 0.472316 0.0947354
vt 0.480537 0.0977544
vt 0.473456 0.0874876
vt 0.48238 0.0900654
vt 0.442537 0.0867935
vt 0.488901 0.111396
vt 0.493676 0.0855344
vt 0.487701 0.0614663
vt 0.461819 0.0955211
vt 0.41513 0.100615
vt 0.430202 0.0989622
vt 0.436715 0.0948325
vt 0.424277 0.108627
vt 0.460728 0.0610737
vt 0.44632 0.0520416
vt 0.527218 0.0562279
vt 0.526289 0.0656804
vt 0.482311 0.0581541
vt 0.513001 0.0652686
vt 0.505952 0.0572448
vt 0.476912 0.0814025
vt 0.487934 0.0528613
vt 0.4957 0.0554207
vt 0.512091 0.0574542
vt 0.509949 0.0523601
vt 0.52157 0.0893328
vt 0.520901 0.0957655
vt 0.502354 0.0508319
vt 0.514359 0.0479077
vt 0.524273 0.102408
vt 0.520221 0.0416069
vt 0.835371 0.914029
vt 0.822845 0.912019
vt 0.839446 0.893902
vt 0.810247 0.910046
vt 0.821016 0.892053
vt 0.818319 0.926675
vt 0.793264 0.922922
vt 0.890257 0.960705
vt 0.900915 0.964462
vt 0.898277 0.97264
vt 0.89235 0.95154
vt 0.898654 0.956286
vt 0.890253 0.942399
vt 0.877863 0.942869
vt 0.878279 0.934145
vt 0.921449 0.932771
vt 0.919772 0.954616
vt 0.906433 0.944468
vt 0.879081 0.964637
vt 0.879247 0.950935
vt 0.841416 0.999084
vt 0.816143 0.99944
vt 0.823845 0.991452
vt 0.871816 0.925096
vt 0.858659 0.928566
vt 0.9143 0.969532
vt 0.906953 0.958606
vt 0.85904 0.939853
vt 0.864583 0.951477
vt 0.853913 0.945302
vt 0.868456 0.941786
vt 0.814316 0.988025
vt 0.823296 0.978976
vt 0.894324 0.925773
vt 0.884424 0.921464
vt 0.811442 0.940455
vt 0.863212 0.966359
vt 0.860975 0.978134
vt 0.84866 0.973042
vt 0.903578 0.987011
vt 0.886973 0.976978
vt 0.853639 0.930354
vt 0.840089 0.961439
vt 0.852569 0.957124
vt 0.91078 0.978769
vt 0.799352 0.940899
vt 0.872438 0.916195
vt 0.807714 0.977874
vt 0.792986 0.982096
vt 0.792986 0.96367
vt 0.81811 0.970229
vt 0.828987 0.966784
vt 0.807028 0.884732
vt 0.809477 0.892692
vt 0.831144 0.933114
vt 0.840369 0.92982
vt 0.843152 0.944265
vt 0.805223 0.988779
vt 0.872548 0.973764
vt 0.811918 0.951235
vt 0.807388 0.9496
vt 0.876246 0.984241
vt 0.89974 0.932957
vt 0.898778 0.911391
vt 0.899955 0.920268
vt 0.835715 0.972141
vt 0.905375 0.937119
vt 0.93686 0.969226
vt 0.830828 0.955444
vt 0.807933 0.896555
vt 0.930178 0.946361
vt 0.836244 0.981742
vt 0.873468 0.99402
vt 0.888542 0.990613
vt 0.923386 0.981609
vt 0.83018 0.946595
vt 0.934342 0.954948
vt 0.844543 0.920724
vt 0.82235 0.940237
vt 0.809242 0.964979
vt 0.821619 0.960977
vt 0.813434 0.993422
vt 0.819909 0.953281
vt 0.943387 0.957043
vt 0.802955 0.95601
vt 0.798619 0.99887
vt 0.884269 0.911647
vt 0.260714 0.156305
vt 0.276045 0.153598
vt 0.271606 0.165266
vt 0.288836 0.137634
vt 0.302233 0.13515
vt 0.298157 0.146909
vt 0.280045 0.130541
vt 0.290639 0.130319
vt 0.282977 0.13671
vt 0.250425 0.196788
vt 0.247739 0.17677
vt 0.256373 0.176251
vt 0.310747 0.174684
vt 0.320906 0.179164
vt 0.309204 0.18685
vt 0.324622 0.166058
vt 0.330164 0.167296
vt 0.315278 0.153326
vt 0.319493 0.163473
vt 0.308312 0.162924
vt 0.290018 0.176628
vt 0.282156 0.182386
vt 0.283501 0.174244
vt 0.300446 0.176549
vt 0.299911 0.188591
vt 0.29722 0.167151
vt 0.238768 0.182764
vt 0.237345 0.166713
vt 0.307935 0.148883
vt 0.29981 0.156959
vt 0.302765 0.127164
vt 0.33816 0.148382
vt 0.34064 0.158831
vt 0.333855 0.159409
vt 0.277845 0.172943
vt 0.280316 0.164608
vt 0.321439 0.152265
vt 0.334422 0.172923
vt 0.337913 0.164658
vt 0.251554 0.165913
vt 0.292759 0.183604
vt 0.289238 0.170731
vt 0.294961 0.174064
vt 0.291151 0.189324
vt 0.312885 0.126083
vt 0.318304 0.130327
vt 0.266982 0.178082
vt 0.320134 0.145088
vt 0.337193 0.124511
vt 0.334362 0.131971
vt 0.331411 0.12661
vt 0.348422 0.186362
vt 0.33124 0.188746
vt 0.342851 0.176774
vt 0.341779 0.134544
vt 0.327306 0.16025
vt 0.287378 0.155102
vt 0.286604 0.163587
vt 0.283558 0.144819
vt 0.246283 0.155642
vt 0.251042 0.145779
vt 0.333217 0.140807
vt 0.344652 0.143267
vt 0.261524 0.167663
vt 0.258062 0.136394
vt 0.268527 0.135042
vt 0.272536 0.141947
vt 0.210284 0.16767
vt 0.21717 0.14505
vt 0.217156 0.161919
vt 0.323801 0.123809
vt 0.214841 0.171188
vt 0.272453 0.19186
vt 0.265805 0.184326
vt 0.263203 0.14191
vt 0.328881 0.149038
vt 0.265733 0.146764
vt 0.239098 0.131283
vt 0.211458 0.124398
vt 0.226844 0.126628
vt 0.329735 0.178806
vt 0.203213 0.142189
vt 0.222559 0.172255
vt 0.225731 0.154884
vt 0.229577 0.179913
vt 0.290194 0.146143
vt 0.291173 0.162718
vt 0.238157 0.149385
vt 0.318237 0.20009
vt 0.34062 0.198132
vt 0.199796 0.167769
vt 0.209158 0.28452
vt 0.216458 0.298328
vt 0.198891 0.296284
vt 0.211288 0.342111
vt 0.200762 0.335879
vt 0.21259 0.329228
vt 0.186358 0.326285
vt 0.18344 0.315059
vt 0.195388 0.31269
vt 0.207734 0.320403
vt 0.223249 0.275282
vt 0.204489 0.269995
vt 0.213139 0.261684
vt 0.193565 0.351689
vt 0.190754 0.334172
vt 0.1964 0.326324
vt 0.207849 0.308479
vt 0.173062 0.329987
vt 0.218551 0.323148
vt 0.188558 0.345338
vt 0.219772 0.312224
vt 0.181412 0.344922
vt 0.165699 0.354127
vt 0.169796 0.25948
vt 0.153242 0.259351
vt 0.156687 0.247986
vt 0.221424 0.289308
vt 0.193398 0.170586
vt 0.188804 0.192293
vt 0.175976 0.178764
vt 0.165749 0.2968
vt 0.172603 0.309248
vt 0.15675 0.307823
vt 0.137283 0.320429
vt 0.146966 0.330768
vt 0.13795 0.331216
vt 0.193767 0.266998
vt 0.189698 0.258487
vt 0.200194 0.257724
vt 0.19059 0.245938
vt 0.183715 0.293969
vt 0.18681 0.304817
vt 0.15777 0.268597
vt 0.159482 0.278995
vt 0.144244 0.276336
vt 0.146458 0.29586
vt 0.160488 0.287725
vt 0.135924 0.308061
vt 0.184319 0.220723
vt 0.186055 0.20862
vt 0.196024 0.227289
vt 0.20939 0.244672
vt 0.212155 0.224664
vt 0.226714 0.238138
vt 0.191112 0.279801
vt 0.158407 0.323262
vt 0.159934 0.336983
vt 0.227407 0.256742
vt 0.13318 0.266778
vt 0.142705 0.255264
vt 0.146031 0.317806
vt 0.198414 0.211086
vt 0.208987 0.200166
vt 0.181347 0.267858
vt 0.152267 0.335258
vt 0.186177 0.23084
vt 0.214335 0.187034
vt 0.133626 0.222238
vt 0.13663 0.199147
vt 0.16104 0.220116
vt 0.16402 0.20507
vt 0.173867 0.243775
vt 0.180142 0.234908
vt 0.164416 0.236248
vt 0.181418 0.254597
vt 0.176036 0.223061
vt 0.171745 0.231486
vt 0.150775 0.351128
vt 0.174425 0.281777
vt 0.140297 0.285375
vt 0.226487 0.219561
vt 0.169922 0.271109
vt 0.141674 0.340013
vt 0.147087 0.34052
vt 0.15491 0.229639
vt 0.157084 0.237865
vt 0.150001 0.23916
vt 0.143208 0.169633
vt 0.158009 0.168833
vt 0.148344 0.18552
vt 0.17047 0.192053
vt 0.174936 0.165789
vt 0.214932 0.176501
vt 0.208139 0.170902
vt 0.175995 0.209325
vt 0.152616 0.833896
vt 0.149489 0.842293
vt 0.144598 0.835676
vt 0.133926 0.855238
vt 0.124464 0.866501
vt 0.116757 0.861355
vt 0.110744 0.806554
vt 0.123448 0.799559
vt 0.122904 0.814055
vt 0.15013 0.825364
vt 0.124006 0.851705
vt 0.118172 0.848666
vt 0.153767 0.847442
vt 0.145091 0.852087
vt 0.113064 0.87234
vt 0.10138 0.863534
vt 0.131378 0.868861
vt 0.131587 0.873986
vt 0.110287 0.82018
vt 0.0987536 0.809662
vt 0.137898 0.806999
vt 0.101114 0.798229
vt 0.101003 0.783659
vt 0.112002 0.795316
vt 0.121501 0.842622
vt 0.123076 0.855025
vt 0.140493 0.8307
vt 0.123585 0.832796
vt 0.136104 0.82394
vt 0.131604 0.877852
vt 0.117401 0.88477
vt 0.134747 0.793682
vt 0.131884 0.849443
vt 0.123296 0.78514
vt 0.131901 0.842831
vt 0.145654 0.819594
vt 0.147844 0.816032
vt 0.162697 0.827455
vt 0.146738 0.840443
vt 0.136655 0.84712
vt 0.146853 0.827042
vt 0.143099 0.873389
vt 0.121506 0.891783
vt 0.137515 0.860056
vt 0.148084 0.866502
vt 0.139317 0.867856
vt 0.148806 0.857242
vt 0.158708 0.817595
vt 0.159451 0.810277
vt 0.127287 0.763578
vt 0.109962 0.767913
vt 0.118707 0.748292
vt 0.138395 0.778803
vt 0.150776 0.772422
vt 0.162751 0.778879
vt 0.15455 0.778053
vt 0.155395 0.784106
vt 0.119792 0.736073
vt 0.109416 0.722362
vt 0.121129 0.727757
vt 0.142922 0.767029
vt 0.0903298 0.75703
vt 0.0912904 0.773415
vt 0.140646 0.727225
vt 0.145687 0.737398
vt 0.132655 0.734693
vt 0.096814 0.843653
vt 0.0929345 0.822618
vt 0.103864 0.827441
vt 0.145002 0.789972
vt 0.150287 0.751339
vt 0.158598 0.755793
vt 0.147054 0.756377
vt 0.111443 0.735129
vt 0.106993 0.751664
vt 0.105741 0.743666
vt 0.154895 0.802846
vt 0.123803 0.720032
vt 0.115089 0.719843
vt 0.149375 0.78094
vt 0.0970678 0.723094
vt 0.158512 0.792045
vt 0.130387 0.75079
vt 0.140937 0.754345
vt 0.126172 0.744304
vt 0.129151 0.713656
vt 0.114199 0.713563
vt 0.131157 0.81866
vt 0.123368 0.823887
vt 0.148329 0.748828
vt 0.0997813 0.818993
vt 0.11178 0.830494
vt 0.0899128 0.797155
vt 0.0783393 0.79559
vt 0.0836764 0.781729
vt 0.153773 0.763201
vt 0.0871825 0.810988
vt 0.158763 0.765035
vt 0.102381 0.857875
vt 0.94409 0.351192
vt 0.942524 0.362666
vt 0.934106 0.361056
vt 0.92443 0.285236
vt 0.934481 0.277042
vt 0.935615 0.280741
vt 0.923042 0.301668
vt 0.919903 0.292987
vt 0.931619 0.294841
vt 0.874195 0.33349
vt 0.859034 0.333531
vt 0.865807 0.325232
vt 0.904557 0.272657
vt 0.952063 0.272183
vt 0.953772 0.361595
vt 0.945911 0.380372
vt 0.87034 0.3537
vt 0.860161 0.359848
vt 0.864021 0.345234
vt 0.866114 0.369439
vt 0.961206 0.403447
vt 0.933119 0.402229
vt 0.929166 0.286831
vt 0.928023 0.385183
vt 0.913185 0.394556
vt 0.910549 0.301638
vt 0.9174 0.373498
vt 0.926795 0.367047
vt 0.931029 0.372749
vt 0.960744 0.370178
vt 0.837494 0.30114
vt 0.824414 0.285709
vt 0.864129 0.297643
vt 0.942407 0.28136
vt 0.935751 0.237098
vt 0.939879 0.199278
vt 0.916665 0.328777
vt 0.937966 0.33611
vt 0.926728 0.339859
vt 0.937175 0.26806
vt 0.94679 0.252384
vt 0.95932 0.252583
vt 0.931689 0.365278
vt 0.897612 0.37293
vt 0.888296 0.382767
vt 0.886424 0.370614
vt 0.837169 0.326446
vt 0.885584 0.353133
vt 0.888844 0.335516
vt 0.899349 0.341932
vt 0.894722 0.309421
vt 0.886287 0.316007
vt 0.874725 0.31293
vt 0.897487 0.357798
vt 0.872813 0.340726
vt 0.906406 0.352299
vt 0.914416 0.342638
vt 0.969579 0.339302
vt 0.968065 0.351794
vt 0.954897 0.348967
vt 0.881171 0.302819
vt 0.913663 0.358267
vt 0.905398 0.369731
vt 0.899973 0.37638
vt 0.876721 0.36393
vt 0.885507 0.322998
vt 0.966888 0.22333
vt 0.921513 0.364217
vt 0.931444 0.356678
vt 0.958103 0.285255
vt 0.949358 0.287898
vt 0.90545 0.313948
vt 0.902697 0.324135
vt 0.949202 0.335511
vt 0.959863 0.341434
vt 0.828023 0.203673
vt 0.940521 0.290122
vt 0.879374 0.343932
vt 0.920833 0.311326
vt 0.944086 0.314889
vt 0.936007 0.32364
vt 0.937144 0.303537
vt 0.911166 0.315319
vt 0.828069 0.303134
vt 0.821466 0.295172
vt 0.969059 0.31441
vt 0.965769 0.32094
vt 0.856395 0.307968
vt 0.843791 0.312376
vt 0.937792 0.34543
vt 0.925988 0.349297
vt 0.961619 0.382228
vt 0.956749 0.328705
vt 0.979892 0.326248
vt 0.943928 0.299244
vt 0.95956 0.300948
vt 0.970563 0.320351
vt 0.873693 0.382213
vt 0.928445 0.363731
vt 0.805047 0.299238
vt 0.769584 0.302777
vt 0.20605 0.466342
vt 0.193527 0.476742
vt 0.192317 0.464201
vt 0.200289 0.454574
vt 0.206655 0.485497
vt 0.212812 0.454453
vt 0.221967 0.470681
vt 0.221438 0.490056
vt 0.250548 0.455262
vt 0.252056 0.464953
vt 0.246829 0.461949
vt 0.245766 0.484849
vt 0.239545 0.498985
vt 0.231045 0.481247
vt 0.237808 0.475784
vt 0.249397 0.475208
vt 0.242474 0.473231
vt 0.245352 0.468973
vt 0.229755 0.46901
vt 0.237187 0.468899
vt 0.227524 0.459521
vt 0.239719 0.463185
vt 0.238973 0.453687
vt 0.24458 0.446839
vt 0.254548 0.447648
vt 0.272382 0.370519
vt 0.271906 0.386473
vt 0.261378 0.374028
vt 0.256048 0.366013
vt 0.263348 0.364396
vt 0.245126 0.398199
vt 0.241024 0.380894
vt 0.255339 0.384705
vt 0.280914 0.361651
vt 0.282567 0.377007
vt 0.250648 0.371611
vt 0.253437 0.358142
vt 0.230903 0.403197
vt 0.233802 0.391173
vt 0.266207 0.351353
vt 0.240507 0.365294
vt 0.229052 0.380129
vt 0.245647 0.346008
vt 0.222999 0.395578
vt 0.213503 0.387986
vt 0.224589 0.366999
vt 0.211538 0.404937
vt 0.239371 0.412852
vt 0.246414 0.426434
vt 0.232699 0.422767
vt 0.226864 0.416189
vt 0.22365 0.424109
vt 0.209105 0.432264
vt 0.187835 0.429125
vt 0.200028 0.415898
vt 0.215418 0.418106
vt 0.217918 0.430105
vt 0.202584 0.398811
vt 0.190085 0.398356
vt 0.19655 0.387476
vt 0.237538 0.432234
vt 0.245587 0.438353
vt 0.215109 0.438199
vt 0.227722 0.430727
vt 0.221983 0.438069
vt 0.209072 0.442912
vt 0.217797 0.446181
vt 0.23492 0.44148
vt 0.261149 0.459661
vt 0.191493 0.526338
vt 0.194951 0.510459
vt 0.212261 0.533203
vt 0.258573 0.437737
vt 0.219282 0.508122
vt 0.213195 0.518939
vt 0.227876 0.532157
vt 0.203316 0.438933
vt 0.227739 0.447805
vt 0.293776 0.370657
vt 0.262186 0.399879
vt 0.254351 0.412788
vt 0.183095 0.493012
vt 0.220133 0.356018
vt 0.2144 0.343262
vt 0.228955 0.342335
vt 0.20507 0.373891
vt 0.205254 0.36079
vt 0.280603 0.417179
vt 0.292399 0.409454
vt 0.290744 0.419443
vt 0.282047 0.399703
vt 0.267408 0.40954
vt 0.189887 0.412102
vt 0.221331 0.407869
vt 0.268636 0.424466
vt 0.266539 0.447904
vt 0.287026 0.443978
vt 0.239837 0.5184
vt 0.28819 0.385946
vt 0.27703 0.411798
vt 0.311991 0.394404
vt 0.312188 0.399844
vt 0.301968 0.400047
vt 0.294525 0.427484
vt 0.28229 0.426273
vt 0.186512 0.447509
vt 0.298139 0.390449
vt 0.304838 0.383387
vt 0.301331 0.419454
vt 0.299381 0.380297
vt 0.311397 0.40901
vt 0.198818 0.538692
vt 0.138159 0.959343
vt 0.128963 0.949662
vt 0.139161 0.946855
vt 0.117868 0.954822
vt 0.128031 0.964362
vt 0.11824 0.962746
vt 0.163454 0.918623
vt 0.156929 0.926123
vt 0.152782 0.915678
vt 0.109165 0.961721
vt 0.139412 0.991253
vt 0.131087 0.98951
vt 0.138436 0.981269
vt 0.249598 0.972917
vt 0.259475 0.979191
vt 0.247139 0.993873
vt 0.249969 0.949699
vt 0.262936 0.940204
vt 0.259438 0.951027
vt 0.179583 0.920569
vt 0.17041 0.933365
vt 0.256203 0.935584
vt 0.263509 0.929861
vt 0.234821 0.946734
vt 0.248106 0.939035
vt 0.253615 0.927833
vt 0.266669 0.906052
vt 0.165139 0.885152
vt 0.175327 0.881571
vt 0.175282 0.895461
vt 0.14893 0.97725
vt 0.138277 0.970805
vt 0.193855 0.897368
vt 0.187866 0.906131
vt 0.188089 0.889304
vt 0.191787 0.91825
vt 0.245935 0.918503
vt 0.247276 0.90187
vt 0.167512 0.981984
vt 0.174084 0.976694
vt 0.177185 0.985251
vt 0.160685 0.9861
vt 0.152863 0.984233
vt 0.160242 0.974199
vt 0.218306 0.958928
vt 0.205891 0.9546
vt 0.21541 0.944076
vt 0.19755 0.910974
vt 0.203219 0.920902
vt 0.17015 0.90761
vt 0.207935 0.931605
vt 0.204286 0.939995
vt 0.158935 0.907136
vt 0.160666 0.896683
vt 0.150302 0.962871
vt 0.210476 0.911987
vt 0.212524 0.898849
vt 0.222776 0.910694
vt 0.144852 0.900629
vt 0.149733 0.879984
vt 0.157775 0.882969
vt 0.154024 0.884477
vt 0.131668 0.928903
vt 0.123653 0.934789
vt 0.118548 0.918905
vt 0.157895 0.887584
vt 0.212518 0.963787
vt 0.233421 0.963941
vt 0.136294 0.886489
vt 0.129726 0.894453
vt 0.153343 0.890486
vt 0.183483 0.935275
vt 0.222249 0.974277
vt 0.236502 0.978431
vt 0.227987 0.99326
vt 0.199885 0.900799
vt 0.235441 0.912641
vt 0.231164 0.925699
vt 0.193289 0.945867
vt 0.145261 0.985304
vt 0.195588 0.930112
vt 0.126655 0.913423
vt 0.142536 0.923273
vt 0.16399 0.960729
vt 0.166554 0.950305
vt 0.174347 0.957882
vt 0.168472 0.943259
vt 0.178397 0.945579
vt 0.193234 0.960723
vt 0.203689 0.971654
vt 0.182725 0.966865
vt 0.184924 0.978853
vt 0.170491 0.968459
vt 0.213002 0.923034
vt 0.184079 0.955237
vt 0.223339 0.931167
vt 0.227358 0.920462
vt 0.186197 0.986833
vt 0.139281 0.911475
vt 0.107415 0.931841
vt 0.117895 0.939107
vt 0.105972 0.94523
vt 0.156103 0.952953
vt 0.154164 0.939449
vt 0.192135 0.972008
vt 0.195237 0.981933
vt 0.112632 0.924776
vt 0.218983 0.919758
vt 0.239624 0.932495
vt 0.105972 0.908804
vt 0.204833 0.896637
vt 0.212389 0.974887
vt 0.114489 0.909151
vt 0.141474 0.935519
vt 0.212081 0.987789
vt 0.221255 0.894083
vt 0.226048 0.901374
vt 0.118596 0.898986
vt 0.146307 0.992865
vt 0.142202 0.99423
vt 0.131376 0.903569
vt 0.23239 0.897927
vt 0.124804 0.979873
vt 0.119091 0.971017
vt 0.201087 0.893786
vt 0.178557 0.908683
vt 0.10731 0.923601
vt 0.244993 0.95936
vt 0.254498 0.962065
vt 0.262968 0.969903
vt 0.34267 0.295523
vt 0.323427 0.295641
vt 0.333926 0.285568
vt 0.434363 0.267492
vt 0.440314 0.269735
vt 0.441648 0.280581
vt 0.32642 0.279924
vt 0.335239 0.273361
vt 0.441953 0.24475
vt 0.43271 0.229931
vt 0.443726 0.227646
vt 0.40289 0.243338
vt 0.419635 0.222165
vt 0.419867 0.241535
vt 0.429478 0.292102
vt 0.421607 0.273386
vt 0.344423 0.279732
vt 0.37864 0.28842
vt 0.371385 0.274325
vt 0.38447 0.270302
vt 0.297188 0.265614
vt 0.308643 0.260852
vt 0.302486 0.278081
vt 0.30947 0.289905
vt 0.305615 0.301944
vt 0.300743 0.291634
vt 0.294325 0.252936
vt 0.397357 0.30683
vt 0.381164 0.312102
vt 0.393518 0.293929
vt 0.430733 0.250933
vt 0.33308 0.320578
vt 0.339936 0.322266
vt 0.333375 0.329717
vt 0.292052 0.301852
vt 0.304253 0.22859
vt 0.298139 0.212996
vt 0.314387 0.216417
vt 0.356614 0.285803
vt 0.351938 0.28517
vt 0.3572 0.282371
vt 0.302541 0.328522
vt 0.297868 0.31506
vt 0.313216 0.313175
vt 0.383163 0.247761
vt 0.389117 0.257386
vt 0.374316 0.261072
vt 0.315947 0.279435
vt 0.357509 0.271449
vt 0.33458 0.306373
vt 0.363482 0.285204
vt 0.364483 0.304249
vt 0.363839 0.311897
vt 0.32905 0.211563
vt 0.32016 0.239483
vt 0.277836 0.328676
vt 0.28858 0.33622
vt 0.271121 0.337137
vt 0.30575 0.347121
vt 0.283347 0.358941
vt 0.283535 0.344338
vt 0.278883 0.320381
vt 0.286908 0.314234
vt 0.283295 0.32234
vt 0.338548 0.261261
vt 0.335492 0.248563
vt 0.351895 0.250548
vt 0.303952 0.243526
vt 0.268355 0.328827
vt 0.357096 0.295142
vt 0.34462 0.267622
vt 0.353893 0.30797
vt 0.344183 0.312979
vt 0.273682 0.3462
vt 0.265116 0.341782
vt 0.436256 0.260646
vt 0.448134 0.265752
vt 0.363176 0.257802
vt 0.2695 0.348746
vt 0.325531 0.263636
vt 0.369414 0.249082
vt 0.369768 0.319945
vt 0.356261 0.319526
vt 0.286716 0.328129
vt 0.327256 0.311997
vt 0.336593 0.314618
vt 0.322851 0.324247
vt 0.319075 0.335423
vt 0.364218 0.237605
vt 0.290322 0.322488
vt 0.258258 0.344286
vt 0.401524 0.267094
vt 0.341818 0.226344
vt 0.356911 0.227425
vt 0.441884 0.256591
vt 0.408131 0.301721
vt 0.407377 0.285361
vt 0.29003 0.220524
vt 0.427694 0.262149
vt 0.416753 0.25706
vt 0.454891 0.225298
vt 0.452664 0.244298
vt 0.450828 0.257916
vt 0.281971 0.306539
vt 0.349602 0.328926
vt 0.368831 0.296514
vt 0.292852 0.290597
vt 0.296164 0.284161
vt 0.267397 0.254547
vt 0.280828 0.249511
vt 0.278284 0.259104
vt 0.268937 0.313154
vt 0.392567 0.280784
vt 0.249439 0.321045
vt 0.275429 0.298269
vt 0.263404 0.304511
vt 0.264652 0.266001
vt 0.253546 0.271912
vt 0.256255 0.260213
vt 0.28573 0.292963
vt 0.373865 0.240295
vt 0.26828 0.289992
vt 0.258689 0.296873
vt 0.255206 0.284893
vt 0.246144 0.308724
vt 0.266075 0.219917
vt 0.249156 0.219338
vt 0.25642 0.21015
vt 0.289277 0.284345
vt 0.29098 0.274079
vt 0.262146 0.230677
vt 0.255474 0.23683
vt 0.257346 0.226831
vt 0.268416 0.239388
vt 0.287327 0.260433
vt 0.279821 0.280501
vt 0.249373 0.293789
vt 0.266835 0.277401
vt 0.282412 0.267425
vt 0.248373 0.334228
vt 0.273525 0.266693
vt 0.377118 0.243935
vt 0.266646 0.228727
vt 0.27653 0.22567
vt 0.244794 0.227206
vt 0.288508 0.237389
vt 0.371911 0.231525
vt 0.385704 0.230895
vt 0.28104 0.209193
vt 0.247491 0.249588
vt 0.402568 0.222571
vt 0.270931 0.856589
vt 0.260612 0.851044
vt 0.273452 0.850361
vt 0.278616 0.821055
vt 0.272687 0.828068
vt 0.268027 0.818171
vt 0.190084 0.8427
vt 0.203536 0.843368
vt 0.197476 0.849859
vt 0.207598 0.856671
vt 0.208844 0.850341
vt 0.216895 0.853317
vt 0.218592 0.847063
vt 0.291775 0.831824
vt 0.282468 0.811715
vt 0.268117 0.843236
vt 0.289953 0.848035
vt 0.194426 0.858288
vt 0.26397 0.82612
vt 0.208456 0.716809
vt 0.214363 0.703334
vt 0.235671 0.713105
vt 0.283521 0.85589
vt 0.185169 0.740321
vt 0.200391 0.755392
vt 0.185188 0.756168
vt 0.255116 0.824058
vt 0.230449 0.858176
vt 0.232036 0.847723
vt 0.24622 0.85441
vt 0.235472 0.873247
vt 0.219918 0.862334
vt 0.260957 0.861339
vt 0.263121 0.833924
vt 0.23794 0.891348
vt 0.221351 0.891348
vt 0.219646 0.876372
vt 0.208444 0.865383
vt 0.242035 0.863628
vt 0.247097 0.878305
vt 0.201141 0.87471
vt 0.192949 0.890106
vt 0.184493 0.86807
vt 0.209223 0.891348
vt 0.277857 0.866514
vt 0.289333 0.821598
vt 0.283273 0.878396
vt 0.269916 0.879749
vt 0.247901 0.868269
vt 0.293982 0.840932
vt 0.195028 0.769268
vt 0.211026 0.771598
vt 0.210014 0.78205
vt 0.27261 0.836717
vt 0.258123 0.871925
vt 0.254336 0.891153
vt 0.277401 0.889081
vt 0.278479 0.887541
vt 0.201156 0.692458
vt 0.210186 0.686941
vt 0.199517 0.791651
vt 0.194495 0.785096
vt 0.198672 0.780419
vt 0.268445 0.891348
vt 0.184663 0.788611
vt 0.188072 0.78091
vt 0.250425 0.862646
vt 0.299047 0.812474
vt 0.255994 0.842374
vt 0.251101 0.834518
vt 0.213828 0.83792
vt 0.223091 0.841358
vt 0.241181 0.828305
vt 0.230189 0.833061
vt 0.228436 0.821114
vt 0.184673 0.822444
vt 0.197451 0.813626
vt 0.203339 0.824592
vt 0.216659 0.828699
vt 0.222506 0.83602
vt 0.240758 0.814891
vt 0.231811 0.840801
vt 0.242492 0.838805
vt 0.249146 0.846654
vt 0.240386 0.845332
vt 0.208898 0.831764
vt 0.202402 0.833768
vt 0.228003 0.80655
vt 0.191588 0.835844
vt 0.193641 0.830116
vt 0.199881 0.723955
vt 0.221536 0.730256
vt 0.187149 0.847816
vt 0.212424 0.813587
vt 0.266773 0.755448
vt 0.286257 0.757805
vt 0.276068 0.768364
vt 0.300427 0.798565
vt 0.271132 0.779057
vt 0.265425 0.789984
vt 0.252332 0.77654
vt 0.283195 0.79649
vt 0.271173 0.803076
vt 0.280214 0.787286
vt 0.300749 0.770772
vt 0.294324 0.745355
vt 0.277529 0.750855
vt 0.245709 0.789147
vt 0.269596 0.748698
vt 0.287735 0.77995
vt 0.301243 0.784776
vt 0.255611 0.80441
vt 0.289986 0.789588
vt 0.301356 0.756352
vt 0.286775 0.734962
vt 0.264461 0.742119
vt 0.219582 0.777649
vt 0.22731 0.78867
vt 0.202507 0.804168
vt 0.184923 0.804251
vt 0.219696 0.769325
vt 0.208976 0.735721
vt 0.190559 0.729213
vt 0.227741 0.77712
vt 0.234368 0.770502
vt 0.235431 0.781211
vt 0.208926 0.764561
vt 0.218339 0.756972
vt 0.213335 0.797334
vt 0.242168 0.778877
vt 0.204032 0.744371
vt 0.263762 0.772474
vt 0.280744 0.720142
vt 0.254265 0.763313
vt 0.244278 0.766217
vt 0.235138 0.755792
vt 0.218511 0.745142
vt 0.239451 0.800589
vt 0.261274 0.7223
vt 0.254565 0.7331
vt 0.255363 0.720075
vt 0.267173 0.706269
vt 0.260438 0.699007
vt 0.249448 0.697582
vt 0.22955 0.69761
vt 0.24723 0.716371
vt 0.249982 0.685172
vt 0.225569 0.685172
vt 0.195178 0.704067
vt 0.241531 0.726317
vt 0.230128 0.742562
vt 0.237954 0.736158
vt 0.248093 0.747449
vt 0.21947 0.738022
vt 0.73897 0.140726
vt 0.752155 0.135523
vt 0.744847 0.152287
vt 0.730756 0.130675
vt 0.74249 0.130277
vt 0.761105 0.14352
vt 0.743437 0.119722
vt 0.751848 0.123063
vt 0.72083 0.121581
vt 0.731372 0.115316
vt 0.713458 0.133956
vt 0.725925 0.145984
vt 0.763412 0.178479
vt 0.756962 0.187881
vt 0.754952 0.176416
vt 0.77019 0.158592
vt 0.757421 0.168073
vt 0.75246 0.160158
vt 0.765037 0.191281
vt 0.772139 0.191164
vt 0.769193 0.201982
vt 0.784056 0.165018
vt 0.792383 0.15195
vt 0.798301 0.167852
vt 0.813317 0.176558
vt 0.804652 0.180913
vt 0.777655 0.178339
vt 0.820654 0.194747
vt 0.792168 0.17653
vt 0.78092 0.193811
vt 0.807307 0.162424
vt 0.764126 0.200263
vt 0.751655 0.170329
vt 0.742491 0.167321
vt 0.788285 0.205454
vt 0.776823 0.202352
vt 0.793153 0.221761
vt 0.78026 0.211917
vt 0.792906 0.191755
vt 0.773951 0.211669
vt 0.815518 0.153451
vt 0.799775 0.185966
vt 0.812757 0.198559
vt 0.689381 0.124626
vt 0.695164 0.121021
vt 0.692396 0.131915
vt 0.809107 0.215189
vt 0.823462 0.172553
vt 0.683379 0.127536
vt 0.702494 0.138935
vt 0.693309 0.141421
vt 0.711577 0.123945
vt 0.677685 0.118031
vt 0.688044 0.110875
vt 0.834049 0.195428
vt 0.835911 0.169732
vt 0.737334 0.148382
vt 0.781905 0.217699
vt 0.682239 0.136568
vt 0.829448 0.151588
vt 0.674606 0.110678
vt 0.77986 0.222015
vt 0.787681 0.228547
vt 0.7099 0.160621
vt 0.713299 0.147003
vt 0.720879 0.155441
vt 0.78304 0.268244
vt 0.782739 0.295507
vt 0.763105 0.268374
vt 0.744749 0.188297
vt 0.735591 0.184925
vt 0.741865 0.179203
vt 0.735123 0.238433
vt 0.733351 0.224339
vt 0.750661 0.233995
vt 0.718869 0.259833
vt 0.742763 0.25224
vt 0.744914 0.270799
vt 0.730905 0.192417
vt 0.720796 0.193701
vt 0.727271 0.183355
vt 0.76734 0.258703
vt 0.718336 0.208115
vt 0.733288 0.205455
vt 0.761899 0.292601
vt 0.71499 0.176788
vt 0.730894 0.174305
vt 0.745935 0.218265
vt 0.755536 0.19626
vt 0.766097 0.245818
vt 0.718008 0.225386
vt 0.710466 0.237833
vt 0.706722 0.225063
vt 0.732266 0.274793
vt 0.757118 0.252378
vt 0.743583 0.283513
vt 0.703819 0.122794
vt 0.750308 0.187764
vt 0.719309 0.273059
vt 0.732683 0.158687
vt 0.728004 0.286695
vt 0.726198 0.247123
vt 0.751892 0.295507
vt 0.740051 0.195907
vt 0.725149 0.237231
vt 0.702503 0.247746
vt 0.700525 0.21273
vt 0.747379 0.182673
vt 0.748843 0.178951
vt 0.729262 0.233328
vt 0.692792 0.23556
vt 0.686853 0.221743
vt 0.748484 0.195342
vt 0.751173 0.206121
vt 0.704228 0.194908
vt 0.683689 0.145078
vt 0.694892 0.179547
vt 0.674606 0.193466
vt 0.72252 0.16517
vt 0.743092 0.292862
vt 0.693762 0.150266
vt 0.781282 0.232248
vt 0.844514 0.148776
vt 0.846856 0.165752
vt 0.836006 0.14359
vt 0.832061 0.110678
vt 0.832048 0.127537
vt 0.815509 0.111997
vt 0.819797 0.134529
vt 0.801586 0.133607
vt 0.809668 0.123455
vt 0.782087 0.133592
vt 0.801296 0.110678
vt 0.846578 0.135841
vt 0.845983 0.115877
vt 0.86201 0.119937
vt 0.781184 0.110678
vt 0.857307 0.163616
vt 0.862606 0.146202
vt 0.774107 0.220767
vt 0.778991 0.217448
vt 0.781793 0.249163
vt 0.77846 0.238793
vt 0.775779 0.242252
vt 0.774611 0.237182
vt 0.769514 0.207122
vt 0.772759 0.230868
vt 0.766742 0.212152
vt 0.767961 0.222788
vt 0.763529 0.220384
vt 0.767149 0.21818
vt 0.691103 0.170388
vt 0.698031 0.158803
vt 0.767373 0.229787
vt 0.701634 0.148786
vt 0.68643 0.15834
vt 0.706155 0.169534
vt 0.700736 0.130497
vt 0.759315 0.12574
vt 0.763849 0.110678
vt 0.7667 0.126728
vt 0.198534 0.554031
vt 0.196372 0.562114
vt 0.193064 0.555232
vt 0.183787 0.544509
vt 0.191203 0.5491
vt 0.183738 0.550732
vt 0.185577 0.558162
vt 0.200385 0.546513
vt 0.193006 0.543311
vt 0.182395 0.537511
vt 0.188842 0.543051
vt 0.170661 0.549669
vt 0.178966 0.542745
vt 0.176165 0.535132
vt 0.181472 0.539473
vt 0.166387 0.536988
vt 0.205189 0.556744
vt 0.208517 0.613981
vt 0.216715 0.613718
vt 0.209967 0.62106
vt 0.206328 0.56685
vt 0.194716 0.574078
vt 0.212478 0.605706
vt 0.220338 0.620576
vt 0.213694 0.630117
vt 0.207421 0.598474
vt 0.199247 0.590417
vt 0.210201 0.591152
vt 0.199139 0.614633
vt 0.203367 0.604266
vt 0.204197 0.630443
vt 0.205592 0.639396
vt 0.200449 0.623935
vt 0.226903 0.627116
vt 0.233311 0.641984
vt 0.217432 0.639103
vt 0.187796 0.565771
vt 0.178653 0.561558
vt 0.203144 0.579834
vt 0.21218 0.582998
vt 0.2118 0.597867
vt 0.207827 0.574546
vt 0.190709 0.601881
vt 0.188594 0.584492
vt 0.183254 0.57241
vt 0.156789 0.528425
vt 0.156292 0.547805
vt 0.179298 0.690968
vt 0.178018 0.666363
vt 0.186403 0.675364
vt 0.188043 0.536359
vt 0.19408 0.538804
vt 0.180495 0.528425
vt 0.122913 0.548065
vt 0.13242 0.542174
vt 0.135983 0.549305
vt 0.158211 0.559302
vt 0.168031 0.559138
vt 0.130072 0.554065
vt 0.141864 0.543272
vt 0.185284 0.620864
vt 0.147838 0.535333
vt 0.196714 0.648503
vt 0.192869 0.63763
vt 0.167357 0.665708
vt 0.158003 0.672467
vt 0.16157 0.663477
vt 0.184498 0.650535
vt 0.176468 0.639426
vt 0.166977 0.625101
vt 0.189959 0.660221
vt 0.175152 0.654937
vt 0.166085 0.652163
vt 0.169718 0.677988
vt 0.166048 0.693169
vt 0.15961 0.681492
vt 0.173997 0.607166
vt 0.176511 0.585939
vt 0.16431 0.64497
vt 0.165477 0.639637
vt 0.152186 0.663535
vt 0.156954 0.647856
vt 0.173258 0.570007
vt 0.160586 0.575317
vt 0.144852 0.678384
vt 0.148121 0.654568
vt 0.151879 0.607992
vt 0.161624 0.597936
vt 0.16118 0.612314
vt 0.153835 0.67961
vt 0.142579 0.688585
vt 0.150241 0.690949
vt 0.137509 0.660216
vt 0.134622 0.673864
vt 0.12486 0.666442
vt 0.113146 0.675977
vt 0.134918 0.714238
vt 0.126306 0.699536
vt 0.127728 0.685946
vt 0.112256 0.691053
vt 0.152414 0.600408
vt 0.0954588 0.695178
vt 0.0948062 0.678738
vt 0.117178 0.701827
vt 0.0804494 0.67951
vt 0.109831 0.714238
vt 0.0837204 0.714238
vt 0.0629073 0.686944
vt 0.066519 0.669143
vt 0.0676344 0.655974
vt 0.0571292 0.714238
vt 0.152169 0.696657
vt 0.152279 0.634758
vt 0.142781 0.647377
vt 0.150724 0.621344
vt 0.0811351 0.619124
vt 0.10234 0.61938
vt 0.105302 0.64417
vt 0.1438 0.600026
vt 0.13892 0.611637
vt 0.0876815 0.59173
vt 0.0982213 0.578323
vt 0.108509 0.601144
vt 0.125427 0.650794
vt 0.13239 0.628741
vt 0.107076 0.564526
vt 0.121048 0.57648
vt 0.114853 0.586614
vt 0.135016 0.601026
vt 0.150286 0.589042
vt 0.143994 0.577828
vt 0.112672 0.661178
vt 0.0735332 0.531655
vt 0.132551 0.587777
vt 0.124891 0.605807
vt 0.0928205 0.657248
vt 0.147169 0.564457
vt 0.132678 0.570991
vt 0.116581 0.634368
vt 0.203649 0.662159
vt 0.209032 0.676057
vt 0.19491 0.668917
vt 0.11909 0.557346
vt 0.10992 0.536729
vt 0.116469 0.618993
vt 0.137439 0.558731
vt 0.0725313 0.635792
vt 0.196944 0.678734
vt 0.127621 0.56191
vt 0.0571292 0.626615
vt 0.0571621 0.606676
vt 0.191468 0.679363
vt 0.0571292 0.568046
vt 0.219297 0.647217
vt 0.210311 0.653656
vt 0.21805 0.658753
vt 0.207876 0.647874
vt 0.2284 0.65822
vt 0.19963 0.655349
vt 0.223755 0.671322
vt 0.235842 0.662373
vt 0.235825 0.672886
vt 0.236372 0.654364
vt 0.122313 0.567735
vt 0.144911 0.554321
vt 0.77582 0.59425
vt 0.764325 0.583239
vt 0.780146 0.58028
vt 0.829626 0.728926
vt 0.799137 0.720919
vt 0.80535 0.694834
vt 0.702372 0.553865
vt 0.696348 0.564679
vt 0.691687 0.551205
vt 0.776157 0.728518
vt 0.782447 0.699374
vt 0.785561 0.633343
vt 0.797345 0.645936
vt 0.779804 0.651156
vt 0.79769 0.602015
vt 0.78131 0.611857
vt 0.785918 0.592793
vt 0.808114 0.612194
vt 0.800521 0.62436
vt 0.813817 0.645765
vt 0.759235 0.734095
vt 0.76609 0.713991
vt 0.73503 0.593589
vt 0.725366 0.608409
vt 0.716245 0.589987
vt 0.686454 0.500656
vt 0.70538 0.503545
vt 0.692317 0.512254
vt 0.809561 0.662659
vt 0.659136 0.505473
vt 0.773875 0.628489
vt 0.792751 0.664089
vt 0.826069 0.703573
vt 0.744978 0.612474
vt 0.751629 0.595666
vt 0.774996 0.747499
vt 0.763533 0.745553
vt 0.803428 0.677416
vt 0.738382 0.774903
vt 0.757398 0.783567
vt 0.742288 0.785508
vt 0.752746 0.763912
vt 0.749304 0.750475
vt 0.822869 0.669789
vt 0.817294 0.658095
vt 0.76467 0.603244
vt 0.762376 0.621248
vt 0.819121 0.628258
vt 0.660257 0.631104
vt 0.668214 0.657591
vt 0.620583 0.654269
vt 0.715165 0.633165
vt 0.708129 0.615706
vt 0.715254 0.612734
vt 0.701045 0.541259
vt 0.823465 0.685516
vt 0.785481 0.681544
vt 0.686357 0.564484
vt 0.682443 0.577258
vt 0.67366 0.562754
vt 0.684944 0.541361
vt 0.707006 0.724106
vt 0.72578 0.732018
vt 0.718483 0.742391
vt 0.675766 0.526314
vt 0.711099 0.603164
vt 0.69876 0.604468
vt 0.704175 0.589294
vt 0.656898 0.552463
vt 0.657986 0.580155
vt 0.719425 0.55142
vt 0.736864 0.54886
vt 0.738233 0.556686
vt 0.72141 0.542581
vt 0.723514 0.625375
vt 0.667931 0.531143
vt 0.687269 0.531036
vt 0.655974 0.534289
vt 0.661087 0.530957
vt 0.722509 0.57758
vt 0.687315 0.627893
vt 0.704467 0.650794
vt 0.686889 0.653882
vt 0.691348 0.527591
vt 0.674275 0.523236
vt 0.741253 0.567117
vt 0.754934 0.564376
vt 0.747716 0.581052
vt 0.770837 0.537235
vt 0.76542 0.551645
vt 0.76078 0.539321
vt 0.742973 0.681375
vt 0.763211 0.688204
vt 0.745449 0.706619
vt 0.666621 0.552178
vt 0.735985 0.753753
vt 0.728812 0.759637
vt 0.765724 0.657571
vt 0.774167 0.668053
vt 0.755794 0.667783
vt 0.689925 0.583738
vt 0.682785 0.597084
vt 0.740443 0.519207
vt 0.75808 0.505647
vt 0.742002 0.527092
vt 0.68827 0.528859
vt 0.710905 0.535407
vt 0.72323 0.530563
vt 0.702759 0.524808
vt 0.707869 0.524028
vt 0.748235 0.535167
vt 0.735349 0.5432
vt 0.770074 0.519066
vt 0.734246 0.627088
vt 0.731294 0.644407
vt 0.806847 0.575219
vt 0.797217 0.558723
vt 0.808247 0.563571
vt 0.749366 0.548874
vt 0.689238 0.520299
vt 0.780187 0.550063
vt 0.772444 0.565819
vt 0.784969 0.567443
vt 0.790272 0.539803
vt 0.794837 0.528166
vt 0.801757 0.542289
vt 0.732871 0.573271
vt 0.738351 0.582583
vt 0.724467 0.535463
vt 0.794641 0.580939
vt 0.817372 0.583305
vt 0.814119 0.569841
vt 0.807498 0.589914
vt 0.668368 0.517771
vt 0.705206 0.529355
vt 0.696036 0.524881
vt 0.806701 0.551118
vt 0.816962 0.558791
vt 0.69654 0.527793
vt 0.824306 0.567742
vt 0.670654 0.609163
vt 0.70806 0.577266
vt 0.721919 0.532306
vt 0.701332 0.625826
vt 0.741155 0.65775
vt 0.729619 0.669174
vt 0.750521 0.632517
vt 0.706439 0.566763
vt 0.717634 0.561855
vt 0.743032 0.643
vt 0.700258 0.576916
vt 0.692254 0.615964
vt 0.732444 0.564894
vt 0.719381 0.658469
vt 0.735645 0.560408
vt 0.758934 0.707324
vt 0.754547 0.723235
vt 0.6713 0.625751
vt 0.677429 0.640098
vt 0.640037 0.595823
vt 0.763241 0.637456
vt 0.708937 0.518756
vt 0.744869 0.73605
vt 0.739989 0.646866
vt 0.754006 0.649822
vt 0.767608 0.648452
vt 0.731454 0.720115
vt 0.704931 0.693237
vt 0.687643 0.685453
vt 0.696226 0.672749
vt 0.773625 0.63936
vt 0.711378 0.675599
vt 0.717455 0.694159
vt 0.728572 0.698205
vt 0.684297 0.666957
vt 0.777495 0.688178
vt 0.794738 0.759943
vt 0.7921 0.770565
vt 0.778075 0.764879
vt 0.772224 0.75889
vt 0.784418 0.518047
vt 0.780468 0.534114
vt 0.786637 0.529331
vt 0.720889 0.679124
vt 0.719881 0.522627
vt 0.72154 0.512448
vt 0.728981 0.519154
vt 0.730893 0.524167
vt 0.815578 0.597865
vt 0.809436 0.604459
vt 0.814788 0.614962
vt 0.81836 0.609165
vt 0.797469 0.740613
vt 0.575946 0.469766
vt 0.583389 0.460174
vt 0.586712 0.473145
vt 0.567298 0.456943
vt 0.574534 0.447259
vt 0.585297 0.446775
vt 0.553605 0.475115
vt 0.545616 0.464516
vt 0.561622 0.466583
vt 0.5812 0.483363
vt 0.566625 0.480865
vt 0.595702 0.469395
vt 0.632588 0.493096
vt 0.629158 0.501761
vt 0.620134 0.491197
vt 0.676044 0.47161
vt 0.66468 0.473687
vt 0.665578 0.459081
vt 0.657 0.475548
vt 0.665338 0.485928
vt 0.650659 0.486815
vt 0.67318 0.478448
vt 0.641562 0.497326
vt 0.637982 0.487072
vt 0.555297 0.485192
vt 0.563061 0.49457
vt 0.574249 0.492712
vt 0.613815 0.513876
vt 0.59327 0.447606
vt 0.593045 0.45689
vt 0.603489 0.46074
vt 0.634495 0.424478
vt 0.638812 0.43126
vt 0.627155 0.431833
vt 0.620077 0.427444
vt 0.620618 0.435204
vt 0.60575 0.430658
vt 0.649539 0.472311
vt 0.645731 0.461957
vt 0.617608 0.45696
vt 0.632945 0.453596
vt 0.630085 0.466108
vt 0.639354 0.475234
vt 0.627684 0.480093
vt 0.629947 0.438512
vt 0.639147 0.437099
vt 0.620531 0.413846
vt 0.618892 0.422456
vt 0.612477 0.421331
vt 0.625202 0.420041
vt 0.619163 0.444363
vt 0.601158 0.443005
vt 0.632116 0.411058
vt 0.658705 0.450496
vt 0.632714 0.419592
vt 0.63173 0.488971
vt 0.613132 0.409379
vt 0.634623 0.444456
vt 0.594782 0.40446
vt 0.59005 0.420759
vt 0.582143 0.411558
vt 0.648288 0.448409
vt 0.606523 0.404239
vt 0.602401 0.410804
vt 0.618429 0.470698
vt 0.597435 0.416331
vt 0.608684 0.477736
vt 0.618645 0.480634
vt 0.520805 0.515098
vt 0.524958 0.493862
vt 0.533285 0.502069
vt 0.534401 0.472766
vt 0.527041 0.475042
vt 0.52919 0.466705
vt 0.539037 0.494266
vt 0.531029 0.484778
vt 0.543402 0.479223
vt 0.519718 0.486942
vt 0.550777 0.49593
vt 0.518368 0.497054
vt 0.508579 0.482247
vt 0.518709 0.474371
vt 0.502796 0.515167
vt 0.523937 0.478967
vt 0.511216 0.467519
vt 0.507903 0.495181
vt 0.497928 0.494893
vt 0.510848 0.4561
vt 0.527391 0.451066
vt 0.521151 0.461742
vt 0.500395 0.485081
vt 0.548618 0.510271
vt 0.498006 0.459118
vt 0.532696 0.461483
vt 0.570301 0.529416
vt 0.554588 0.524523
vt 0.565145 0.516051
vt 0.559029 0.536346
vt 0.548784 0.532364
vt 0.576299 0.522972
vt 0.543099 0.540206
vt 0.579569 0.51318
vt 0.59494 0.483101
vt 0.604745 0.493071
vt 0.565782 0.508902
vt 0.570966 0.50463
vt 0.537406 0.523421
vt 0.589933 0.500611
vt 0.590762 0.522554
vt 0.560211 0.506307
vt 0.456501 0.43356
vt 0.452326 0.444103
vt 0.438198 0.439843
vt 0.487947 0.440906
vt 0.475732 0.437741
vt 0.482228 0.429113
vt 0.5151 0.439583
vt 0.496105 0.43847
vt 0.500125 0.432443
vt 0.463895 0.427255
vt 0.471247 0.448042
vt 0.480831 0.453091
vt 0.473534 0.459441
vt 0.460596 0.453715
vt 0.472068 0.427579
vt 0.450588 0.411288
vt 0.491851 0.45162
vt 0.490175 0.457619
vt 0.448528 0.454245
vt 0.502439 0.449259
vt 0.486695 0.464076
vt 0.515569 0.447944
vt 0.467788 0.466567
vt 0.466519 0.477087
vt 0.455792 0.47808
vt 0.457249 0.466253
vt 0.471481 0.413389
vt 0.49793 0.421536
vt 0.478113 0.467885
vt 0.4457 0.431162
vt 0.515784 0.42644
vt 0.435715 0.458795
vt 0.434812 0.422576
vt 0.441505 0.478278
vt 0.42144 0.437263
vt 0.429878 0.449845
vt 0.465317 0.488125
vt 0.454407 0.487713
vt 0.48846 0.404333
vt 0.454261 0.498805
vt 0.58901 0.43945
vt 0.527488 0.535234
vt 0.590876 0.444109
vt 0.592172 0.430904
vt 0.586177 0.433799
vt 0.513793 0.53536
vt 0.583411 0.436378
vt 0.4883 0.473875
vt 0.498913 0.47247
vt 0.494034 0.482034
vt 0.490725 0.484172
vt 0.484503 0.480754
vt 0.493893 0.487745
vt 0.468837 0.498184
vt 0.481323 0.493562
vt 0.488646 0.498499
vt 0.598805 0.424078
vt 0.605706 0.421692
vt 0.594004 0.423239
vt 0.601389 0.419027
vt 0.582465 0.443278
vt 0.582794 0.431244
vt 0.558457 0.454343
vt 0.577983 0.434191
vt 0.566377 0.449767
vt 0.58232 0.425449
vt 0.56757 0.442548
vt 0.559868 0.44621
vt 0.565614 0.435208
vt 0.538155 0.456017
vt 0.547036 0.452636
vt 0.576364 0.422796
vt 0.541014 0.448992
vt 0.548359 0.420935
vt 0.554162 0.4309
vt 0.535121 0.430546
vt 0.573464 0.412095
vt 0.548956 0.444323
vt 0.567537 0.425727
vt 0.563129 0.41783
vt 0.476184 0.486227
vt 0.47617 0.483604
vt 0.537636 0.440817
vt 0.47676 0.475471
vt 0.533108 0.422709
vt 0.5186 0.282008
vt 0.529913 0.276333
vt 0.521091 0.289852
vt 0.541753 0.26248
vt 0.539873 0.24771
vt 0.552308 0.260651
vt 0.495211 0.295455
vt 0.508319 0.285312
vt 0.508908 0.298816
vt 0.488683 0.277749
vt 0.475917 0.29094
vt 0.478863 0.276449
vt 0.514696 0.278996
vt 0.498225 0.282088
vt 0.504972 0.27698
vt 0.524098 0.189723
vt 0.506278 0.182494
vt 0.523258 0.179211
vt 0.642865 0.18011
vt 0.655505 0.187299
vt 0.653682 0.195068
vt 0.666115 0.201331
vt 0.672011 0.198548
vt 0.678695 0.212192
vt 0.646418 0.171071
vt 0.662991 0.171166
vt 0.667534 0.186487
vt 0.482027 0.265053
vt 0.494557 0.261378
vt 0.515975 0.274053
vt 0.521735 0.275306
vt 0.633888 0.171611
vt 0.636232 0.183247
vt 0.510349 0.276783
vt 0.532631 0.200271
vt 0.528073 0.216094
vt 0.514582 0.204572
vt 0.579175 0.192182
vt 0.567052 0.199063
vt 0.564372 0.186749
vt 0.568634 0.239123
vt 0.566698 0.25547
vt 0.556646 0.239655
vt 0.525215 0.234059
vt 0.515681 0.229688
vt 0.529586 0.225485
vt 0.487705 0.255518
vt 0.532073 0.236089
vt 0.527578 0.236943
vt 0.494601 0.195127
vt 0.499073 0.27148
vt 0.51094 0.267783
vt 0.54117 0.213881
vt 0.543801 0.229394
vt 0.564001 0.212541
vt 0.554964 0.193063
vt 0.522463 0.255624
vt 0.52753 0.241621
vt 0.553843 0.225208
vt 0.548048 0.220185
vt 0.55388 0.216627
vt 0.519643 0.268473
vt 0.519216 0.24006
vt 0.561493 0.226552
vt 0.49449 0.250737
vt 0.504533 0.26027
vt 0.511893 0.239912
vt 0.533209 0.261399
vt 0.505719 0.225166
vt 0.497187 0.215326
vt 0.662244 0.21057
vt 0.509767 0.247088
vt 0.527615 0.269199
vt 0.510522 0.256628
vt 0.514287 0.30761
vt 0.518513 0.299301
vt 0.500797 0.313833
vt 0.502033 0.249655
vt 0.502704 0.23993
vt 0.498297 0.245599
vt 0.539432 0.179545
vt 0.486106 0.231583
vt 0.501152 0.230901
vt 0.487844 0.240253
vt 0.522436 0.220573
vt 0.492513 0.224189
vt 0.479797 0.31294
vt 0.495472 0.308262
vt 0.500485 0.303278
vt 0.50695 0.319823
vt 0.544142 0.27436
vt 0.536737 0.268097
vt 0.567326 0.284238
vt 0.561002 0.298248
vt 0.556716 0.28344
vt 0.545621 0.289845
vt 0.534164 0.285026
vt 0.64629 0.197197
vt 0.655348 0.209211
vt 0.542216 0.313918
vt 0.535671 0.305298
vt 0.547251 0.301855
vt 0.65254 0.224856
vt 0.660072 0.220658
vt 0.663019 0.231415
vt 0.647669 0.210183
vt 0.649886 0.204153
vt 0.553341 0.313129
vt 0.563791 0.313961
vt 0.554231 0.328059
vt 0.560914 0.271726
vt 0.673575 0.224617
vt 0.592819 0.297443
vt 0.583804 0.294937
vt 0.584674 0.278802
vt 0.575622 0.306102
vt 0.567398 0.329271
vt 0.525685 0.237528
vt 0.645763 0.226337
vt 0.539052 0.3311
vt 0.528292 0.322792
vt 0.599013 0.314863
vt 0.602837 0.332234
vt 0.582894 0.329293
vt 0.547498 0.203095
vt 0.628598 0.186213
vt 0.627348 0.174289
vt 0.553354 0.174372
vt 0.587998 0.307977
vt 0.615838 0.188156
vt 0.619258 0.178162
vt 0.569967 0.171477
vt 0.607889 0.165146
vt 0.57429 0.207356
vt 0.616791 0.170115
vt 0.59133 0.168289
vt 0.518729 0.31301
vt 0.519199 0.317877
vt 0.524953 0.310544
vt 0.526201 0.302683
vt 0.570171 0.227289
vt 0.621609 0.325153
vt 0.578122 0.221436
vt 0.578836 0.236096
vt 0.576726 0.249947
vt 0.523442 0.296172
vt 0.641531 0.202933
vt 0.633579 0.198409
vt 0.638665 0.209936
vt 0.577245 0.263212
vt 0.587516 0.261881
vt 0.541225 0.297627
vt 0.531978 0.294639
vt 0.643004 0.218312
vt 0.60282 0.203039
vt 0.613884 0.288134
vt 0.602508 0.269018
vt 0.623447 0.270924
vt 0.594561 0.231084
vt 0.573034 0.273687
vt 0.58623 0.211769
vt 0.625127 0.208439
vt 0.637093 0.228407
vt 0.585957 0.245811
vt 0.65391 0.238594
vt 0.65606 0.251462
vt 0.647987 0.242263
vt 0.618889 0.229066
vt 0.596572 0.252221
vt 0.592573 0.273922
vt 0.576256 0.288472
vt 0.650212 0.256884
vt 0.630752 0.250449
vt 0.629495 0.288036
vt 0.598433 0.285395
vt 0.643357 0.250355
vt 0.656458 0.267392
vt 0.643824 0.274274
vt 0.639705 0.303807
vt 0.625177 0.306538
vt 0.570944 0.294086
vt 0.664065 0.277663
vt 0.658359 0.282936
vt 0.607172 0.3028
vt 0.612692 0.250155
vt 0.671947 0.295316
vt 0.657388 0.302646
vt 0.661938 0.248464
vt 0.659992 0.23749
vt 0.669067 0.246399
vt 0.67076 0.278342
vt 0.666068 0.268562
vt 0.662396 0.260153
vt 0.67324 0.258436
vt 0.67562 0.269247
vt 0.666564 0.257824
vt 0.671519 0.237506
vt 0.678638 0.283087
vt 0.488749 0.211583
vt 0.48381 0.200902
vt 0.34411 0.630166
vt 0.338888 0.633157
vt 0.338884 0.628089
vt 0.35524 0.626453
vt 0.350989 0.636462
vt 0.322772 0.621155
vt 0.334484 0.626425
vt 0.324672 0.629296
vt 0.338166 0.617224
vt 0.352487 0.61559
vt 0.34245 0.624383
vt 0.379448 0.601091
vt 0.386853 0.598803
vt 0.380306 0.606538
vt 0.384838 0.593035
vt 0.390488 0.590878
vt 0.379256 0.599428
vt 0.369169 0.606244
vt 0.367946 0.61421
vt 0.343058 0.65391
vt 0.337546 0.643185
vt 0.344076 0.643258
vt 0.325399 0.60533
vt 0.350763 0.598406
vt 0.351863 0.643566
vt 0.347366 0.642802
vt 0.346338 0.638352
vt 0.311895 0.628675
vt 0.378024 0.588402
vt 0.368374 0.59515
vt 0.348762 0.648813
vt 0.355875 0.6419
vt 0.357431 0.647687
vt 0.347587 0.677659
vt 0.35497 0.680202
vt 0.343439 0.697254
vt 0.27486 0.631813
vt 0.25911 0.626646
vt 0.286135 0.619889
vt 0.378498 0.664495
vt 0.367087 0.652963
vt 0.378907 0.648787
vt 0.369624 0.625023
vt 0.300592 0.633519
vt 0.303604 0.625806
vt 0.289269 0.63076
vt 0.282725 0.637536
vt 0.35642 0.670186
vt 0.404333 0.648949
vt 0.39379 0.644561
vt 0.404515 0.635233
vt 0.356809 0.658677
vt 0.349699 0.662399
vt 0.353952 0.652573
vt 0.310524 0.617238
vt 0.391495 0.608255
vt 0.388176 0.603009
vt 0.413578 0.626326
vt 0.417534 0.613161
vt 0.41977 0.629118
vt 0.374526 0.632842
vt 0.384308 0.626902
vt 0.378716 0.559013
vt 0.394432 0.554125
vt 0.383743 0.566584
vt 0.387934 0.640727
vt 0.394556 0.634643
vt 0.363058 0.665665
vt 0.370709 0.67063
vt 0.405027 0.609382
vt 0.390288 0.615719
vt 0.362576 0.676237
vt 0.35542 0.693924
vt 0.377134 0.677087
vt 0.365379 0.687592
vt 0.265182 0.615715
vt 0.378255 0.613244
vt 0.365007 0.565247
vt 0.362295 0.579909
vt 0.327559 0.548242
vt 0.273257 0.638659
vt 0.269746 0.646559
vt 0.256113 0.638722
vt 0.295527 0.642033
vt 0.255915 0.652838
vt 0.238045 0.670104
vt 0.254497 0.664728
vt 0.284523 0.646274
vt 0.306903 0.639481
vt 0.318322 0.639796
vt 0.26551 0.661636
vt 0.254026 0.671603
vt 0.248235 0.675357
vt 0.281767 0.655596
vt 0.292068 0.65071
vt 0.311655 0.645286
vt 0.256026 0.679954
vt 0.304376 0.64913
vt 0.261671 0.668712
vt 0.315031 0.650225
vt 0.328503 0.640876
vt 0.276058 0.669569
vt 0.396587 0.623325
vt 0.263987 0.675916
vt 0.252878 0.683375
vt 0.33068 0.709945
vt 0.329782 0.699314
vt 0.427937 0.619452
vt 0.363258 0.552928
vt 0.357108 0.543185
vt 0.411175 0.627605
vt 0.416423 0.632286
vt 0.415573 0.64209
vt 0.297199 0.656683
vt 0.322927 0.648097
vt 0.293452 0.66729
vt 0.376149 0.573275
vt 0.406492 0.62447
vt 0.357139 0.537614
vt 0.307902 0.6603
vt 0.275317 0.683737
vt 0.294661 0.690301
vt 0.285261 0.693469
vt 0.288056 0.677954
vt 0.35652 0.527242
vt 0.263323 0.685307
vt 0.266644 0.693814
vt 0.303589 0.687891
vt 0.317357 0.686213
vt 0.307701 0.692194
vt 0.38123 0.63718
vt 0.38993 0.540629
vt 0.33472 0.6555
vt 0.328664 0.651728
vt 0.300559 0.678133
vt 0.245745 0.619807
vt 0.241176 0.639919
vt 0.396961 0.601472
vt 0.298272 0.696534
vt 0.241373 0.652979
vt 0.321677 0.659048
vt 0.316808 0.668657
vt 0.329189 0.663321
vt 0.294863 0.68328
vt 0.361899 0.656271
vt 0.334445 0.687837
vt 0.371919 0.693816
vt 0.337859 0.663851
vt 0.358178 0.63946
vt 0.306773 0.671071
vt 0.312298 0.678632
vt 0.333197 0.670831
vt 0.306597 0.684267
vt 0.357225 0.704745
vt 0.369462 0.551977
vt 0.363728 0.715041
vt 0.361882 0.70475
vt 0.367643 0.69932
vt 0.38904 0.658764
vt 0.372195 0.54086
vt 0.364413 0.545888
vt 0.340718 0.671223
vt 0.293259 0.700084
vt 0.37147 0.558721
vt 0.362712 0.536095
vt 0.304116 0.702972
vt 0.377011 0.563862
vt 0.334604 0.679787
vt 0.324079 0.676022
vt 0.381583 0.695883
vt 0.37692 0.703472
vt 0.387656 0.67874
vt 0.392755 0.68846
vt 0.401269 0.677012
vt 0.319486 0.698899
vt 0.328102 0.683322
vt 0.31783 0.718789
vt 0.312236 0.707047
vt 0.354743 0.731066
vt 0.362905 0.642911
vt 0.372659 0.640431
vt 0.365628 0.634555
vt 0.35064 0.721167
vt 0.352289 0.70951
vt 0.351062 0.707096
vt 0.342084 0.71674
vt 0.38301 0.581124
vt 0.385858 0.574767
vt 0.391895 0.584474
vt 0.402753 0.660512
vt 0.295711 0.487488
vt 0.317571 0.494813
vt 0.330028 0.724044
vt 0.398546 0.665468
vt 0.299302 0.596324
vt 0.266909 0.573506
vt 0.262606 0.603803
vt 0.235061 0.5947
vt 0.239766 0.524234
vt 0.310827 0.623027
vt 0.318302 0.616521
vt 0.341317 0.637281
vt 0.877221 0.76892
vt 0.882662 0.768338
vt 0.880167 0.779618
vt 0.954907 0.862095
vt 0.959381 0.85058
vt 0.967375 0.859947
vt 0.897638 0.862645
vt 0.889228 0.861832
vt 0.895367 0.854404
vt 0.891957 0.773467
vt 0.903054 0.909646
vt 0.883146 0.899107
vt 0.898541 0.890577
vt 0.887296 0.882476
vt 0.906729 0.861861
vt 0.844885 0.802183
vt 0.844589 0.816643
vt 0.83068 0.793198
vt 0.913307 0.893164
vt 0.822387 0.832994
vt 0.813726 0.822066
vt 0.826754 0.818622
vt 0.897905 0.882168
vt 0.921959 0.88539
vt 0.930009 0.896436
vt 0.944798 0.891653
vt 0.95364 0.907895
vt 0.883071 0.834274
vt 0.895097 0.832447
vt 0.89218 0.84302
vt 0.896838 0.87166
vt 0.907885 0.881348
vt 0.933176 0.884409
vt 0.925756 0.879019
vt 0.942546 0.880535
vt 0.945594 0.884889
vt 0.876944 0.761046
vt 0.886892 0.760435
vt 0.971222 0.869675
vt 0.979877 0.873548
vt 0.97173 0.884951
vt 0.89824 0.651376
vt 0.887172 0.65649
vt 0.885556 0.645485
vt 0.910565 0.872515
vt 0.91748 0.877729
vt 0.932742 0.875326
vt 0.951323 0.886144
vt 0.800599 0.820308
vt 0.806153 0.803718
vt 0.880964 0.850358
vt 0.875301 0.868466
vt 0.866983 0.852809
vt 0.816317 0.836294
vt 0.880587 0.795359
vt 0.895643 0.792294
vt 0.820135 0.848654
vt 0.852855 0.724868
vt 0.835707 0.702749
vt 0.857273 0.703788
vt 0.809861 0.785903
vt 0.795818 0.785215
vt 0.80534 0.857929
vt 0.810551 0.836711
vt 0.792627 0.79597
vt 0.784191 0.790585
vt 0.875981 0.821651
vt 0.871501 0.807062
vt 0.886914 0.809298
vt 0.815756 0.770559
vt 0.831363 0.768438
vt 0.879964 0.748529
vt 0.836677 0.839156
vt 0.847669 0.740571
vt 0.844972 0.725509
vt 0.873674 0.881709
vt 0.856883 0.801677
vt 0.887392 0.823169
vt 0.842287 0.780011
vt 0.856143 0.781267
vt 0.847286 0.792835
vt 0.864117 0.755742
vt 0.868878 0.770617
vt 0.907106 0.845567
vt 0.83321 0.751182
vt 0.848489 0.763056
vt 0.864292 0.881335
vt 0.861903 0.874033
vt 0.81803 0.754109
vt 0.822352 0.745336
vt 0.870024 0.733302
vt 0.863876 0.76376
vt 0.907472 0.831084
vt 0.899588 0.819293
vt 0.816633 0.805613
vt 0.836426 0.723515
vt 0.831061 0.732401
vt 0.869309 0.789791
vt 0.867888 0.837752
vt 0.860118 0.766543
vt 0.860955 0.820468
vt 0.852755 0.834588
vt 0.859682 0.862197
vt 0.921054 0.868175
vt 0.962909 0.873327
vt 0.964206 0.866124
vt 0.884895 0.664763
vt 0.870976 0.65097
vt 0.881037 0.675549
vt 0.888914 0.673576
vt 0.895373 0.66537
vt 0.797691 0.760377
vt 0.855577 0.850253
vt 0.940627 0.872281
vt 0.951005 0.87391
vt 0.807777 0.756592
vt 0.959468 0.879448
vt 0.978692 0.866228
vt 0.976178 0.85926
vt 0.895675 0.635952
vt 0.906646 0.644543
vt 0.887953 0.68172
vt 0.918458 0.657641
vt 0.93352 0.864391
vt 0.832442 0.861182
vt 0.865693 0.682333
vt 0.884179 0.689155
vt 0.89274 0.684148
vt 0.917499 0.85782
vt 0.924528 0.860463
vt 0.944079 0.865825
vt 0.847455 0.84454
vt 0.90135 0.673694
vt 0.800769 0.884334
vt 0.816172 0.875721
vt 0.846953 0.880653
vt 0.845103 0.863515
vt 0.888468 0.735784
vt 0.89461 0.749735
vt 0.873327 0.70301
vt 0.925925 0.851157
vt 0.941269 0.855682
vt 0.910515 0.677588
vt 0.908983 0.687674
vt 0.905451 0.691221
vt 0.857468 0.882969
vt 0.881504 0.717349
vt 0.881018 0.700723
vt 0.891776 0.703012
vt 0.920291 0.836943
vt 0.948884 0.850228
vt 0.916124 0.694835
vt 0.913955 0.75652
vt 0.918912 0.7713
vt 0.90884 0.766402
vt 0.937508 0.841633
vt 0.844063 0.851622
vt 0.971499 0.851539
vt 0.906517 0.713185
vt 0.902449 0.70341
vt 0.899541 0.72064
vt 0.899782 0.806724
vt 0.915733 0.820352
vt 0.929948 0.829872
vt 0.966075 0.845892
vt 0.899605 0.763022
vt 0.957353 0.836998
vt 0.911958 0.711739
vt 0.944927 0.827908
vt 0.950024 0.841864
vt 0.910824 0.72455
vt 0.905066 0.741281
vt 0.903139 0.753673
vt 0.906816 0.760457
vt 0.924466 0.812075
vt 0.930344 0.821081
vt 0.912706 0.802899
vt 0.828653 0.888373
vt 0.965396 0.836825
vt 0.891326 0.643762
vt 0.91424 0.716857
vt 0.899987 0.689326
vt 0.906475 0.778146
vt 0.935278 0.813766
vt 0.909602 0.790093
vt 0.964843 0.823711
vt 0.919104 0.708758
vt 0.931829 0.717466
vt 0.91886 0.735844
vt 0.927367 0.803236
vt 0.920038 0.900539
vt 0.924475 0.789164
vt 0.940813 0.802405
vt 0.934168 0.909646
vt 0.94846 0.815594
vt 0.95885 0.812052
vt 0.907102 0.812847
vt 0.930485 0.762424
vt 0.926338 0.904073
vt 0.921544 0.748872
vt 0.929792 0.776773
vt 0.914348 0.745432
vt 0.952698 0.798798
vt 0.930977 0.73566
vt 0.929947 0.750722
vt 0.945912 0.78453
vt 0.938268 0.77283
vt 0.795244 0.855922
vt 0.782177 0.853039
vt 0.784862 0.822512
vt 0.797397 0.875103
vt 0.776937 0.901604
vt 0.872235 0.547614
vt 0.865105 0.539199
vt 0.87482 0.534895
vt 0.865934 0.57533
vt 0.853524 0.575602
vt 0.853596 0.567259
vt 0.940965 0.531709
vt 0.933385 0.522774
vt 0.945946 0.52546
vt 0.875753 0.509427
vt 0.865243 0.509034
vt 0.872715 0.498485
vt 0.895759 0.584908
vt 0.894038 0.5745
vt 0.903271 0.582565
vt 0.814522 0.506913
vt 0.818529 0.51582
vt 0.798915 0.517985
vt 0.903402 0.592205
vt 0.949003 0.620345
vt 0.94956 0.627192
vt 0.936888 0.624507
vt 0.971518 0.602798
vt 0.978266 0.614978
vt 0.963032 0.616771
vt 0.849197 0.522886
vt 0.848234 0.536351
vt 0.839271 0.534144
vt 0.911878 0.619744
vt 0.9158 0.629597
vt 0.900955 0.624577
vt 0.813779 0.519137
vt 0.812293 0.534593
vt 0.856327 0.529225
vt 0.860045 0.518921
vt 0.865659 0.526532
vt 0.900649 0.545297
vt 0.889873 0.549811
vt 0.892704 0.541102
vt 0.861736 0.556947
vt 0.873678 0.562444
vt 0.884004 0.537585
vt 0.908625 0.572745
vt 0.916655 0.589142
vt 0.849977 0.474754
vt 0.86044 0.482769
vt 0.848772 0.488478
vt 0.880018 0.573446
vt 0.885502 0.582687
vt 0.914932 0.531879
vt 0.915098 0.556018
vt 0.856428 0.54012
vt 0.849433 0.55787
vt 0.779427 0.474584
vt 0.773614 0.4644
vt 0.785568 0.464809
vt 0.898463 0.601144
vt 0.89652 0.612044
vt 0.887231 0.602477
vt 0.831715 0.480977
vt 0.824186 0.472623
vt 0.837833 0.469784
vt 0.894823 0.499039
vt 0.905822 0.502093
vt 0.893455 0.514452
vt 0.881001 0.553483
vt 0.885567 0.564363
vt 0.826783 0.520726
vt 0.897094 0.561098
vt 0.887998 0.557805
vt 0.881318 0.525437
vt 0.891371 0.592213
vt 0.876562 0.591382
vt 0.822815 0.485451
vt 0.814651 0.477713
vt 0.901813 0.487789
vt 0.912316 0.493476
vt 0.828592 0.422628
vt 0.828777 0.454495
vt 0.815772 0.438402
vt 0.915883 0.519434
vt 0.924016 0.522374
vt 0.908678 0.515676
vt 0.87706 0.581213
vt 0.885758 0.468135
vt 0.892849 0.476526
vt 0.880535 0.472854
vt 0.917369 0.514158
vt 0.92658 0.619176
vt 0.928488 0.506785
vt 0.922237 0.510033
vt 0.922419 0.499112
vt 0.932815 0.529751
vt 0.927999 0.541443
vt 0.835635 0.490486
vt 0.840415 0.481822
vt 0.915067 0.504818
vt 0.845514 0.500214
vt 0.83372 0.506722
vt 0.830369 0.498286
vt 0.898745 0.618907
vt 0.885768 0.619574
vt 0.876893 0.610202
vt 0.941841 0.510636
vt 0.929774 0.515121
vt 0.846745 0.581536
vt 0.837684 0.569868
vt 0.919136 0.503001
vt 0.829069 0.545464
vt 0.825103 0.535807
vt 0.873512 0.524551
vt 0.814267 0.487146
vt 0.814642 0.462948
vt 0.806084 0.472938
vt 0.897903 0.53099
vt 0.883644 0.51565
vt 0.856612 0.589036
vt 0.805608 0.453723
vt 0.803801 0.434022
vt 0.884883 0.507023
vt 0.88062 0.482543
vt 0.871704 0.475867
vt 0.870783 0.487479
vt 0.934137 0.49059
vt 0.866581 0.531088
vt 0.97728 0.505717
vt 0.957952 0.514256
vt 0.958202 0.490985
vt 0.972506 0.521953
vt 0.886961 0.4911
vt 0.955777 0.531681
vt 0.879023 0.514034
vt 0.944972 0.482958
vt 0.834629 0.513435
vt 0.837199 0.522905
vt 0.964015 0.53428
vt 0.971284 0.530907
vt 0.948957 0.538
vt 0.849873 0.451386
vt 0.970096 0.554563
vt 0.971791 0.540061
vt 0.964753 0.628761
vt 0.969926 0.636616
vt 0.956525 0.639017
vt 0.944312 0.641314
vt 0.806232 0.465017
vt 0.778595 0.486715
vt 0.766488 0.473259
vt 0.878621 0.48932
vt 0.793235 0.479646
vt 0.967521 0.620554
vt 0.861892 0.469432
vt 0.790611 0.44173
vt 0.79462 0.453753
vt 0.78074 0.451601
vt 0.798558 0.464981
vt 0.789461 0.495623
vt 0.773302 0.500601
vt 0.956874 0.597972
vt 0.958546 0.609275
vt 0.819563 0.500744
vt 0.960157 0.625931
vt 0.779763 0.514156
vt 0.946464 0.603596
vt 0.944174 0.591467
vt 0.955737 0.618164
vt 0.763872 0.49275
vt 0.926228 0.633096
vt 0.807391 0.484761
vt 0.798136 0.504778
vt 0.95515 0.604775
vt 0.946443 0.613499
vt 0.93833 0.633049
vt 0.952939 0.616612
vt 0.817831 0.493203
vt 0.806092 0.49475
vt 0.846229 0.548566
vt 0.930467 0.638487
vt 0.871695 0.516213
vt 0.825884 0.512125
vt 0.859734 0.494232
vt 0.93513 0.610139
vt 0.826565 0.492712
vt 0.834221 0.557898
vt 0.864294 0.599997
vt 0.859597 0.502852
vt 0.840123 0.544718
vt 0.854675 0.509017
vt 0.84249 0.514421
vt 0.850958 0.514953
vt 0.873389 0.45136
vt 0.972364 0.574571
vt 0.963916 0.587821
vt 0.960364 0.580451
vt 0.904458 0.607824
vt 0.909673 0.601072
vt 0.91778 0.611042
vt 0.932176 0.599742
vt 0.933363 0.583679
vt 0.919778 0.600863
vt 0.955855 0.541882
vt 0.942322 0.543984
vt 0.937515 0.56358
vt 0.95445 0.567452
vt 0.955382 0.552466
vt 0.960519 0.590371
vt 0.950867 0.582301
vt 0.947778 0.556855
vt 0.922268 0.573848
vt 0.941769 0.580943
vt 0.845835 0.508901
vt 0.968685 0.589404
vt 0.688261 0.359272
vt 0.674785 0.363917
vt 0.674113 0.349338
vt 0.616107 0.376702
vt 0.607146 0.377797
vt 0.60349 0.366951
vt 0.628472 0.370607
vt 0.632388 0.380668
vt 0.62435 0.376287
vt 0.635379 0.362921
vt 0.628462 0.358548
vt 0.638104 0.343811
vt 0.793347 0.372032
vt 0.796747 0.361988
vt 0.801973 0.373
vt 0.629796 0.332978
vt 0.615044 0.384509
vt 0.61395 0.381093
vt 0.619095 0.384605
vt 0.776927 0.347958
vt 0.774282 0.335271
vt 0.782963 0.342525
vt 0.761344 0.366096
vt 0.750088 0.370375
vt 0.746438 0.359743
vt 0.64252 0.310334
vt 0.729428 0.437228
vt 0.737705 0.4294
vt 0.744128 0.436195
vt 0.713872 0.405642
vt 0.707455 0.401409
vt 0.720226 0.398296
vt 0.714422 0.393063
vt 0.832573 0.3897
vt 0.830914 0.380934
vt 0.838769 0.376084
vt 0.746962 0.376361
vt 0.75557 0.379115
vt 0.726977 0.402779
vt 0.718826 0.412666
vt 0.744498 0.383645
vt 0.730254 0.370808
vt 0.739969 0.368551
vt 0.811598 0.396749
vt 0.824754 0.400925
vt 0.816273 0.409067
vt 0.773398 0.397507
vt 0.777824 0.41044
vt 0.763887 0.406782
vt 0.729592 0.42728
vt 0.717943 0.431577
vt 0.724454 0.420246
vt 0.609617 0.387982
vt 0.802387 0.328939
vt 0.824479 0.322794
vt 0.807597 0.347567
vt 0.656412 0.317769
vt 0.653509 0.348624
vt 0.662591 0.360058
vt 0.728662 0.383943
vt 0.738891 0.396876
vt 0.764677 0.376994
vt 0.768946 0.381773
vt 0.763388 0.383651
vt 0.694985 0.347773
vt 0.809808 0.380083
vt 0.808024 0.365766
vt 0.612614 0.393337
vt 0.763658 0.341978
vt 0.653919 0.366902
vt 0.684717 0.311219
vt 0.698772 0.317899
vt 0.682646 0.325671
vt 0.6702 0.335445
vt 0.660596 0.332259
vt 0.671841 0.32212
vt 0.685551 0.337279
vt 0.700945 0.337701
vt 0.694786 0.329467
vt 0.628973 0.366189
vt 0.634985 0.369975
vt 0.818734 0.373298
vt 0.827815 0.416597
vt 0.817769 0.430234
vt 0.822753 0.41164
vt 0.767343 0.428851
vt 0.754676 0.429059
vt 0.759932 0.419014
vt 0.780601 0.363409
vt 0.791903 0.338455
vt 0.785958 0.326913
vt 0.765885 0.332804
vt 0.773651 0.312065
vt 0.624637 0.395823
vt 0.718074 0.370121
vt 0.71254 0.377614
vt 0.71922 0.362479
vt 0.621491 0.356922
vt 0.624805 0.364634
vt 0.705979 0.414431
vt 0.705428 0.408343
vt 0.749881 0.337527
vt 0.736527 0.340918
vt 0.742758 0.332012
vt 0.793973 0.410802
vt 0.785935 0.412598
vt 0.785275 0.402674
vt 0.781362 0.3948
vt 0.78886 0.391593
vt 0.808616 0.413081
vt 0.727898 0.393332
vt 0.720382 0.387661
vt 0.777331 0.386463
vt 0.799879 0.402985
vt 0.798735 0.384796
vt 0.801621 0.426996
vt 0.772624 0.433135
vt 0.768136 0.437544
vt 0.786543 0.423788
vt 0.661681 0.406414
vt 0.67049 0.402067
vt 0.671971 0.421034
vt 0.749058 0.419933
vt 0.785756 0.378832
vt 0.773585 0.37536
vt 0.820585 0.386325
vt 0.698026 0.434305
vt 0.706037 0.426047
vt 0.704831 0.436886
vt 0.670147 0.389516
vt 0.68088 0.385234
vt 0.678982 0.394373
vt 0.769001 0.388319
vt 0.767141 0.354654
vt 0.640212 0.415094
vt 0.64215 0.394195
vt 0.651732 0.393156
vt 0.72585 0.355746
vt 0.721959 0.393455
vt 0.682824 0.401149
vt 0.678715 0.410792
vt 0.791211 0.417557
vt 0.734814 0.410926
vt 0.691024 0.390062
vt 0.760069 0.390766
vt 0.643519 0.382734
vt 0.635127 0.375404
vt 0.653074 0.382362
vt 0.656708 0.372692
vt 0.697236 0.429721
vt 0.61753 0.366276
vt 0.749254 0.408721
vt 0.666515 0.395425
vt 0.661397 0.393091
vt 0.706422 0.386576
vt 0.687696 0.41058
vt 0.737888 0.420584
vt 0.654836 0.387436
vt 0.845311 0.361828
vt 0.828696 0.362153
vt 0.744996 0.42685
vt 0.602013 0.350407
vt 0.75968 0.329454
vt 0.75206 0.398155
vt 0.696764 0.408673
vt 0.694605 0.417332
vt 0.691538 0.412953
vt 0.736271 0.351824
vt 0.737629 0.359074
vt 0.754978 0.352085
vt 0.656758 0.399525
vt 0.662526 0.400579
vt 0.81658 0.359068
vt 0.704654 0.327827
vt 0.711187 0.345807
vt 0.721604 0.347137
vt 0.695674 0.363897
vt 0.691989 0.373288
vt 0.699599 0.358173
vt 0.758429 0.438417
vt 0.662001 0.384985
vt 0.672619 0.377316
vt 0.71335 0.31789
vt 0.710024 0.36177
vt 0.710096 0.354773
vt 0.782123 0.432999
vt 0.732361 0.325509
vt 0.736119 0.313684
vt 0.750232 0.31584
vt 0.772711 0.420085
vt 0.709484 0.433131
vt 0.705587 0.367851
vt 0.693911 0.401129
vt 0.743631 0.414278
vt 0.718152 0.335839
vt 0.685377 0.419499
vt 0.702913 0.393993
vt 0.7277 0.346237
vt 0.783364 0.336213
vt 0.790334 0.350692
vt 0.69361 0.426198
vt 0.688123 0.432039
vt 0.725777 0.313953
vt 0.599657 0.394494
vt 0.64408 0.368088
vt 0.702958 0.446636
vt 0.699184 0.440076
vt 0.640065 0.356298
vt 0.637596 0.355173
vt 0.82587 0.375411
vt 0.825176 0.346444
vt 0.845311 0.335901
vt 0.665362 0.368406
vt 0.717231 0.444461
vt 0.709406 0.460182
vt 0.74115 0.455021
vt 0.73702 0.443459
vt 0.748932 0.449892
vt 0.729855 0.44762
vt 0.722215 0.45614
vt 0.750221 0.440573
vt 0.726103 0.462282
vt 0.735072 0.460576
vt 0.710843 0.438347
vt 0.724856 0.46954
vt 0.716235 0.469308
vt 0.845257 0.399199
vt 0.844411 0.409281
vt 0.83393 0.407634
vt 0.836203 0.415732
vt 0.834351 0.400177
vt 0.845311 0.385602
vt 0.599657 0.374363
vt 0.825769 0.381404
vt 0.743863 0.348516
vt 0.738732 0.347581
vt 0.844215 0.417609
vt 0.724397 0.850875
vt 0.748475 0.844654
vt 0.731841 0.859275
vt 0.740319 0.885498
vt 0.742318 0.867366
vt 0.755162 0.873323
vt 0.751293 0.89345
vt 0.75981 0.881984
vt 0.761982 0.889923
vt 0.72314 0.869097
vt 0.740176 0.907399
vt 0.75999 0.902851
vt 0.758428 0.922903
vt 0.774528 0.908049
vt 0.773304 0.894492
vt 0.680121 0.905977
vt 0.679364 0.888495
vt 0.693233 0.904146
vt 0.682393 0.780226
vt 0.676607 0.787198
vt 0.67275 0.767948
vt 0.684484 0.833071
vt 0.67707 0.828894
vt 0.68732 0.822867
vt 0.656726 0.807052
vt 0.667715 0.797576
vt 0.672173 0.813768
vt 0.636096 0.778299
vt 0.641921 0.786114
vt 0.62711 0.778288
vt 0.730634 0.897133
vt 0.71702 0.931368
vt 0.703399 0.920987
vt 0.708844 0.91513
vt 0.743613 0.937591
vt 0.732558 0.921925
vt 0.743632 0.924599
vt 0.683477 0.749256
vt 0.681659 0.768387
vt 0.649886 0.777381
vt 0.636902 0.749026
vt 0.661092 0.774993
vt 0.682679 0.786857
vt 0.682271 0.844884
vt 0.669636 0.894589
vt 0.664801 0.879691
vt 0.695324 0.939792
vt 0.694119 0.921589
vt 0.707989 0.935583
vt 0.632805 0.818722
vt 0.642433 0.819717
vt 0.640118 0.831216
vt 0.702067 0.912912
vt 0.704596 0.892052
vt 0.692293 0.88204
vt 0.705921 0.873385
vt 0.702151 0.850452
vt 0.711721 0.858132
vt 0.702585 0.860713
vt 0.66449 0.823838
vt 0.651317 0.81999
vt 0.719706 0.890316
vt 0.712367 0.904965
vt 0.694485 0.775239
vt 0.708821 0.780148
vt 0.704184 0.789393
vt 0.698664 0.829902
vt 0.70363 0.820165
vt 0.711846 0.838691
vt 0.720097 0.92095
vt 0.659748 0.749184
vt 0.703413 0.905627
vt 0.64813 0.829746
vt 0.659258 0.83717
vt 0.723857 0.90623
vt 0.703993 0.802445
vt 0.68615 0.804893
vt 0.689721 0.790443
vt 0.733948 0.783449
vt 0.698267 0.896528
vt 0.685797 0.784262
vt 0.681353 0.878324
vt 0.674227 0.872429
vt 0.682936 0.871602
vt 0.686765 0.865272
vt 0.681736 0.859877
vt 0.664148 0.865165
vt 0.693464 0.859443
vt 0.654153 0.789762
vt 0.678276 0.864055
vt 0.671307 0.854329
vt 0.686909 0.858154
vt 0.746758 0.825335
vt 0.740126 0.859361
vt 0.503585 0.917596
vt 0.518548 0.92857
vt 0.508621 0.931576
vt 0.655745 0.853802
vt 0.498216 0.933011
vt 0.497927 0.926558
vt 0.718909 0.861125
vt 0.751965 0.800042
vt 0.693525 0.839424
vt 0.640625 0.773447
vt 0.670443 0.837693
vt 0.647744 0.840448
vt 0.734137 0.940502
vt 0.654831 0.869039
vt 0.656847 0.879462
vt 0.63885 0.802383
vt 0.726202 0.953809
vt 0.647707 0.796651
vt 0.701804 0.959392
vt 0.69415 0.947693
vt 0.683465 0.920367
vt 0.707681 0.812723
vt 0.690887 0.959165
vt 0.689999 0.950131
vt 0.566271 0.939531
vt 0.570968 0.955181
vt 0.560663 0.961896
vt 0.588967 0.962028
vt 0.640047 0.961802
vt 0.617574 0.972142
vt 0.62727 0.944254
vt 0.754167 0.937714
vt 0.767593 0.944877
vt 0.776046 0.934294
vt 0.776993 0.943655
vt 0.604042 0.945568
vt 0.681086 0.929702
vt 0.675069 0.911182
vt 0.670576 0.904293
vt 0.771796 0.922056
vt 0.68574 0.940623
vt 0.675957 0.917614
vt 0.668266 0.908785
vt 0.7791 0.918466
vt 0.673995 0.9234
vt 0.761948 0.965142
vt 0.670365 0.936476
vt 0.689351 0.762883
vt 0.667682 0.917981
vt 0.668977 0.960408
vt 0.681684 0.952434
vt 0.657244 0.972499
vt 0.656197 0.953046
vt 0.655981 0.901613
vt 0.653771 0.920342
vt 0.646238 0.937416
vt 0.639077 0.923083
vt 0.637472 0.845327
vt 0.644974 0.850555
vt 0.639919 0.851779
vt 0.639258 0.85565
vt 0.633562 0.93182
vt 0.622928 0.923444
vt 0.638122 0.906245
vt 0.624251 0.791558
vt 0.628452 0.804353
vt 0.626937 0.813826
vt 0.521616 0.862588
vt 0.537178 0.879387
vt 0.52127 0.882963
vt 0.616675 0.90329
vt 0.622997 0.810634
vt 0.619125 0.79787
vt 0.630623 0.833719
vt 0.566772 0.901406
vt 0.549659 0.905228
vt 0.552562 0.893604
vt 0.60958 0.772563
vt 0.614564 0.806476
vt 0.619685 0.82384
vt 0.50049 0.898421
vt 0.516115 0.913514
vt 0.608919 0.79404
vt 0.599205 0.90092
vt 0.606712 0.917783
vt 0.591971 0.92285
vt 0.594608 0.77352
vt 0.606108 0.813036
vt 0.603734 0.799343
vt 0.530158 0.924671
vt 0.542894 0.948184
vt 0.532633 0.944162
vt 0.585716 0.939115
vt 0.659229 0.888279
vt 0.652408 0.877919
vt 0.606701 0.858599
vt 0.625224 0.853059
vt 0.615394 0.874167
vt 0.6478 0.858615
vt 0.64803 0.883531
vt 0.634001 0.876097
vt 0.640988 0.891093
vt 0.643392 0.868155
vt 0.664935 0.899423
vt 0.625839 0.889204
vt 0.612698 0.889416
vt 0.592514 0.860062
vt 0.581801 0.865359
vt 0.582135 0.848342
vt 0.601304 0.873195
vt 0.604791 0.884012
vt 0.59601 0.885734
vt 0.591092 0.875976
vt 0.594488 0.845226
vt 0.578951 0.825777
vt 0.594548 0.828365
vt 0.60683 0.839396
vt 0.581114 0.909699
vt 0.585666 0.894997
vt 0.603588 0.823245
vt 0.571349 0.914504
vt 0.577246 0.924968
vt 0.590084 0.886121
vt 0.590339 0.804095
vt 0.678995 0.971559
vt 0.540354 0.847433
vt 0.55651 0.849201
vt 0.549112 0.868338
vt 0.577761 0.88226
vt 0.523282 0.943679
vt 0.574607 0.769117
vt 0.547903 0.923969
vt 0.561834 0.917933
vt 0.563267 0.792082
vt 0.566991 0.867673
vt 0.569978 0.852926
vt 0.548016 0.884047
vt 0.56006 0.883541
vt 0.513964 0.87151
vt 0.564388 0.837695
vt 0.565423 0.847811
vt 0.522053 0.908113
vt 0.558204 0.815265
vt 0.668783 0.733475
vt 0.780899 0.925752
vt 0.542558 0.893354
vt 0.712811 0.94872
vt 0.720192 0.958278
vt 0.711563 0.959156
vt 0.744519 0.971682
vt 0.535581 0.816675
vt 0.535152 0.862645
vt 0.5296 0.85109
vt 0.530993 0.90055
vt 0.524272 0.831804
vt 0.548252 0.797556
vt 0.506138 0.945717
vt 0.514625 0.944369
vt 0.513075 0.847794
vt 0.512248 0.949978
vt 0.509765 0.947568
vt 0.502635 0.879127
vt 0.373622 0.359485
vt 0.37858 0.358358
vt 0.377722 0.362743
vt 0.353975 0.358783
vt 0.360717 0.359815
vt 0.355484 0.364779
vt 0.403333 0.367289
vt 0.412446 0.364038
vt 0.406659 0.374967
vt 0.355962 0.375655
vt 0.354221 0.381766
vt 0.349733 0.377985
vt 0.347114 0.382838
vt 0.361655 0.352148
vt 0.369574 0.353971
vt 0.365117 0.355716
vt 0.353483 0.371633
vt 0.34863 0.36994
vt 0.420376 0.361671
vt 0.423061 0.369679
vt 0.355844 0.483386
vt 0.361218 0.47196
vt 0.367402 0.483228
vt 0.357439 0.368701
vt 0.356394 0.372095
vt 0.382431 0.370958
vt 0.388804 0.362019
vt 0.389694 0.366606
vt 0.367952 0.364967
vt 0.36754 0.359513
vt 0.370805 0.364784
vt 0.394419 0.360375
vt 0.395444 0.366772
vt 0.40166 0.359297
vt 0.361013 0.367417
vt 0.366242 0.370196
vt 0.360775 0.37362
vt 0.352411 0.387444
vt 0.358037 0.387125
vt 0.354212 0.393492
vt 0.382827 0.458108
vt 0.393405 0.453959
vt 0.391287 0.465125
vt 0.344703 0.488695
vt 0.347271 0.481514
vt 0.351257 0.490662
vt 0.372699 0.369356
vt 0.369039 0.378124
vt 0.3605 0.380177
vt 0.370486 0.366428
vt 0.376859 0.354929
vt 0.391076 0.356132
vt 0.363849 0.387256
vt 0.399024 0.376878
vt 0.392816 0.379014
vt 0.347592 0.471635
vt 0.347429 0.462621
vt 0.352971 0.472479
vt 0.381374 0.519767
vt 0.365209 0.513519
vt 0.375514 0.509136
vt 0.378996 0.46549
vt 0.371527 0.463849
vt 0.416189 0.375568
vt 0.382802 0.480185
vt 0.375042 0.492224
vt 0.397411 0.355012
vt 0.333527 0.506509
vt 0.33742 0.495602
vt 0.349895 0.519911
vt 0.335868 0.484163
vt 0.44078 0.386998
vt 0.444153 0.397351
vt 0.436274 0.394212
vt 0.456133 0.408307
vt 0.45373 0.393174
vt 0.429852 0.390689
vt 0.430466 0.382997
vt 0.435544 0.376846
vt 0.447783 0.37479
vt 0.462147 0.387595
vt 0.347696 0.390885
vt 0.344466 0.417104
vt 0.351347 0.422238
vt 0.338136 0.423009
vt 0.34432 0.432484
vt 0.395972 0.517078
vt 0.47462 0.384192
vt 0.387198 0.50622
vt 0.374867 0.502148
vt 0.375488 0.529723
vt 0.364447 0.495914
vt 0.337003 0.524354
vt 0.328722 0.516307
vt 0.394688 0.529378
vt 0.426861 0.376467
vt 0.433003 0.330149
vt 0.444118 0.327126
vt 0.444023 0.344318
vt 0.421672 0.384221
vt 0.35426 0.50352
vt 0.413946 0.503474
vt 0.421313 0.393473
vt 0.34238 0.387887
vt 0.334414 0.386055
vt 0.337997 0.381601
vt 0.398398 0.474852
vt 0.408451 0.4735
vt 0.384328 0.355118
vt 0.367589 0.489481
vt 0.377484 0.448249
vt 0.385064 0.451028
vt 0.408004 0.348237
vt 0.420713 0.353782
vt 0.363658 0.426853
vt 0.363092 0.419193
vt 0.369799 0.420217
vt 0.350222 0.413922
vt 0.344638 0.408431
vt 0.34031 0.375156
vt 0.341095 0.395724
vt 0.343779 0.4012
vt 0.348197 0.397635
vt 0.348571 0.402826
vt 0.374928 0.394758
vt 0.378849 0.402137
vt 0.37334 0.406541
vt 0.34435 0.39675
vt 0.403907 0.385
vt 0.377435 0.383646
vt 0.383378 0.381438
vt 0.381289 0.390263
vt 0.396682 0.387276
vt 0.396243 0.379939
vt 0.400092 0.415233
vt 0.411196 0.415577
vt 0.405899 0.419536
vt 0.405419 0.425441
vt 0.410576 0.422848
vt 0.400955 0.420952
vt 0.427845 0.398246
vt 0.434972 0.401221
vt 0.421566 0.423113
vt 0.413258 0.427741
vt 0.42215 0.413077
vt 0.399567 0.465497
vt 0.391978 0.420575
vt 0.397794 0.426292
vt 0.381381 0.447425
vt 0.386203 0.445358
vt 0.398253 0.458932
vt 0.399415 0.45339
vt 0.419077 0.43364
vt 0.363625 0.441708
vt 0.361875 0.437594
vt 0.367807 0.437738
vt 0.432615 0.395723
vt 0.392421 0.441297
vt 0.396052 0.44912
vt 0.397883 0.429455
vt 0.389951 0.429947
vt 0.366041 0.450543
vt 0.370285 0.444563
vt 0.410898 0.452011
vt 0.404166 0.452203
vt 0.404066 0.449326
vt 0.40493 0.430214
vt 0.430091 0.412143
vt 0.43642 0.408494
vt 0.433014 0.415953
vt 0.396819 0.435065
vt 0.412764 0.435683
vt 0.40616 0.438385
vt 0.412781 0.442498
vt 0.377906 0.436381
vt 0.386379 0.436706
vt 0.382197 0.441285
vt 0.412344 0.449332
vt 0.403094 0.443929
vt 0.3721 0.438226
vt 0.371775 0.434262
vt 0.376094 0.419354
vt 0.373501 0.428322
vt 0.368102 0.440927
vt 0.380102 0.445213
vt 0.376192 0.442566
vt 0.37456 0.43386
vt 0.357119 0.437667
vt 0.362731 0.434043
vt 0.382311 0.424496
vt 0.428555 0.405628
vt 0.380374 0.432106
vt 0.368311 0.432901
vt 0.355499 0.431277
vt 0.35902 0.44375
vt 0.353485 0.450229
vt 0.35258 0.427124
vt 0.357002 0.426063
vt 0.360693 0.449691
vt 0.418151 0.439649
vt 0.36276 0.454912
vt 0.354685 0.46267
vt 0.351782 0.438883
vt 0.359227 0.458953
vt 0.347465 0.442657
vt 0.345993 0.450605
vt 0.342085 0.44134
vt 0.365575 0.463584
vt 0.420843 0.402369
vt 0.403143 0.406774
vt 0.358435 0.402685
vt 0.353843 0.402573
vt 0.360579 0.396167
vt 0.358269 0.42203
vt 0.355556 0.416624
vt 0.393589 0.411779
vt 0.337469 0.397086
vt 0.363291 0.403903
vt 0.368271 0.393804
vt 0.369475 0.40243
vt 0.387212 0.373829
vt 0.386603 0.383928
vt 0.414566 0.390639
vt 0.411126 0.383632
vt 0.408302 0.391009
vt 0.330393 0.392326
vt 0.4123 0.397945
vt 0.402395 0.395988
vt 0.396406 0.399375
vt 0.39729 0.395445
vt 0.343516 0.363282
vt 0.338154 0.406284
vt 0.357037 0.407482
vt 0.35098 0.408336
vt 0.390264 0.389495
vt 0.39377 0.394224
vt 0.389518 0.399291
vt 0.398325 0.409878
vt 0.350371 0.417488
vt 0.387321 0.412989
vt 0.388154 0.406739
vt 0.347067 0.350771
vt 0.381502 0.410948
vt 0.339047 0.357229
vt 0.383976 0.402669
vt 0.354824 0.411997
vt 0.33358 0.377183
vt 0.371482 0.387028
vt 0.404458 0.456883
vt 0.40894 0.45476
vt 0.368052 0.41175
vt 0.361014 0.412217
vt 0.37692 0.376328
vt 0.452018 0.333998
vt 0.456273 0.327702
vt 0.459231 0.335579
vt 0.381943 0.376907
vt 0.461847 0.344069
vt 0.467727 0.332745
vt 0.474399 0.346941
vt 0.453337 0.343449
vt 0.484435 0.314861
vt 0.500851 0.323173
vt 0.494568 0.334978
vt 0.479314 0.32056
vt 0.478801 0.334893
vt 0.466415 0.314462
vt 0.497156 0.357902
vt 0.478294 0.362784
vt 0.466775 0.353512
vt 0.45576 0.355991
vt 0.458667 0.350938
vt 0.412771 0.405878
vt 0.407718 0.402439
vt 0.372837 0.4144
vt 0.376185 0.411066
vt 0.448658 0.351837
vt 0.384162 0.39476
vt 0.494672 0.31252
vt 0.465908 0.368695
vt 0.340944 0.370166
vt 0.39429 0.405458
vt 0.384118 0.4177
vt 0.390905 0.404298
vt 0.32932 0.382726
vt 0.32962 0.369324
vt 0.3282 0.357314
vt 0.335399 0.363245
vt 0.327713 0.378322
vt 0.330154 0.385536
vt 0.320952 0.351557
vt 0.321092 0.343497
vt 0.334508 0.332759
vt 0.335792 0.366866
vt 0.33566 0.369876
vt 0.334875 0.371791
vt 0.340837 0.344055
vt 0.439534 0.361241
vt 0.445298 0.365549
vt 0.435315 0.371207
vt 0.42765 0.361641
vt 0.431547 0.350444
vt 0.358315 0.35436
vt 0.372146 0.348705
vt 0.536558 0.75769
vt 0.519268 0.752834
vt 0.524501 0.739686
vt 0.554704 0.754059
vt 0.540577 0.738972
vt 0.51862 0.764088
vt 0.503635 0.762899
vt 0.524886 0.764122
vt 0.531499 0.77849
vt 0.586586 0.683879
vt 0.584365 0.664395
vt 0.592817 0.673213
vt 0.592507 0.664028
vt 0.585743 0.659596
vt 0.580364 0.670119
vt 0.576935 0.677693
vt 0.599098 0.66958
vt 0.579505 0.659211
vt 0.571284 0.670218
vt 0.603015 0.661236
vt 0.573204 0.662376
vt 0.510155 0.583844
vt 0.519103 0.588843
vt 0.515146 0.597204
vt 0.526436 0.569587
vt 0.521233 0.579672
vt 0.520621 0.564356
vt 0.527603 0.593371
vt 0.522404 0.607482
vt 0.531251 0.578407
vt 0.520924 0.55183
vt 0.523508 0.560561
vt 0.53691 0.563229
vt 0.533982 0.608198
vt 0.538098 0.594719
vt 0.561415 0.706705
vt 0.565735 0.703183
vt 0.559655 0.719244
vt 0.555642 0.707496
vt 0.552923 0.702119
vt 0.559761 0.700526
vt 0.570154 0.709522
vt 0.572618 0.703674
vt 0.546219 0.699378
vt 0.542151 0.690254
vt 0.549536 0.693439
vt 0.575799 0.710466
vt 0.573571 0.720807
vt 0.55559 0.695449
vt 0.567897 0.693701
vt 0.568612 0.73199
vt 0.557182 0.738534
vt 0.582081 0.70682
vt 0.577097 0.697598
vt 0.418953 0.781632
vt 0.431924 0.780515
vt 0.426441 0.788987
vt 0.418948 0.765989
vt 0.419327 0.790126
vt 0.445264 0.778268
vt 0.441091 0.790126
vt 0.438064 0.76104
vt 0.427112 0.751294
vt 0.494801 0.751527
vt 0.49082 0.759576
vt 0.489877 0.772234
vt 0.482965 0.762492
vt 0.474641 0.773936
vt 0.558339 0.775296
vt 0.56825 0.757202
vt 0.583367 0.719999
vt 0.582009 0.733473
vt 0.570239 0.743868
vt 0.59127 0.723123
vt 0.539703 0.768541
vt 0.602967 0.717181
vt 0.600013 0.722872
vt 0.596531 0.716081
vt 0.590782 0.713663
vt 0.586659 0.749299
vt 0.549009 0.730246
vt 0.607353 0.760949
vt 0.577133 0.7637
vt 0.595663 0.73125
vt 0.604574 0.729131
vt 0.600917 0.743623
vt 0.611457 0.739975
vt 0.600021 0.710921
vt 0.592037 0.703379
vt 0.607222 0.715338
vt 0.441943 0.740103
vt 0.451332 0.733628
vt 0.454827 0.747896
vt 0.445712 0.721819
vt 0.454136 0.722012
vt 0.435669 0.737358
vt 0.436551 0.732226
vt 0.469732 0.744098
vt 0.447168 0.753659
vt 0.441159 0.749298
vt 0.443452 0.729831
vt 0.623306 0.716284
vt 0.62038 0.700597
vt 0.627131 0.705522
vt 0.612203 0.706518
vt 0.61564 0.719764
vt 0.636956 0.693979
vt 0.600846 0.696918
vt 0.507025 0.67992
vt 0.502697 0.688494
vt 0.496964 0.678912
vt 0.506359 0.6683
vt 0.49592 0.667642
vt 0.491835 0.662024
vt 0.501356 0.657333
vt 0.612318 0.680989
vt 0.622003 0.687736
vt 0.610757 0.691927
vt 0.584105 0.696817
vt 0.603115 0.680622
vt 0.624205 0.676497
vt 0.512771 0.672923
vt 0.609154 0.67181
vt 0.512047 0.658171
vt 0.515347 0.665416
vt 0.519548 0.688482
vt 0.516277 0.680654
vt 0.526117 0.680921
vt 0.522599 0.659477
vt 0.516867 0.651245
vt 0.611783 0.662908
vt 0.622717 0.662311
vt 0.533446 0.640699
vt 0.522482 0.637803
vt 0.529662 0.628174
vt 0.521118 0.671711
vt 0.554346 0.685813
vt 0.577007 0.688163
vt 0.566828 0.680775
vt 0.434449 0.745034
vt 0.424827 0.741226
vt 0.42915 0.734908
vt 0.471484 0.758898
vt 0.430232 0.729443
vt 0.436034 0.72493
vt 0.430126 0.726405
vt 0.611156 0.724864
vt 0.615141 0.73204
vt 0.432072 0.724738
vt 0.430155 0.721275
vt 0.443984 0.582222
vt 0.454856 0.590679
vt 0.445603 0.59673
vt 0.482373 0.5629
vt 0.460977 0.551328
vt 0.479541 0.544172
vt 0.506639 0.535078
vt 0.495388 0.547358
vt 0.498802 0.53626
vt 0.465842 0.500755
vt 0.499782 0.517626
vt 0.488297 0.53021
vt 0.503204 0.531581
vt 0.462912 0.525338
vt 0.462064 0.569526
vt 0.470134 0.584851
vt 0.626642 0.730663
vt 0.619459 0.728792
vt 0.431114 0.553672
vt 0.421516 0.573497
vt 0.495124 0.500755
vt 0.436826 0.527874
vt 0.420733 0.600297
vt 0.637533 0.729797
vt 0.452516 0.511934
vt 0.632761 0.710506
vt 0.439759 0.609829
vt 0.46028 0.602563
vt 0.644661 0.711559
vt 0.648662 0.718638
vt 0.641135 0.720153
vt 0.463567 0.647373
vt 0.452617 0.643353
vt 0.4599 0.636049
vt 0.448563 0.63291
vt 0.456643 0.623825
vt 0.45322 0.614874
vt 0.446501 0.621975
vt 0.46807 0.627678
vt 0.464099 0.615995
vt 0.47004 0.618757
vt 0.474263 0.609558
vt 0.474259 0.598509
vt 0.502281 0.636451
vt 0.507042 0.627641
vt 0.512215 0.636839
vt 0.493408 0.63318
vt 0.487103 0.624766
vt 0.497524 0.62634
vt 0.485402 0.593887
vt 0.48385 0.605963
vt 0.481948 0.601795
vt 0.477104 0.620895
vt 0.485976 0.61221
vt 0.489694 0.603183
vt 0.52683 0.618256
vt 0.518469 0.626683
vt 0.517603 0.616633
vt 0.497439 0.609483
vt 0.500916 0.596681
vt 0.502598 0.617858
vt 0.493965 0.578185
vt 0.494123 0.617953
vt 0.510035 0.610076
vt 0.511035 0.620316
vt 0.486498 0.63907
vt 0.511089 0.68954
vt 0.51972 0.696903
vt 0.545594 0.709621
vt 0.467035 0.670672
vt 0.48494 0.670626
vt 0.474997 0.683819
vt 0.510188 0.711625
vt 0.494969 0.712212
vt 0.505052 0.70026
vt 0.514938 0.741312
vt 0.503806 0.741733
vt 0.519706 0.705891
vt 0.532825 0.701624
vt 0.53023 0.71387
vt 0.469685 0.788559
vt 0.455477 0.764851
vt 0.486422 0.695419
vt 0.495331 0.692162
vt 0.493393 0.701321
vt 0.526723 0.726047
vt 0.541959 0.723321
vt 0.459505 0.790126
vt 0.529397 0.690759
vt 0.482466 0.751781
vt 0.488601 0.741946
vt 0.47479 0.698353
vt 0.481931 0.691323
vt 0.479209 0.727856
vt 0.488745 0.724237
vt 0.485545 0.731727
vt 0.437047 0.68927
vt 0.448143 0.679192
vt 0.450245 0.687411
vt 0.466921 0.728265
vt 0.477918 0.735368
vt 0.486999 0.68493
vt 0.454937 0.661395
vt 0.45422 0.671619
vt 0.442379 0.669095
vt 0.520368 0.713428
vt 0.507949 0.552306
vt 0.501297 0.562271
vt 0.509892 0.569155
vt 0.515723 0.540353
vt 0.516406 0.569215
vt 0.513949 0.556843
vt 0.537915 0.629813
vt 0.544 0.618625
vt 0.544891 0.638503
vt 0.532854 0.668688
vt 0.53553 0.682097
vt 0.53346 0.65426
vt 0.557633 0.672668
vt 0.535036 0.620544
vt 0.540754 0.647895
vt 0.56468 0.66995
vt 0.505282 0.716546
vt 0.514227 0.731402
vt 0.466911 0.708778
vt 0.45891 0.701687
vt 0.594582 0.652783
vt 0.484332 0.704378
vt 0.457561 0.680021
vt 0.465918 0.681268
vt 0.462576 0.690339
vt 0.54282 0.658188
vt 0.428849 0.627285
vt 0.432286 0.617321
vt 0.514582 0.719609
vt 0.546261 0.674982
vt 0.561347 0.689822
vt 0.479094 0.712778
vt 0.564083 0.66374
vt 0.583979 0.653511
vt 0.611617 0.644719
vt 0.604813 0.650891
vt 0.603248 0.636155
vt 0.485541 0.71802
vt 0.502413 0.725258
vt 0.560616 0.666896
vt 0.554418 0.661251
vt 0.476361 0.706391
vt 0.577258 0.649592
vt 0.587788 0.640894
vt 0.466321 0.718277
vt 0.477472 0.721129
vt 0.479022 0.742308
vt 0.544878 0.648803
vt 0.54882 0.651263
vt 0.565003 0.653215
vt 0.578551 0.637462
vt 0.600254 0.618159
vt 0.52473 0.648082
vt 0.582689 0.624781
vt 0.568225 0.636716
vt 0.44989 0.704388
vt 0.442769 0.705827
vt 0.449882 0.697007
vt 0.452588 0.711608
vt 0.555383 0.64488
vt 0.440263 0.716299
vt 0.556294 0.626645
vt 0.433029 0.711121
vt 0.427806 0.707413
vt 0.435646 0.701248
vt 0.425095 0.700776
vt 0.573163 0.608661
vt 0.423281 0.71419
vt 0.418948 0.688638
vt 0.429195 0.695587
vt 0.554702 0.604766
vt 0.590699 0.602719
vt 0.426333 0.671445
vt 0.615747 0.653757
vt 0.505779 0.783962
vt 0.494132 0.732588
vt 0.572105 0.576169
vt 0.543905 0.60198
vt 0.550397 0.579854
vt 0.539599 0.578273
vt 0.536374 0.58647
vt 0.421049 0.639381
vt 0.440468 0.652098
vt 0.419868 0.65517
vt 0.499596 0.646613
vt 0.492314 0.651283
vt 0.494649 0.641582
vt 0.477285 0.63218
vt 0.432982 0.661504
vt 0.439552 0.639761
vt 0.508473 0.647635
vt 0.464249 0.657025
vt 0.474761 0.655635
vt 0.477592 0.642219
vt 0.483079 0.650541
vt 0.469457 0.641224
vt 0.456171 0.652912
vt 0.485499 0.6585
vt 0.47304 0.636216
vt 0.516953 0.644321
vt 0.482768 0.790087
vt 0.492473 0.780402
vt 0.515918 0.775014
vt 0.523389 0.717584
vt 0.441712 0.698472
vt 0.320087 0.840942
vt 0.324587 0.844098
vt 0.315282 0.844714
vt 0.327686 0.874713
vt 0.327222 0.869272
vt 0.334508 0.869598
vt 0.366159 0.880504
vt 0.363409 0.875641
vt 0.373128 0.872413
vt 0.353812 0.907735
vt 0.353695 0.915249
vt 0.352402 0.911804
vt 0.361555 0.920597
vt 0.366008 0.915106
vt 0.370574 0.925099
vt 0.380883 0.85635
vt 0.383503 0.861
vt 0.378589 0.863306
vt 0.34862 0.893834
vt 0.354786 0.892017
vt 0.35218 0.894869
vt 0.340601 0.829935
vt 0.340486 0.836816
vt 0.332582 0.8376
vt 0.349735 0.923012
vt 0.346882 0.899157
vt 0.354852 0.898746
vt 0.362101 0.888367
vt 0.360474 0.892997
vt 0.363705 0.929195
vt 0.307354 0.841132
vt 0.306684 0.834022
vt 0.315412 0.836389
vt 0.347091 0.912189
vt 0.378374 0.900727
vt 0.376243 0.906211
vt 0.372956 0.90453
vt 0.358663 0.914729
vt 0.364475 0.925254
vt 0.379869 0.841637
vt 0.380259 0.849488
vt 0.377106 0.845735
vt 0.321658 0.857261
vt 0.326884 0.85109
vt 0.329365 0.853557
vt 0.38235 0.783682
vt 0.39134 0.782975
vt 0.3837 0.786901
vt 0.349174 0.830288
vt 0.344524 0.823693
vt 0.300517 0.836322
vt 0.316866 0.824996
vt 0.347656 0.878225
vt 0.34356 0.882372
vt 0.341497 0.876502
vt 0.373611 0.866485
vt 0.36517 0.868555
vt 0.371731 0.859391
vt 0.321838 0.849295
vt 0.314417 0.852173
vt 0.308961 0.847113
vt 0.362075 0.861818
vt 0.385422 0.793506
vt 0.37857 0.789218
vt 0.325379 0.830606
vt 0.324059 0.838101
vt 0.348655 0.872406
vt 0.378921 0.868429
vt 0.385042 0.865986
vt 0.382825 0.874422
vt 0.337359 0.820397
vt 0.333975 0.82683
vt 0.312393 0.861041
vt 0.333953 0.879611
vt 0.352711 0.864437
vt 0.342949 0.867222
vt 0.344425 0.859263
vt 0.347941 0.838537
vt 0.353743 0.843829
vt 0.347246 0.84338
vt 0.353753 0.823877
vt 0.373923 0.842994
vt 0.372523 0.849635
vt 0.368234 0.841494
vt 0.358364 0.883527
vt 0.375506 0.820518
vt 0.37566 0.81084
vt 0.38057 0.814902
vt 0.338686 0.87259
vt 0.387576 0.804919
vt 0.37497 0.782397
vt 0.378775 0.768834
vt 0.328687 0.816348
vt 0.360734 0.840962
vt 0.364008 0.833579
vt 0.375115 0.800481
vt 0.368319 0.820178
vt 0.369932 0.827673
vt 0.437819 0.828345
vt 0.443466 0.822407
vt 0.447055 0.832617
vt 0.33226 0.847939
vt 0.404333 0.800655
vt 0.408663 0.808654
vt 0.397551 0.807757
vt 0.34389 0.83504
vt 0.368925 0.898814
vt 0.372607 0.891768
vt 0.356204 0.855362
vt 0.344343 0.849591
vt 0.354345 0.849612
vt 0.327256 0.863326
vt 0.33344 0.856792
vt 0.317067 0.875418
vt 0.318906 0.867081
vt 0.342268 0.811715
vt 0.354718 0.835631
vt 0.367681 0.794841
vt 0.347203 0.815936
vt 0.334827 0.864126
vt 0.338216 0.8426
vt 0.342872 0.840945
vt 0.303007 0.827285
vt 0.323136 0.881131
vt 0.356844 0.806948
vt 0.351396 0.876319
vt 0.363139 0.815105
vt 0.367319 0.805256
vt 0.362165 0.848282
vt 0.354482 0.870165
vt 0.389374 0.848099
vt 0.3839 0.852582
vt 0.391995 0.835586
vt 0.372006 0.837433
vt 0.377561 0.833315
vt 0.381952 0.8377
vt 0.361825 0.824026
vt 0.365724 0.854471
vt 0.35956 0.867478
vt 0.355066 0.874748
vt 0.373609 0.877421
vt 0.35006 0.79582
vt 0.395637 0.787921
vt 0.358859 0.871865
vt 0.35472 0.878755
vt 0.366735 0.779747
vt 0.398355 0.795445
vt 0.359498 0.934731
vt 0.364749 0.904943
vt 0.340875 0.904033
vt 0.365134 0.893542
vt 0.341 0.916274
vt 0.336108 0.910197
vt 0.389196 0.773555
vt 0.416361 0.792328
vt 0.41897 0.804726
vt 0.409204 0.799907
vt 0.412888 0.817332
vt 0.409533 0.820586
vt 0.407131 0.814903
vt 0.434973 0.818631
vt 0.428274 0.824606
vt 0.427051 0.812482
vt 0.339462 0.892203
vt 0.330301 0.899377
vt 0.328791 0.892909
vt 0.492715 0.867965
vt 0.482576 0.867068
vt 0.489891 0.859171
vt 0.420248 0.824311
vt 0.420879 0.817465
vt 0.472443 0.846724
vt 0.462176 0.853245
vt 0.468832 0.842329
vt 0.45575 0.844591
vt 0.466277 0.816723
vt 0.444384 0.844731
vt 0.453608 0.812259
vt 0.437856 0.837598
vt 0.407552 0.769307
vt 0.440194 0.815811
vt 0.442438 0.809961
vt 0.433472 0.810801
vt 0.43359 0.802559
vt 0.43291 0.831791
vt 0.409449 0.8133
vt 0.427044 0.803896
vt 0.427534 0.799748
vt 0.403264 0.818508
vt 0.339431 0.921218
vt 0.42636 0.830493
vt 0.40357 0.787724
vt 0.416468 0.8096
vt 0.342996 0.924574
vt 0.340614 0.927022
vt 0.350668 0.934636
vt 0.346667 0.930206
vt 0.35116 0.880689
vt 0.386397 0.819991
vt 0.388633 0.860417
vt 0.376895 0.879692
vt 0.381318 0.879723
vt 0.376626 0.884941
vt 0.38431 0.878337
vt 0.389285 0.874929
vt 0.38482 0.881806
vt 0.396256 0.873388
vt 0.390427 0.870082
vt 0.381981 0.895626
vt 0.38075 0.890233
vt 0.385866 0.886887
vt 0.389816 0.879649
vt 0.396355 0.881451
vt 0.388987 0.902898
vt 0.388071 0.894474
vt 0.404313 0.879053
vt 0.404493 0.888737
vt 0.409752 0.889446
vt 0.408441 0.884281
vt 0.395795 0.907075
vt 0.391835 0.911011
vt 0.410853 0.879687
vt 0.41347 0.884983
vt 0.400372 0.8974
vt 0.394963 0.890481
vt 0.401331 0.910276
vt 0.398209 0.903789
vt 0.412323 0.913307
vt 0.406522 0.908421
vt 0.41393 0.905745
vt 0.418256 0.891217
vt 0.40642 0.89799
vt 0.40799 0.913749
vt 0.420626 0.911328
vt 0.424595 0.902041
vt 0.435923 0.913439
vt 0.422758 0.883332
vt 0.369266 0.88428
vt 0.419597 0.903542
vt 0.409323 0.916698
vt 0.420506 0.900243
vt 0.417232 0.899944
vt 0.41439 0.898655
vt 0.428543 0.881172
vt 0.431391 0.889599
vt 0.423452 0.895736
vt 0.451223 0.927019
vt 0.422675 0.922985
vt 0.444878 0.903771
vt 0.416393 0.921111
vt 0.439729 0.942503
vt 0.42332 0.797465
vt 0.374124 0.911042
vt 0.359195 0.949362
vt 0.355215 0.941569
vt 0.363651 0.944016
vt 0.368159 0.956746
vt 0.35122 0.946822
vt 0.34921 0.94
vt 0.40203 0.813062
vt 0.39663 0.820919
vt 0.35724 0.956891
vt 0.374558 0.918902
vt 0.35753 0.938762
vt 0.350426 0.886066
vt 0.333187 0.906359
vt 0.383349 0.91676
vt 0.36085 0.896584
vt 0.475568 0.828927
vt 0.481548 0.839973
vt 0.335742 0.885855
vt 0.321788 0.89102
vt 0.322013 0.896663
vt 0.385545 0.908113
vt 0.493117 0.870724
vt 0.494483 0.879445
vt 0.479346 0.878256
vt 0.327743 0.885224
vt 0.402511 0.855339
vt 0.403444 0.82575
vt 0.406301 0.839517
vt 0.399843 0.829669
vt 0.433431 0.952831
vt 0.450988 0.964902
vt 0.429202 0.963652
vt 0.386831 0.913891
vt 0.389944 0.916861
vt 0.386752 0.916214
vt 0.409176 0.942162
vt 0.39781 0.944312
vt 0.401981 0.93738
vt 0.422189 0.935754
vt 0.42209 0.944216
vt 0.421543 0.947958
vt 0.410137 0.92406
vt 0.405721 0.918209
vt 0.397292 0.91778
vt 0.417716 0.94061
vt 0.41529 0.932681
vt 0.407468 0.931446
vt 0.390893 0.951857
vt 0.387729 0.944183
vt 0.413856 0.948539
vt 0.381017 0.94558
vt 0.370133 0.939458
vt 0.376715 0.939531
vt 0.382476 0.957007
vt 0.375118 0.93322
vt 0.382383 0.939118
vt 0.377338 0.938341
vt 0.378771 0.93011
vt 0.381652 0.924964
vt 0.385326 0.932555
vt 0.39939 0.925676
vt 0.395912 0.932915
vt 0.391185 0.938669
vt 0.391799 0.928283
vt 0.391096 0.92262
vt 0.45249 0.94484
vt 0.373262 0.948953
vt 0.404433 0.959722
vt 0.393975 0.964447
vt 0.38919 0.956932
vt 0.470752 0.931073
vt 0.365321 0.965331
vt 0.495604 0.93426
vt 0.459429 0.884719
vt 0.476421 0.892987
vt 0.464659 0.905322
vt 0.483412 0.907915
vt 0.485727 0.897918
vt 0.447635 0.886482
vt 0.392516 0.865529
vt 0.395031 0.861789
vt 0.432564 0.869415
vt 0.435077 0.864493
vt 0.43488 0.876046
vt 0.409874 0.864838
vt 0.399057 0.861945
vt 0.463236 0.874783
vt 0.386168 0.855571
vt 0.438348 0.872312
vt 0.445798 0.864277
vt 0.451074 0.862243
vt 0.444051 0.86667
vt 0.427356 0.86931
vt 0.430179 0.871602
vt 0.425087 0.873043
vt 0.426605 0.876744
vt 0.446397 0.85933
vt 0.440096 0.85461
vt 0.453415 0.87271
vt 0.392992 0.856228
vt 0.460752 0.865536
vt 0.473 0.864949
vt 0.422278 0.854116
vt 0.422564 0.848797
vt 0.427055 0.853026
vt 0.416555 0.878554
vt 0.401192 0.869545
vt 0.408022 0.874816
vt 0.423437 0.842877
vt 0.428577 0.844598
vt 0.412258 0.829245
vt 0.417458 0.835474
vt 0.413951 0.840911
vt 0.413422 0.872724
vt 0.447259 0.872548
vt 0.450892 0.869619
vt 0.395074 0.8682
vt 0.410691 0.850241
vt 0.486788 0.84757
vt 0.479048 0.857018
vt 0.477342 0.850313
vt 0.429418 0.838462
vt 0.468515 0.859299
vt 0.42453 0.837871
vt 0.41993 0.839784
vt 0.42449 0.868539
vt 0.419636 0.870272
vt 0.417726 0.854393
vt 0.412459 0.856313
vt 0.415468 0.86218
vt 0.417895 0.84534
vt 0.413695 0.824
vt 0.458851 0.861414
vt 0.472716 0.852387
vt 0.429243 0.862787
vt 0.422128 0.860932
vt 0.435153 0.845003
vt 0.431184 0.853414
vt 0.420858 0.832609
vt 0.450159 0.852755
vt 0.454332 0.85671
vt 0.349286 0.758649
vt 0.343643 0.770146
vt 0.337829 0.755044
vt 0.302353 0.809155
vt 0.315459 0.799551
vt 0.312311 0.809468
vt 0.349875 0.808086
vt 0.331823 0.775261
vt 0.321816 0.776915
vt 0.332993 0.768017
vt 0.343832 0.777723
vt 0.352678 0.771799
vt 0.343677 0.783879
vt 0.367225 0.770289
vt 0.338682 0.767838
vt 0.332056 0.763413
vt 0.326149 0.764034
vt 0.319005 0.812958
vt 0.32993 0.798678
vt 0.335877 0.80313
vt 0.329205 0.751269
vt 0.322289 0.753909
vt 0.330619 0.787243
vt 0.32727 0.782022
vt 0.320463 0.760465
vt 0.315013 0.755269
vt 0.312198 0.766006
vt 0.355084 0.761759
vt 0.319987 0.770561
vt 0.357607 0.776461
vt 0.320428 0.783048
vt 0.360097 0.74903
vt 0.312712 0.775404
vt 0.341755 0.792821
vt 0.347577 0.78757
vt 0.347352 0.750082
vt 0.364874 0.761414
vt 0.31019 0.784441
vt 0.316124 0.790032
vt 0.303882 0.792876
vt 0.31007 0.796403
vt 0.303391 0.802417
vt 0.30349 0.818777
vt 0.311811 0.819166
vt 0.310112 0.822358
usemtl material_1
f 1/1/1 2/2/2 3/3/3
f 2/4/2 4/5/4 3/6/3
f 5/7/5 6/8/6 7/9/7
f 8/10/8 9/11/9 10/12/10
f 9/11/9 11/13/11 10/12/10
f 9/11/9 8/10/8 12/14/12
f 9/11/9 13/15/13 11/13/11
f 14/16/14 13/15/13 9/11/9
f 15/17/15 16/18/16 1/19/1
f 16/18/16 17/20/17 18/21/18
f 19/22/19 18/21/18 17/20/17
f 16/18/16 18/21/18 1/19/1
f 18/21/18 19/22/19 20/23/20
f 2/24/2 1/19/1 18/21/18
f 21/25/21 22/26/22 7/27/7
f 2/28/2 23/29/23 24/30/24
f 24/30/24 7/27/7 2/28/2
f 21/25/21 7/27/7 6/31/6
f 7/27/7 22/26/22 25/32/25
f 26/33/26 21/25/21 6/31/6
f 7/27/7 25/32/25 2/28/2
f 24/30/24 23/29/23 27/34/27
f 28/35/28 29/36/29 30/37/30
f 31/38/31 32/39/32 33/40/33
f 30/37/30 34/41/34 35/42/35
f 36/43/36 33/40/33 37/44/37
f 30/37/30 29/36/29 34/41/34
f 37/44/37 38/45/38 36/43/36
f 37/44/37 32/39/32 38/45/38
f 34/41/34 36/43/36 38/45/38
f 35/42/35 34/41/34 38/45/38
f 32/39/32 35/42/35 38/45/38
f 33/40/33 32/39/32 37/44/37
f 39/46/39 40/47/40 41/48/41
f 40/47/40 42/49/42 43/50/43
f 44/51/44 45/52/45 46/53/46
f 39/46/39 41/48/41 45/52/45
f 47/54/47 48/55/48 43/50/43
f 48/55/48 40/47/40 43/50/43
f 41/48/41 40/47/40 48/55/48
f 46/53/46 45/52/45 49/56/49
f 50/57/50 41/48/41 48/55/48
f 41/48/41 50/57/50 49/56/49
f 45/52/45 41/48/41 49/56/49
f 51/58/51 52/59/52 53/60/53
f 54/61/54 55/62/55 56/63/56
f 57/64/57 52/59/52 51/58/51
f 58/65/58 51/58/51 53/60/53
f 59/66/59 51/58/51 60/67/60
f 61/68/61 58/65/58 53/60/53
f 62/69/62 58/65/58 63/70/63
f 51/58/51 58/65/58 64/71/64
f 58/65/58 62/69/62 56/63/56
f 60/67/60 51/58/51 64/71/64
f 51/58/51 59/66/59 57/64/57
f 56/63/56 62/69/62 54/61/54
f 61/68/61 63/70/63 58/65/58
f 65/72/65 66/73/66 67/74/67
f 68/75/68 66/73/66 69/76/69
f 70/77/70 71/78/71 72/79/72
f 67/74/67 68/75/68 73/80/73
f 74/81/74 68/75/68 69/76/69
f 70/77/70 72/79/72 65/72/65
f 75/82/75 70/77/70 65/72/65
f 2/83/2 68/75/68 76/84/76
f 68/75/68 2/83/2 73/80/73
f 25/85/25 73/80/73 2/83/2
f 72/79/72 69/76/69 66/73/66
f 66/73/66 65/72/65 72/79/72
f 66/73/66 68/75/68 67/74/67
f 65/72/65 67/74/67 75/82/75
f 74/81/74 76/84/76 68/75/68
f 77/86/77 78/87/78 79/88/79
f 80/89/80 78/87/78 77/86/77
f 81/90/81 82/91/82 83/92/83
f 81/90/81 84/93/84 85/94/85
f 84/93/84 86/95/86 85/94/85
f 81/90/81 85/94/85 82/91/82
f 87/96/87 88/97/88 79/88/79
f 81/90/81 83/92/83 88/97/88
f 79/88/79 88/97/88 77/86/77
f 84/93/84 88/97/88 87/96/87
f 77/86/77 89/98/89 80/89/80
f 81/90/81 88/97/88 84/93/84
f 89/98/89 77/86/77 88/97/88
f 87/96/87 79/88/79 90/99/90
f 86/95/86 84/93/84 91/100/91
f 84/93/84 87/96/87 91/100/91
f 10/101/10 92/102/92 93/103/93
f 92/102/92 94/104/94 93/103/93
f 95/105/95 67/106/67 96/107/96
f 11/108/11 97/109/97 10/101/10
f 96/107/96 98/110/98 95/105/95
f 10/101/10 97/109/97 92/102/92
f 99/111/99 94/104/94 100/112/100
f 94/104/94 101/113/101 100/112/100
f 94/104/94 98/110/98 102/114/102
f 67/106/67 103/115/103 75/116/75
f 101/113/101 92/102/92 100/112/100
f 95/105/95 98/110/98 103/115/103
f 96/107/96 102/114/102 98/110/98
f 92/102/92 97/109/97 100/112/100
f 95/105/95 103/115/103 67/106/67
f 98/110/98 94/104/94 99/111/99
f 101/113/101 94/104/94 92/102/92
f 104/117/104 105/118/105 106/119/106
f 107/120/107 106/119/106 105/118/105
f 107/120/107 108/121/108 106/119/106
f 109/122/109 110/123/110 108/121/108
f 107/120/107 109/122/109 108/121/108
f 111/124/111 108/121/108 110/123/110
f 106/119/106 112/125/112 104/117/104
f 104/117/104 113/126/113 114/127/114
f 115/128/115 114/127/114 116/129/116
f 117/130/117 118/131/118 119/132/119
f 104/117/104 120/133/120 105/118/105
f 120/133/120 104/117/104 115/128/115
f 114/127/114 115/128/115 104/117/104
f 120/133/120 119/132/119 118/131/118
f 120/133/120 115/128/115 119/132/119
f 119/132/119 115/128/115 116/129/116
f 112/125/112 113/126/113 104/117/104
f 121/134/121 122/135/122 123/136/123
f 124/137/124 96/138/96 67/139/67
f 67/139/67 73/140/73 124/137/124
f 8/141/8 125/142/125 12/143/12
f 124/137/124 126/144/126 102/145/102
f 93/146/93 94/147/94 126/144/126
f 123/136/123 122/135/122 73/140/73
f 94/147/94 102/145/102 126/144/126
f 73/140/73 25/148/25 123/136/123
f 124/137/124 102/145/102 96/138/96
f 121/134/121 125/142/125 127/149/127
f 93/146/93 126/144/126 10/150/10
f 122/135/122 126/144/126 124/137/124
f 127/149/127 122/135/122 121/134/121
f 126/144/126 122/135/122 127/149/127
f 122/135/122 124/137/124 73/140/73
f 8/141/8 10/150/10 126/144/126
f 8/141/8 127/149/127 125/142/125
f 127/149/127 8/141/8 126/144/126
f 128/151/128 129/152/129 130/153/130
f 131/154/131 132/155/132 133/156/133
f 132/155/132 131/154/131 134/157/134
f 132/155/132 134/157/134 135/158/135
f 136/159/136 133/156/133 132/155/132
f 137/160/137 136/159/136 130/153/130
f 130/153/130 138/161/138 128/151/128
f 138/161/138 132/155/132 135/158/135
f 136/159/136 132/155/132 130/153/130
f 139/162/139 129/152/129 128/151/128
f 129/152/129 140/163/140 130/153/130
f 137/160/137 130/153/130 140/163/140
f 138/161/138 130/153/130 132/155/132
f 141/164/141 139/162/139 128/151/128
f 142/165/142 139/162/139 141/164/141
f 142/165/142 143/166/143 139/162/139
f 138/161/138 141/164/141 128/151/128
f 135/158/135 142/165/142 141/164/141
f 141/164/141 138/161/138 135/158/135
f 137/160/137 140/163/140 144/167/144
f 145/168/145 146/169/146 147/170/147
f 148/171/148 149/172/149 147/170/147
f 150/173/150 151/174/151 19/175/19
f 20/176/20 152/177/152 153/178/153
f 19/175/19 149/172/149 150/173/150
f 154/179/154 155/180/155 156/181/156
f 145/168/145 15/182/15 146/169/146
f 19/175/19 17/183/17 149/172/149
f 149/172/149 145/168/145 147/170/147
f 153/178/153 19/175/19 157/184/157
f 155/180/155 158/185/158 15/182/15
f 145/168/145 149/172/149 16/186/16
f 158/185/158 146/169/146 15/182/15
f 150/173/150 149/172/149 148/171/148
f 145/168/145 16/186/16 15/182/15
f 149/172/149 17/183/17 16/186/16
f 159/187/159 157/184/157 19/175/19
f 152/177/152 20/176/20 19/175/19
f 152/177/152 19/175/19 153/178/153
f 159/187/159 19/175/19 151/174/151
f 20/176/20 153/178/153 160/188/160
f 148/171/148 151/174/151 150/173/150
f 15/182/15 156/181/156 155/180/155
f 161/189/161 162/190/162 163/191/163
f 164/192/164 165/193/165 166/194/166
f 167/195/167 76/196/76 74/197/74
f 69/198/69 72/199/72 168/200/168
f 165/193/165 164/192/164 169/201/169
f 163/191/163 162/190/162 170/202/170
f 166/194/166 165/193/165 171/203/171
f 170/202/170 172/204/172 173/205/173
f 173/205/173 76/196/76 170/202/170
f 169/201/169 167/195/167 74/197/74
f 168/200/168 171/203/171 165/193/165
f 170/202/170 76/196/76 167/195/167
f 169/201/169 168/200/168 165/193/165
f 169/201/169 69/198/69 168/200/168
f 164/192/164 163/191/163 167/195/167
f 170/202/170 167/195/167 163/191/163
f 71/206/71 168/200/168 72/199/72
f 164/192/164 174/207/174 163/191/163
f 164/192/164 167/195/167 169/201/169
f 168/200/168 71/206/71 171/203/171
f 172/204/172 170/202/170 162/190/162
f 164/192/164 166/194/166 174/207/174
f 69/198/69 169/201/169 74/197/74
f 162/190/162 161/189/161 175/208/175
f 176/209/176 177/210/177 178/211/178
f 179/212/179 180/213/180 178/211/178
f 181/214/181 177/210/177 182/215/182
f 178/211/178 180/213/180 183/216/183
f 184/217/184 185/218/185 186/219/186
f 187/220/187 188/221/188 189/222/189
f 190/223/190 191/224/191 192/225/192
f 193/226/193 181/214/181 194/227/194
f 195/228/195 181/214/181 193/226/193
f 196/229/196 193/226/193 194/227/194
f 192/225/192 189/222/189 188/221/188
f 180/213/180 192/225/192 183/216/183
f 181/214/181 179/212/179 178/211/178
f 176/209/176 178/211/178 183/216/183
f 192/225/192 191/224/191 189/222/189
f 194/227/194 181/214/181 182/215/182
f 178/211/178 177/210/177 181/214/181
f 189/222/189 191/224/191 187/220/187
f 197/230/197 185/218/185 184/217/184
f 180/213/180 190/223/190 192/225/192
f 188/221/188 183/216/183 192/225/192
f 184/217/184 193/226/193 196/229/196
f 181/214/181 195/228/195 179/212/179
f 198/231/198 191/224/191 190/223/190
f 176/209/176 183/216/183 188/221/188
f 184/217/184 196/229/196 197/230/197
f 199/232/199 28/233/28 30/234/30
f 30/234/30 35/235/35 200/236/200
f 30/234/30 200/236/200 199/232/199
f 201/237/201 202/238/202 32/239/32
f 31/240/31 203/241/203 204/242/204
f 205/243/205 206/244/206 207/245/207
f 204/242/204 32/239/32 31/240/31
f 201/237/201 32/239/32 208/246/208
f 206/244/206 202/238/202 201/237/201
f 205/243/205 207/245/207 209/247/209
f 209/247/209 210/248/210 42/249/42
f 202/238/202 206/244/206 211/250/211
f 210/248/210 212/251/212 213/252/213
f 208/246/208 213/252/213 207/245/207
f 40/253/40 39/254/39 209/247/209
f 207/245/207 213/252/213 212/251/212
f 208/246/208 32/239/32 204/242/204
f 211/250/211 199/232/199 202/238/202
f 206/244/206 201/237/201 208/246/208
f 208/246/208 204/242/204 213/252/213
f 207/245/207 212/251/212 209/247/209
f 40/253/40 209/247/209 42/249/42
f 32/239/32 202/238/202 35/235/35
f 200/236/200 202/238/202 199/232/199
f 203/241/203 213/252/213 204/242/204
f 39/254/39 205/243/205 209/247/209
f 208/246/208 207/245/207 206/244/206
f 35/235/35 202/238/202 200/236/200
f 209/247/209 212/251/212 210/248/210
f 214/255/214 215/256/215 216/257/216
f 217/258/217 218/259/218 216/257/216
f 219/260/219 217/258/217 220/261/220
f 221/262/221 222/263/222 223/264/223
f 221/262/221 224/265/224 222/263/222
f 219/260/219 225/266/225 226/267/226
f 227/268/227 228/269/228 229/270/229
f 230/271/230 231/272/231 229/270/229
f 232/273/232 225/266/225 220/261/220
f 223/264/223 219/260/219 226/267/226
f 219/260/219 220/261/220 225/266/225
f 218/259/218 219/260/219 222/263/222
f 225/266/225 232/273/232 233/274/233
f 214/255/214 234/275/234 215/256/215
f 235/276/235 233/274/233 232/273/232
f 233/274/233 235/276/235 228/269/228
f 219/260/219 223/264/223 222/263/222
f 229/270/229 236/277/236 230/271/230
f 215/256/215 217/258/217 216/257/216
f 229/270/229 231/272/231 237/278/237
f 226/267/226 225/266/225 233/274/233
f 218/259/218 224/265/224 216/257/216
f 216/257/216 238/279/238 214/255/214
f 237/278/237 226/267/226 227/268/227
f 224/265/224 218/259/218 222/263/222
f 228/269/228 227/268/227 233/274/233
f 223/264/223 226/267/226 221/262/221
f 227/268/227 229/270/229 237/278/237
f 226/267/226 233/274/233 227/268/227
f 218/259/218 217/258/217 219/260/219
f 229/270/229 228/269/228 239/280/239
f 231/272/231 230/271/230 240/281/240
f 239/280/239 236/277/236 229/270/229
f 241/282/241 242/283/242 243/284/243
f 244/285/244 245/286/245 242/283/242
f 246/287/246 242/283/242 241/282/241
f 244/285/244 242/283/242 247/288/247
f 246/287/246 248/289/248 242/283/242
f 247/288/247 242/283/242 249/290/249
f 248/289/248 249/290/249 242/283/242
f 241/282/241 243/284/243 250/291/250
f 244/285/244 247/288/247 251/292/251
f 180/293/180 179/294/179 252/295/252
f 195/296/195 253/297/253 179/294/179
f 195/296/195 254/298/254 255/299/255
f 252/295/252 179/294/179 253/297/253
f 255/299/255 253/297/253 195/296/195
f 245/286/245 244/285/244 251/292/251
f 245/286/245 243/284/243 242/283/242
f 184/300/184 254/298/254 193/301/193
f 193/301/193 254/298/254 195/296/195
f 254/298/254 184/300/184 186/302/186
f 198/303/198 256/304/256 257/305/257
f 258/306/258 256/304/256 259/307/259
f 247/288/247 249/290/249 257/305/257
f 258/306/258 259/307/259 251/292/251
f 260/308/260 261/309/261 252/295/252
f 258/306/258 251/292/251 247/288/247
f 257/305/257 258/306/258 247/288/247
f 257/305/257 256/304/256 258/306/258
f 260/308/260 252/295/252 253/297/253
f 252/295/252 261/309/261 180/293/180
f 261/309/261 259/307/259 256/304/256
f 261/309/261 190/310/190 180/293/180
f 256/304/256 190/310/190 261/309/261
f 198/303/198 190/310/190 256/304/256
f 262/311/262 263/312/263 264/313/264
f 265/314/265 264/313/264 266/315/266
f 267/316/267 262/311/262 264/313/264
f 267/316/267 268/317/268 262/311/262
f 268/317/268 269/318/269 270/319/270
f 271/320/271 272/321/272 270/319/270
f 273/322/273 274/323/274 275/324/275
f 263/312/263 276/325/276 277/326/277
f 277/326/277 278/327/278 279/328/279
f 279/328/279 280/329/280 281/330/281
f 275/324/275 272/321/272 271/320/271
f 279/328/279 263/312/263 277/326/277
f 278/327/278 280/329/280 279/328/279
f 263/312/263 262/311/262 282/331/282
f 272/321/272 282/331/282 262/311/262
f 281/330/281 264/313/264 263/312/263
f 275/324/275 274/323/274 272/321/272
f 273/322/273 275/324/275 283/332/283
f 281/330/281 280/329/280 284/333/284
f 264/313/264 265/314/265 267/316/267
f 281/330/281 285/334/285 266/315/266
f 263/312/263 279/328/279 281/330/281
f 268/317/268 270/319/270 262/311/262
f 286/335/286 287/336/287 280/329/280
f 281/330/281 284/333/284 285/334/285
f 286/335/286 280/329/280 278/327/278
f 267/316/267 269/318/269 268/317/268
f 282/331/282 276/325/276 263/312/263
f 287/336/287 288/337/288 280/329/280
f 262/311/262 270/319/270 272/321/272
f 266/315/266 264/313/264 281/330/281
f 288/337/288 284/333/284 280/329/280
f 270/319/270 269/318/269 289/338/289
f 290/339/290 291/340/291 292/341/292
f 293/342/293 294/343/294 295/344/295
f 296/345/296 297/346/297 298/347/298
f 299/348/299 300/349/300 301/350/301
f 296/345/296 302/351/302 303/352/303
f 291/340/291 304/353/304 292/341/292
f 305/354/305 299/348/299 306/355/306
f 307/356/307 298/347/298 297/346/297
f 306/355/306 293/342/293 305/354/305
f 308/357/308 309/358/309 302/351/302
f 296/345/296 298/347/298 302/351/302
f 310/359/310 303/352/303 311/360/311
f 296/345/296 303/352/303 297/346/297
f 302/351/302 298/347/298 308/357/308
f 302/351/302 311/360/311 303/352/303
f 311/360/311 302/351/302 312/361/312
f 312/361/312 293/342/293 311/360/311
f 294/343/294 313/362/313 295/344/295
f 314/363/314 293/342/293 295/344/295
f 312/361/312 302/351/302 309/358/309
f 313/362/313 292/341/292 315/364/315
f 314/363/314 311/360/311 293/342/293
f 293/342/293 306/355/306 294/343/294
f 306/355/306 301/350/301 294/343/294
f 309/358/309 305/354/305 312/361/312
f 292/341/292 313/362/313 290/339/290
f 314/363/314 295/344/295 313/362/313
f 315/364/315 316/365/316 313/362/313
f 313/362/313 294/343/294 290/339/290
f 310/359/310 311/360/311 314/363/314
f 305/354/305 293/342/293 312/361/312
f 306/355/306 299/348/299 301/350/301
f 314/363/314 313/362/313 316/365/316
f 317/366/317 226/367/226 237/368/237
f 318/369/318 4/370/4 319/371/319
f 319/371/319 4/370/4 320/372/320
f 321/373/321 322/374/322 323/375/323
f 226/367/226 317/366/317 221/376/221
f 324/377/324 319/371/319 320/372/320
f 15/378/15 323/375/323 156/379/156
f 237/368/237 231/380/231 322/374/322
f 325/381/325 326/382/326 327/383/327
f 321/373/321 318/369/318 328/384/328
f 323/375/323 1/385/1 3/386/3
f 328/384/328 318/369/318 237/368/237
f 221/376/221 317/366/317 325/381/325
f 326/382/326 325/381/325 324/377/324
f 325/381/325 317/366/317 324/377/324
f 323/375/323 3/386/3 4/370/4
f 325/381/325 224/387/224 221/376/221
f 323/375/323 4/370/4 321/373/321
f 318/369/318 317/366/317 237/368/237
f 224/387/224 327/383/327 216/388/216
f 327/383/327 224/387/224 325/381/325
f 327/383/327 238/389/238 216/388/216
f 322/374/322 328/384/328 237/368/237
f 322/374/322 321/373/321 328/384/328
f 318/369/318 321/373/321 4/370/4
f 329/390/329 240/391/240 154/392/154
f 322/374/322 240/391/240 329/390/329
f 156/379/156 329/390/329 154/392/154
f 329/390/329 156/379/156 322/374/322
f 156/379/156 323/375/323 322/374/322
f 323/375/323 15/378/15 1/385/1
f 319/371/319 317/366/317 318/369/318
f 322/374/322 231/380/231 240/391/240
f 324/377/324 317/366/317 319/371/319
f 330/393/330 331/394/331 320/395/320
f 332/396/332 2/397/2 76/398/76
f 4/399/4 2/397/2 333/400/333
f 327/401/327 326/402/326 334/403/334
f 172/404/172 162/405/162 335/406/335
f 172/404/172 330/393/330 173/407/173
f 330/393/330 172/404/172 331/394/331
f 336/408/336 337/409/337 338/410/338
f 333/400/333 320/395/320 4/399/4
f 162/405/162 175/411/175 335/406/335
f 335/406/335 339/412/339 331/394/331
f 340/413/340 324/414/324 339/412/339
f 238/415/238 334/403/334 338/410/338
f 326/402/326 340/413/340 334/403/334
f 173/407/173 332/396/332 76/398/76
f 339/412/339 336/408/336 340/413/340
f 336/408/336 334/403/334 340/413/340
f 336/408/336 339/412/339 341/416/341
f 338/410/338 334/403/334 336/408/336
f 339/412/339 342/417/342 341/416/341
f 343/418/343 341/416/341 342/417/342
f 335/406/335 175/411/175 342/417/342
f 339/412/339 320/395/320 331/394/331
f 238/415/238 327/401/327 334/403/334
f 335/406/335 342/417/342 339/412/339
f 337/409/337 336/408/336 341/416/341
f 2/397/2 332/396/332 333/400/333
f 320/395/320 339/412/339 324/414/324
f 320/395/320 333/400/333 330/393/330
f 335/406/335 331/394/331 172/404/172
f 332/396/332 173/407/173 330/393/330
f 326/402/326 324/414/324 340/413/340
f 342/417/342 175/411/175 343/418/343
f 333/400/333 332/396/332 330/393/330
f 344/419/344 345/420/345 346/421/346
f 347/422/347 348/423/348 344/419/344
f 349/424/349 350/425/350 351/426/351
f 352/427/352 344/419/344 348/423/348
f 347/422/347 353/428/353 348/423/348
f 344/419/344 352/427/352 354/429/354
f 355/430/355 345/420/345 344/419/344
f 355/430/355 344/419/344 354/429/354
f 345/420/345 199/431/199 211/432/211
f 345/420/345 355/430/355 199/431/199
f 346/421/346 356/433/356 357/434/357
f 358/435/358 345/420/345 211/432/211
f 358/435/358 359/436/359 351/426/351
f 360/437/360 356/433/356 350/425/350
f 359/436/359 358/435/358 211/432/211
f 346/421/346 345/420/345 358/435/358
f 351/426/351 350/425/350 358/435/358
f 349/424/349 351/426/351 361/438/361
f 211/432/211 206/439/206 359/436/359
f 359/436/359 206/439/206 205/440/205
f 45/441/45 44/442/44 362/443/362
f 346/421/346 358/435/358 350/425/350
f 344/419/344 357/434/357 347/422/347
f 360/437/360 349/424/349 362/443/362
f 205/440/205 39/444/39 359/436/359
f 45/441/45 349/424/349 361/438/361
f 351/426/351 359/436/359 361/438/361
f 360/437/360 362/443/362 44/442/44
f 346/421/346 357/434/357 344/419/344
f 356/433/356 346/421/346 350/425/350
f 349/424/349 45/441/45 362/443/362
f 45/441/45 361/438/361 359/436/359
f 45/441/45 359/436/359 39/444/39
f 350/425/350 349/424/349 360/437/360
f 363/445/363 364/446/364 365/447/365
f 365/447/365 366/448/366 367/449/367
f 368/450/368 363/445/363 369/451/369
f 370/452/370 371/453/371 372/454/372
f 373/455/373 374/456/374 375/457/375
f 376/458/376 372/454/372 371/453/371
f 363/445/363 377/459/377 369/451/369
f 377/459/377 365/447/365 378/460/378
f 376/458/376 369/451/369 377/459/377
f 363/445/363 365/447/365 377/459/377
f 378/460/378 365/447/365 373/455/373
f 365/447/365 374/456/374 373/455/373
f 379/461/379 380/462/380 381/463/381
f 374/456/374 381/463/381 382/464/382
f 379/461/379 374/456/374 365/447/365
f 374/456/374 379/461/379 381/463/381
f 373/455/373 375/457/375 372/454/372
f 375/457/375 370/452/370 372/454/372
f 365/447/365 367/449/367 379/461/379
f 372/454/372 378/460/378 373/455/373
f 379/461/379 367/449/367 383/465/383
f 372/454/372 376/458/376 378/460/378
f 378/460/378 376/458/376 377/459/377
f 363/445/363 368/450/368 364/446/364
f 384/466/384 385/467/385 386/468/386
f 387/469/387 364/446/364 388/470/388
f 380/462/380 385/467/385 389/471/389
f 389/471/389 385/467/385 384/466/384
f 367/449/367 366/448/366 390/472/390
f 383/465/383 380/462/380 379/461/379
f 391/473/391 386/468/386 383/465/383
f 383/465/383 386/468/386 380/462/380
f 365/447/365 364/446/364 366/448/366
f 364/446/364 387/469/387 366/448/366
f 367/449/367 390/472/390 383/465/383
f 383/465/383 390/472/390 391/473/391
f 380/462/380 386/468/386 385/467/385
f 390/472/390 366/448/366 387/469/387
f 382/464/382 375/457/375 374/456/374
f 392/474/392 393/475/393 341/476/341
f 338/477/338 337/478/337 393/475/393
f 394/479/394 395/480/395 396/481/396
f 341/476/341 393/475/393 337/478/337
f 392/474/392 341/476/341 397/482/397
f 398/483/398 395/480/395 394/479/394
f 399/484/399 400/485/400 401/486/401
f 402/487/402 403/488/403 394/479/394
f 403/488/403 402/487/402 398/483/398
f 401/486/401 404/489/404 399/484/399
f 399/484/399 405/490/405 400/485/400
f 406/491/406 394/479/394 404/489/404
f 400/485/400 405/490/405 407/492/407
f 234/493/234 408/494/408 409/495/409
f 404/489/404 401/486/401 410/496/410
f 404/489/404 410/496/410 406/491/406
f 406/491/406 392/474/392 394/479/394
f 411/497/411 412/498/412 395/480/395
f 410/496/410 401/486/401 413/499/413
f 408/494/408 214/500/214 238/501/238
f 414/502/414 415/503/415 408/494/408
f 410/496/410 415/503/415 406/491/406
f 394/479/394 392/474/392 402/487/402
f 395/480/395 405/490/405 396/481/396
f 397/482/397 402/487/402 392/474/392
f 403/488/403 398/483/398 394/479/394
f 414/502/414 338/477/338 393/475/393
f 408/494/408 415/503/415 409/495/409
f 405/490/405 399/484/399 396/481/396
f 397/482/397 341/476/341 343/504/343
f 414/502/414 408/494/408 338/477/338
f 399/484/399 404/489/404 396/481/396
f 214/500/214 408/494/408 234/493/234
f 343/504/343 416/505/416 397/482/397
f 408/494/408 238/501/238 338/477/338
f 404/489/404 394/479/394 396/481/396
f 406/491/406 415/503/415 414/502/414
f 397/482/397 416/505/416 402/487/402
f 393/475/393 392/474/392 406/491/406
f 406/491/406 414/502/414 393/475/393
f 412/498/412 405/490/405 395/480/395
f 415/503/415 410/496/410 413/499/413
f 417/506/417 249/507/249 248/508/248
f 418/509/418 187/510/187 419/511/419
f 420/512/420 421/513/421 422/514/422
f 423/515/423 424/516/424 198/517/198
f 424/516/424 191/518/191 198/517/198
f 52/519/52 425/520/425 426/521/426
f 427/522/427 424/516/424 428/523/428
f 429/524/429 249/507/249 417/506/417
f 429/524/429 425/520/425 423/515/423
f 430/525/430 57/526/57 431/527/431
f 423/515/423 432/528/432 424/516/424
f 431/527/431 57/526/57 433/529/433
f 432/528/432 425/520/425 52/519/52
f 432/528/432 423/515/423 425/520/425
f 429/524/429 426/521/426 425/520/425
f 52/519/52 434/530/434 432/528/432
f 426/521/426 429/524/429 417/506/417
f 429/524/429 257/531/257 249/507/249
f 428/523/428 424/516/424 432/528/432
f 428/523/428 434/530/434 430/525/430
f 434/530/434 52/519/52 57/526/57
f 57/526/57 59/532/59 433/529/433
f 432/528/432 434/530/434 428/523/428
f 57/526/57 430/525/430 434/530/434
f 429/524/429 423/515/423 257/531/257
f 419/511/419 191/518/191 424/516/424
f 426/521/426 435/533/435 53/534/53
f 52/519/52 426/521/426 53/534/53
f 435/533/435 417/506/417 436/535/436
f 420/512/420 422/514/422 427/522/427
f 248/508/248 436/535/436 417/506/417
f 422/514/422 421/513/421 418/509/418
f 417/506/417 435/533/435 426/521/426
f 435/533/435 61/536/61 53/534/53
f 420/512/420 430/525/430 431/527/431
f 430/525/430 420/512/420 427/522/427
f 191/518/191 419/511/419 187/510/187
f 427/522/427 428/523/428 430/525/430
f 424/516/424 427/522/427 419/511/419
f 431/527/431 421/513/421 420/512/420
f 427/522/427 422/514/422 419/511/419
f 423/515/423 198/517/198 257/531/257
f 419/511/419 422/514/422 418/509/418
f 437/537/437 438/538/438 439/539/439
f 440/540/440 46/541/46 49/542/49
f 441/543/441 442/544/442 443/545/443
f 46/541/46 440/540/440 444/546/444
f 445/547/445 446/548/446 443/545/443
f 441/543/441 443/545/443 446/548/446
f 440/540/440 447/549/447 444/546/444
f 446/548/446 445/547/445 448/550/448
f 131/551/131 448/550/448 134/552/134
f 449/553/449 450/554/450 447/549/447
f 449/553/449 451/555/451 452/556/452
f 48/557/48 47/558/47 453/559/453
f 453/559/453 47/558/47 143/560/143
f 450/554/450 443/545/443 444/546/444
f 447/549/447 451/555/451 449/553/449
f 454/561/454 452/556/452 135/562/135
f 134/552/134 445/547/445 454/561/454
f 449/553/449 452/556/452 450/554/450
f 444/546/444 447/549/447 450/554/450
f 453/559/453 143/560/143 451/555/451
f 142/563/142 451/555/451 143/560/143
f 452/556/452 451/555/451 135/562/135
f 439/539/439 438/538/438 455/564/455
f 452/556/452 445/547/445 450/554/450
f 451/555/451 142/563/142 135/562/135
f 446/548/446 455/564/455 456/565/456
f 445/547/445 452/556/452 454/561/454
f 448/550/448 445/547/445 134/552/134
f 445/547/445 443/545/443 450/554/450
f 453/559/453 50/566/50 48/557/48
f 451/555/451 50/566/50 453/559/453
f 442/544/442 46/541/46 444/546/444
f 448/550/448 455/564/455 446/548/446
f 439/539/439 448/550/448 131/551/131
f 442/544/442 444/546/444 443/545/443
f 455/564/455 438/538/438 456/565/456
f 451/555/451 447/549/447 440/540/440
f 448/550/448 439/539/439 455/564/455
f 438/538/438 437/537/437 457/567/457
f 454/561/454 135/562/135 134/552/134
f 451/555/451 440/540/440 50/566/50
f 440/540/440 49/542/49 50/566/50
f 438/538/438 457/567/457 458/568/458
f 292/569/292 459/570/459 460/571/460
f 461/572/461 303/573/303 310/574/310
f 303/573/303 461/572/461 297/575/297
f 316/576/316 315/577/315 462/578/462
f 292/569/292 460/571/460 315/577/315
f 310/574/310 463/579/463 461/572/461
f 464/580/464 465/581/465 466/582/466
f 463/579/463 465/581/465 467/583/467
f 468/584/468 469/585/469 459/570/459
f 310/574/310 470/586/470 463/579/463
f 470/586/470 314/587/314 462/578/462
f 310/574/310 314/587/314 470/586/470
f 462/578/462 315/577/315 471/588/471
f 467/583/467 465/581/465 472/589/472
f 463/579/463 473/590/473 474/591/474
f 470/586/470 466/582/466 465/581/465
f 475/592/475 473/590/473 467/583/467
f 475/592/475 467/583/467 476/593/476
f 315/577/315 460/571/460 477/594/477
f 474/591/474 473/590/473 475/592/475
f 304/595/304 459/570/459 292/569/292
f 478/596/478 474/591/474 475/592/475
f 461/572/461 474/591/474 297/575/297
f 314/587/314 316/576/316 462/578/462
f 474/591/474 478/596/478 297/575/297
f 479/597/479 478/596/478 475/592/475
f 480/598/480 297/575/297 479/597/479
f 461/572/461 463/579/463 474/591/474
f 473/590/473 463/579/463 467/583/467
f 469/585/469 460/571/460 459/570/459
f 297/575/297 480/598/480 307/599/307
f 475/592/475 476/593/476 479/597/479
f 471/588/471 466/582/466 462/578/462
f 466/582/466 471/588/471 464/580/464
f 297/575/297 478/596/478 479/597/479
f 470/586/470 465/581/465 463/579/463
f 470/586/470 462/578/462 466/582/466
f 467/583/467 472/589/472 476/593/476
f 477/594/477 460/571/460 469/585/469
f 477/594/477 464/580/464 471/588/471
f 315/577/315 477/594/477 471/588/471
f 476/593/476 481/600/481 479/597/479
f 482/601/482 479/597/479 481/600/481
f 483/602/483 482/601/482 481/600/481
f 484/603/484 485/604/485 486/605/486
f 487/606/487 488/607/488 489/608/489
f 490/609/490 491/610/491 492/611/492
f 493/612/493 491/610/491 494/613/494
f 493/612/493 494/613/494 495/614/495
f 491/610/491 490/609/490 494/613/494
f 496/615/496 497/616/497 498/617/498
f 499/618/499 484/603/484 486/605/486
f 500/619/500 501/620/501 502/621/502
f 503/622/503 489/608/489 504/623/504
f 505/624/505 493/612/493 504/623/504
f 503/622/503 506/625/506 487/606/487
f 507/626/507 503/622/503 504/623/504
f 492/611/492 491/610/491 505/624/505
f 508/627/508 492/611/492 505/624/505
f 491/610/491 493/612/493 505/624/505
f 489/608/489 505/624/505 504/623/504
f 503/622/503 507/626/507 509/628/509
f 500/619/500 497/616/497 501/620/501
f 497/616/497 510/629/510 501/620/501
f 510/629/510 497/616/497 496/615/496
f 507/626/507 493/612/493 495/614/495
f 506/625/506 485/604/485 511/630/511
f 506/625/506 486/605/486 485/604/485
f 500/619/500 512/631/512 497/616/497
f 505/624/505 489/608/489 508/627/508
f 485/604/485 484/603/484 513/632/513
f 488/607/488 508/627/508 489/608/489
f 492/611/492 501/620/501 490/609/490
f 514/633/514 501/620/501 492/611/492
f 502/621/502 501/620/501 514/633/514
f 514/633/514 515/634/515 502/621/502
f 487/606/487 506/625/506 511/630/511
f 516/635/516 502/621/502 515/634/515
f 489/608/489 503/622/503 487/606/487
f 517/636/517 492/611/492 508/627/508
f 508/627/508 518/637/518 517/636/517
f 499/618/499 486/605/486 519/638/519
f 493/612/493 507/626/507 504/623/504
f 507/626/507 495/614/495 509/628/509
f 492/611/492 517/636/517 514/633/514
f 509/628/509 519/638/519 503/622/503
f 518/637/518 508/627/508 488/607/488
f 485/604/485 513/632/513 511/630/511
f 503/622/503 519/638/519 506/625/506
f 498/617/498 497/616/497 512/631/512
f 506/625/506 519/638/519 486/605/486
f 97/639/97 520/640/520 521/641/521
f 11/642/11 13/643/13 522/644/522
f 520/640/520 523/645/523 521/641/521
f 524/646/524 525/647/525 526/648/526
f 527/649/527 528/650/528 529/651/529
f 530/652/530 531/653/531 527/649/527
f 528/650/528 532/654/532 529/651/529
f 533/655/533 534/656/534 535/657/535
f 536/658/536 523/645/523 520/640/520
f 523/645/523 532/654/532 526/648/526
f 537/659/537 538/660/538 524/646/524
f 531/653/531 539/661/539 528/650/528
f 537/659/537 540/662/540 541/663/541
f 524/646/524 526/648/526 537/659/537
f 532/654/532 523/645/523 529/651/529
f 537/659/537 526/648/526 532/654/532
f 531/653/531 530/652/530 539/661/539
f 525/647/525 521/641/521 526/648/526
f 539/661/539 540/662/540 528/650/528
f 542/664/542 540/662/540 543/665/543
f 520/640/520 97/639/97 522/644/522
f 544/666/544 537/659/537 532/654/532
f 528/650/528 540/662/540 544/666/544
f 529/651/529 523/645/523 536/658/536
f 537/659/537 545/667/545 538/660/538
f 527/649/527 529/651/529 546/668/546
f 539/661/539 543/665/543 540/662/540
f 546/668/546 536/658/536 547/669/547
f 547/669/547 536/658/536 13/643/13
f 540/662/540 542/664/542 541/663/541
f 541/663/541 548/670/548 537/659/537
f 545/667/545 537/659/537 548/670/548
f 538/660/538 545/667/545 533/655/533
f 527/649/527 546/668/546 549/671/549
f 545/667/545 550/672/550 533/655/533
f 533/655/533 550/672/550 534/656/534
f 544/666/544 540/662/540 537/659/537
f 532/654/532 528/650/528 544/666/544
f 522/644/522 536/658/536 520/640/520
f 546/668/546 529/651/529 536/658/536
f 13/643/13 536/658/536 522/644/522
f 527/649/527 531/653/531 528/650/528
f 549/671/549 546/668/546 547/669/547
f 13/643/13 14/673/14 547/669/547
f 527/649/527 549/671/549 530/652/530
f 521/641/521 523/645/523 526/648/526
f 11/642/11 522/644/522 97/639/97
f 551/674/551 552/675/552 553/676/553
f 553/676/553 552/675/552 554/677/554
f 553/676/553 555/678/555 556/679/556
f 553/676/553 556/679/556 557/680/557
f 558/681/558 552/675/552 551/674/551
f 551/674/551 559/682/559 558/681/558
f 560/683/560 561/684/561 562/685/562
f 553/676/553 554/677/554 563/686/563
f 153/687/153 564/688/564 562/685/562
f 565/689/565 561/684/561 566/690/566
f 560/683/560 562/685/562 564/688/564
f 567/691/567 568/692/568 565/689/565
f 569/693/569 565/689/565 556/679/556
f 555/678/555 570/694/570 569/693/569
f 553/676/553 563/686/563 555/678/555
f 571/695/571 572/696/572 554/677/554
f 554/677/554 572/696/572 563/686/563
f 554/677/554 552/675/552 571/695/571
f 573/697/573 570/694/570 563/686/563
f 569/693/569 556/679/556 555/678/555
f 566/690/566 561/684/561 557/680/557
f 572/696/572 573/697/573 563/686/563
f 565/689/565 569/693/569 567/691/567
f 565/689/565 566/690/566 556/679/556
f 557/680/557 556/679/556 566/690/566
f 568/692/568 562/685/562 565/689/565
f 562/685/562 561/684/561 565/689/565
f 551/674/551 557/680/557 559/682/559
f 574/698/574 153/687/153 575/699/575
f 159/700/159 575/699/575 157/701/157
f 553/676/553 557/680/557 551/674/551
f 153/687/153 157/701/157 575/699/575
f 576/702/576 562/685/562 568/692/568
f 563/686/563 570/694/570 555/678/555
f 561/684/561 577/703/577 557/680/557
f 568/692/568 578/704/578 576/702/576
f 153/687/153 562/685/562 576/702/576
f 560/683/560 577/703/577 561/684/561
f 574/698/574 564/688/564 153/687/153
f 579/705/579 580/706/580 564/688/564
f 579/705/579 564/688/564 574/698/574
f 564/688/564 580/706/580 560/683/560
f 160/707/160 153/687/153 578/704/578
f 578/704/578 568/692/568 581/708/581
f 153/687/153 576/702/576 578/704/578
f 578/704/578 581/708/581 160/707/160
f 557/680/557 577/703/577 559/682/559
f 582/709/582 583/710/583 584/711/584
f 585/712/585 586/713/586 587/714/587
f 588/715/588 589/716/589 590/717/590
f 591/718/591 592/719/592 593/720/593
f 594/721/594 587/714/587 586/713/586
f 595/722/595 587/714/587 596/723/596
f 588/715/588 594/721/594 586/713/586
f 588/715/588 583/710/583 582/709/582
f 597/724/597 598/725/598 599/726/599
f 588/715/588 590/717/590 594/721/594
f 600/727/600 596/723/596 592/719/592
f 601/728/601 602/729/602 603/730/603
f 604/731/604 595/722/595 603/730/603
f 591/718/591 605/732/605 592/719/592
f 604/731/604 585/712/585 595/722/595
f 596/723/596 600/727/600 606/733/606
f 596/723/596 593/720/593 592/719/592
f 591/718/591 593/720/593 587/714/587
f 596/723/596 606/733/606 595/722/595
f 607/734/607 601/728/601 603/730/603
f 605/732/605 591/718/591 590/717/590
f 608/735/608 604/731/604 603/730/603
f 587/714/587 594/721/594 591/718/591
f 590/717/590 591/718/591 594/721/594
f 609/736/609 584/711/584 610/737/610
f 602/729/602 604/731/604 608/735/608
f 604/731/604 599/726/599 585/712/585
f 597/724/597 55/738/55 611/739/611
f 585/712/585 599/726/599 583/710/583
f 610/737/610 584/711/584 583/710/583
f 583/710/583 586/713/586 585/712/585
f 610/737/610 599/726/599 598/725/598
f 599/726/599 604/731/604 597/724/597
f 55/738/55 612/740/612 611/739/611
f 610/737/610 598/725/598 609/736/609
f 609/736/609 598/725/598 611/739/611
f 611/739/611 612/740/612 609/736/609
f 586/713/586 583/710/583 588/715/588
f 587/714/587 595/722/595 585/712/585
f 593/720/593 596/723/596 587/714/587
f 603/730/603 602/729/602 608/735/608
f 611/739/611 598/725/598 597/724/597
f 599/726/599 610/737/610 583/710/583
f 606/733/606 613/741/613 595/722/595
f 603/730/603 595/722/595 613/741/613
f 590/717/590 589/716/589 614/742/614
f 54/743/54 612/740/612 55/738/55
f 607/734/607 603/730/603 613/741/613
f 589/716/589 588/715/588 582/709/582
f 615/744/615 616/745/616 617/746/617
f 618/747/618 619/748/619 620/749/620
f 621/750/621 622/751/622 623/752/623
f 619/748/619 618/747/618 621/750/621
f 622/751/622 621/750/621 618/747/618
f 624/753/624 623/752/623 622/751/622
f 625/754/625 622/751/622 618/747/618
f 626/755/626 617/746/617 627/756/627
f 628/757/628 624/753/624 622/751/622
f 618/747/618 629/758/629 630/759/630
f 631/760/631 632/761/632 633/762/633
f 623/752/623 634/763/634 621/750/621
f 616/745/616 627/756/627 617/746/617
f 624/753/624 628/757/628 635/764/635
f 512/765/512 616/745/616 498/766/498
f 636/767/636 500/768/500 502/769/502
f 634/763/634 623/752/623 637/770/637
f 638/771/638 631/760/631 516/772/516
f 639/773/639 636/767/636 631/760/631
f 623/752/623 624/753/624 637/770/637
f 640/774/640 635/764/635 628/757/628
f 636/767/636 516/772/516 631/760/631
f 512/765/512 639/773/639 616/745/616
f 639/773/639 631/760/631 633/762/633
f 616/745/616 615/744/615 498/766/498
f 641/775/641 624/753/624 635/764/635
f 635/764/635 640/774/640 626/755/626
f 500/768/500 636/767/636 512/765/512
f 641/775/641 635/764/635 626/755/626
f 627/756/627 642/776/642 641/775/641
f 624/753/624 641/775/641 643/777/643
f 636/767/636 639/773/639 512/765/512
f 637/770/637 643/777/643 644/778/644
f 643/777/643 641/775/641 633/762/633
f 645/779/645 628/757/628 625/754/625
f 643/777/643 633/762/633 644/778/644
f 642/776/642 633/762/633 641/775/641
f 627/756/627 641/775/641 626/755/626
f 502/769/502 516/772/516 636/767/636
f 624/753/624 643/777/643 637/770/637
f 632/761/632 638/771/638 644/778/644
f 631/760/631 638/771/638 632/761/632
f 634/763/634 619/748/619 621/750/621
f 640/774/640 628/757/628 645/779/645
f 633/762/633 632/761/632 644/778/644
f 629/758/629 618/747/618 620/749/620
f 625/754/625 628/757/628 622/751/622
f 633/762/633 642/776/642 639/773/639
f 642/776/642 627/756/627 616/745/616
f 639/773/639 642/776/642 616/745/616
f 646/780/646 647/781/647 648/782/648
f 649/783/649 650/784/650 648/782/648
f 6/785/6 651/786/651 80/787/80
f 652/788/652 653/789/653 649/783/649
f 649/783/649 654/790/654 655/791/655
f 656/792/656 657/793/657 658/794/658
f 653/789/653 652/788/652 78/795/78
f 653/789/653 654/790/654 649/783/649
f 649/783/649 647/781/647 656/792/656
f 649/783/649 656/792/656 78/795/78
f 78/795/78 654/790/654 653/789/653
f 656/792/656 90/796/90 79/797/79
f 659/798/659 660/799/660 661/800/661
f 5/801/5 651/786/651 6/785/6
f 651/786/651 78/795/78 80/787/80
f 78/795/78 656/792/656 79/797/79
f 662/802/662 663/803/663 78/795/78
f 657/793/657 656/792/656 647/781/647
f 78/795/78 652/788/652 649/783/649
f 648/782/648 647/781/647 649/783/649
f 664/804/664 654/790/654 663/803/663
f 662/802/662 651/786/651 5/801/5
f 78/795/78 651/786/651 662/802/662
f 649/783/649 655/791/655 665/805/665
f 666/806/666 655/791/655 654/790/654
f 663/803/663 654/790/654 78/795/78
f 667/807/667 664/804/664 663/803/663
f 647/781/647 646/780/646 657/793/657
f 656/792/656 658/794/658 90/796/90
f 655/791/655 659/798/659 661/800/661
f 665/805/665 668/808/668 661/800/661
f 660/799/660 659/798/659 7/809/7
f 669/810/669 670/811/670 646/780/646
f 669/810/669 650/784/650 670/811/670
f 650/784/650 665/805/665 661/800/661
f 655/791/655 668/808/668 665/805/665
f 654/790/654 664/804/664 666/806/666
f 666/806/666 659/798/659 655/791/655
f 648/782/648 669/810/669 646/780/646
f 663/803/663 662/802/662 671/812/671
f 671/812/671 667/807/667 663/803/663
f 659/798/659 667/807/667 5/801/5
f 660/799/660 670/811/670 650/784/650
f 650/784/650 649/783/649 665/805/665
f 5/801/5 671/812/671 662/802/662
f 650/784/650 669/810/669 648/782/648
f 667/807/667 671/812/671 5/801/5
f 661/800/661 660/799/660 650/784/650
f 664/804/664 667/807/667 659/798/659
f 659/798/659 5/801/5 7/809/7
f 660/799/660 7/809/7 24/813/24
f 661/800/661 668/808/668 655/791/655
f 664/804/664 659/798/659 666/806/666
f 290/814/290 672/815/672 291/816/291
f 143/817/143 673/818/673 139/819/139
f 459/820/459 304/821/304 674/822/674
f 301/823/301 675/824/675 676/825/676
f 677/826/677 139/819/139 673/818/673
f 678/827/678 672/815/672 679/828/679
f 459/820/459 674/822/674 468/829/468
f 680/830/680 291/816/291 678/827/678
f 304/821/304 680/830/680 674/822/674
f 43/831/43 42/832/42 681/833/681
f 294/834/294 301/823/301 679/828/679
f 43/831/43 676/825/676 47/835/47
f 682/836/682 673/818/673 676/825/676
f 683/837/683 684/838/684 31/839/31
f 285/840/285 683/837/683 34/841/34
f 674/822/674 680/830/680 684/838/684
f 677/826/677 673/818/673 682/836/682
f 304/821/304 291/816/291 680/830/680
f 36/842/36 34/841/34 683/837/683
f 683/837/683 33/843/33 36/842/36
f 34/841/34 266/844/266 285/840/285
f 676/825/676 673/818/673 47/835/47
f 685/845/685 678/827/678 686/846/686
f 31/839/31 33/843/33 683/837/683
f 284/847/284 687/848/687 285/840/285
f 210/849/210 213/850/213 686/846/686
f 203/851/203 31/839/31 684/838/684
f 683/837/683 285/840/285 687/848/687
f 684/838/684 683/837/683 688/852/688
f 288/853/288 687/848/687 284/847/284
f 687/848/687 288/853/288 688/852/688
f 688/852/688 287/854/287 689/855/689
f 685/845/685 203/851/203 684/838/684
f 688/852/688 689/855/689 684/838/684
f 687/848/687 688/852/688 683/837/683
f 681/833/681 42/832/42 686/846/686
f 682/836/682 676/825/676 675/824/675
f 143/817/143 47/835/47 673/818/673
f 685/845/685 686/846/686 203/851/203
f 203/851/203 686/846/686 213/850/213
f 685/845/685 680/830/680 678/827/678
f 675/824/675 301/823/301 300/856/300
f 291/816/291 672/815/672 678/827/678
f 689/855/689 287/854/287 468/829/468
f 676/825/676 43/831/43 679/828/679
f 679/828/679 43/831/43 681/833/681
f 680/830/680 685/845/685 684/838/684
f 674/822/674 689/855/689 468/829/468
f 674/822/674 684/838/684 689/855/689
f 681/833/681 686/846/686 678/827/678
f 672/815/672 294/834/294 679/828/679
f 676/825/676 679/828/679 301/823/301
f 688/852/688 288/853/288 287/854/287
f 294/834/294 672/815/672 290/814/290
f 210/849/210 686/846/686 42/832/42
f 681/833/681 678/827/678 679/828/679
f 690/857/690 691/858/691 692/859/692
f 693/860/693 691/858/691 690/857/690
f 694/861/694 695/862/695 692/859/692
f 696/863/696 697/864/697 698/865/698
f 699/866/699 700/867/700 701/868/701
f 702/869/702 703/870/703 704/871/704
f 705/872/705 690/857/690 692/859/692
f 699/866/699 706/873/706 700/867/700
f 707/874/707 697/864/697 696/863/696
f 700/867/700 706/873/706 702/869/702
f 708/875/708 709/876/709 698/865/698
f 710/877/710 711/878/711 712/879/712
f 702/869/702 713/880/713 703/870/703
f 714/881/714 702/869/702 715/882/715
f 712/879/712 716/883/716 710/877/710
f 717/884/717 705/872/705 695/862/695
f 700/867/700 718/885/718 701/868/701
f 719/886/719 720/887/720 721/888/721
f 722/889/722 712/879/712 723/890/723
f 721/888/721 714/881/714 719/886/719
f 697/864/697 708/875/708 698/865/698
f 706/873/706 690/857/690 715/882/715
f 698/865/698 724/891/724 696/863/696
f 700/867/700 702/869/702 704/871/704
f 715/882/715 702/869/702 706/873/706
f 695/862/695 694/861/694 725/892/725
f 710/877/710 726/893/726 699/866/699
f 727/894/727 723/890/723 728/895/728
f 726/893/726 693/860/693 706/873/706
f 699/866/699 707/874/707 711/878/711
f 695/862/695 705/872/705 692/859/692
f 714/881/714 715/882/715 717/884/717
f 707/874/707 696/863/696 724/891/724
f 710/877/710 716/883/716 726/893/726
f 727/894/727 728/895/728 698/865/698
f 729/896/729 730/897/730 731/898/731
f 712/879/712 722/889/722 716/883/716
f 690/857/690 717/884/717 715/882/715
f 701/868/701 707/874/707 699/866/699
f 726/893/726 716/883/716 691/858/691
f 710/877/710 699/866/699 711/878/711
f 729/896/729 727/894/727 730/897/730
f 702/869/702 720/887/720 713/880/713
f 727/894/727 698/865/698 709/876/709
f 709/876/709 730/897/730 727/894/727
f 728/895/728 712/879/712 711/878/711
f 723/890/723 712/879/712 728/895/728
f 693/860/693 690/857/690 706/873/706
f 718/885/718 700/867/700 704/871/704
f 714/881/714 720/887/720 702/869/702
f 711/878/711 724/891/724 728/895/728
f 707/874/707 724/891/724 711/878/711
f 721/888/721 720/887/720 714/881/714
f 713/880/713 720/887/720 732/899/732
f 720/887/720 719/886/719 732/899/732
f 726/893/726 706/873/706 699/866/699
f 698/865/698 728/895/728 724/891/724
f 717/884/717 690/857/690 705/872/705
f 693/860/693 726/893/726 691/858/691
f 733/900/733 734/901/734 735/902/735
f 736/903/736 737/904/737 738/905/738
f 733/900/733 735/902/735 739/906/739
f 740/907/740 741/908/741 742/909/742
f 743/910/743 744/911/744 745/912/745
f 746/913/746 740/907/740 744/911/744
f 736/903/736 747/914/747 748/915/748
f 739/906/739 735/902/735 742/909/742
f 749/916/749 740/907/740 742/909/742
f 737/904/737 736/903/736 750/917/750
f 742/909/742 735/902/735 749/916/749
f 751/918/751 750/917/750 736/903/736
f 750/917/750 752/919/752 745/912/745
f 751/918/751 752/919/752 750/917/750
f 745/912/745 752/919/752 753/920/753
f 62/921/62 63/922/63 612/923/612
f 753/920/753 609/924/609 612/923/612
f 741/908/741 436/925/436 246/926/246
f 736/903/736 748/915/748 751/918/751
f 62/921/62 612/923/612 54/927/54
f 740/907/740 737/904/737 744/911/744
f 737/904/737 750/917/750 745/912/745
f 754/928/754 747/914/747 736/903/736
f 741/908/741 746/913/746 436/925/436
f 752/919/752 584/929/584 609/924/609
f 743/910/743 745/912/745 63/922/63
f 744/911/744 737/904/737 745/912/745
f 746/913/746 435/930/435 436/925/436
f 63/922/63 61/931/61 755/932/755
f 435/930/435 746/913/746 755/932/755
f 61/931/61 435/930/435 755/932/755
f 745/912/745 753/920/753 63/922/63
f 746/913/746 743/910/743 755/932/755
f 612/923/612 63/922/63 753/920/753
f 736/903/736 738/905/738 754/928/754
f 746/913/746 741/908/741 740/907/740
f 746/913/746 744/911/744 743/910/743
f 749/916/749 738/905/738 737/904/737
f 755/932/755 743/910/743 63/922/63
f 742/909/742 741/908/741 246/926/246
f 739/906/739 241/933/241 733/900/733
f 248/934/248 246/926/246 436/925/436
f 747/914/747 589/935/589 748/915/748
f 742/909/742 246/926/246 739/906/739
f 756/936/756 589/935/589 747/914/747
f 241/933/241 739/906/739 246/926/246
f 749/916/749 754/928/754 738/905/738
f 748/915/748 589/935/589 582/937/582
f 250/938/250 734/901/734 733/900/733
f 609/924/609 753/920/753 752/919/752
f 748/915/748 582/937/582 584/929/584
f 614/939/614 589/935/589 756/936/756
f 241/933/241 250/938/250 733/900/733
f 737/904/737 740/907/740 749/916/749
f 584/929/584 751/918/751 748/915/748
f 747/914/747 754/928/754 757/940/757
f 757/940/757 734/901/734 747/914/747
f 754/928/754 735/902/735 757/940/757
f 749/916/749 735/902/735 754/928/754
f 757/940/757 735/902/735 734/901/734
f 584/929/584 752/919/752 751/918/751
f 758/941/758 759/942/759 760/943/760
f 44/944/44 761/945/761 360/946/360
f 762/947/762 759/942/759 763/948/763
f 758/941/758 764/949/764 765/950/765
f 766/951/766 411/952/411 767/953/767
f 761/945/761 356/954/356 360/946/360
f 763/948/763 768/955/768 769/956/769
f 353/957/353 347/958/347 770/959/770
f 771/960/771 407/961/407 772/962/772
f 765/950/765 764/949/764 773/963/773
f 353/957/353 770/959/770 767/953/767
f 760/943/760 759/942/759 441/964/441
f 774/965/774 768/955/768 765/950/765
f 357/966/357 356/954/356 762/947/762
f 773/963/773 775/967/775 776/968/776
f 766/951/766 777/969/777 772/962/772
f 774/965/774 765/950/765 777/969/777
f 767/953/767 411/952/411 353/957/353
f 771/960/771 777/969/777 776/968/776
f 441/964/441 446/970/446 778/971/778
f 441/964/441 778/971/778 760/943/760
f 446/970/446 456/972/456 778/971/778
f 779/973/779 438/974/438 458/975/458
f 780/976/780 778/971/778 456/972/456
f 778/971/778 780/976/780 781/977/781
f 765/950/765 768/955/768 758/941/758
f 778/971/778 781/977/781 760/943/760
f 764/949/764 758/941/758 781/977/781
f 779/973/779 780/976/780 438/974/438
f 762/947/762 441/964/441 759/942/759
f 780/976/780 456/972/456 438/974/438
f 779/973/779 781/977/781 780/976/780
f 774/965/774 770/959/770 347/958/347
f 458/975/458 782/978/782 779/973/779
f 766/951/766 772/962/772 412/979/412
f 767/953/767 770/959/770 774/965/774
f 412/979/412 411/952/411 766/951/766
f 762/947/762 356/954/356 761/945/761
f 779/973/779 782/978/782 781/977/781
f 44/944/44 441/964/441 761/945/761
f 783/980/783 771/960/771 776/968/776
f 768/955/768 763/948/763 759/942/759
f 768/955/768 774/965/774 769/956/769
f 775/967/775 783/980/783 776/968/776
f 776/968/776 765/950/765 773/963/773
f 781/977/781 758/941/758 760/943/760
f 764/949/764 781/977/781 782/978/782
f 441/964/441 762/947/762 761/945/761
f 768/955/768 759/942/759 758/941/758
f 769/956/769 347/958/347 357/966/357
f 412/979/412 772/962/772 405/981/405
f 44/944/44 46/982/46 442/983/442
f 44/944/44 442/983/442 441/964/441
f 784/984/784 782/978/782 458/975/458
f 775/967/775 785/985/785 783/980/783
f 782/978/782 784/984/784 775/967/775
f 771/960/771 772/962/772 777/969/777
f 783/980/783 407/961/407 771/960/771
f 767/953/767 774/965/774 766/951/766
f 766/951/766 774/965/774 777/969/777
f 769/956/769 357/966/357 762/947/762
f 773/963/773 764/949/764 782/978/782
f 782/978/782 775/967/775 773/963/773
f 762/947/762 763/948/763 769/956/769
f 405/981/405 772/962/772 407/961/407
f 347/958/347 769/956/769 774/965/774
f 776/968/776 777/969/777 765/950/765
f 786/986/786 787/987/787 788/988/788
f 789/989/789 790/990/790 791/991/791
f 792/992/792 786/986/786 793/993/793
f 794/994/794 792/992/792 793/993/793
f 795/995/795 790/990/790 796/996/796
f 797/997/797 798/998/798 790/990/790
f 789/989/789 796/996/796 790/990/790
f 799/999/799 103/1000/103 800/1001/800
f 538/1002/538 801/1003/801 802/1004/802
f 786/986/786 792/992/792 787/987/787
f 71/1005/71 788/988/788 787/987/787
f 803/1006/803 789/989/789 804/1007/804
f 799/999/799 800/1001/800 796/996/796
f 804/1007/804 805/1008/805 806/1009/806
f 807/1010/807 103/1000/103 808/1011/808
f 809/1012/809 535/1013/535 534/1014/534
f 806/1009/806 799/999/799 803/1006/803
f 788/988/788 805/1008/805 786/986/786
f 103/1000/103 98/1015/98 808/1011/808
f 75/1016/75 799/999/799 806/1009/806
f 538/1002/538 810/1017/810 801/1003/801
f 811/1018/811 810/1017/810 535/1013/535
f 806/1009/806 70/1019/70 75/1016/75
f 802/1004/802 801/1003/801 808/1011/808
f 787/987/787 792/992/792 812/1020/812
f 535/1013/535 809/1012/809 795/995/795
f 805/1008/805 788/988/788 71/1005/71
f 795/995/795 811/1018/811 535/1013/535
f 791/991/791 813/1021/813 794/994/794
f 814/1022/814 810/1017/810 811/1018/811
f 801/1003/801 807/1010/807 808/1011/808
f 97/1023/97 521/1024/521 100/1025/100
f 801/1003/801 810/1017/810 807/1010/807
f 786/986/786 804/1007/804 793/993/793
f 815/1026/815 797/997/797 809/1012/809
f 807/1010/807 810/1017/810 814/1022/814
f 804/1007/804 789/989/789 794/994/794
f 100/1025/100 521/1024/521 525/1027/525
f 525/1027/525 802/1004/802 99/1028/99
f 791/991/791 790/990/790 798/998/798
f 812/1020/812 813/1021/813 816/1029/816
f 99/1028/99 100/1025/100 525/1027/525
f 816/1029/816 817/1030/817 812/1020/812
f 525/1027/525 524/1031/524 802/1004/802
f 811/1018/811 795/995/795 814/1022/814
f 99/1028/99 808/1011/808 98/1015/98
f 795/995/795 797/997/797 790/990/790
f 803/1006/803 796/996/796 789/989/789
f 789/989/789 791/991/791 794/994/794
f 538/1002/538 533/1032/533 810/1017/810
f 103/1000/103 799/999/799 75/1016/75
f 533/1032/533 535/1013/535 810/1017/810
f 803/1006/803 804/1007/804 806/1009/806
f 814/1022/814 796/996/796 800/1001/800
f 805/1008/805 804/1007/804 786/986/786
f 809/1012/809 797/997/797 795/995/795
f 71/1005/71 70/1019/70 805/1008/805
f 812/1020/812 817/1030/817 787/987/787
f 800/1001/800 807/1010/807 814/1022/814
f 805/1008/805 70/1019/70 806/1009/806
f 795/995/795 796/996/796 814/1022/814
f 799/999/799 796/996/796 803/1006/803
f 103/1000/103 807/1010/807 800/1001/800
f 792/992/792 813/1021/813 812/1020/812
f 792/992/792 794/994/794 813/1021/813
f 797/997/797 815/1026/815 798/998/798
f 793/993/793 804/1007/804 794/994/794
f 802/1004/802 808/1011/808 99/1028/99
f 538/1002/538 802/1004/802 524/1031/524
f 818/1033/818 819/1034/819 820/1035/820
f 821/1036/821 819/1034/819 818/1033/818
f 821/1036/821 822/1037/822 823/1038/823
f 822/1037/822 469/1039/469 823/1038/823
f 824/1040/824 825/1041/825 820/1035/820
f 826/1042/826 827/1043/827 828/1044/828
f 829/1045/829 830/1046/830 831/1047/831
f 818/1033/818 832/1048/832 833/1049/833
f 477/1050/477 822/1037/822 834/1051/834
f 464/1052/464 830/1046/830 465/1053/465
f 464/1052/464 477/1050/477 834/1051/834
f 835/1054/835 836/1055/836 837/1056/837
f 823/1038/823 826/1042/826 821/1036/821
f 829/1045/829 465/1053/465 830/1046/830
f 819/1034/819 835/1054/835 820/1035/820
f 826/1042/826 823/1038/823 838/1057/838
f 839/1058/839 840/1059/840 841/1060/841
f 842/1061/842 827/1043/827 826/1042/826
f 838/1057/838 823/1038/823 843/1062/843
f 286/1063/286 843/1062/843 469/1039/469
f 468/1064/468 286/1063/286 469/1039/469
f 832/1048/832 830/1046/830 833/1049/833
f 830/1046/830 464/1052/464 834/1051/834
f 469/1039/469 843/1062/843 823/1038/823
f 827/1043/827 844/1065/844 282/1066/282
f 277/1067/277 276/1068/276 838/1057/838
f 277/1067/277 838/1057/838 278/1069/278
f 843/1062/843 286/1063/286 278/1069/278
f 468/1064/468 287/1070/287 286/1063/286
f 831/1047/831 832/1048/832 840/1059/840
f 840/1059/840 832/1048/832 818/1033/818
f 839/1058/839 831/1047/831 840/1059/840
f 821/1036/821 833/1049/833 822/1037/822
f 826/1042/826 819/1034/819 821/1036/821
f 833/1049/833 830/1046/830 834/1051/834
f 833/1049/833 834/1051/834 822/1037/822
f 844/1065/844 842/1061/842 276/1068/276
f 469/1039/469 822/1037/822 477/1050/477
f 837/1056/837 845/1071/845 824/1040/824
f 846/1072/846 847/1073/847 274/1074/274
f 846/1072/846 848/1075/848 847/1073/847
f 836/1055/836 848/1075/848 837/1056/837
f 849/1076/849 282/1066/282 272/1077/272
f 274/1074/274 849/1076/849 272/1077/272
f 838/1057/838 276/1068/276 842/1061/842
f 848/1075/848 836/1055/836 850/1078/850
f 848/1075/848 845/1071/845 837/1056/837
f 844/1065/844 827/1043/827 842/1061/842
f 849/1076/849 274/1074/274 847/1073/847
f 842/1061/842 826/1042/826 838/1057/838
f 850/1078/850 282/1066/282 849/1076/849
f 838/1057/838 843/1062/843 278/1069/278
f 282/1066/282 844/1065/844 276/1068/276
f 850/1078/850 836/1055/836 827/1043/827
f 847/1073/847 850/1078/850 849/1076/849
f 837/1056/837 820/1035/820 835/1054/835
f 825/1041/825 841/1060/841 820/1035/820
f 835/1054/835 828/1044/828 836/1055/836
f 828/1044/828 827/1043/827 836/1055/836
f 465/1053/465 829/1045/829 472/1079/472
f 818/1033/818 820/1035/820 841/1060/841
f 833/1049/833 821/1036/821 818/1033/818
f 840/1059/840 818/1033/818 841/1060/841
f 827/1043/827 282/1066/282 850/1078/850
f 830/1046/830 832/1048/832 831/1047/831
f 819/1034/819 828/1044/828 835/1054/835
f 850/1078/850 847/1073/847 848/1075/848
f 826/1042/826 828/1044/828 819/1034/819
f 820/1035/820 837/1056/837 824/1040/824
f 90/1080/90 658/1081/658 851/1082/851
f 852/1083/852 853/1084/853 854/1085/854
f 855/1086/855 856/1087/856 852/1083/852
f 857/1088/857 858/1089/858 851/1082/851
f 859/1090/859 852/1083/852 854/1085/854
f 851/1082/851 860/1091/860 857/1088/857
f 90/1080/90 851/1082/851 858/1089/858
f 851/1082/851 658/1081/658 860/1091/860
f 861/1092/861 862/1093/862 855/1086/855
f 860/1091/860 658/1081/658 657/1094/657
f 863/1095/863 864/1096/864 865/1097/865
f 860/1091/860 657/1094/657 866/1098/866
f 867/1099/867 854/1085/854 863/1095/863
f 861/1092/861 868/1100/868 869/1101/869
f 870/1102/870 871/1103/871 872/1104/872
f 90/1080/90 858/1089/858 87/1105/87
f 861/1092/861 855/1086/855 873/1106/873
f 859/1090/859 873/1106/873 855/1086/855
f 874/1107/874 856/1087/856 864/1096/864
f 875/1108/875 91/1109/91 868/1100/868
f 876/1110/876 856/1087/856 877/1111/877
f 27/1112/27 878/1113/878 24/1114/24
f 868/1100/868 858/1089/858 857/1088/857
f 855/1086/855 862/1093/862 879/1115/879
f 646/1116/646 880/1117/880 866/1098/866
f 869/1101/869 868/1100/868 857/1088/857
f 855/1086/855 879/1115/879 856/1087/856
f 646/1116/646 670/1118/670 880/1117/880
f 881/1119/881 866/1098/866 880/1117/880
f 857/1088/857 881/1119/881 869/1101/869
f 861/1092/861 873/1106/873 875/1108/875
f 861/1092/861 875/1108/875 868/1100/868
f 91/1109/91 87/1105/87 868/1100/868
f 646/1116/646 866/1098/866 657/1094/657
f 882/1120/882 864/1096/864 856/1087/856
f 880/1117/880 883/1121/883 881/1119/881
f 871/1103/871 870/1102/870 27/1112/27
f 861/1092/861 869/1101/869 884/1122/884
f 878/1113/878 877/1111/877 885/1123/885
f 884/1122/884 869/1101/869 881/1119/881
f 872/1104/872 886/1124/886 887/1125/887
f 877/1111/877 870/1102/870 872/1104/872
f 863/1095/863 865/1097/865 867/1099/867
f 87/1105/87 858/1089/858 868/1100/868
f 881/1119/881 883/1121/883 884/1122/884
f 861/1092/861 884/1122/884 862/1093/862
f 877/1111/877 856/1087/856 879/1115/879
f 853/1084/853 874/1107/874 854/1085/854
f 883/1121/883 862/1093/862 884/1122/884
f 888/1126/888 871/1103/871 27/1112/27
f 882/1120/882 889/1127/889 864/1096/864
f 878/1113/878 670/1118/670 24/1114/24
f 885/1123/885 879/1115/879 862/1093/862
f 864/1096/864 863/1095/863 874/1107/874
f 876/1110/876 877/1111/877 872/1104/872
f 887/1125/887 882/1120/882 872/1104/872
f 883/1121/883 878/1113/878 862/1093/862
f 856/1087/856 876/1110/876 882/1120/882
f 872/1104/872 871/1103/871 886/1124/886
f 853/1084/853 856/1087/856 874/1107/874
f 888/1126/888 886/1124/886 871/1103/871
f 863/1095/863 854/1085/854 874/1107/874
f 866/1098/866 857/1088/857 860/1091/860
f 859/1090/859 855/1086/855 852/1083/852
f 881/1119/881 857/1088/857 866/1098/866
f 889/1127/889 882/1120/882 887/1125/887
f 880/1117/880 670/1118/670 878/1113/878
f 24/1114/24 670/1118/670 660/1128/660
f 862/1093/862 878/1113/878 885/1123/885
f 865/1097/865 864/1096/864 889/1127/889
f 27/1112/27 870/1102/870 878/1113/878
f 879/1115/879 885/1123/885 877/1111/877
f 852/1083/852 856/1087/856 853/1084/853
f 877/1111/877 878/1113/878 870/1102/870
f 882/1120/882 876/1110/876 872/1104/872
f 878/1113/878 883/1121/883 880/1117/880
f 890/1129/890 891/1130/891 892/1131/892
f 893/1132/893 894/1133/894 895/1134/895
f 896/1135/896 893/1132/893 895/1134/895
f 139/1136/139 897/1137/897 129/1138/129
f 891/1130/891 894/1133/894 898/1139/898
f 899/1140/899 900/1141/900 901/1142/901
f 897/1137/897 902/1143/902 140/1144/140
f 140/1144/140 903/1145/903 144/1146/144
f 904/1147/904 893/1132/893 905/1148/905
f 904/1147/904 898/1139/898 893/1132/893
f 906/1149/906 907/1150/907 908/1151/908
f 308/1152/308 905/1148/905 896/1135/896
f 909/1153/909 901/1142/901 910/1154/910
f 911/1155/911 890/1129/890 912/1156/912
f 890/1129/890 909/1153/909 913/1157/913
f 891/1130/891 898/1139/898 914/1158/914
f 902/1143/902 903/1145/903 140/1144/140
f 900/1141/900 899/1140/899 897/1137/897
f 894/1133/894 891/1130/891 915/1159/915
f 894/1133/894 916/1160/916 895/1134/895
f 677/1161/677 910/1154/910 917/1162/917
f 897/1137/897 139/1136/139 900/1141/900
f 901/1142/901 917/1162/917 910/1154/910
f 918/1163/918 899/1140/899 901/1142/901
f 915/1159/915 916/1160/916 894/1133/894
f 919/1164/919 309/1165/309 896/1135/896
f 309/1165/309 308/1152/308 896/1135/896
f 890/1129/890 920/1166/920 921/1167/921
f 918/1163/918 909/1153/909 921/1167/921
f 901/1142/901 909/1153/909 918/1163/918
f 675/1168/675 300/1169/300 907/1150/907
f 906/1149/906 922/1170/922 682/1171/682
f 916/1160/916 299/1172/299 305/1173/305
f 923/1174/923 913/1157/913 908/1151/908
f 900/1141/900 917/1162/917 901/1142/901
f 924/1175/924 925/1176/925 926/1177/926
f 927/1178/927 299/1172/299 907/1150/907
f 928/1179/928 921/1167/921 924/1175/924
f 907/1150/907 299/1172/299 923/1174/923
f 907/1150/907 923/1174/923 908/1151/908
f 924/1175/924 921/1167/921 920/1166/920
f 891/1130/891 913/1157/913 923/1174/923
f 677/1161/677 917/1162/917 139/1136/139
f 897/1137/897 140/1144/140 129/1138/129
f 929/1180/929 903/1145/903 902/1143/902
f 905/1148/905 893/1132/893 896/1135/896
f 918/1163/918 921/1167/921 928/1179/928
f 913/1157/913 906/1149/906 908/1151/908
f 928/1179/928 924/1175/924 929/1180/929
f 139/1136/139 917/1162/917 900/1141/900
f 919/1164/919 305/1173/305 309/1165/309
f 928/1179/928 929/1180/929 918/1163/918
f 929/1180/929 899/1140/899 918/1163/918
f 922/1170/922 906/1149/906 910/1154/910
f 891/1130/891 890/1129/890 913/1157/913
f 911/1155/911 920/1166/920 890/1129/890
f 300/1169/300 299/1172/299 927/1178/927
f 919/1164/919 896/1135/896 895/1134/895
f 916/1160/916 923/1174/923 299/1172/299
f 915/1159/915 923/1174/923 916/1160/916
f 924/1175/924 903/1145/903 929/1180/929
f 906/1149/906 682/1171/682 675/1168/675
f 891/1130/891 923/1174/923 915/1159/915
f 677/1161/677 682/1171/682 922/1170/922
f 909/1153/909 910/1154/910 913/1157/913
f 899/1140/899 902/1143/902 897/1137/897
f 894/1133/894 893/1132/893 898/1139/898
f 906/1149/906 675/1168/675 907/1150/907
f 677/1161/677 922/1170/922 910/1154/910
f 929/1180/929 902/1143/902 899/1140/899
f 895/1134/895 916/1160/916 919/1164/919
f 909/1153/909 890/1129/890 921/1167/921
f 919/1164/919 916/1160/916 305/1173/305
f 891/1130/891 914/1158/914 892/1131/892
f 906/1149/906 913/1157/913 910/1154/910
f 300/1169/300 927/1178/927 907/1150/907
f 890/1129/890 892/1131/892 912/1156/912
f 920/1166/920 911/1155/911 924/1175/924
f 903/1145/903 924/1175/924 930/1181/930
f 926/1177/926 930/1181/930 924/1175/924
f 931/1182/931 932/1183/932 933/1184/933
f 931/1182/931 934/1185/934 932/1183/932
f 935/1186/935 936/1187/936 937/1188/937
f 933/1184/933 938/1189/938 935/1186/935
f 936/1187/936 939/1190/939 937/1188/937
f 938/1189/938 933/1184/933 940/1191/940
f 941/1192/941 942/1193/942 937/1188/937
f 943/1194/943 940/1191/940 933/1184/933
f 937/1188/937 931/1182/931 933/1184/933
f 944/1195/944 938/1189/938 940/1191/940
f 937/1188/937 945/1196/945 941/1192/941
f 940/1191/940 943/1194/943 946/1197/946
f 947/1198/947 948/1199/948 949/1200/949
f 950/1201/950 949/1200/949 951/1202/951
f 947/1198/947 952/1203/952 948/1199/948
f 932/1183/932 943/1194/943 933/1184/933
f 953/1204/953 954/1205/954 955/1206/955
f 956/1207/956 957/1208/957 954/1205/954
f 958/1209/958 959/1210/959 960/1211/960
f 957/1208/957 955/1206/955 954/1205/954
f 958/1209/958 961/1212/961 962/1213/962
f 956/1207/956 954/1205/954 950/1201/950
f 950/1201/950 931/1182/931 956/1207/956
f 950/1201/950 954/1205/954 947/1198/947
f 955/1206/955 957/1208/957 963/1214/963
f 964/1215/964 963/1214/963 957/1208/957
f 954/1205/954 952/1203/952 947/1198/947
f 965/1216/965 966/1217/966 962/1213/962
f 956/1207/956 964/1215/964 957/1208/957
f 956/1207/956 931/1182/931 942/1193/942
f 961/1212/961 958/1209/958 960/1211/960
f 950/1201/950 951/1202/951 934/1185/934
f 950/1201/950 947/1198/947 949/1200/949
f 935/1186/935 938/1189/938 936/1187/936
f 953/1204/953 948/1199/948 952/1203/952
f 962/1213/962 961/1212/961 965/1216/965
f 935/1186/935 937/1188/937 933/1184/933
f 967/1218/967 939/1190/939 936/1187/936
f 953/1204/953 952/1203/952 954/1205/954
f 940/1191/940 946/1197/946 944/1195/944
f 934/1185/934 931/1182/931 950/1201/950
f 937/1188/937 939/1190/939 945/1196/945
f 931/1182/931 937/1188/937 942/1193/942
f 968/1219/968 939/1190/939 967/1218/967
f 969/1220/969 970/1221/970 965/1216/965
f 971/1222/971 970/1221/970 969/1220/969
f 965/1216/965 970/1221/970 966/1217/966
f 972/1223/972 946/1197/946 943/1194/943
f 945/1196/945 973/1224/973 974/1225/974
f 973/1224/973 945/1196/945 939/1190/939
f 941/1192/941 945/1196/945 975/1226/975
f 972/1223/972 943/1194/943 932/1183/932
f 934/1185/934 972/1223/972 932/1183/932
f 970/1221/970 971/1222/971 976/1227/976
f 977/1228/977 942/1193/942 978/1229/978
f 979/1230/979 980/1231/980 955/1206/955
f 981/1232/981 982/1233/982 959/1210/959
f 981/1232/981 959/1210/959 958/1209/958
f 956/1207/956 942/1193/942 977/1228/977
f 945/1196/945 974/1225/974 975/1226/975
f 978/1229/978 975/1226/975 983/1234/983
f 941/1192/941 975/1226/975 978/1229/978
f 966/1217/966 984/1235/984 962/1213/962
f 980/1231/980 958/1209/958 985/1236/985
f 977/1228/977 986/1237/986 956/1207/956
f 986/1237/986 978/1229/978 983/1234/983
f 974/1225/974 982/1233/982 983/1234/983
f 964/1215/964 981/1232/981 979/1230/979
f 964/1215/964 956/1207/956 986/1237/986
f 955/1206/955 963/1214/963 979/1230/979
f 978/1229/978 986/1237/986 977/1228/977
f 983/1234/983 975/1226/975 974/1225/974
f 962/1213/962 984/1235/984 985/1236/985
f 987/1238/987 986/1237/986 983/1234/983
f 978/1229/978 942/1193/942 941/1192/941
f 983/1234/983 982/1233/982 987/1238/987
f 979/1230/979 981/1232/981 980/1231/980
f 982/1233/982 981/1232/981 987/1238/987
f 963/1214/963 964/1215/964 979/1230/979
f 987/1238/987 981/1232/981 964/1215/964
f 986/1237/986 987/1238/987 964/1215/964
f 980/1231/980 981/1232/981 958/1209/958
f 958/1209/958 962/1213/962 985/1236/985
f 988/1239/988 976/1227/976 971/1222/971
f 976/1227/976 988/1239/988 989/1240/989
f 990/1241/990 991/1242/991 371/1243/371
f 992/1244/992 993/1245/993 994/1246/994
f 510/1247/510 995/1248/995 996/1249/996
f 992/1244/992 997/1250/997 998/1251/998
f 999/1252/999 998/1251/998 1000/1253/1000
f 388/1254/388 364/1255/364 1001/1256/1001
f 617/1257/617 1002/1258/1002 615/1259/615
f 1001/1256/1001 364/1255/364 1003/1260/1003
f 630/1261/630 1004/1262/1004 1005/1263/1005
f 625/1264/625 618/1265/618 1006/1266/1006
f 1001/1256/1001 994/1246/994 1007/1267/1007
f 1008/1268/1008 1009/1269/1009 991/1242/991
f 496/1270/496 498/1271/498 615/1259/615
f 1006/1266/1006 1007/1267/1007 994/1246/994
f 1006/1266/1006 993/1245/993 1010/1272/1010
f 615/1259/615 1011/1273/1011 496/1270/496
f 1000/1253/1000 1011/1273/1011 1002/1258/1002
f 998/1251/998 999/1252/999 1012/1274/1012
f 995/1248/995 1013/1275/1013 996/1249/996
f 625/1264/625 1014/1276/1014 645/1277/645
f 998/1251/998 997/1250/997 1015/1278/1015
f 993/1245/993 1006/1266/1006 994/1246/994
f 1005/1263/1005 1016/1279/1016 1007/1267/1007
f 626/1280/626 640/1281/640 999/1252/999
f 1017/1282/1017 996/1249/996 1013/1275/1013
f 1006/1266/1006 618/1265/618 1005/1263/1005
f 1018/1283/1018 1000/1253/1000 1019/1284/1019
f 1013/1275/1013 1019/1284/1019 1020/1285/1020
f 1012/1274/1012 993/1245/993 992/1244/992
f 1002/1258/1002 626/1280/626 999/1252/999
f 992/1244/992 998/1251/998 1012/1274/1012
f 1015/1278/1015 1000/1253/1000 998/1251/998
f 1013/1275/1013 1020/1285/1020 1017/1282/1017
f 997/1250/997 992/1244/992 1021/1286/1021
f 1015/1278/1015 1022/1287/1022 1019/1284/1019
f 618/1265/618 630/1261/630 1005/1263/1005
f 1008/1268/1008 1023/1288/1023 1024/1289/1024
f 1016/1279/1016 1025/1290/1025 1007/1267/1007
f 1002/1258/1002 617/1257/617 626/1280/626
f 496/1270/496 995/1248/995 510/1247/510
f 994/1246/994 1003/1260/1003 992/1244/992
f 1026/1291/1026 1022/1287/1022 1015/1278/1015
f 1014/1276/1014 625/1264/625 1010/1272/1010
f 1019/1284/1019 1000/1253/1000 1015/1278/1015
f 645/1277/645 1014/1276/1014 999/1252/999
f 999/1252/999 1014/1276/1014 1012/1274/1012
f 1018/1283/1018 1013/1275/1013 496/1270/496
f 1024/1289/1024 1027/1292/1027 1008/1268/1008
f 1001/1256/1001 1025/1290/1025 388/1254/388
f 1019/1284/1019 1028/1293/1028 1020/1285/1020
f 496/1270/496 1011/1273/1011 1018/1283/1018
f 1005/1263/1005 1004/1262/1004 1016/1279/1016
f 1027/1292/1027 1028/1293/1028 1008/1268/1008
f 1018/1283/1018 1019/1284/1019 1013/1275/1013
f 1026/1291/1026 1015/1278/1015 997/1250/997
f 1027/1292/1027 1024/1289/1024 1023/1288/1023
f 1020/1285/1020 1028/1293/1028 1027/1292/1027
f 992/1244/992 1003/1260/1003 1021/1286/1021
f 1022/1287/1022 1009/1269/1009 1019/1284/1019
f 1014/1276/1014 1010/1272/1010 993/1245/993
f 496/1270/496 1013/1275/1013 995/1248/995
f 999/1252/999 640/1281/640 645/1277/645
f 1021/1286/1021 1029/1294/1029 1026/1291/1026
f 1010/1272/1010 625/1264/625 1006/1266/1006
f 1009/1269/1009 1008/1268/1008 1028/1293/1028
f 1021/1286/1021 1003/1260/1003 368/1295/368
f 1006/1266/1006 1005/1263/1005 1007/1267/1007
f 1002/1258/1002 999/1252/999 1000/1253/1000
f 368/1295/368 369/1296/369 1021/1286/1021
f 1009/1269/1009 1028/1293/1028 1019/1284/1019
f 369/1296/369 1029/1294/1029 1021/1286/1021
f 368/1295/368 1003/1260/1003 364/1255/364
f 1029/1294/1029 991/1242/991 1009/1269/1009
f 1018/1283/1018 1011/1273/1011 1000/1253/1000
f 1029/1294/1029 1009/1269/1009 1026/1291/1026
f 1026/1291/1026 997/1250/997 1021/1286/1021
f 369/1296/369 376/1297/376 1029/1294/1029
f 991/1242/991 1029/1294/1029 376/1297/376
f 1001/1256/1001 1007/1267/1007 1025/1290/1025
f 1012/1274/1012 1014/1276/1014 993/1245/993
f 1002/1258/1002 1011/1273/1011 615/1259/615
f 1008/1268/1008 991/1242/991 990/1241/990
f 1003/1260/1003 994/1246/994 1001/1256/1001
f 1022/1287/1022 1026/1291/1026 1009/1269/1009
f 1008/1268/1008 990/1241/990 1023/1288/1023
f 371/1243/371 991/1242/991 376/1297/376
f 1030/1298/1030 1031/1299/1031 1032/1300/1032
f 1033/1301/1033 1034/1302/1034 1035/1303/1035
f 719/1304/719 714/1305/714 1031/1299/1031
f 1031/1299/1031 1036/1306/1036 732/1307/732
f 1036/1306/1036 1037/1308/1037 1038/1309/1038
f 1034/1302/1034 1031/1299/1031 714/1305/714
f 1038/1309/1038 732/1307/732 1036/1306/1036
f 1039/1310/1039 1035/1303/1035 695/1311/695
f 1031/1299/1031 1040/1312/1040 1036/1306/1036
f 714/1305/714 717/1313/717 1034/1302/1034
f 1031/1299/1031 1041/1314/1041 1040/1312/1040
f 1033/1301/1033 1035/1303/1035 1042/1315/1042
f 1032/1300/1032 1034/1302/1034 1033/1301/1033
f 1034/1302/1034 717/1313/717 1035/1303/1035
f 1043/1316/1043 1044/1317/1044 841/1318/841
f 1037/1308/1037 1040/1312/1040 1045/1319/1045
f 1030/1298/1030 1046/1320/1046 1041/1314/1041
f 1033/1301/1033 1047/1321/1047 1032/1300/1032
f 1046/1320/1046 1048/1322/1048 1049/1323/1049
f 1032/1300/1032 1031/1299/1031 1034/1302/1034
f 1044/1317/1044 1042/1315/1042 1050/1324/1050
f 1040/1312/1040 1037/1308/1037 1036/1306/1036
f 1031/1299/1031 732/1307/732 719/1304/719
f 1051/1325/1051 1052/1326/1052 1053/1327/1053
f 1049/1323/1049 1054/1328/1054 1055/1329/1055
f 1031/1299/1031 1030/1298/1030 1041/1314/1041
f 1030/1298/1030 1032/1300/1032 1047/1321/1047
f 1045/1319/1045 1040/1312/1040 1056/1330/1056
f 1048/1322/1048 1043/1316/1043 1057/1331/1057
f 1056/1330/1056 1040/1312/1040 1058/1332/1058
f 1056/1330/1056 1059/1333/1059 1045/1319/1045
f 841/1318/841 1044/1317/1044 839/1334/839
f 1050/1324/1050 839/1334/839 1044/1317/1044
f 1042/1315/1042 1035/1303/1035 1039/1310/1039
f 1033/1301/1033 1042/1315/1042 1048/1322/1048
f 1060/1335/1060 1061/1336/1061 1062/1337/1062
f 717/1313/717 695/1311/695 1035/1303/1035
f 725/1338/725 1039/1310/1039 695/1311/695
f 1063/1339/1063 274/1340/274 273/1341/273
f 1051/1325/1051 1064/1342/1064 1065/1343/1065
f 1041/1314/1041 1058/1332/1058 1040/1312/1040
f 1059/1333/1059 1062/1337/1062 1066/1344/1066
f 1048/1322/1048 1047/1321/1047 1033/1301/1033
f 1047/1321/1047 1046/1320/1046 1030/1298/1030
f 1046/1320/1046 1055/1329/1055 1041/1314/1041
f 1039/1310/1039 1067/1345/1067 1042/1315/1042
f 1052/1326/1052 1051/1325/1051 1068/1346/1068
f 1048/1322/1048 1042/1315/1042 1044/1317/1044
f 1039/1310/1039 725/1338/725 1067/1345/1067
f 1069/1347/1069 1061/1336/1061 1070/1348/1070
f 1053/1327/1053 1070/1348/1070 1061/1336/1061
f 1047/1321/1047 1048/1322/1048 1046/1320/1046
f 1049/1323/1049 1055/1329/1055 1046/1320/1046
f 1050/1324/1050 1042/1315/1042 1067/1345/1067
f 1050/1324/1050 1067/1345/1067 725/1338/725
f 1058/1332/1058 1059/1333/1059 1056/1330/1056
f 1049/1323/1049 1048/1322/1048 1057/1331/1057
f 1057/1331/1057 1071/1349/1071 1049/1323/1049
f 845/1350/845 1071/1349/1071 824/1351/824
f 1071/1349/1071 1072/1352/1072 1049/1323/1049
f 1071/1349/1071 1057/1331/1057 824/1351/824
f 846/1353/846 274/1340/274 1073/1354/1073
f 845/1350/845 848/1355/848 1074/1356/1074
f 1071/1349/1071 845/1350/845 1072/1352/1072
f 1065/1343/1065 1058/1332/1058 1041/1314/1041
f 1073/1354/1073 274/1340/274 1063/1339/1063
f 1065/1343/1065 1041/1314/1041 1055/1329/1055
f 1075/1357/1075 1076/1358/1076 1077/1359/1077
f 1062/1337/1062 1061/1336/1061 1069/1347/1069
f 1063/1339/1063 1075/1357/1075 1073/1354/1073
f 1043/1316/1043 824/1351/824 1057/1331/1057
f 1051/1325/1051 1053/1327/1053 1061/1336/1061
f 1072/1352/1072 1052/1326/1052 1068/1346/1068
f 848/1355/848 846/1353/846 1074/1356/1074
f 1077/1359/1077 1053/1327/1053 1073/1354/1073
f 1072/1352/1072 1054/1328/1054 1049/1323/1049
f 1044/1317/1044 1043/1316/1043 1048/1322/1048
f 824/1351/824 1043/1316/1043 825/1360/825
f 1043/1316/1043 841/1318/841 825/1360/825
f 1064/1342/1064 1051/1325/1051 1061/1336/1061
f 1073/1354/1073 1075/1357/1075 1077/1359/1077
f 1053/1327/1053 1052/1326/1052 1073/1354/1073
f 1074/1356/1074 1072/1352/1072 845/1350/845
f 1065/1343/1065 1055/1329/1055 1054/1328/1054
f 1064/1342/1064 1061/1336/1061 1060/1335/1060
f 1060/1335/1060 1062/1337/1062 1059/1333/1059
f 1065/1343/1065 1060/1335/1060 1058/1332/1058
f 273/1341/273 283/1361/283 1063/1339/1063
f 1073/1354/1073 1052/1326/1052 1074/1356/1074
f 1054/1328/1054 1072/1352/1072 1068/1346/1068
f 1065/1343/1065 1064/1342/1064 1060/1335/1060
f 1060/1335/1060 1059/1333/1059 1058/1332/1058
f 1068/1346/1068 1051/1325/1051 1054/1328/1054
f 1054/1328/1054 1051/1325/1051 1065/1343/1065
f 1076/1358/1076 1053/1327/1053 1077/1359/1077
f 846/1353/846 1073/1354/1073 1074/1356/1074
f 1074/1356/1074 1052/1326/1052 1072/1352/1072
f 1078/1362/1078 1079/1363/1079 1080/1364/1080
f 1081/1365/1081 1082/1366/1082 1083/1367/1083
f 1084/1368/1084 571/1369/571 1085/1370/1085
f 1086/1371/1086 1087/1372/1087 1088/1373/1088
f 572/1374/572 571/1369/571 1084/1368/1084
f 1079/1363/1079 1089/1375/1089 1090/1376/1090
f 1086/1371/1086 1091/1377/1091 1087/1372/1087
f 1086/1371/1086 1083/1367/1083 1082/1366/1082
f 1092/1378/1092 1082/1366/1082 1081/1365/1081
f 1093/1379/1093 1094/1380/1094 1095/1381/1095
f 1096/1382/1096 1093/1379/1093 1095/1381/1095
f 1091/1377/1091 1097/1383/1097 1087/1372/1087
f 1088/1373/1088 1083/1367/1083 1086/1371/1086
f 1096/1382/1096 1095/1381/1095 1098/1384/1098
f 1092/1378/1092 1099/1385/1099 1082/1366/1082
f 1100/1386/1100 1101/1387/1101 1082/1366/1082
f 1087/1372/1087 1097/1383/1097 1102/1388/1102
f 1103/1389/1103 1083/1367/1083 1088/1373/1088
f 1103/1389/1103 1095/1381/1095 1083/1367/1083
f 1082/1366/1082 1099/1385/1099 1100/1386/1100
f 1104/1390/1104 1101/1387/1101 1100/1386/1100
f 1102/1388/1102 1097/1383/1097 1105/1391/1105
f 1100/1386/1100 1099/1385/1099 1106/1392/1106
f 1095/1381/1095 1107/1393/1107 1098/1384/1098
f 1103/1389/1103 1088/1373/1088 1089/1375/1089
f 1108/1394/1108 1107/1393/1107 1109/1395/1109
f 1103/1389/1103 1089/1375/1089 1079/1363/1079
f 1110/1396/1110 1105/1391/1105 1104/1390/1104
f 1108/1394/1108 1109/1395/1109 1111/1397/1111
f 1104/1390/1104 1100/1386/1100 1112/1398/1112
f 1109/1395/1109 1103/1389/1103 1079/1363/1079
f 1109/1395/1109 1079/1363/1079 1113/1399/1113
f 1113/1399/1113 1078/1362/1078 1114/1400/1114
f 1110/1396/1110 1102/1388/1102 1105/1391/1105
f 1115/1401/1115 1087/1372/1087 1102/1388/1102
f 1116/1402/1116 1117/1403/1117 1084/1368/1084
f 1100/1386/1100 1106/1392/1106 1112/1398/1112
f 1097/1383/1097 1082/1366/1082 1101/1387/1101
f 1118/1404/1118 1081/1365/1081 1094/1380/1094
f 1106/1392/1106 1119/1405/1119 1120/1406/1120
f 1118/1404/1118 1121/1407/1121 1081/1365/1081
f 1119/1405/1119 1106/1392/1106 1099/1385/1099
f 1094/1380/1094 1122/1408/1122 1118/1404/1118
f 1123/1409/1123 1121/1407/1121 1118/1404/1118
f 1124/1410/1124 1099/1385/1099 1092/1378/1092
f 1125/1411/1125 1120/1406/1120 1119/1405/1119
f 1092/1378/1092 1081/1365/1081 1121/1407/1121
f 967/1412/967 1092/1378/1092 1121/1407/1121
f 1099/1385/1099 1124/1410/1124 1119/1405/1119
f 1124/1410/1124 1126/1413/1126 1119/1405/1119
f 573/1414/573 572/1374/572 1117/1403/1117
f 1126/1413/1126 1124/1410/1124 936/1415/936
f 1117/1403/1117 1116/1402/1116 1115/1401/1115
f 1092/1378/1092 967/1412/967 1124/1410/1124
f 1110/1396/1110 1104/1390/1104 1112/1398/1112
f 1127/1416/1127 1078/1362/1078 1080/1364/1080
f 1119/1405/1119 1126/1413/1126 1125/1411/1125
f 1115/1401/1115 1102/1388/1102 1117/1403/1117
f 573/1414/573 1117/1403/1117 1102/1388/1102
f 1108/1394/1108 1128/1417/1128 1129/1418/1129
f 968/1419/968 967/1412/967 1123/1409/1123
f 1128/1417/1128 1111/1397/1111 1113/1399/1113
f 1097/1383/1097 1101/1387/1101 1104/1390/1104
f 1102/1388/1102 1110/1396/1110 1130/1420/1130
f 1128/1417/1128 1108/1394/1108 1111/1397/1111
f 1095/1381/1095 1094/1380/1094 1083/1367/1083
f 967/1412/967 1121/1407/1121 1123/1409/1123
f 1124/1410/1124 967/1412/967 936/1415/936
f 573/1414/573 1102/1388/1102 570/1421/570
f 1115/1401/1115 1089/1375/1089 1088/1373/1088
f 1079/1363/1079 1131/1422/1131 1127/1416/1127
f 1129/1418/1129 1132/1423/1132 1107/1393/1107
f 1098/1384/1098 1107/1393/1107 1132/1423/1132
f 1132/1423/1132 1096/1382/1096 1098/1384/1098
f 1096/1382/1096 1133/1424/1133 1093/1379/1093
f 570/1421/570 1102/1388/1102 1130/1420/1130
f 1131/1422/1131 1079/1363/1079 1090/1376/1090
f 1094/1380/1094 1093/1379/1093 1133/1424/1133
f 938/1425/938 1126/1413/1126 936/1415/936
f 1126/1413/1126 944/1426/944 1125/1411/1125
f 1126/1413/1126 938/1425/938 944/1426/944
f 1084/1368/1084 1117/1403/1117 572/1374/572
f 1090/1376/1090 1116/1402/1116 1085/1370/1085
f 1116/1402/1116 1090/1376/1090 1089/1375/1089
f 1115/1401/1115 1088/1373/1088 1087/1372/1087
f 1114/1400/1114 1128/1417/1128 1113/1399/1113
f 1111/1397/1111 1109/1395/1109 1113/1399/1113
f 1116/1402/1116 1089/1375/1089 1115/1401/1115
f 1082/1366/1082 1097/1383/1097 1086/1371/1086
f 1095/1381/1095 1103/1389/1103 1107/1393/1107
f 1133/1424/1133 1122/1408/1122 1094/1380/1094
f 1107/1393/1107 1108/1394/1108 1129/1418/1129
f 1131/1422/1131 1090/1376/1090 1085/1370/1085
f 1097/1383/1097 1104/1390/1104 1105/1391/1105
f 1094/1380/1094 1081/1365/1081 1083/1367/1083
f 1085/1370/1085 1116/1402/1116 1084/1368/1084
f 1091/1377/1091 1086/1371/1086 1097/1383/1097
f 1103/1389/1103 1109/1395/1109 1107/1393/1107
f 1114/1400/1114 1078/1362/1078 1134/1427/1134
f 1113/1399/1113 1079/1363/1079 1078/1362/1078
f 1080/1364/1080 1079/1363/1079 1127/1416/1127
f 480/1428/480 479/1429/479 1135/1430/1135
f 1136/1431/1136 1137/1432/1137 1138/1433/1138
f 1139/1434/1139 1140/1435/1140 1141/1436/1141
f 1142/1437/1142 1143/1438/1143 1144/1439/1144
f 1140/1435/1140 1145/1440/1145 1141/1436/1141
f 1142/1437/1142 1144/1439/1144 1146/1441/1146
f 1147/1442/1147 1148/1443/1148 1149/1444/1149
f 898/1445/898 1150/1446/1150 914/1447/914
f 1138/1433/1138 1151/1448/1151 1152/1449/1152
f 1148/1443/1148 1147/1442/1147 1153/1450/1153
f 1136/1431/1136 914/1447/914 1137/1432/1137
f 1145/1440/1145 1140/1435/1140 1154/1451/1154
f 1155/1452/1155 1143/1438/1143 1156/1453/1156
f 482/1454/482 1157/1455/1157 1135/1430/1135
f 914/1447/914 1150/1446/1150 1137/1432/1137
f 1158/1456/1158 1140/1435/1140 1159/1457/1159
f 1160/1458/1160 1143/1438/1143 1142/1437/1142
f 1160/1458/1160 1161/1459/1161 1162/1460/1162
f 1138/1433/1138 1137/1432/1137 1163/1461/1163
f 1164/1462/1164 905/1463/905 298/1464/298
f 1162/1460/1162 1152/1449/1152 1160/1458/1160
f 1165/1465/1165 1163/1461/1163 1137/1432/1137
f 1166/1466/1166 1167/1467/1167 1149/1444/1149
f 904/1468/904 1150/1446/1150 898/1445/898
f 1150/1446/1150 1168/1469/1168 1165/1465/1165
f 1154/1451/1154 1158/1456/1158 1169/1470/1169
f 1156/1453/1156 1167/1467/1167 1166/1466/1166
f 1148/1443/1148 1153/1450/1153 1170/1471/1170
f 1171/1472/1171 1172/1473/1172 1151/1448/1151
f 1171/1472/1171 1173/1474/1173 1170/1471/1170
f 298/1464/298 905/1463/905 308/1475/308
f 482/1454/482 1158/1456/1158 1157/1455/1157
f 1151/1448/1151 1163/1461/1163 1171/1472/1171
f 1157/1455/1157 1159/1457/1159 1173/1474/1173
f 1173/1474/1173 1171/1472/1171 1163/1461/1163
f 1172/1473/1172 1143/1438/1143 1160/1458/1160
f 1167/1467/1167 1147/1442/1147 1149/1444/1149
f 912/1476/912 892/1477/892 1174/1478/1174
f 1172/1473/1172 1152/1449/1152 1151/1448/1151
f 1138/1433/1138 1175/1479/1175 1136/1431/1136
f 1172/1473/1172 1160/1458/1160 1152/1449/1152
f 1176/1480/1176 1177/1481/1177 1178/1482/1178
f 1179/1483/1179 1160/1458/1160 1142/1437/1142
f 1139/1434/1139 1176/1480/1176 1148/1443/1148
f 1139/1434/1139 1170/1471/1170 1159/1457/1159
f 1180/1484/1180 1162/1460/1162 1161/1459/1161
f 1140/1435/1140 1139/1434/1139 1159/1457/1159
f 1156/1453/1156 1143/1438/1143 1167/1467/1167
f 1181/1485/1181 1175/1479/1175 1182/1486/1182
f 1174/1478/1174 1136/1431/1136 1175/1479/1175
f 1164/1462/1164 307/1487/307 480/1428/480
f 1153/1450/1153 1171/1472/1171 1170/1471/1170
f 1162/1460/1162 1182/1486/1182 1152/1449/1152
f 1181/1485/1181 1182/1486/1182 1183/1488/1183
f 1182/1486/1182 1175/1479/1175 1152/1449/1152
f 911/1489/911 1183/1488/1183 924/1490/924
f 1184/1491/1184 1162/1460/1162 1180/1484/1180
f 924/1490/924 1183/1488/1183 925/1492/925
f 1175/1479/1175 1181/1485/1181 911/1489/911
f 1141/1436/1141 1176/1480/1176 1139/1434/1139
f 1158/1456/1158 1159/1457/1159 1157/1455/1157
f 298/1464/298 307/1487/307 1164/1462/1164
f 1157/1455/1157 1173/1474/1173 1135/1430/1135
f 1183/1488/1183 1184/1491/1184 925/1492/925
f 1179/1483/1179 1142/1437/1142 1146/1441/1146
f 1168/1469/1168 904/1468/904 1164/1462/1164
f 1182/1486/1182 1162/1460/1162 1184/1491/1184
f 1148/1443/1148 1176/1480/1176 1149/1444/1149
f 1158/1456/1158 483/1493/483 1169/1470/1169
f 1158/1456/1158 482/1454/482 483/1493/483
f 1143/1438/1143 1172/1473/1172 1147/1442/1147
f 1185/1494/1185 1164/1462/1164 480/1428/480
f 1136/1431/1136 1174/1478/1174 914/1447/914
f 1185/1494/1185 480/1428/480 1135/1430/1135
f 1186/1495/1186 1173/1474/1173 1163/1461/1163
f 1168/1469/1168 1164/1462/1164 1185/1494/1185
f 904/1468/904 1168/1469/1168 1150/1446/1150
f 914/1447/914 1174/1478/1174 892/1477/892
f 1185/1494/1185 1135/1430/1135 1186/1495/1186
f 1186/1495/1186 1168/1469/1168 1185/1494/1185
f 1161/1459/1161 1160/1458/1160 1179/1483/1179
f 1187/1496/1187 1154/1451/1154 1169/1470/1169
f 1186/1495/1186 1135/1430/1135 1173/1474/1173
f 1158/1456/1158 1154/1451/1154 1140/1435/1140
f 1182/1486/1182 1184/1491/1184 1183/1488/1183
f 1183/1488/1183 911/1489/911 1181/1485/1181
f 1186/1495/1186 1165/1465/1165 1168/1469/1168
f 1143/1438/1143 1155/1452/1155 1144/1439/1144
f 1172/1473/1172 1153/1450/1153 1147/1442/1147
f 1167/1467/1167 1143/1438/1143 1147/1442/1147
f 1149/1444/1149 1178/1482/1178 1166/1466/1166
f 1172/1473/1172 1171/1472/1171 1153/1450/1153
f 905/1463/905 1164/1462/1164 904/1468/904
f 1176/1480/1176 1141/1436/1141 1177/1481/1177
f 1170/1471/1170 1139/1434/1139 1148/1443/1148
f 1173/1474/1173 1159/1457/1159 1170/1471/1170
f 1178/1482/1178 1149/1444/1149 1176/1480/1176
f 1151/1448/1151 1138/1433/1138 1163/1461/1163
f 912/1476/912 1175/1479/1175 911/1489/911
f 1163/1461/1163 1165/1465/1165 1186/1495/1186
f 1175/1479/1175 912/1476/912 1174/1478/1174
f 1137/1432/1137 1150/1446/1150 1165/1465/1165
f 479/1429/479 482/1454/482 1135/1430/1135
f 1175/1479/1175 1138/1433/1138 1152/1449/1152
f 161/1497/161 1188/1498/1188 1189/1499/1189
f 1190/1500/1190 1191/1501/1191 174/1502/174
f 1192/1503/1192 269/1504/269 267/1505/267
f 1193/1506/1193 174/1502/174 166/1507/166
f 1194/1508/1194 1195/1509/1195 398/1510/398
f 1196/1511/1196 1190/1500/1190 1197/1512/1197
f 1198/1513/1198 1192/1503/1192 29/1514/29
f 1199/1515/1199 1200/1516/1200 1201/1517/1201
f 1200/1516/1200 1202/1518/1202 1203/1519/1203
f 34/1520/34 29/1514/29 265/1521/265
f 1204/1522/1204 1194/1508/1194 398/1510/398
f 1205/1523/1205 1206/1524/1206 1200/1516/1200
f 1194/1508/1194 1199/1515/1199 1201/1517/1201
f 1207/1525/1207 161/1497/161 1208/1526/1208
f 28/1527/28 199/1528/199 1209/1529/1209
f 1190/1500/1190 174/1502/174 1193/1506/1193
f 1189/1499/1189 1196/1511/1196 1210/1530/1210
f 416/1531/416 1207/1525/1207 1204/1522/1204
f 29/1514/29 28/1527/28 1198/1513/1198
f 787/1532/787 817/1533/817 1211/1534/1211
f 1198/1513/1198 28/1527/28 1209/1529/1209
f 1192/1503/1192 265/1521/265 29/1514/29
f 1200/1516/1200 1203/1519/1203 1201/1517/1201
f 1189/1499/1189 1212/1535/1212 1208/1526/1208
f 1213/1536/1213 1214/1537/1214 1215/1538/1215
f 1216/1539/1216 1217/1540/1217 1203/1519/1203
f 265/1521/265 266/1541/266 34/1520/34
f 1214/1537/1214 1213/1536/1213 1218/1542/1218
f 289/1543/289 1219/1544/1219 1206/1524/1206
f 1199/1515/1199 1194/1508/1194 1210/1530/1210
f 71/1545/71 1220/1546/1220 171/1547/171
f 1220/1546/1220 787/1532/787 1211/1534/1211
f 1221/1548/1221 171/1547/171 1220/1546/1220
f 1220/1546/1220 1211/1534/1211 1215/1538/1215
f 1215/1538/1215 1211/1534/1211 1213/1536/1213
f 1196/1511/1196 1215/1538/1215 1214/1537/1214
f 1218/1542/1218 1206/1524/1206 1205/1523/1205
f 355/1549/355 1222/1550/1222 199/1528/199
f 199/1528/199 1222/1550/1222 1209/1529/1209
f 817/1533/817 1218/1542/1218 1213/1536/1213
f 1223/1551/1223 1203/1519/1203 1217/1540/1217
f 1205/1523/1205 1214/1537/1214 1218/1542/1218
f 1194/1508/1194 1224/1552/1224 1195/1509/1195
f 1209/1529/1209 1222/1550/1222 1216/1539/1216
f 269/1504/269 1216/1539/1216 1219/1544/1219
f 1222/1550/1222 1217/1540/1217 1225/1553/1225
f 1202/1518/1202 1216/1539/1216 1203/1519/1203
f 395/1554/395 1195/1509/1195 1226/1555/1226
f 1216/1539/1216 1222/1550/1222 1225/1553/1225
f 1194/1508/1194 1212/1535/1212 1210/1530/1210
f 1222/1550/1222 355/1549/355 1217/1540/1217
f 1225/1553/1225 1217/1540/1217 1216/1539/1216
f 1209/1529/1209 1216/1539/1216 269/1504/269
f 1227/1556/1227 1224/1552/1224 1201/1517/1201
f 1202/1518/1202 1200/1516/1200 1206/1524/1206
f 1227/1556/1227 1228/1557/1228 1224/1552/1224
f 416/1531/416 1204/1522/1204 398/1510/398
f 1224/1552/1224 1228/1557/1228 1226/1555/1226
f 1190/1500/1190 1189/1499/1189 1188/1498/1188
f 1210/1530/1210 1214/1537/1214 1199/1515/1199
f 787/1532/787 1220/1546/1220 71/1545/71
f 1201/1517/1201 1224/1552/1224 1194/1508/1194
f 353/1558/353 1223/1551/1223 348/1559/348
f 1223/1551/1223 352/1560/352 348/1559/348
f 352/1560/352 1223/1551/1223 1217/1540/1217
f 1190/1500/1190 1193/1506/1193 1197/1512/1197
f 1217/1540/1217 354/1561/354 352/1560/352
f 355/1549/355 354/1561/354 1217/1540/1217
f 1218/1542/1218 817/1533/817 816/1562/816
f 1207/1525/1207 416/1531/416 343/1563/343
f 1226/1555/1226 411/1564/411 395/1554/395
f 1212/1535/1212 1189/1499/1189 1210/1530/1210
f 1224/1552/1224 1226/1555/1226 1195/1509/1195
f 395/1554/395 398/1510/398 1195/1509/1195
f 1227/1556/1227 1201/1517/1201 1203/1519/1203
f 1221/1548/1221 1220/1546/1220 1193/1506/1193
f 1226/1555/1226 1228/1557/1228 411/1564/411
f 1191/1501/1191 163/1565/163 174/1502/174
f 817/1533/817 1213/1536/1213 1211/1534/1211
f 1215/1538/1215 1193/1506/1193 1220/1546/1220
f 416/1531/416 398/1510/398 402/1566/402
f 1223/1551/1223 1227/1556/1227 1203/1519/1203
f 1223/1551/1223 1228/1557/1228 1227/1556/1227
f 1228/1557/1228 353/1558/353 411/1564/411
f 1219/1544/1219 1202/1518/1202 1206/1524/1206
f 1207/1525/1207 343/1563/343 175/1567/175
f 1229/1568/1229 171/1547/171 1221/1548/1221
f 267/1505/267 265/1521/265 1192/1503/1192
f 1202/1518/1202 1219/1544/1219 1216/1539/1216
f 1228/1557/1228 1223/1551/1223 353/1558/353
f 1221/1548/1221 1193/1506/1193 1229/1568/1229
f 1192/1503/1192 1209/1529/1209 269/1504/269
f 816/1562/816 1206/1524/1206 1218/1542/1218
f 1207/1525/1207 175/1567/175 161/1497/161
f 1198/1513/1198 1209/1529/1209 1192/1503/1192
f 171/1547/171 1229/1568/1229 166/1507/166
f 1214/1537/1214 1205/1523/1205 1199/1515/1199
f 161/1497/161 163/1565/163 1188/1498/1188
f 289/1543/289 269/1504/269 1219/1544/1219
f 1200/1516/1200 1199/1515/1199 1205/1523/1205
f 1196/1511/1196 1214/1537/1214 1210/1530/1210
f 1207/1525/1207 1208/1526/1208 1204/1522/1204
f 1197/1512/1197 1215/1538/1215 1196/1511/1196
f 1208/1526/1208 1212/1535/1212 1204/1522/1204
f 1194/1508/1194 1204/1522/1204 1212/1535/1212
f 1229/1568/1229 1193/1506/1193 166/1507/166
f 1189/1499/1189 1208/1526/1208 161/1497/161
f 1191/1501/1191 1188/1498/1188 163/1565/163
f 1190/1500/1190 1196/1511/1196 1189/1499/1189
f 1190/1500/1190 1188/1498/1188 1191/1501/1191
f 1193/1506/1193 1215/1538/1215 1197/1512/1197
f 1230/1569/1230 1231/1570/1231 483/1571/483
f 1230/1569/1230 483/1571/483 481/1572/481
f 1232/1573/1232 1233/1574/1233 1234/1575/1234
f 1235/1576/1235 1236/1577/1236 1237/1578/1237
f 1238/1579/1238 1239/1580/1239 1237/1578/1237
f 1233/1574/1233 1232/1573/1232 1240/1581/1240
f 1241/1582/1241 1233/1574/1233 1242/1583/1242
f 1235/1576/1235 1243/1584/1243 1236/1577/1236
f 1236/1577/1236 1244/1585/1244 1237/1578/1237
f 1245/1586/1245 1246/1587/1246 1237/1578/1237
f 1243/1584/1243 1240/1581/1240 1236/1577/1236
f 1232/1573/1232 1236/1577/1236 1240/1581/1240
f 1246/1587/1246 1245/1586/1245 1247/1588/1247
f 1244/1585/1244 1238/1579/1238 1237/1578/1237
f 1245/1586/1245 1237/1578/1237 1239/1580/1239
f 1232/1573/1232 1244/1585/1244 1236/1577/1236
f 1245/1586/1245 731/1589/731 1247/1588/1247
f 1234/1575/1234 1244/1585/1244 1232/1573/1232
f 731/1589/731 1245/1586/1245 1239/1580/1239
f 1238/1579/1238 1244/1585/1244 1234/1575/1234
f 1233/1574/1233 1240/1581/1240 1242/1583/1242
f 1238/1579/1238 731/1589/731 1239/1580/1239
f 1234/1575/1234 1233/1574/1233 1241/1582/1241
f 831/1590/831 1248/1591/1248 829/1592/829
f 1238/1579/1238 1234/1575/1234 1249/1593/1249
f 727/1594/727 729/1595/729 1249/1593/1249
f 729/1595/729 1238/1579/1238 1249/1593/1249
f 1249/1593/1249 1250/1596/1250 1251/1597/1251
f 731/1589/731 1238/1579/1238 729/1595/729
f 1252/1598/1252 1241/1582/1241 1253/1599/1253
f 723/1600/723 727/1594/727 1251/1597/1251
f 1234/1575/1234 1241/1582/1241 1250/1596/1250
f 1241/1582/1241 1251/1597/1251 1250/1596/1250
f 1251/1597/1251 722/1601/722 723/1600/723
f 1250/1596/1250 1249/1593/1249 1234/1575/1234
f 1251/1597/1251 727/1594/727 1249/1593/1249
f 1252/1598/1252 1253/1599/1253 722/1601/722
f 1251/1597/1251 1241/1582/1241 1252/1598/1252
f 722/1601/722 1251/1597/1251 1252/1598/1252
f 1254/1602/1254 1050/1603/1050 1255/1604/1255
f 1256/1605/1256 476/1606/476 472/1607/472
f 1257/1608/1257 1248/1591/1248 831/1590/831
f 829/1592/829 1256/1605/1256 472/1607/472
f 831/1590/831 839/1609/839 1254/1602/1254
f 1256/1605/1256 829/1592/829 1248/1591/1248
f 1258/1610/1258 481/1572/481 476/1606/476
f 1259/1611/1259 1260/1612/1260 1231/1570/1231
f 476/1606/476 1256/1605/1256 1258/1610/1258
f 1257/1608/1257 831/1590/831 1254/1602/1254
f 1050/1603/1050 1254/1602/1254 839/1609/839
f 1169/1613/1169 1261/1614/1261 1187/1615/1187
f 1262/1616/1262 1263/1617/1263 1261/1614/1261
f 481/1572/481 1264/1618/1264 1230/1569/1230
f 1263/1617/1263 1187/1615/1187 1261/1614/1261
f 1265/1619/1265 1259/1611/1259 1230/1569/1230
f 1255/1604/1255 1050/1603/1050 694/1620/694
f 1262/1616/1262 1266/1621/1266 1263/1617/1263
f 1261/1614/1261 1231/1570/1231 1260/1612/1260
f 1261/1614/1261 1169/1613/1169 1231/1570/1231
f 1230/1569/1230 1259/1611/1259 1231/1570/1231
f 1264/1618/1264 1265/1619/1265 1230/1569/1230
f 1258/1610/1258 1264/1618/1264 481/1572/481
f 1260/1612/1260 1262/1616/1262 1261/1614/1261
f 1231/1570/1231 1169/1613/1169 483/1571/483
f 1267/1622/1267 1268/1623/1268 1269/1624/1269
f 1270/1625/1270 1271/1626/1271 1272/1627/1272
f 1253/1599/1253 1241/1582/1241 1242/1583/1242
f 1273/1628/1273 1274/1629/1274 1275/1630/1275
f 1253/1599/1253 1276/1631/1276 1277/1632/1277
f 1277/1632/1277 722/1601/722 1253/1599/1253
f 1268/1623/1268 1264/1618/1264 1278/1633/1278
f 1259/1611/1259 1270/1625/1270 1279/1634/1279
f 1268/1623/1268 1278/1633/1278 1269/1624/1269
f 1276/1631/1276 1280/1635/1280 1277/1632/1277
f 1281/1636/1281 1267/1622/1267 1255/1604/1255
f 1258/1610/1258 1248/1591/1248 1269/1624/1269
f 1269/1624/1269 1257/1608/1257 1255/1604/1255
f 1242/1583/1242 1274/1629/1274 1272/1627/1272
f 1278/1633/1278 1264/1618/1264 1258/1610/1258
f 1280/1635/1280 692/1637/692 691/1638/691
f 1274/1629/1274 1279/1634/1279 1270/1625/1270
f 1267/1622/1267 1282/1639/1282 1271/1626/1271
f 1281/1636/1281 694/1620/694 692/1637/692
f 1265/1619/1265 1268/1623/1268 1271/1626/1271
f 1269/1624/1269 1248/1591/1248 1257/1608/1257
f 1276/1631/1276 1281/1636/1281 1280/1635/1280
f 1258/1610/1258 1269/1624/1269 1278/1633/1278
f 1268/1623/1268 1267/1622/1267 1271/1626/1271
f 1281/1636/1281 1276/1631/1276 1267/1622/1267
f 1270/1625/1270 1272/1627/1272 1274/1629/1274
f 1271/1626/1271 1282/1639/1282 1272/1627/1272
f 1265/1619/1265 1271/1626/1271 1270/1625/1270
f 1255/1604/1255 694/1620/694 1281/1636/1281
f 1256/1605/1256 1248/1591/1248 1258/1610/1258
f 1282/1639/1282 1253/1599/1253 1272/1627/1272
f 1276/1631/1276 1253/1599/1253 1282/1639/1282
f 1265/1619/1265 1270/1625/1270 1259/1611/1259
f 1280/1635/1280 691/1638/691 1277/1632/1277
f 1265/1619/1265 1264/1618/1264 1268/1623/1268
f 692/1637/692 1280/1635/1280 1281/1636/1281
f 1242/1583/1242 1240/1581/1240 1283/1640/1283
f 1253/1599/1253 1242/1583/1242 1272/1627/1272
f 1284/1641/1284 1259/1611/1259 1279/1634/1279
f 1255/1604/1255 1267/1622/1267 1269/1624/1269
f 716/1642/716 1277/1632/1277 691/1638/691
f 1242/1583/1242 1275/1630/1275 1274/1629/1274
f 1284/1641/1284 1279/1634/1279 1273/1628/1273
f 1274/1629/1274 1273/1628/1273 1279/1634/1279
f 716/1642/716 722/1601/722 1277/1632/1277
f 1260/1612/1260 1259/1611/1259 1284/1641/1284
f 1267/1622/1267 1276/1631/1276 1282/1639/1282
f 1285/1643/1285 1275/1630/1275 1242/1583/1242
f 1260/1612/1260 1284/1641/1284 1273/1628/1273
f 1283/1640/1283 1285/1643/1285 1242/1583/1242
f 1275/1630/1275 1285/1643/1285 1262/1616/1262
f 1273/1628/1273 1275/1630/1275 1260/1612/1260
f 1266/1621/1266 1262/1616/1262 1285/1643/1285
f 1285/1643/1285 1283/1640/1283 1286/1644/1286
f 1260/1612/1260 1275/1630/1275 1262/1616/1262
f 1286/1644/1286 1266/1621/1266 1285/1643/1285
f 1257/1608/1257 1254/1602/1254 1255/1604/1255
f 694/1620/694 1050/1603/1050 725/1645/725
f 809/1646/809 534/1647/534 1287/1648/1287
f 1288/1649/1288 1289/1650/1289 1290/1651/1290
f 1289/1650/1289 1291/1652/1291 1290/1651/1290
f 1291/1652/1291 1292/1653/1292 1293/1654/1293
f 1293/1654/1293 1294/1655/1294 1290/1651/1290
f 1295/1656/1295 1296/1657/1296 1297/1658/1297
f 1298/1659/1298 1289/1650/1289 1288/1649/1288
f 1289/1650/1289 1292/1653/1292 1291/1652/1291
f 1299/1660/1299 1300/1661/1300 1301/1662/1301
f 1302/1663/1302 1303/1664/1303 1069/1665/1069
f 813/1666/813 1304/1667/1304 816/1668/816
f 1305/1669/1305 1306/1670/1306 1307/1671/1307
f 1066/1672/1066 1062/1673/1062 1303/1664/1303
f 1308/1674/1308 1309/1675/1309 1310/1676/1310
f 1289/1650/1289 1298/1659/1298 1292/1653/1292
f 1311/1677/1311 1075/1678/1075 1063/1679/1063
f 1312/1680/1312 1313/1681/1313 1314/1682/1314
f 1304/1667/1304 1315/1683/1315 1316/1684/1316
f 1317/1685/1317 1076/1686/1076 1318/1687/1318
f 1319/1688/1319 1305/1669/1305 1307/1671/1307
f 1287/1648/1287 815/1689/815 809/1646/809
f 1320/1690/1320 1292/1653/1292 1321/1691/1321
f 1070/1692/1070 1302/1663/1302 1069/1665/1069
f 534/1647/534 1322/1693/1322 1287/1648/1287
f 1323/1694/1323 275/1695/275 271/1696/271
f 1316/1684/1316 1315/1683/1315 1206/1697/1206
f 1311/1677/1311 1324/1698/1324 1325/1699/1325
f 813/1666/813 1306/1670/1306 1304/1667/1304
f 1326/1700/1326 1327/1701/1327 1324/1698/1324
f 1315/1683/1315 1304/1667/1304 1328/1702/1328
f 1053/1703/1053 1317/1685/1317 1070/1692/1070
f 1329/1704/1329 1321/1691/1321 1292/1653/1292
f 1330/1705/1330 1293/1654/1293 1322/1693/1322
f 1327/1701/1327 1329/1704/1329 1318/1687/1318
f 1327/1701/1327 1318/1687/1318 1325/1699/1325
f 1328/1702/1328 1304/1667/1304 1306/1670/1306
f 283/1706/283 275/1695/275 1295/1656/1295
f 289/1707/289 1315/1683/1315 1331/1708/1331
f 1287/1648/1287 1322/1693/1322 1320/1690/1320
f 1206/1697/1206 816/1668/816 1316/1684/1316
f 1328/1702/1328 1323/1694/1323 1332/1709/1332
f 1332/1709/1332 271/1696/271 1331/1708/1331
f 1318/1687/1318 1329/1704/1329 1313/1681/1313
f 289/1707/289 1206/1697/1206 1315/1683/1315
f 289/1707/289 1331/1708/1331 270/1710/270
f 1305/1669/1305 1319/1688/1319 1295/1656/1295
f 1325/1699/1325 1075/1678/1075 1311/1677/1311
f 1315/1683/1315 1332/1709/1332 1331/1708/1331
f 1292/1653/1292 1298/1659/1298 1301/1662/1301
f 1328/1702/1328 1332/1709/1332 1315/1683/1315
f 1327/1701/1327 1325/1699/1325 1324/1698/1324
f 1295/1656/1295 1297/1658/1297 283/1706/283
f 798/1711/798 815/1689/815 1319/1688/1319
f 816/1668/816 1304/1667/1304 1316/1684/1316
f 275/1695/275 1323/1694/1323 1328/1702/1328
f 283/1706/283 1297/1658/1297 1324/1698/1324
f 1295/1656/1295 1328/1702/1328 1305/1669/1305
f 1303/1664/1303 1062/1673/1062 1069/1665/1069
f 1302/1663/1302 1070/1692/1070 1317/1685/1317
f 271/1696/271 1332/1709/1332 1323/1694/1323
f 1301/1662/1301 1329/1704/1329 1292/1653/1292
f 1294/1655/1294 1293/1654/1293 1330/1705/1330
f 798/1711/798 1319/1688/1319 791/1712/791
f 1300/1661/1300 1312/1680/1312 1314/1682/1314
f 1293/1654/1293 1292/1653/1292 1320/1690/1320
f 1287/1648/1287 1296/1657/1296 1319/1688/1319
f 1309/1675/1309 1333/1713/1333 1334/1714/1334
f 1313/1681/1313 1317/1685/1317 1318/1687/1318
f 1290/1651/1290 1294/1655/1294 1288/1649/1288
f 550/1715/550 1322/1693/1322 534/1647/534
f 1307/1671/1307 791/1712/791 1319/1688/1319
f 1322/1693/1322 550/1715/550 1330/1705/1330
f 1288/1649/1288 1335/1716/1335 1298/1659/1298
f 1335/1716/1335 1288/1649/1288 1336/1717/1336
f 1321/1691/1321 1337/1718/1337 1320/1690/1320
f 1327/1701/1327 1326/1700/1326 1337/1718/1337
f 1330/1705/1330 550/1715/550 545/1719/545
f 548/1720/548 1294/1655/1294 1330/1705/1330
f 1336/1717/1336 1288/1649/1288 548/1720/548
f 1299/1660/1299 1298/1659/1298 1335/1716/1335
f 1336/1717/1336 1338/1721/1338 1335/1716/1335
f 1338/1721/1338 1336/1717/1336 542/1722/542
f 1312/1680/1312 1339/1723/1339 1340/1724/1340
f 1317/1685/1317 1312/1680/1312 1302/1663/1302
f 548/1720/548 541/1725/541 1336/1717/1336
f 1295/1656/1295 275/1695/275 1328/1702/1328
f 1334/1714/1334 1299/1660/1299 1335/1716/1335
f 1309/1675/1309 1335/1716/1335 1338/1721/1338
f 542/1722/542 1336/1717/1336 541/1725/541
f 542/1722/542 1310/1676/1310 1338/1721/1338
f 1318/1687/1318 1076/1686/1076 1325/1699/1325
f 1337/1718/1337 1287/1648/1287 1320/1690/1320
f 1297/1658/1297 1296/1657/1296 1326/1700/1326
f 1338/1721/1338 1310/1676/1310 1309/1675/1309
f 543/1726/543 1310/1676/1310 542/1722/542
f 1296/1657/1296 1287/1648/1287 1337/1718/1337
f 548/1720/548 1288/1649/1288 1294/1655/1294
f 1319/1688/1319 815/1689/815 1287/1648/1287
f 1337/1718/1337 1321/1691/1321 1327/1701/1327
f 1324/1698/1324 1063/1679/1063 283/1706/283
f 1317/1685/1317 1053/1703/1053 1076/1686/1076
f 1302/1663/1302 1340/1724/1340 1341/1727/1341
f 1063/1679/1063 1324/1698/1324 1311/1677/1311
f 1306/1670/1306 1305/1669/1305 1328/1702/1328
f 1300/1661/1300 1339/1723/1339 1312/1680/1312
f 1303/1664/1303 1302/1663/1302 1341/1727/1341
f 1333/1713/1333 1309/1675/1309 1308/1674/1308
f 1313/1681/1313 1312/1680/1312 1317/1685/1317
f 539/1728/539 1308/1674/1308 543/1726/543
f 791/1712/791 1306/1670/1306 813/1666/813
f 1313/1681/1313 1329/1704/1329 1301/1662/1301
f 1312/1680/1312 1340/1724/1340 1302/1663/1302
f 1306/1670/1306 791/1712/791 1307/1671/1307
f 1310/1676/1310 543/1726/543 1308/1674/1308
f 1301/1662/1301 1298/1659/1298 1299/1660/1299
f 548/1720/548 1330/1705/1330 545/1719/545
f 1301/1662/1301 1300/1661/1300 1314/1682/1314
f 1313/1681/1313 1301/1662/1301 1314/1682/1314
f 1331/1708/1331 271/1696/271 270/1710/270
f 1319/1688/1319 1296/1657/1296 1295/1656/1295
f 1309/1675/1309 1334/1714/1334 1335/1716/1335
f 1324/1698/1324 1297/1658/1297 1326/1700/1326
f 1322/1693/1322 1293/1654/1293 1320/1690/1320
f 1327/1701/1327 1321/1691/1321 1329/1704/1329
f 1076/1686/1076 1075/1678/1075 1325/1699/1325
f 1326/1700/1326 1296/1657/1296 1337/1718/1337
f 1291/1652/1291 1293/1654/1293 1290/1651/1290
f 105/1729/105 1342/1730/1342 107/1731/107
f 107/1731/107 1342/1730/1342 1343/1732/1343
f 107/1731/107 1343/1732/1343 109/1733/109
f 1344/1734/1344 1345/1735/1345 1343/1732/1343
f 1346/1736/1346 1347/1737/1347 1348/1738/1348
f 1349/1739/1349 1350/1740/1350 1346/1736/1346
f 1351/1741/1351 1352/1742/1352 1353/1743/1353
f 1354/1744/1354 1355/1745/1355 1356/1746/1356
f 1346/1736/1346 1357/1747/1357 1358/1748/1358
f 1351/1741/1351 1356/1746/1356 1349/1739/1349
f 27/1749/27 1359/1750/1359 1360/1751/1360
f 116/1752/116 1353/1743/1353 119/1753/119
f 1361/1754/1361 1362/1755/1362 1355/1745/1355
f 1346/1736/1346 1358/1748/1358 1349/1739/1349
f 117/1756/117 1363/1757/1363 1364/1758/1364
f 1358/1748/1358 1363/1757/1363 1365/1759/1365
f 1358/1748/1358 1357/1747/1357 1363/1757/1363
f 1365/1759/1365 1352/1742/1352 1358/1748/1358
f 1360/1751/1360 1366/1760/1366 1367/1761/1367
f 1368/1762/1368 1353/1743/1353 1369/1763/1369
f 1345/1735/1345 1344/1734/1344 1370/1764/1370
f 1351/1741/1351 1349/1739/1349 1358/1748/1358
f 1371/1765/1371 1372/1766/1372 1373/1767/1373
f 116/1752/116 1369/1763/1369 1353/1743/1353
f 887/1768/887 1374/1769/1374 1348/1738/1348
f 118/1770/118 117/1756/117 1364/1758/1364
f 1371/1765/1371 1363/1757/1363 1357/1747/1357
f 1375/1771/1375 1376/1772/1376 1373/1767/1373
f 1363/1757/1363 1376/1772/1376 1364/1758/1364
f 1358/1748/1358 1352/1742/1352 1351/1741/1351
f 1350/1740/1350 1349/1739/1349 1356/1746/1356
f 1374/1769/1374 1357/1747/1357 1348/1738/1348
f 887/1768/887 1348/1738/1348 1377/1773/1377
f 1378/1774/1378 1345/1735/1345 1370/1764/1370
f 116/1752/116 114/1775/114 1369/1763/1369
f 1379/1776/1379 1380/1777/1380 1381/1778/1381
f 1367/1761/1367 1382/1779/1382 1383/1780/1383
f 110/1781/110 109/1733/109 1384/1782/1384
f 1362/1755/1362 1350/1740/1350 1356/1746/1356
f 1346/1736/1346 1350/1740/1350 1347/1737/1347
f 1385/1783/1385 1386/1784/1386 1387/1785/1387
f 1388/1786/1388 1380/1777/1380 1379/1776/1379
f 1389/1787/1389 1357/1747/1357 1374/1769/1374
f 1370/1764/1370 1390/1788/1390 1391/1789/1391
f 1371/1765/1371 1373/1767/1373 1376/1772/1376
f 1352/1742/1352 1365/1759/1365 1353/1743/1353
f 119/1753/119 1353/1743/1353 1365/1759/1365
f 1355/1745/1355 1362/1755/1362 1356/1746/1356
f 1377/1773/1377 1348/1738/1348 1361/1754/1361
f 1379/1776/1379 1366/1760/1366 1388/1786/1388
f 1357/1747/1357 1346/1736/1346 1348/1738/1348
f 1374/1769/1374 1392/1790/1392 1389/1787/1389
f 1376/1772/1376 1363/1757/1363 1371/1765/1371
f 1387/1785/1387 1376/1772/1376 1375/1771/1375
f 1351/1741/1351 1353/1743/1353 1393/1791/1393
f 1348/1738/1348 1347/1737/1347 1361/1754/1361
f 1372/1766/1372 1371/1765/1371 1389/1787/1389
f 118/1770/118 1387/1785/1387 1386/1784/1386
f 1394/1792/1394 1395/1793/1395 1369/1763/1369
f 1361/1754/1361 1347/1737/1347 1362/1755/1362
f 1373/1767/1373 1372/1766/1372 27/1749/27
f 1373/1767/1373 1396/1794/1396 1375/1771/1375
f 1391/1789/1391 1378/1774/1378 1370/1764/1370
f 1351/1741/1351 1393/1791/1393 1397/1795/1397
f 1367/1761/1367 1379/1776/1379 1382/1779/1382
f 1385/1783/1385 1344/1734/1344 105/1729/105
f 1361/1754/1361 1355/1745/1355 865/1796/865
f 1387/1785/1387 1375/1771/1375 1398/1797/1398
f 1362/1755/1362 1347/1737/1347 1350/1740/1350
f 1392/1790/1392 1374/1769/1374 887/1768/887
f 119/1753/119 1365/1759/1365 117/1756/117
f 117/1756/117 1365/1759/1365 1363/1757/1363
f 1343/1732/1343 1342/1730/1342 1344/1734/1344
f 1343/1732/1343 1399/1798/1399 109/1733/109
f 1355/1745/1355 1354/1744/1354 1400/1799/1400
f 1364/1758/1364 1387/1785/1387 118/1770/118
f 1375/1771/1375 1383/1780/1383 1398/1797/1398
f 105/1729/105 1344/1734/1344 1342/1730/1342
f 1356/1746/1356 1351/1741/1351 1397/1795/1397
f 27/1749/27 1401/1800/1401 1373/1767/1373
f 1396/1794/1396 1383/1780/1383 1375/1771/1375
f 1401/1800/1401 1396/1794/1396 1373/1767/1373
f 1389/1787/1389 1392/1790/1392 1372/1766/1372
f 888/1801/888 27/1749/27 1392/1790/1392
f 1392/1790/1392 887/1768/887 886/1802/886
f 1377/1773/1377 1361/1754/1361 889/1803/889
f 889/1803/889 887/1768/887 1377/1773/1377
f 1392/1790/1392 27/1749/27 1372/1766/1372
f 1398/1797/1398 1402/1804/1402 1387/1785/1387
f 1387/1785/1387 1402/1804/1402 1385/1783/1385
f 1355/1745/1355 1403/1805/1403 865/1796/865
f 105/1729/105 1386/1784/1386 1385/1783/1385
f 120/1806/120 1386/1784/1386 105/1729/105
f 1386/1784/1386 120/1806/120 118/1770/118
f 1385/1783/1385 1404/1807/1404 1344/1734/1344
f 1360/1751/1360 1401/1800/1401 27/1749/27
f 1367/1761/1367 1383/1780/1383 1396/1794/1396
f 1382/1779/1382 1405/1808/1405 1406/1809/1406
f 1367/1761/1367 1396/1794/1396 1401/1800/1401
f 1360/1751/1360 1407/1810/1407 1366/1760/1366
f 1398/1797/1398 1408/1811/1408 1402/1804/1402
f 1402/1804/1402 1404/1807/1404 1385/1783/1385
f 1403/1805/1403 867/1812/867 865/1796/865
f 1401/1800/1401 1360/1751/1360 1367/1761/1367
f 1404/1807/1404 1402/1804/1402 1408/1811/1408
f 1364/1758/1364 1376/1772/1376 1387/1785/1387
f 1391/1789/1391 1390/1788/1390 1409/1813/1409
f 1408/1811/1408 1398/1797/1398 1406/1809/1406
f 1380/1777/1380 1388/1786/1388 1410/1814/1410
f 1368/1762/1368 1369/1763/1369 1395/1793/1395
f 1383/1780/1383 1382/1779/1382 1406/1809/1406
f 1406/1809/1406 1398/1797/1398 1383/1780/1383
f 1408/1811/1408 1409/1813/1409 1390/1788/1390
f 1381/1778/1381 1409/1813/1409 1405/1808/1405
f 1410/1814/1410 1388/1786/1388 1407/1810/1407
f 1407/1810/1407 1388/1786/1388 1366/1760/1366
f 1405/1808/1405 1409/1813/1409 1408/1811/1408
f 1405/1808/1405 1382/1779/1382 1379/1776/1379
f 1384/1782/1384 109/1733/109 1399/1798/1399
f 1360/1751/1360 1410/1814/1410 1407/1810/1407
f 1379/1776/1379 1367/1761/1367 1366/1760/1366
f 886/1802/886 888/1801/888 1392/1790/1392
f 1389/1787/1389 1371/1765/1371 1357/1747/1357
f 1379/1776/1379 1381/1778/1381 1405/1808/1405
f 113/1815/113 1394/1792/1394 1369/1763/1369
f 113/1815/113 1369/1763/1369 114/1775/114
f 865/1796/865 889/1803/889 1361/1754/1361
f 1359/1750/1359 1410/1814/1410 1360/1751/1360
f 1370/1764/1370 1344/1734/1344 1404/1807/1404
f 1404/1807/1404 1408/1811/1408 1370/1764/1370
f 1353/1743/1353 1368/1762/1368 1393/1791/1393
f 1408/1811/1408 1390/1788/1390 1370/1764/1370
f 1355/1745/1355 1400/1799/1400 1403/1805/1403
f 1408/1811/1408 1406/1809/1406 1405/1808/1405
f 1411/1816/1411 1412/1817/1412 1413/1818/1413
f 1414/1819/1414 1415/1820/1415 1416/1821/1416
f 146/1822/146 158/1823/158 1417/1824/1417
f 1418/1825/1418 1419/1826/1419 1420/1827/1420
f 1421/1828/1421 1422/1829/1422 1423/1830/1423
f 1424/1831/1424 1425/1832/1425 1422/1829/1422
f 1426/1833/1426 1427/1834/1427 1428/1835/1428
f 1429/1836/1429 1430/1837/1430 1431/1838/1431
f 1423/1830/1423 1432/1839/1432 1421/1828/1421
f 1423/1830/1423 1433/1840/1433 1432/1839/1432
f 1432/1839/1432 1434/1841/1434 1428/1835/1428
f 1419/1826/1419 1435/1842/1435 1436/1843/1436
f 1437/1844/1437 1428/1835/1428 1438/1845/1438
f 1428/1835/1428 1421/1828/1421 1432/1839/1432
f 1415/1820/1415 158/1823/158 155/1846/155
f 1439/1847/1439 1440/1848/1440 1441/1849/1441
f 1431/1838/1431 1442/1850/1442 1443/1851/1443
f 1444/1852/1444 1427/1834/1427 1426/1833/1426
f 1415/1820/1415 1437/1844/1437 1416/1821/1416
f 1445/1853/1445 1425/1832/1425 1446/1854/1446
f 1436/1843/1436 1447/1855/1447 1419/1826/1419
f 1448/1856/1448 1432/1839/1432 1433/1840/1433
f 1449/1857/1449 1450/1858/1450 1429/1836/1429
f 1451/1859/1451 1448/1856/1448 1433/1840/1433
f 154/1860/154 1452/1861/1452 1415/1820/1415
f 1424/1831/1424 1422/1829/1422 1427/1834/1427
f 1453/1862/1453 1442/1850/1442 1430/1837/1430
f 1454/1863/1454 1415/1820/1415 1452/1861/1452
f 236/1864/236 1455/1865/1455 230/1866/230
f 1456/1867/1456 1457/1868/1457 1458/1869/1458
f 1440/1848/1440 1446/1854/1446 1441/1849/1441
f 236/1864/236 1459/1870/1459 1455/1865/1455
f 1460/1871/1460 1441/1849/1441 1425/1832/1425
f 1442/1850/1442 1413/1818/1413 1443/1851/1443
f 1424/1831/1424 1427/1834/1427 1460/1871/1460
f 1443/1851/1443 1461/1872/1461 1462/1873/1462
f 1461/1872/1461 1412/1817/1412 1463/1874/1463
f 1434/1841/1434 1432/1839/1432 1450/1858/1450
f 1442/1850/1442 1453/1862/1453 1413/1818/1413
f 1443/1851/1443 1413/1818/1413 1412/1817/1412
f 1450/1858/1450 1432/1839/1432 1429/1836/1429
f 1411/1816/1411 1464/1875/1464 1465/1876/1465
f 154/1860/154 1415/1820/1415 155/1846/155
f 1439/1847/1439 1466/1877/1466 1467/1878/1467
f 1468/1879/1468 1453/1862/1453 1420/1827/1420
f 148/1880/148 147/1881/147 1469/1882/1469
f 1470/1883/1470 1471/1884/1471 1472/1885/1472
f 1469/1882/1469 146/1822/146 1417/1824/1417
f 1428/1835/1428 1434/1841/1434 1438/1845/1438
f 230/1866/230 1452/1861/1452 240/1886/240
f 1473/1887/1473 1470/1883/1470 1472/1885/1472
f 1428/1835/1428 1427/1834/1427 1421/1828/1421
f 1447/1855/1447 1420/1827/1420 1419/1826/1419
f 1453/1862/1453 1474/1888/1474 1475/1889/1475
f 148/1880/148 1476/1890/1476 1465/1876/1465
f 1414/1819/1414 1463/1874/1463 1417/1824/1417
f 158/1823/158 1414/1819/1414 1417/1824/1417
f 1441/1849/1441 1460/1871/1460 1477/1891/1477
f 1435/1842/1435 1419/1826/1419 1418/1825/1418
f 1411/1816/1411 1465/1876/1465 1478/1892/1478
f 1477/1891/1477 1460/1871/1460 1444/1852/1444
f 1430/1837/1430 1448/1856/1448 1451/1859/1451
f 1454/1863/1454 1444/1852/1444 1426/1833/1426
f 147/1881/147 146/1822/146 1469/1882/1469
f 1477/1891/1477 1444/1852/1444 1454/1863/1454
f 151/1893/151 148/1880/148 1465/1876/1465
f 1471/1884/1471 575/1894/575 159/1895/159
f 1471/1884/1471 159/1895/159 151/1893/151
f 1479/1896/1479 1422/1829/1422 1425/1832/1425
f 1437/1844/1437 1426/1833/1426 1428/1835/1428
f 1471/1884/1471 574/1897/574 575/1894/575
f 1466/1877/1466 1439/1847/1439 1477/1891/1477
f 1464/1875/1464 1411/1816/1411 1447/1855/1447
f 1460/1871/1460 1427/1834/1427 1444/1852/1444
f 1431/1838/1431 1449/1857/1449 1429/1836/1429
f 1480/1898/1480 1472/1885/1472 1481/1899/1481
f 1459/1870/1459 1466/1877/1466 1455/1865/1455
f 1436/1843/1436 1435/1842/1435 1482/1900/1482
f 1414/1819/1414 1483/1901/1483 1463/1874/1463
f 1463/1874/1463 1483/1901/1483 1461/1872/1461
f 1475/1889/1475 1474/1888/1474 1418/1825/1418
f 1416/1821/1416 1461/1872/1461 1483/1901/1483
f 1467/1878/1467 1466/1877/1466 1459/1870/1459
f 1462/1873/1462 1449/1857/1449 1443/1851/1443
f 1484/1902/1484 1462/1873/1462 1461/1872/1461
f 1416/1821/1416 1483/1901/1483 1414/1819/1414
f 1438/1845/1438 1461/1872/1461 1416/1821/1416
f 1478/1892/1478 1465/1876/1465 1476/1890/1476
f 1457/1868/1457 1422/1829/1422 1479/1896/1479
f 1421/1828/1421 1427/1834/1427 1422/1829/1422
f 1461/1872/1461 1438/1845/1438 1484/1902/1484
f 1438/1845/1438 1434/1841/1434 1484/1902/1484
f 1449/1857/1449 1462/1873/1462 1484/1902/1484
f 1434/1841/1434 1449/1857/1449 1484/1902/1484
f 1443/1851/1443 1449/1857/1449 1431/1838/1431
f 1485/1903/1485 1464/1875/1464 1436/1843/1436
f 1448/1856/1448 1430/1837/1430 1429/1836/1429
f 1464/1875/1464 1447/1855/1447 1436/1843/1436
f 1468/1879/1468 1413/1818/1413 1453/1862/1453
f 151/1893/151 1465/1876/1465 1485/1903/1485
f 1415/1820/1415 1414/1819/1414 158/1823/158
f 1412/1817/1412 1478/1892/1478 1469/1882/1469
f 1480/1898/1480 1436/1843/1436 1482/1900/1482
f 1418/1825/1418 1453/1862/1453 1475/1889/1475
f 1422/1829/1422 1457/1868/1457 1486/1904/1486
f 1457/1868/1457 1456/1867/1456 1487/1905/1487
f 1418/1825/1418 1420/1827/1420 1453/1862/1453
f 1474/1888/1474 1453/1862/1453 1430/1837/1430
f 1445/1853/1445 1458/1869/1458 1479/1896/1479
f 579/1906/579 574/1897/574 1470/1883/1470
f 1434/1841/1434 1450/1858/1450 1449/1857/1449
f 1413/1818/1413 1468/1879/1468 1411/1816/1411
f 1441/1849/1441 1446/1854/1446 1425/1832/1425
f 1442/1850/1442 1431/1838/1431 1430/1837/1430
f 1425/1832/1425 1445/1853/1445 1479/1896/1479
f 1469/1882/1469 1478/1892/1478 1476/1890/1476
f 1447/1855/1447 1468/1879/1468 1420/1827/1420
f 1476/1890/1476 148/1880/148 1469/1882/1469
f 1477/1891/1477 1439/1847/1439 1441/1849/1441
f 151/1893/151 1481/1899/1481 1471/1884/1471
f 1417/1824/1417 1463/1874/1463 1469/1882/1469
f 1411/1816/1411 1478/1892/1478 1412/1817/1412
f 1429/1836/1429 1432/1839/1432 1448/1856/1448
f 1457/1868/1457 1479/1896/1479 1458/1869/1458
f 1454/1863/1454 1426/1833/1426 1437/1844/1437
f 1465/1876/1465 1464/1875/1464 1485/1903/1485
f 1454/1863/1454 1466/1877/1466 1477/1891/1477
f 1455/1865/1455 1466/1877/1466 1452/1861/1452
f 1437/1844/1437 1438/1845/1438 1416/1821/1416
f 1412/1817/1412 1461/1872/1461 1443/1851/1443
f 1463/1874/1463 1412/1817/1412 1469/1882/1469
f 1468/1879/1468 1447/1855/1447 1411/1816/1411
f 1460/1871/1460 1425/1832/1425 1424/1831/1424
f 1487/1905/1487 1486/1904/1486 1457/1868/1457
f 1452/1861/1452 230/1866/230 1455/1865/1455
f 1423/1830/1423 1422/1829/1422 1486/1904/1486
f 1454/1863/1454 1437/1844/1437 1415/1820/1415
f 574/1897/574 1471/1884/1471 1470/1883/1470
f 1481/1899/1481 1485/1903/1485 1436/1843/1436
f 1473/1887/1473 1472/1885/1472 1480/1898/1480
f 1452/1861/1452 154/1860/154 240/1886/240
f 1481/1899/1481 1472/1885/1472 1471/1884/1471
f 151/1893/151 1485/1903/1485 1481/1899/1481
f 1452/1861/1452 1466/1877/1466 1454/1863/1454
f 1481/1899/1481 1436/1843/1436 1480/1898/1480
f 1488/1907/1488 1004/1908/1004 1489/1909/1489
f 619/1910/619 1490/1911/1490 620/1912/620
f 1491/1913/1491 1492/1914/1492 1493/1915/1493
f 1490/1911/1490 1494/1916/1494 620/1912/620
f 1025/1917/1025 1495/1918/1495 1496/1919/1496
f 1490/1911/1490 619/1910/619 1497/1920/1497
f 1498/1921/1498 1499/1922/1499 1490/1911/1490
f 1493/1915/1493 1489/1909/1489 1500/1923/1500
f 1501/1924/1501 1492/1914/1492 1491/1913/1491
f 1494/1916/1494 629/1925/629 620/1912/620
f 1499/1922/1499 1498/1921/1498 1491/1913/1491
f 1502/1926/1502 1498/1921/1498 1490/1911/1490
f 1494/1916/1494 1493/1915/1493 1500/1923/1500
f 630/1927/630 629/1925/629 1494/1916/1494
f 1503/1928/1503 1504/1929/1504 1501/1924/1501
f 1505/1930/1505 1506/1931/1506 1507/1932/1507
f 1016/1933/1016 1004/1908/1004 1488/1907/1488
f 1508/1934/1508 1509/1935/1509 1510/1936/1510
f 1511/1937/1511 1512/1938/1512 1513/1939/1513
f 1514/1940/1514 1515/1941/1515 1516/1942/1516
f 1503/1928/1503 1491/1913/1491 1498/1921/1498
f 1489/1909/1489 1004/1908/1004 1500/1923/1500
f 1517/1943/1517 1518/1944/1518 1519/1945/1519
f 1503/1928/1503 1498/1921/1498 1502/1926/1502
f 1004/1908/1004 630/1927/630 1500/1923/1500
f 1519/1945/1519 1518/1944/1518 1520/1946/1520
f 1521/1947/1521 1522/1948/1522 1512/1938/1512
f 1523/1949/1523 1524/1950/1524 1525/1951/1525
f 1526/1952/1526 1527/1953/1527 1511/1937/1511
f 1490/1911/1490 1497/1920/1497 1502/1926/1502
f 1528/1954/1528 1526/1952/1526 1513/1939/1513
f 1494/1916/1494 1500/1923/1500 630/1927/630
f 1493/1915/1493 1494/1916/1494 1499/1922/1499
f 1529/1955/1529 1530/1956/1530 1531/1957/1531
f 1532/1958/1532 1533/1959/1533 387/1960/387
f 1495/1918/1495 1488/1907/1488 1534/1961/1534
f 1513/1939/1513 1512/1938/1512 1535/1962/1535
f 1488/1907/1488 1495/1918/1495 1025/1917/1025
f 1504/1929/1504 1536/1963/1536 1501/1924/1501
f 387/1960/387 388/1964/388 1532/1958/1532
f 1523/1949/1523 1537/1965/1537 1506/1931/1506
f 1507/1932/1507 1506/1931/1506 1538/1966/1538
f 1493/1915/1493 1522/1948/1522 1489/1909/1489
f 1494/1916/1494 1490/1911/1490 1499/1922/1499
f 1495/1918/1495 1517/1943/1517 1519/1945/1519
f 1512/1938/1512 1492/1914/1492 1501/1924/1501
f 1489/1909/1489 1522/1948/1522 1521/1947/1521
f 1513/1939/1513 1539/1967/1539 1528/1954/1528
f 1540/1968/1540 391/1969/391 1533/1959/1533
f 1522/1948/1522 1493/1915/1493 1492/1914/1492
f 1521/1947/1521 1512/1938/1512 1511/1937/1511
f 1513/1939/1513 1526/1952/1526 1511/1937/1511
f 1517/1943/1517 1534/1961/1534 1541/1970/1541
f 1535/1962/1535 1542/1971/1542 1515/1941/1515
f 1540/1968/1540 1531/1957/1531 1530/1956/1530
f 1509/1935/1509 391/1969/391 1540/1968/1540
f 1530/1956/1530 1509/1935/1509 1540/1968/1540
f 1531/1957/1531 1543/1972/1543 1529/1955/1529
f 386/1973/386 391/1969/391 1508/1934/1508
f 1544/1974/1544 1545/1975/1545 1546/1976/1546
f 1545/1975/1545 1547/1977/1547 1546/1976/1546
f 1520/1946/1520 1548/1978/1548 1549/1979/1549
f 1548/1978/1548 1507/1932/1507 1550/1980/1550
f 1551/1981/1551 1520/1946/1520 1518/1944/1518
f 1546/1976/1546 1552/1982/1552 1553/1983/1553
f 1548/1978/1548 1505/1930/1505 1507/1932/1507
f 1504/1929/1504 1554/1984/1554 1536/1963/1536
f 1489/1909/1489 1521/1947/1521 1534/1961/1534
f 1542/1971/1542 1535/1962/1535 1536/1963/1536
f 1511/1937/1511 1555/1985/1555 1521/1947/1521
f 1541/1970/1541 1518/1944/1518 1517/1943/1517
f 1554/1984/1554 1542/1971/1542 1536/1963/1536
f 1501/1924/1501 1536/1963/1536 1535/1962/1535
f 1539/1967/1539 1535/1962/1535 1515/1941/1515
f 1488/1907/1488 1489/1909/1489 1534/1961/1534
f 1539/1967/1539 1515/1941/1515 1514/1940/1514
f 1512/1938/1512 1522/1948/1522 1492/1914/1492
f 1527/1953/1527 1526/1952/1526 1556/1986/1556
f 390/1987/390 1533/1959/1533 391/1969/391
f 1533/1959/1533 1531/1957/1531 1540/1968/1540
f 390/1987/390 387/1960/387 1533/1959/1533
f 1503/1928/1503 1501/1924/1501 1491/1913/1491
f 1532/1958/1532 1520/1946/1520 1531/1957/1531
f 1555/1985/1555 1527/1953/1527 1524/1950/1524
f 1541/1970/1541 1534/1961/1534 1555/1985/1555
f 1025/1917/1025 1496/1919/1496 388/1964/388
f 1499/1922/1499 1491/1913/1491 1493/1915/1493
f 1528/1954/1528 1539/1967/1539 1514/1940/1514
f 1534/1961/1534 1517/1943/1517 1495/1918/1495
f 1555/1985/1555 1534/1961/1534 1521/1947/1521
f 1524/1950/1524 1557/1988/1557 1555/1985/1555
f 1512/1938/1512 1501/1924/1501 1535/1962/1535
f 1556/1986/1556 1524/1950/1524 1527/1953/1527
f 1557/1988/1557 1541/1970/1541 1555/1985/1555
f 1558/1989/1558 1516/1942/1516 1515/1941/1515
f 1025/1917/1025 1016/1933/1016 1488/1907/1488
f 1505/1930/1505 1557/1988/1557 1523/1949/1523
f 1527/1953/1527 1555/1985/1555 1511/1937/1511
f 1532/1958/1532 1519/1945/1519 1520/1946/1520
f 1525/1951/1525 1524/1950/1524 1556/1986/1556
f 1557/1988/1557 1505/1930/1505 1541/1970/1541
f 1506/1931/1506 1537/1965/1537 1538/1966/1538
f 1559/1990/1559 1542/1971/1542 1554/1984/1554
f 1515/1941/1515 1542/1971/1542 1559/1990/1559
f 1558/1989/1558 1515/1941/1515 1559/1990/1559
f 1557/1988/1557 1524/1950/1524 1523/1949/1523
f 1496/1919/1496 1519/1945/1519 1532/1958/1532
f 1541/1970/1541 1551/1981/1551 1518/1944/1518
f 1505/1930/1505 1551/1981/1551 1541/1970/1541
f 1537/1965/1537 1523/1949/1523 1525/1951/1525
f 1523/1949/1523 1506/1931/1506 1505/1930/1505
f 1513/1939/1513 1535/1962/1535 1539/1967/1539
f 1531/1957/1531 1533/1959/1533 1532/1958/1532
f 1560/1991/1560 1561/1992/1561 1562/1993/1562
f 1496/1919/1496 1532/1958/1532 388/1964/388
f 1563/1994/1563 1564/1995/1564 1565/1996/1565
f 1520/1946/1520 1543/1972/1543 1531/1957/1531
f 1564/1995/1564 1566/1997/1566 1565/1996/1565
f 1564/1995/1564 1567/1998/1567 1510/1936/1510
f 1550/1980/1550 1561/1992/1561 1560/1991/1560
f 1519/1945/1519 1496/1919/1496 1495/1918/1495
f 1549/1979/1549 1552/1982/1552 1543/1972/1543
f 1510/1936/1510 1566/1997/1566 1564/1995/1564
f 1507/1932/1507 1561/1992/1561 1550/1980/1550
f 1543/1972/1543 1520/1946/1520 1549/1979/1549
f 1508/1934/1508 391/1969/391 1509/1935/1509
f 1507/1932/1507 1562/1993/1562 1561/1992/1561
f 1552/1982/1552 1549/1979/1549 1553/1983/1553
f 1567/1998/1567 1508/1934/1508 1510/1936/1510
f 1548/1978/1548 1550/1980/1550 1553/1983/1553
f 1548/1978/1548 1520/1946/1520 1551/1981/1551
f 1546/1976/1546 1553/1983/1553 1550/1980/1550
f 1547/1977/1547 1552/1982/1552 1546/1976/1546
f 384/1999/384 386/1973/386 1568/2000/1568
f 1553/1983/1553 1549/1979/1549 1548/1978/1548
f 1530/1956/1530 1566/1997/1566 1509/1935/1509
f 1566/1997/1566 1530/1956/1530 1569/2001/1569
f 1547/1977/1547 1565/1996/1565 1566/1997/1566
f 1547/1977/1547 1566/1997/1566 1569/2001/1569
f 1560/1991/1560 1544/1974/1544 1546/1976/1546
f 1545/1975/1545 1565/1996/1565 1547/1977/1547
f 1552/1982/1552 1547/1977/1547 1569/2001/1569
f 1566/1997/1566 1510/1936/1510 1509/1935/1509
f 1568/2000/1568 386/1973/386 1508/1934/1508
f 1544/1974/1544 1560/1991/1560 1562/1993/1562
f 1529/1955/1529 1552/1982/1552 1569/2001/1569
f 1569/2001/1569 1530/1956/1530 1529/1955/1529
f 1529/1955/1529 1543/1972/1543 1552/1982/1552
f 1550/1980/1550 1560/1991/1560 1546/1976/1546
f 1548/1978/1548 1551/1981/1551 1505/1930/1505
f 1570/2002/1570 1571/2003/1571 1572/2004/1572
f 1573/2005/1573 1574/2006/1574 1575/2007/1575
f 1576/2008/1576 1577/2009/1577 1578/2010/1578
f 1570/2002/1570 1572/2004/1572 1579/2011/1579
f 1580/2012/1580 1575/2007/1575 1581/2013/1581
f 1582/2014/1582 1583/2015/1583 1571/2003/1571
f 125/2016/125 121/2017/121 1575/2007/1575
f 1574/2006/1574 1584/2018/1584 1585/2019/1585
f 1586/2020/1586 1587/2021/1587 1576/2008/1576
f 1588/2022/1588 1578/2010/1578 1577/2009/1577
f 121/2017/121 1581/2013/1581 1575/2007/1575
f 1589/2023/1589 1590/2024/1590 1591/2025/1591
f 1581/2013/1581 1592/2026/1592 1580/2012/1580
f 1573/2005/1573 1575/2007/1575 1593/2027/1593
f 1594/2028/1594 1595/2029/1595 1596/2030/1596
f 1585/2019/1585 1597/2031/1597 12/2032/12
f 1577/2009/1577 1598/2033/1598 1588/2022/1588
f 1593/2027/1593 1580/2012/1580 1599/2034/1599
f 1600/2035/1600 1577/2009/1577 1591/2025/1591
f 1601/2036/1601 1580/2012/1580 1592/2026/1592
f 1600/2035/1600 1598/2033/1598 1577/2009/1577
f 1602/2037/1602 1603/2038/1603 1604/2039/1604
f 1605/2040/1605 1571/2003/1571 1583/2015/1583
f 1572/2004/1572 1606/2041/1606 1601/2036/1601
f 1595/2029/1595 1594/2028/1594 1601/2036/1601
f 1599/2034/1599 1573/2005/1573 1593/2027/1593
f 1588/2022/1588 1603/2038/1603 1602/2037/1602
f 1602/2037/1602 1594/2028/1594 1596/2030/1596
f 1579/2011/1579 1607/2042/1607 1602/2037/1602
f 1604/2039/1604 1579/2011/1579 1602/2037/1602
f 1597/2031/1597 14/2043/14 9/2044/9
f 1579/2011/1579 1604/2039/1604 1570/2002/1570
f 1595/2029/1595 1601/2036/1601 1592/2026/1592
f 1608/2045/1608 1573/2005/1573 1606/2041/1606
f 1609/2046/1609 1610/2047/1610 1611/2048/1611
f 12/2032/12 1597/2031/1597 9/2044/9
f 1582/2014/1582 1611/2048/1611 1583/2015/1583
f 1591/2025/1591 1577/2009/1577 1576/2008/1576
f 1579/2011/1579 1572/2004/1572 1607/2042/1607
f 1585/2019/1585 12/2032/12 1574/2006/1574
f 1612/2049/1612 1604/2039/1604 1603/2038/1603
f 1601/2036/1601 1599/2034/1599 1580/2012/1580
f 1601/2036/1601 1594/2028/1594 1572/2004/1572
f 1589/2023/1589 1576/2008/1576 1587/2021/1587
f 1574/2006/1574 125/2016/125 1575/2007/1575
f 1610/2047/1610 1609/2046/1609 14/2043/14
f 1610/2047/1610 1585/2019/1585 1584/2018/1584
f 14/2043/14 1585/2019/1585 1610/2047/1610
f 1599/2034/1599 1601/2036/1601 1606/2041/1606
f 1605/2040/1605 1572/2004/1572 1571/2003/1571
f 1578/2010/1578 1586/2020/1586 1576/2008/1576
f 1597/2031/1597 1585/2019/1585 14/2043/14
f 1611/2048/1611 1610/2047/1610 1608/2045/1608
f 1571/2003/1571 1570/2002/1570 1582/2014/1582
f 1603/2038/1603 1613/2050/1613 1612/2049/1612
f 1584/2018/1584 1574/2006/1574 1573/2005/1573
f 1594/2028/1594 1607/2042/1607 1572/2004/1572
f 1600/2035/1600 1591/2025/1591 1590/2024/1590
f 1576/2008/1576 1589/2023/1589 1591/2025/1591
f 12/2032/12 125/2016/125 1574/2006/1574
f 1605/2040/1605 1606/2041/1606 1572/2004/1572
f 1573/2005/1573 1599/2034/1599 1606/2041/1606
f 1608/2045/1608 1606/2041/1606 1583/2015/1583
f 1588/2022/1588 1602/2037/1602 1596/2030/1596
f 1605/2040/1605 1583/2015/1583 1606/2041/1606
f 1584/2018/1584 1573/2005/1573 1608/2045/1608
f 1608/2045/1608 1610/2047/1610 1584/2018/1584
f 1607/2042/1607 1594/2028/1594 1602/2037/1602
f 1583/2015/1583 1611/2048/1611 1608/2045/1608
f 1614/2051/1614 1615/2052/1615 1616/2053/1616
f 1617/2054/1617 1598/2033/1598 1600/2035/1600
f 1618/2055/1618 1619/2056/1619 1620/2057/1620
f 1621/2058/1621 1620/2057/1620 1619/2056/1619
f 1622/2059/1622 1623/2060/1623 1624/2061/1624
f 1580/2012/1580 1593/2027/1593 1575/2007/1575
f 1614/2051/1614 1625/2062/1625 1617/2054/1617
f 88/2063/88 1615/2052/1615 89/2064/89
f 1626/2065/1626 1627/2066/1627 1628/2067/1628
f 25/2068/25 22/2069/22 1629/2070/1629
f 1588/2022/1588 1598/2033/1598 1630/2071/1630
f 1631/2072/1631 1632/2073/1632 1633/2074/1633
f 1634/2075/1634 83/2076/83 82/2077/82
f 1635/2078/1635 1613/2050/1613 1603/2038/1603
f 1636/2079/1636 1624/2061/1624 1637/2080/1637
f 1634/2075/1634 1616/2053/1616 83/2076/83
f 1638/2081/1638 1617/2054/1617 1618/2055/1618
f 1623/2060/1623 1634/2075/1634 1639/2082/1639
f 1620/2057/1620 1638/2081/1638 1618/2055/1618
f 1630/2071/1630 1640/2083/1640 1635/2078/1635
f 1641/2084/1641 1642/2085/1642 1614/2051/1614
f 1643/2086/1643 1628/2067/1628 1641/2084/1641
f 1644/2087/1644 1636/2079/1636 1645/2088/1645
f 1623/2060/1623 1637/2080/1637 1624/2061/1624
f 1623/2060/1623 1622/2059/1622 1634/2075/1634
f 1628/2067/1628 1622/2059/1622 1624/2061/1624
f 1639/2082/1639 1634/2075/1634 82/2077/82
f 1638/2081/1638 1620/2057/1620 1621/2058/1621
f 1637/2080/1637 1645/2088/1645 1636/2079/1636
f 1622/2059/1622 1616/2053/1616 1634/2075/1634
f 1628/2067/1628 1624/2061/1624 1636/2079/1636
f 1630/2071/1630 1598/2033/1598 1617/2054/1617
f 1622/2059/1622 1643/2086/1643 1616/2053/1616
f 1603/2038/1603 1588/2022/1588 1635/2078/1635
f 1644/2087/1644 1628/2067/1628 1636/2079/1636
f 1628/2067/1628 1643/2086/1643 1622/2059/1622
f 1616/2053/1616 1615/2052/1615 83/2076/83
f 1643/2086/1643 1641/2084/1641 1616/2053/1616
f 1628/2067/1628 1644/2087/1644 1626/2065/1626
f 1596/2030/1596 1646/2089/1646 1588/2022/1588
f 1616/2053/1616 1641/2084/1641 1614/2051/1614
f 1641/2084/1641 1628/2067/1628 1642/2085/1642
f 1600/2035/1600 1615/2052/1615 1614/2051/1614
f 1588/2022/1588 1646/2089/1646 1578/2010/1578
f 1647/2090/1647 1646/2089/1646 1596/2030/1596
f 1642/2085/1642 1628/2067/1628 1627/2066/1627
f 1600/2035/1600 1614/2051/1614 1617/2054/1617
f 1615/2052/1615 1600/2035/1600 1590/2024/1590
f 1625/2062/1625 1614/2051/1614 1642/2085/1642
f 1627/2066/1627 1648/2091/1648 1642/2085/1642
f 1596/2030/1596 1595/2029/1595 1647/2090/1647
f 1625/2062/1625 1618/2055/1618 1617/2054/1617
f 1646/2089/1646 1647/2090/1647 1578/2010/1578
f 1633/2074/1633 1625/2062/1625 1642/2085/1642
f 1629/2070/1629 1649/2092/1649 1586/2020/1586
f 1647/2090/1647 1595/2029/1595 1650/2093/1650
f 26/2094/26 6/2095/6 80/2096/80
f 1633/2074/1633 1642/2085/1642 1648/2091/1648
f 1635/2078/1635 1588/2022/1588 1630/2071/1630
f 1586/2020/1586 1650/2093/1650 1629/2070/1629
f 1633/2074/1633 1651/2097/1651 1625/2062/1625
f 1590/2024/1590 26/2094/26 80/2096/80
f 1647/2090/1647 1650/2093/1650 1586/2020/1586
f 1631/2072/1631 1633/2074/1633 1648/2091/1648
f 1587/2021/1587 21/2098/21 26/2094/26
f 1651/2097/1651 1618/2055/1618 1625/2062/1625
f 1638/2081/1638 1630/2071/1630 1617/2054/1617
f 1592/2026/1592 1581/2013/1581 25/2068/25
f 21/2098/21 1587/2021/1587 1649/2092/1649
f 21/2098/21 1649/2092/1649 22/2069/22
f 1651/2097/1651 1633/2074/1633 1632/2073/1632
f 1652/2099/1652 1618/2055/1618 1651/2097/1651
f 1621/2058/1621 1630/2071/1630 1638/2081/1638
f 1652/2099/1652 1651/2097/1651 1632/2073/1632
f 1629/2070/1629 22/2069/22 1649/2092/1649
f 1619/2056/1619 1618/2055/1618 1652/2099/1652
f 1621/2058/1621 1640/2083/1640 1630/2071/1630
f 1615/2052/1615 1590/2024/1590 89/2064/89
f 89/2064/89 1590/2024/1590 80/2096/80
f 1586/2020/1586 1578/2010/1578 1647/2090/1647
f 1589/2023/1589 1587/2021/1587 26/2094/26
f 83/2076/83 1615/2052/1615 88/2063/88
f 1586/2020/1586 1649/2092/1649 1587/2021/1587
f 1581/2013/1581 123/2100/123 25/2068/25
f 1592/2026/1592 25/2068/25 1595/2029/1595
f 1590/2024/1590 1589/2023/1589 26/2094/26
f 123/2100/123 1581/2013/1581 121/2017/121
f 25/2068/25 1629/2070/1629 1650/2093/1650
f 1595/2029/1595 25/2068/25 1650/2093/1650
f 1653/2101/1653 1654/2102/1654 1655/2103/1655
f 1656/2104/1656 1657/2105/1657 1658/2106/1658
f 1659/2107/1659 1660/2108/1660 1661/2109/1661
f 1662/2110/1662 1663/2111/1663 1664/2112/1664
f 1660/2108/1660 1665/2113/1665 1656/2104/1656
f 1657/2105/1657 1666/2114/1666 1658/2106/1658
f 1654/2102/1654 1667/2115/1667 1668/2116/1668
f 1669/2117/1669 1670/2118/1670 1671/2119/1671
f 1670/2118/1670 1669/2117/1669 1672/2120/1672
f 1673/2121/1673 1674/2122/1674 1668/2116/1668
f 1658/2106/1658 1675/2123/1675 1656/2104/1656
f 1676/2124/1676 1674/2122/1674 1677/2125/1677
f 1675/2123/1675 1661/2109/1661 1660/2108/1660
f 1660/2108/1660 1659/2107/1659 1678/2126/1678
f 1679/2127/1679 1680/2128/1680 1681/2129/1681
f 1657/2105/1657 1656/2104/1656 1665/2113/1665
f 1675/2123/1675 1660/2108/1660 1656/2104/1656
f 1667/2115/1667 1682/2130/1682 1668/2116/1668
f 1683/2131/1683 23/2132/23 1684/2133/1684
f 1658/2106/1658 1666/2114/1666 1685/2134/1685
f 1686/2135/1686 1665/2113/1665 18/2136/18
f 1687/2137/1687 1688/2138/1688 1689/2139/1689
f 1690/2140/1690 1691/2141/1691 1692/2142/1692
f 1655/2103/1655 1654/2102/1654 1693/2143/1693
f 1694/2144/1694 1695/2145/1695 1696/2146/1696
f 1663/2111/1663 1697/2147/1697 1664/2112/1664
f 1698/2148/1698 1699/2149/1699 1700/2150/1700
f 1701/2151/1701 1702/2152/1702 1703/2153/1703
f 1694/2144/1694 1696/2146/1696 1704/2154/1704
f 1705/2155/1705 1663/2111/1663 1662/2110/1662
f 1678/2126/1678 1665/2113/1665 1660/2108/1660
f 1706/2156/1706 1700/2150/1700 1707/2157/1707
f 1708/2158/1708 1709/2159/1709 1710/2160/1710
f 1711/2161/1711 1684/2133/1684 1665/2113/1665
f 1712/2162/1712 1704/2154/1704 1706/2156/1706
f 1713/2163/1713 1714/2164/1714 1694/2144/1694
f 1698/2148/1698 1696/2146/1696 1715/2165/1715
f 1716/2166/1716 1699/2149/1699 1662/2110/1662
f 1676/2124/1676 1677/2125/1677 1679/2127/1679
f 1686/2135/1686 1717/2167/1717 1691/2141/1691
f 1694/2144/1694 1704/2154/1704 1713/2163/1713
f 1671/2119/1671 1663/2111/1663 1705/2155/1705
f 1701/2151/1701 1665/2113/1665 1678/2126/1678
f 1718/2168/1718 1712/2162/1712 1719/2169/1719
f 1665/2113/1665 1691/2141/1691 1690/2140/1690
f 1690/2140/1690 1657/2105/1657 1665/2113/1665
f 1685/2134/1685 1720/2170/1720 1721/2171/1721
f 1669/2117/1669 1671/2119/1671 1705/2155/1705
f 1710/2160/1710 1709/2159/1709 1667/2115/1667
f 1713/2163/1713 1679/2127/1679 1714/2164/1714
f 1722/2172/1722 1723/2173/1723 1701/2151/1701
f 1691/2141/1691 1665/2113/1665 1686/2135/1686
f 1687/2137/1687 1723/2173/1723 1722/2172/1722
f 1680/2128/1680 1693/2143/1693 1681/2129/1681
f 1653/2101/1653 1724/2174/1724 1725/2175/1725
f 18/2136/18 1665/2113/1665 2/2176/2
f 1701/2151/1701 1703/2153/1703 1711/2161/1711
f 1706/2156/1706 1707/2157/1707 1712/2162/1712
f 1726/2177/1726 1675/2123/1675 1685/2134/1685
f 1727/2178/1727 1698/2148/1698 1715/2165/1715
f 1728/2179/1728 1729/2180/1729 1730/2181/1730
f 1731/2182/1731 1659/2107/1659 1661/2109/1661
f 1698/2148/1698 1700/2150/1700 1704/2154/1704
f 1722/2172/1722 1732/2183/1732 1687/2137/1687
f 1713/2163/1713 1704/2154/1704 1712/2162/1712
f 1728/2179/1728 1730/2181/1730 1732/2183/1732
f 1661/2109/1661 1675/2123/1675 1726/2177/1726
f 1662/2110/1662 1699/2149/1699 1727/2178/1727
f 1721/2171/1721 1726/2177/1726 1685/2134/1685
f 1713/2163/1713 1712/2162/1712 1718/2168/1718
f 1733/2184/1733 1734/2185/1734 1683/2131/1683
f 1654/2102/1654 1710/2160/1710 1667/2115/1667
f 1735/2186/1735 1736/2187/1736 1729/2180/1729
f 1711/2161/1711 1703/2153/1703 1737/2188/1737
f 1659/2107/1659 1729/2180/1729 1728/2179/1728
f 1738/2189/1738 1733/2184/1733 1737/2188/1737
f 1724/2174/1724 1688/2138/1688 1730/2181/1730
f 1698/2148/1698 1704/2154/1704 1696/2146/1696
f 1737/2188/1737 1703/2153/1703 1738/2189/1738
f 1689/2139/1689 1707/2157/1707 1687/2137/1687
f 1739/2190/1739 1719/2169/1719 1740/2191/1740
f 1690/2140/1690 1692/2142/1692 1657/2105/1657
f 1682/2130/1682 1741/2192/1741 1668/2116/1668
f 1723/2173/1723 1707/2157/1707 1700/2150/1700
f 1707/2157/1707 1723/2173/1723 1687/2137/1687
f 1676/2124/1676 1668/2116/1668 1674/2122/1674
f 1733/2184/1733 1683/2131/1683 1737/2188/1737
f 1710/2160/1710 1654/2102/1654 1653/2101/1653
f 1730/2181/1730 1742/2193/1742 1724/2174/1724
f 1729/2180/1729 1742/2193/1742 1730/2181/1730
f 1653/2101/1653 1739/2190/1739 1724/2174/1724
f 1743/2194/1743 1708/2158/1708 1742/2193/1742
f 1744/2195/1744 1721/2171/1721 1745/2196/1745
f 1725/2175/1725 1724/2174/1724 1742/2193/1742
f 1729/2180/1729 1736/2187/1736 1742/2193/1742
f 1719/2169/1719 1653/2101/1653 1655/2103/1655
f 1714/2164/1714 1679/2127/1679 1677/2125/1677
f 1664/2112/1664 1697/2147/1697 1738/2189/1738
f 1718/2168/1718 1680/2128/1680 1679/2127/1679
f 1716/2166/1716 1662/2110/1662 1664/2112/1664
f 1725/2175/1725 1742/2193/1742 1708/2158/1708
f 1684/2133/1684 1711/2161/1711 1737/2188/1737
f 1736/2187/1736 1743/2194/1743 1742/2193/1742
f 1737/2188/1737 1683/2131/1683 1684/2133/1684
f 1743/2194/1743 1736/2187/1736 1746/2197/1746
f 1679/2127/1679 1713/2163/1713 1718/2168/1718
f 1662/2110/1662 1727/2178/1727 1705/2155/1705
f 1735/2186/1735 1731/2182/1731 1744/2195/1744
f 1696/2146/1696 1747/2198/1747 1715/2165/1715
f 1744/2195/1744 1661/2109/1661 1726/2177/1726
f 1743/2194/1743 1746/2197/1746 1735/2186/1735
f 1747/2198/1747 1696/2146/1696 1695/2145/1695
f 1688/2138/1688 1687/2137/1687 1730/2181/1730
f 1694/2144/1694 1714/2164/1714 1695/2145/1695
f 1740/2191/1740 1707/2157/1707 1689/2139/1689
f 1715/2165/1715 1747/2198/1747 1672/2120/1672
f 1715/2165/1715 1669/2117/1669 1727/2178/1727
f 1748/2199/1748 1680/2128/1680 1718/2168/1718
f 1692/2142/1692 1666/2114/1666 1657/2105/1657
f 1653/2101/1653 1725/2175/1725 1710/2160/1710
f 1748/2199/1748 1655/2103/1655 1693/2143/1693
f 1655/2103/1655 1718/2168/1718 1719/2169/1719
f 1708/2158/1708 1710/2160/1710 1725/2175/1725
f 1726/2177/1726 1721/2171/1721 1744/2195/1744
f 1736/2187/1736 1735/2186/1735 1746/2197/1746
f 1745/2196/1745 1735/2186/1735 1744/2195/1744
f 1702/2152/1702 1716/2166/1716 1703/2153/1703
f 1689/2139/1689 1688/2138/1688 1739/2190/1739
f 1698/2148/1698 1727/2178/1727 1699/2149/1699
f 1724/2174/1724 1739/2190/1739 1688/2138/1688
f 1672/2120/1672 1669/2117/1669 1715/2165/1715
f 1748/2199/1748 1693/2143/1693 1680/2128/1680
f 1686/2135/1686 18/2136/18 1717/2167/1717
f 1712/2162/1712 1707/2157/1707 1740/2191/1740
f 1723/2173/1723 1699/2149/1699 1716/2166/1716
f 1735/2186/1735 1729/2180/1729 1731/2182/1731
f 1689/2139/1689 1739/2190/1739 1740/2191/1740
f 23/2132/23 1734/2185/1734 1749/2200/1749
f 1699/2149/1699 1723/2173/1723 1700/2150/1700
f 1727/2178/1727 1669/2117/1669 1705/2155/1705
f 23/2132/23 1665/2113/1665 1684/2133/1684
f 1678/2126/1678 1659/2107/1659 1728/2179/1728
f 1732/2183/1732 1730/2181/1730 1687/2137/1687
f 1678/2126/1678 1732/2183/1732 1722/2172/1722
f 1734/2185/1734 23/2132/23 1683/2131/1683
f 1681/2129/1681 1693/2143/1693 1654/2102/1654
f 27/2201/27 23/2132/23 1749/2200/1749
f 23/2132/23 2/2176/2 1665/2113/1665
f 1676/2124/1676 1681/2129/1681 1668/2116/1668
f 1681/2129/1681 1676/2124/1676 1679/2127/1679
f 1665/2113/1665 1701/2151/1701 1711/2161/1711
f 1722/2172/1722 1701/2151/1701 1678/2126/1678
f 1659/2107/1659 1731/2182/1731 1729/2180/1729
f 1748/2199/1748 1718/2168/1718 1655/2103/1655
f 1738/2189/1738 1703/2153/1703 1664/2112/1664
f 1749/2200/1749 1734/2185/1734 1733/2184/1733
f 1716/2166/1716 1702/2152/1702 1701/2151/1701
f 1716/2166/1716 1701/2151/1701 1723/2173/1723
f 1744/2195/1744 1731/2182/1731 1661/2109/1661
f 1740/2191/1740 1719/2169/1719 1712/2162/1712
f 1673/2121/1673 1668/2116/1668 1741/2192/1741
f 1668/2116/1668 1681/2129/1681 1654/2102/1654
f 1719/2169/1719 1739/2190/1739 1653/2101/1653
f 1682/2130/1682 1667/2115/1667 1709/2159/1709
f 1720/2170/1720 1745/2196/1745 1721/2171/1721
f 1732/2183/1732 1678/2126/1678 1728/2179/1728
f 1720/2170/1720 1685/2134/1685 1666/2114/1666
f 1703/2153/1703 1716/2166/1716 1664/2112/1664
f 1658/2106/1658 1685/2134/1685 1675/2123/1675
f 1704/2154/1704 1700/2150/1700 1706/2156/1706
f 1750/2202/1750 1751/2203/1751 1752/2204/1752
f 1752/2204/1752 1753/2205/1753 1750/2202/1750
f 1750/2202/1750 1754/2206/1754 1751/2203/1751
f 1750/2202/1750 1753/2205/1753 1755/2207/1755
f 1750/2202/1750 1756/2208/1756 1754/2206/1754
f 1757/2209/1757 1754/2206/1754 1756/2208/1756
f 1750/2202/1750 1755/2207/1755 1756/2208/1756
f 1758/2210/1758 1451/2211/1451 1759/2212/1759
f 1423/2213/1423 1486/2214/1486 1760/2215/1760
f 1423/2213/1423 1760/2215/1760 1761/2216/1761
f 1423/2213/1423 1761/2216/1761 1433/2217/1433
f 1762/2218/1762 1763/2219/1763 1433/2217/1433
f 1761/2216/1761 1764/2220/1764 1765/2221/1765
f 1451/2211/1451 1433/2217/1433 1763/2219/1763
f 1762/2218/1762 1765/2221/1765 1763/2219/1763
f 1764/2220/1764 1766/2222/1766 1765/2221/1765
f 1763/2219/1763 1759/2212/1759 1451/2211/1451
f 1765/2221/1765 1767/2223/1767 1763/2219/1763
f 1765/2221/1765 1766/2222/1766 1767/2223/1767
f 1763/2219/1763 1767/2223/1767 1759/2212/1759
f 1766/2222/1766 1768/2224/1768 1767/2223/1767
f 1768/2224/1768 1769/2225/1769 1758/2210/1758
f 1769/2225/1769 1770/2226/1770 1758/2210/1758
f 1771/2227/1771 1772/2228/1772 1773/2229/1773
f 1774/2230/1774 1775/2231/1775 1773/2229/1773
f 1771/2227/1771 1773/2229/1773 1775/2231/1775
f 1776/2232/1776 1777/2233/1777 1778/2234/1778
f 577/2235/577 1779/2236/1779 1771/2227/1771
f 1773/2229/1773 1780/2237/1780 1774/2230/1774
f 1781/2238/1781 1775/2231/1775 1774/2230/1774
f 1782/2239/1782 1783/2240/1783 1776/2232/1776
f 1778/2234/1778 1777/2233/1777 1780/2237/1780
f 1780/2237/1780 1781/2238/1781 1774/2230/1774
f 1775/2231/1775 1781/2238/1781 559/2241/559
f 1784/2242/1784 1780/2237/1780 1777/2233/1777
f 1785/2243/1785 1777/2233/1777 1783/2240/1783
f 1781/2238/1781 1780/2237/1780 1784/2242/1784
f 559/2241/559 1781/2238/1781 558/2244/558
f 1785/2243/1785 1784/2242/1784 1777/2233/1777
f 1756/2208/1756 1760/2215/1760 1757/2209/1757
f 1785/2243/1785 1786/2245/1786 1787/2246/1787
f 1784/2242/1784 1785/2243/1785 1788/2247/1788
f 1780/2237/1780 1773/2229/1773 1778/2234/1778
f 1786/2245/1786 1789/2248/1789 1787/2246/1787
f 558/2244/558 1784/2242/1784 1788/2247/1788
f 1775/2231/1775 559/2241/559 1771/2227/1771
f 1787/2246/1787 1788/2247/1788 1785/2243/1785
f 1790/2249/1790 1791/2250/1791 1792/2251/1792
f 1793/2252/1793 1792/2251/1792 1794/2253/1794
f 1795/2254/1795 1796/2255/1796 1797/2256/1797
f 1798/2257/1798 1793/2252/1793 1794/2253/1794
f 1799/2258/1799 1795/2254/1795 1798/2257/1798
f 1800/2259/1800 1078/2260/1078 1127/2261/1127
f 1797/2256/1797 1798/2257/1798 1795/2254/1795
f 1801/2262/1801 1791/2250/1791 1802/2263/1802
f 1803/2264/1803 1795/2254/1795 1799/2258/1799
f 1794/2253/1794 1792/2251/1792 1804/2265/1804
f 1805/2266/1805 1799/2258/1799 1804/2265/1804
f 1755/2207/1755 1806/2267/1806 1807/2268/1807
f 1799/2258/1799 1805/2266/1805 1803/2264/1803
f 1802/2263/1802 1808/2269/1808 1801/2262/1801
f 1770/2226/1770 1430/2270/1430 1758/2210/1758
f 1804/2265/1804 1799/2258/1799 1794/2253/1794
f 1808/2269/1808 1802/2263/1802 1769/2225/1769
f 1804/2265/1804 1792/2251/1792 1801/2262/1801
f 1806/2267/1806 1795/2254/1795 1803/2264/1803
f 1809/2271/1809 1810/2272/1810 1811/2273/1811
f 1802/2263/1802 1791/2250/1791 1812/2274/1812
f 1810/2272/1810 1813/2275/1813 1814/2276/1814
f 1806/2267/1806 1803/2264/1803 1807/2268/1807
f 1811/2273/1811 1814/2276/1814 1815/2277/1815
f 1796/2255/1796 1795/2254/1795 1816/2278/1816
f 1801/2262/1801 1792/2251/1792 1791/2250/1791
f 1790/2249/1790 1792/2251/1792 1793/2252/1793
f 1451/2211/1451 1758/2210/1758 1430/2270/1430
f 1808/2269/1808 1804/2265/1804 1801/2262/1801
f 1816/2278/1816 1795/2254/1795 1806/2267/1806
f 1805/2266/1805 1807/2268/1807 1803/2264/1803
f 1808/2269/1808 1817/2279/1817 1805/2266/1805
f 1804/2265/1804 1808/2269/1808 1805/2266/1805
f 560/2280/560 1779/2236/1779 577/2235/577
f 1766/2222/1766 1817/2279/1817 1768/2224/1768
f 1794/2253/1794 1799/2258/1799 1798/2257/1798
f 1807/2268/1807 1817/2279/1817 1766/2222/1766
f 1816/2278/1816 1806/2267/1806 1753/2205/1753
f 1769/2225/1769 1802/2263/1802 1770/2226/1770
f 1800/2259/1800 1127/2261/1127 1787/2246/1787
f 1817/2279/1817 1807/2268/1807 1805/2266/1805
f 1755/2207/1755 1807/2268/1807 1766/2222/1766
f 1768/2224/1768 1817/2279/1817 1808/2269/1808
f 1769/2225/1769 1768/2224/1768 1808/2269/1808
f 1770/2226/1770 1802/2263/1802 1812/2274/1812
f 1755/2207/1755 1766/2222/1766 1756/2208/1756
f 1806/2267/1806 1755/2207/1755 1753/2205/1753
f 1776/2232/1776 1818/2281/1818 1819/2282/1819
f 1762/2218/1762 1761/2216/1761 1765/2221/1765
f 1754/2206/1754 1757/2209/1757 1813/2275/1813
f 1810/2272/1810 1820/2283/1820 1754/2206/1754
f 1821/2284/1821 571/2285/571 552/2286/552
f 1131/2287/1131 1787/2246/1787 1127/2261/1127
f 1821/2284/1821 1085/2288/1085 571/2285/571
f 1783/2240/1783 1786/2245/1786 1785/2243/1785
f 558/2244/558 1781/2238/1781 1784/2242/1784
f 1822/2289/1822 1823/2290/1823 1824/2291/1824
f 1754/2206/1754 1820/2283/1820 1751/2203/1751
f 1797/2256/1797 1078/2260/1078 1800/2259/1800
f 1825/2292/1825 1826/2293/1826 1818/2281/1818
f 1797/2256/1797 1796/2255/1796 1134/2294/1134
f 1789/2248/1789 1798/2257/1798 1797/2256/1797
f 1789/2248/1789 1797/2256/1797 1800/2259/1800
f 1789/2248/1789 1786/2245/1786 1827/2295/1827
f 1826/2293/1826 1828/2296/1828 1819/2282/1819
f 1827/2295/1827 1793/2252/1793 1798/2257/1798
f 1782/2239/1782 1827/2295/1827 1786/2245/1786
f 1793/2252/1793 1827/2295/1827 1782/2239/1782
f 1790/2249/1790 1793/2252/1793 1782/2239/1782
f 1474/2297/1474 1430/2270/1430 1770/2226/1770
f 1474/2297/1474 1812/2274/1812 1418/2298/1418
f 1819/2282/1819 1791/2250/1791 1790/2249/1790
f 1813/2275/1813 1486/2214/1486 1487/2299/1487
f 1829/2300/1829 1825/2292/1825 1772/2228/1772
f 1830/2301/1830 1825/2292/1825 1823/2290/1823
f 1812/2274/1812 1828/2296/1828 1418/2298/1418
f 1797/2256/1797 1134/2294/1134 1078/2260/1078
f 1827/2295/1827 1798/2257/1798 1789/2248/1789
f 1776/2232/1776 1790/2249/1790 1782/2239/1782
f 1776/2232/1776 1819/2282/1819 1790/2249/1790
f 1772/2228/1772 1825/2292/1825 1818/2281/1818
f 1085/2288/1085 1821/2284/1821 1131/2287/1131
f 1819/2282/1819 1818/2281/1818 1826/2293/1826
f 1783/2240/1783 1782/2239/1782 1786/2245/1786
f 1822/2289/1822 1828/2296/1828 1830/2301/1830
f 1470/2302/1470 1473/2303/1473 1831/2304/1831
f 560/2280/560 1829/2300/1829 1779/2236/1779
f 1435/2305/1435 1418/2298/1418 1832/2306/1832
f 1832/2306/1832 1822/2289/1822 1824/2291/1824
f 1818/2281/1818 1778/2234/1778 1772/2228/1772
f 1828/2296/1828 1822/2289/1822 1832/2306/1832
f 1753/2205/1753 1833/2307/1833 1816/2278/1816
f 1824/2291/1824 1435/2305/1435 1832/2306/1832
f 552/2286/552 558/2244/558 1821/2284/1821
f 1470/2302/1470 1834/2308/1834 579/2309/579
f 1756/2208/1756 1764/2220/1764 1761/2216/1761
f 1791/2250/1791 1819/2282/1819 1828/2296/1828
f 1824/2291/1824 1482/2310/1482 1435/2305/1435
f 1834/2308/1834 1825/2292/1825 1829/2300/1829
f 1825/2292/1825 1830/2301/1830 1826/2293/1826
f 1829/2300/1829 1772/2228/1772 1779/2236/1779
f 1482/2310/1482 1824/2291/1824 1823/2290/1823
f 1760/2215/1760 1486/2214/1486 1757/2209/1757
f 1828/2296/1828 1812/2274/1812 1791/2250/1791
f 1800/2259/1800 1787/2246/1787 1789/2248/1789
f 580/2311/580 579/2309/579 1834/2308/1834
f 1433/2217/1433 1761/2216/1761 1762/2218/1762
f 1771/2227/1771 1779/2236/1779 1772/2228/1772
f 1825/2292/1825 1834/2308/1834 1831/2304/1831
f 1759/2212/1759 1768/2224/1768 1758/2210/1758
f 1778/2234/1778 1818/2281/1818 1776/2232/1776
f 1788/2247/1788 1821/2284/1821 558/2244/558
f 1480/2312/1480 1482/2310/1482 1823/2290/1823
f 1831/2304/1831 1480/2312/1480 1823/2290/1823
f 1756/2208/1756 1766/2222/1766 1764/2220/1764
f 1761/2216/1761 1760/2215/1760 1756/2208/1756
f 1831/2304/1831 1834/2308/1834 1470/2302/1470
f 1473/2303/1473 1480/2312/1480 1831/2304/1831
f 559/2241/559 577/2235/577 1771/2227/1771
f 1778/2234/1778 1773/2229/1773 1772/2228/1772
f 1821/2284/1821 1788/2247/1788 1131/2287/1131
f 1822/2289/1822 1830/2301/1830 1823/2290/1823
f 1787/2246/1787 1131/2287/1131 1788/2247/1788
f 1418/2298/1418 1828/2296/1828 1832/2306/1832
f 1777/2233/1777 1776/2232/1776 1783/2240/1783
f 1823/2290/1823 1825/2292/1825 1831/2304/1831
f 1829/2300/1829 560/2280/560 580/2311/580
f 1834/2308/1834 1829/2300/1829 580/2311/580
f 1826/2293/1826 1830/2301/1830 1828/2296/1828
f 1833/2307/1833 1753/2205/1753 1752/2204/1752
f 1770/2226/1770 1812/2274/1812 1474/2297/1474
f 1811/2273/1811 1835/2313/1835 1809/2271/1809
f 1813/2275/1813 1815/2277/1815 1814/2276/1814
f 1754/2206/1754 1813/2275/1813 1810/2272/1810
f 1811/2273/1811 1810/2272/1810 1814/2276/1814
f 1487/2299/1487 1815/2277/1815 1813/2275/1813
f 1757/2209/1757 1486/2214/1486 1813/2275/1813
f 1767/2223/1767 1768/2224/1768 1759/2212/1759
f 1836/2314/1836 1837/2315/1837 1838/2316/1838
f 1839/2317/1839 1840/2318/1840 1841/2319/1841
f 1842/2320/1842 1843/2321/1843 1844/2322/1844
f 1841/2319/1841 220/2323/220 1839/2317/1839
f 239/2324/239 228/2325/228 1845/2326/1845
f 1846/2327/1846 1835/2328/1835 1811/2329/1811
f 1847/2330/1847 1848/2331/1848 1849/2332/1849
f 1850/2333/1850 1851/2334/1851 1842/2320/1842
f 1852/2335/1852 1853/2336/1853 1848/2331/1848
f 1854/2337/1854 1855/2338/1855 1847/2330/1847
f 1856/2339/1856 1857/2340/1857 1853/2336/1853
f 1858/2341/1858 1859/2342/1859 1860/2343/1860
f 1861/2344/1861 1845/2326/1845 1862/2345/1862
f 1855/2338/1855 1848/2331/1848 1847/2330/1847
f 1852/2335/1852 1856/2339/1856 1853/2336/1853
f 1863/2346/1863 1864/2347/1864 1865/2348/1865
f 1848/2331/1848 1855/2338/1855 1852/2335/1852
f 1866/2349/1866 1850/2333/1850 1864/2347/1864
f 1852/2335/1852 1855/2338/1855 1856/2339/1856
f 1856/2339/1856 1867/2350/1867 1857/2340/1857
f 1867/2350/1867 1868/2351/1868 1857/2340/1857
f 1440/2352/1440 1869/2353/1869 1446/2354/1446
f 1439/2355/1439 1467/2356/1467 1870/2357/1870
f 1871/2358/1871 1872/2359/1872 1873/2360/1873
f 1874/2361/1874 1875/2362/1875 1866/2349/1866
f 1842/2320/1842 1876/2363/1876 1850/2333/1850
f 1877/2364/1877 1873/2360/1873 1878/2365/1878
f 1879/2366/1879 1880/2367/1880 1876/2363/1876
f 1879/2366/1879 1876/2363/1876 1842/2320/1842
f 1861/2344/1861 1881/2368/1881 1870/2357/1870
f 1882/2369/1882 1883/2370/1883 1884/2371/1884
f 1879/2366/1879 1885/2372/1885 1880/2367/1880
f 783/2373/783 785/2374/785 1886/2375/1886
f 1887/2376/1887 1888/2377/1888 1889/2378/1889
f 1873/2360/1873 1872/2359/1872 1878/2365/1878
f 1888/2377/1888 1838/2316/1838 1837/2315/1837
f 1890/2379/1890 1886/2375/1886 785/2374/785
f 1872/2359/1872 1871/2358/1871 1891/2380/1891
f 1892/2381/1892 1871/2358/1871 1854/2337/1854
f 407/2382/407 1885/2372/1885 400/2383/400
f 1885/2372/1885 1893/2384/1893 1880/2367/1880
f 1851/2334/1851 1850/2333/1850 1894/2385/1894
f 1844/2322/1844 1879/2366/1879 1842/2320/1842
f 1895/2386/1895 1896/2387/1896 1815/2388/1815
f 1897/2389/1897 1874/2361/1874 1864/2347/1864
f 1898/2390/1898 1867/2350/1867 1899/2391/1899
f 1900/2392/1900 1878/2365/1878 1872/2359/1872
f 1861/2344/1861 1901/2393/1901 1845/2326/1845
f 1878/2365/1878 1902/2394/1902 1877/2364/1877
f 1874/2361/1874 1882/2369/1882 1875/2362/1875
f 1887/2376/1887 1903/2395/1903 1904/2396/1904
f 1905/2397/1905 1906/2398/1906 1907/2399/1907
f 1838/2316/1838 1888/2377/1888 1887/2376/1887
f 1906/2398/1906 1908/2400/1908 1909/2401/1909
f 1910/2402/1910 1872/2359/1872 1456/2403/1456
f 1910/2402/1910 1900/2392/1900 1872/2359/1872
f 1911/2404/1911 1912/2405/1912 1869/2353/1869
f 1907/2399/1907 1913/2406/1913 1905/2397/1905
f 1902/2394/1902 1900/2392/1900 1894/2385/1894
f 1891/2380/1891 1871/2358/1871 1895/2386/1895
f 1877/2364/1877 1875/2362/1875 1914/2407/1914
f 1915/2408/1915 1907/2399/1907 1909/2401/1909
f 1916/2409/1916 1917/2410/1917 1899/2391/1899
f 1915/2408/1915 1910/2402/1910 1911/2404/1911
f 1909/2401/1909 1851/2334/1851 1894/2385/1894
f 1446/2354/1446 1912/2405/1912 1445/2411/1445
f 1885/2372/1885 1879/2366/1879 1844/2322/1844
f 1886/2375/1886 1893/2384/1893 783/2373/783
f 1905/2397/1905 1913/2406/1913 1870/2357/1870
f 1918/2412/1918 1885/2372/1885 1844/2322/1844
f 215/2413/215 1919/2414/1919 217/2415/217
f 1920/2416/1920 1921/2417/1921 1906/2398/1906
f 1922/2418/1922 1911/2404/1911 1910/2402/1910
f 1908/2400/1908 1851/2334/1851 1909/2401/1909
f 1921/2417/1921 1908/2400/1908 1906/2398/1906
f 1445/2411/1445 1912/2405/1912 1458/2419/1458
f 215/2413/215 409/2420/409 1919/2414/1919
f 1921/2417/1921 1851/2334/1851 1908/2400/1908
f 1921/2417/1921 1843/2321/1843 1851/2334/1851
f 1888/2377/1888 409/2420/409 1889/2378/1889
f 1923/2421/1923 1884/2371/1884 1917/2410/1917
f 1854/2337/1854 1916/2409/1916 1924/2422/1924
f 1896/2387/1896 1846/2327/1846 1811/2329/1811
f 1916/2409/1916 1854/2337/1854 1873/2360/1873
f 409/2420/409 415/2423/415 1889/2378/1889
f 1871/2358/1871 1873/2360/1873 1854/2337/1854
f 1925/2424/1925 1883/2370/1883 1897/2389/1897
f 1917/2410/1917 1898/2390/1898 1899/2391/1899
f 1892/2381/1892 1895/2386/1895 1871/2358/1871
f 1917/2410/1917 1884/2371/1884 1898/2390/1898
f 1916/2409/1916 1877/2364/1877 1914/2407/1914
f 1926/2425/1926 1891/2380/1891 1895/2386/1895
f 1911/2404/1911 1869/2353/1869 1913/2406/1913
f 1916/2409/1916 1899/2391/1899 1924/2422/1924
f 1889/2378/1889 415/2423/415 413/2426/413
f 1877/2364/1877 1916/2409/1916 1873/2360/1873
f 1887/2376/1887 1927/2427/1927 1838/2316/1838
f 1902/2394/1902 1866/2349/1866 1875/2362/1875
f 1889/2378/1889 413/2426/413 1903/2395/1903
f 1844/2322/1844 1904/2396/1904 1918/2412/1918
f 1456/2403/1456 1891/2380/1891 1926/2425/1926
f 1921/2417/1921 1838/2316/1838 1927/2427/1927
f 1916/2409/1916 1914/2407/1914 1923/2421/1923
f 1901/2393/1901 1861/2344/1861 1467/2356/1467
f 1896/2387/1896 1895/2386/1895 1892/2381/1892
f 1895/2386/1895 1487/2428/1487 1926/2425/1926
f 1887/2376/1887 1904/2396/1904 1927/2427/1927
f 1902/2394/1902 1875/2362/1875 1877/2364/1877
f 1928/2429/1928 1929/2430/1929 1883/2370/1883
f 1815/2388/1815 1487/2428/1487 1895/2386/1895
f 1875/2362/1875 1882/2369/1882 1914/2407/1914
f 1916/2409/1916 1923/2421/1923 1917/2410/1917
f 1912/2405/1912 1922/2418/1922 1458/2419/1458
f 1864/2347/1864 1863/2346/1863 1897/2389/1897
f 1914/2407/1914 1882/2369/1882 1923/2421/1923
f 1456/2403/1456 1872/2359/1872 1891/2380/1891
f 1920/2416/1920 1838/2316/1838 1921/2417/1921
f 1884/2371/1884 1923/2421/1923 1882/2369/1882
f 413/2426/413 401/2431/401 1903/2395/1903
f 1903/2395/1903 1918/2412/1918 1904/2396/1904
f 1920/2416/1920 1905/2397/1905 1881/2368/1881
f 239/2324/239 1459/2432/1459 236/2433/236
f 1884/2371/1884 1883/2370/1883 1929/2430/1929
f 1903/2395/1903 401/2431/401 1930/2434/1930
f 1882/2369/1882 1874/2361/1874 1897/2389/1897
f 1884/2371/1884 1929/2430/1929 1898/2390/1898
f 1931/2435/1931 1929/2430/1929 1928/2429/1928
f 1897/2389/1897 1883/2370/1883 1882/2369/1882
f 1870/2357/1870 1913/2406/1913 1869/2353/1869
f 1915/2408/1915 1909/2401/1909 1900/2392/1900
f 1930/2434/1930 1918/2412/1918 1903/2395/1903
f 1920/2416/1920 1906/2398/1906 1905/2397/1905
f 1929/2430/1929 1931/2435/1931 1898/2390/1898
f 1921/2417/1921 1927/2427/1927 1904/2396/1904
f 1894/2385/1894 1850/2333/1850 1902/2394/1902
f 1862/2345/1862 1845/2326/1845 235/2436/235
f 1838/2316/1838 1920/2416/1920 1881/2368/1881
f 1910/2402/1910 1915/2408/1915 1900/2392/1900
f 1881/2368/1881 1861/2344/1861 1862/2345/1862
f 1902/2394/1902 1878/2365/1878 1900/2392/1900
f 1487/2428/1487 1456/2403/1456 1926/2425/1926
f 220/2323/220 1841/2319/1841 232/2437/232
f 1459/2432/1459 1901/2393/1901 1467/2356/1467
f 1897/2389/1897 1863/2346/1863 1932/2438/1932
f 235/2436/235 1840/2318/1840 1862/2345/1862
f 1894/2385/1894 1900/2392/1900 1909/2401/1909
f 1881/2368/1881 1905/2397/1905 1870/2357/1870
f 1870/2357/1870 1869/2353/1869 1440/2352/1440
f 1880/2367/1880 1893/2384/1893 1890/2379/1890
f 1870/2357/1870 1467/2356/1467 1861/2344/1861
f 1439/2355/1439 1870/2357/1870 1440/2352/1440
f 1919/2414/1919 1888/2377/1888 1837/2315/1837
f 1838/2316/1838 1881/2368/1881 1836/2314/1836
f 1866/2349/1866 1864/2347/1864 1874/2361/1874
f 1866/2349/1866 1902/2394/1902 1850/2333/1850
f 1893/2384/1893 407/2382/407 783/2373/783
f 1458/2419/1458 1922/2418/1922 1456/2403/1456
f 1842/2320/1842 1851/2334/1851 1843/2321/1843
f 1897/2389/1897 1932/2438/1932 1925/2424/1925
f 1864/2347/1864 1860/2343/1860 1865/2348/1865
f 1811/2329/1811 1815/2388/1815 1896/2387/1896
f 1836/2314/1836 1862/2345/1862 1840/2318/1840
f 1901/2393/1901 239/2324/239 1845/2326/1845
f 1886/2375/1886 1890/2379/1890 1893/2384/1893
f 1906/2398/1906 1909/2401/1909 1907/2399/1907
f 409/2420/409 1888/2377/1888 1919/2414/1919
f 1885/2372/1885 1918/2412/1918 1930/2434/1930
f 1911/2404/1911 1922/2418/1922 1912/2405/1912
f 1858/2341/1858 1860/2343/1860 1880/2367/1880
f 235/2436/235 1845/2326/1845 228/2325/228
f 1889/2378/1889 1903/2395/1903 1887/2376/1887
f 1930/2434/1930 400/2383/400 1885/2372/1885
f 220/2323/220 217/2415/217 1839/2317/1839
f 1865/2348/1865 1860/2343/1860 1859/2342/1859
f 1446/2354/1446 1869/2353/1869 1912/2405/1912
f 1911/2404/1911 1913/2406/1913 1907/2399/1907
f 1864/2347/1864 1933/2439/1933 1860/2343/1860
f 1850/2333/1850 1933/2439/1933 1864/2347/1864
f 1837/2315/1837 1836/2314/1836 1840/2318/1840
f 1876/2363/1876 1880/2367/1880 1860/2343/1860
f 217/2415/217 1919/2414/1919 1839/2317/1839
f 407/2382/407 1893/2384/1893 1885/2372/1885
f 232/2437/232 1840/2318/1840 235/2436/235
f 401/2431/401 400/2383/400 1930/2434/1930
f 1933/2439/1933 1876/2363/1876 1860/2343/1860
f 232/2437/232 1841/2319/1841 1840/2318/1840
f 1904/2396/1904 1843/2321/1843 1921/2417/1921
f 1919/2414/1919 1837/2315/1837 1839/2317/1839
f 1922/2418/1922 1910/2402/1910 1456/2403/1456
f 234/2440/234 409/2420/409 215/2413/215
f 1896/2387/1896 1892/2381/1892 1846/2327/1846
f 1862/2345/1862 1836/2314/1836 1881/2368/1881
f 1876/2363/1876 1933/2439/1933 1850/2333/1850
f 239/2324/239 1901/2393/1901 1459/2432/1459
f 1907/2399/1907 1915/2408/1915 1911/2404/1911
f 1856/2339/1856 1855/2338/1855 1924/2422/1924
f 1892/2381/1892 1934/2441/1934 1846/2327/1846
f 1935/2442/1935 1934/2441/1934 1847/2330/1847
f 1890/2379/1890 1858/2341/1858 1880/2367/1880
f 1846/2327/1846 1934/2441/1934 1935/2442/1935
f 1892/2381/1892 1854/2337/1854 1934/2441/1934
f 1843/2321/1843 1904/2396/1904 1844/2322/1844
f 1890/2379/1890 785/2374/785 1858/2341/1858
f 1935/2442/1935 1936/2443/1936 1846/2327/1846
f 1847/2330/1847 1934/2441/1934 1854/2337/1854
f 1847/2330/1847 1849/2332/1849 1935/2442/1935
f 1854/2337/1854 1924/2422/1924 1855/2338/1855
f 1856/2339/1856 1924/2422/1924 1867/2350/1867
f 1899/2391/1899 1867/2350/1867 1924/2422/1924
f 1868/2351/1868 1867/2350/1867 1898/2390/1898
f 1868/2351/1868 1898/2390/1898 1931/2435/1931
f 1839/2317/1839 1837/2315/1837 1840/2318/1840
f 1937/2444/1937 1938/2445/1938 1939/2446/1939
f 1940/2447/1940 1941/2448/1941 1942/2449/1942
f 1939/2446/1939 1943/2450/1943 1944/2451/1944
f 1945/2452/1945 1946/2453/1946 1947/2454/1947
f 1948/2455/1948 1949/2456/1949 1950/2457/1950
f 1942/2449/1942 1673/2458/1673 1951/2459/1951
f 1939/2446/1939 1952/2460/1952 1937/2444/1937
f 1953/2461/1953 1954/2462/1954 1955/2463/1955
f 1956/2464/1956 1957/2465/1957 1958/2466/1958
f 1959/2467/1959 1960/2468/1960 1961/2469/1961
f 1956/2464/1956 1962/2470/1962 1957/2465/1957
f 1682/2471/1682 1709/2472/1709 1963/2473/1963
f 1945/2452/1945 1964/2474/1964 1946/2453/1946
f 1965/2475/1965 1966/2476/1966 1745/2477/1745
f 1967/2478/1967 1961/2469/1961 1960/2468/1960
f 1968/2479/1968 1969/2480/1969 1970/2481/1970
f 1971/2482/1971 1972/2483/1972 1973/2484/1973
f 1960/2468/1960 1959/2467/1959 1938/2445/1938
f 1974/2485/1974 1975/2486/1975 1976/2487/1976
f 1977/2488/1977 1978/2489/1978 1979/2490/1979
f 1980/2491/1980 1959/2467/1959 1958/2466/1958
f 1980/2491/1980 1958/2466/1958 1957/2465/1957
f 1961/2469/1961 1958/2466/1958 1959/2467/1959
f 1938/2445/1938 1976/2487/1976 1960/2468/1960
f 1975/2486/1975 1967/2478/1967 1960/2468/1960
f 1980/2491/1980 1938/2445/1938 1959/2467/1959
f 1960/2468/1960 1976/2487/1976 1975/2486/1975
f 1979/2490/1979 1954/2462/1954 1981/2492/1981
f 1982/2493/1982 1938/2445/1938 1937/2444/1937
f 1937/2444/1937 1952/2460/1952 1972/2483/1972
f 1954/2462/1954 1953/2461/1953 1983/2494/1983
f 1984/2495/1984 1709/2472/1709 1985/2496/1985
f 1970/2481/1970 1986/2497/1986 1987/2498/1987
f 1988/2499/1988 1989/2500/1989 1990/2501/1990
f 1666/2502/1666 1692/2503/1692 1991/2504/1991
f 1992/2505/1992 1993/2506/1993 1994/2507/1994
f 1995/2508/1995 1996/2509/1996 1997/2510/1997
f 1990/2501/1990 1989/2500/1989 1991/2504/1991
f 1998/2511/1998 1968/2479/1968 1987/2498/1987
f 1990/2501/1990 1999/2512/1999 1988/2499/1988
f 1981/2492/1981 1973/2484/1973 1972/2483/1972
f 1952/2460/1952 1939/2446/1939 1944/2451/1944
f 1983/2494/1983 2000/2513/2000 1971/2482/1971
f 1989/2500/1989 1974/2485/1974 1666/2502/1666
f 1952/2460/1952 2001/2514/2001 1981/2492/1981
f 1937/2444/1937 2002/2515/2002 2003/2516/2003
f 1981/2492/1981 2001/2514/2001 1997/2510/1997
f 1692/2503/1692 2004/2517/2004 1991/2504/1991
f 2004/2517/2004 2005/2518/2005 1990/2501/1990
f 2004/2517/2004 1990/2501/1990 1991/2504/1991
f 2006/2519/2006 2007/2520/2007 1940/2447/1940
f 2000/2513/2000 1937/2444/1937 1972/2483/1972
f 1997/2510/1997 2008/2521/2008 1981/2492/1981
f 1997/2510/1997 2001/2514/2001 1995/2508/1995
f 2004/2517/2004 1692/2503/1692 2009/2522/2009
f 1944/2451/1944 2010/2523/2010 1995/2508/1995
f 2008/2521/2008 1997/2510/1997 2011/2524/2011
f 1957/2465/1957 2010/2523/2010 1980/2491/1980
f 1987/2498/1987 2010/2523/2010 1957/2465/1957
f 1995/2508/1995 2010/2523/2010 1996/2509/1996
f 1985/2496/1985 1708/2525/1708 1743/2526/1743
f 1943/2450/1943 2010/2523/2010 1944/2451/1944
f 2012/2527/2012 1974/2485/1974 1989/2500/1989
f 1943/2450/1943 1939/2446/1939 1938/2445/1938
f 1989/2500/1989 1666/2502/1666 1991/2504/1991
f 2013/2528/2013 1982/2493/1982 2014/2529/2014
f 2005/2518/2005 2004/2517/2004 2009/2522/2009
f 2008/2521/2008 2011/2524/2011 1979/2490/1979
f 1992/2505/1992 1988/2499/1988 1999/2512/1999
f 2013/2528/2013 2015/2530/2015 1976/2487/1976
f 1666/2502/1666 1974/2485/1974 1720/2531/1720
f 2016/2532/2016 2011/2524/2011 1997/2510/1997
f 2012/2527/2012 1989/2500/1989 1988/2499/1988
f 2012/2527/2012 2017/2533/2017 1974/2485/1974
f 1990/2501/1990 2005/2518/2005 2018/2534/2018
f 1978/2489/1978 1948/2455/1948 2019/2535/2019
f 513/2536/513 484/2537/484 1997/2510/1997
f 1964/2474/1964 1945/2452/1945 2020/2538/2020
f 1992/2505/1992 1994/2507/1994 1988/2499/1988
f 1968/2479/1968 1970/2481/1970 1987/2498/1987
f 1957/2465/1957 1998/2511/1998 1987/2498/1987
f 2005/2518/2005 2009/2522/2009 2018/2534/2018
f 1979/2490/1979 2011/2524/2011 1977/2488/1977
f 2012/2527/2012 1988/2499/1988 1994/2507/1994
f 1990/2501/1990 2018/2534/2018 1999/2512/1999
f 2017/2533/2017 1975/2486/1975 1974/2485/1974
f 1979/2490/1979 1981/2492/1981 2008/2521/2008
f 2016/2532/2016 1997/2510/1997 484/2537/484
f 513/2536/513 1996/2509/1996 1987/2498/1987
f 1994/2507/1994 2017/2533/2017 2012/2527/2012
f 2017/2533/2017 1993/2506/1993 1975/2486/1975
f 2017/2533/2017 1994/2507/1994 1993/2506/1993
f 1953/2461/1953 1963/2473/1963 1709/2472/1709
f 1998/2511/1998 1957/2465/1957 1962/2470/1962
f 1967/2478/1967 1975/2486/1975 1993/2506/1993
f 1996/2509/1996 2010/2523/2010 1987/2498/1987
f 1741/2539/1741 2021/2540/2021 1673/2458/1673
f 2007/2520/2007 1941/2448/1941 1940/2447/1940
f 1969/2480/1969 1968/2479/1968 2022/2541/2022
f 2023/2542/2023 1951/2459/1951 2024/2543/2024
f 2025/2544/2025 2026/2545/2026 1947/2454/1947
f 1971/2482/1971 2000/2513/2000 1972/2483/1972
f 2024/2543/2024 1948/2455/1948 1950/2457/1950
f 1937/2444/1937 2000/2513/2000 2002/2515/2002
f 1673/2458/1673 2021/2540/2021 1951/2459/1951
f 1952/2460/1952 1981/2492/1981 1972/2483/1972
f 1741/2539/1741 1963/2473/1963 2021/2540/2021
f 2027/2546/2027 2020/2538/2020 1945/2452/1945
f 1993/2506/1993 1992/2505/1992 2028/2547/2028
f 2015/2530/2015 2013/2528/2013 1965/2475/1965
f 1966/2476/1966 2003/2516/2003 1735/2548/1735
f 1983/2494/1983 1953/2461/1953 2029/2549/2029
f 2030/2550/2030 2031/2551/2031 1961/2469/1961
f 2028/2547/2028 1967/2478/1967 1993/2506/1993
f 2032/2552/2032 2033/2553/2033 2034/2554/2034
f 2035/2555/2035 2028/2547/2028 1992/2505/1992
f 1946/2453/1946 1950/2457/1950 1949/2456/1949
f 1963/2473/1963 2036/2556/2036 2021/2540/2021
f 2037/2557/2037 2035/2555/2035 1999/2512/1999
f 2028/2547/2028 2035/2555/2035 2038/2558/2038
f 2035/2555/2035 2037/2557/2037 2039/2559/2039
f 2024/2543/2024 1950/2457/1950 1964/2474/1964
f 2040/2560/2040 2041/2561/2041 2042/2562/2042
f 2043/2563/2043 2030/2550/2030 1967/2478/1967
f 2016/2532/2016 2044/2564/2044 2011/2524/2011
f 1974/2485/1974 2015/2530/2015 1720/2531/1720
f 1984/2495/1984 2002/2515/2002 2000/2513/2000
f 2045/2565/2045 2046/2566/2046 2047/2567/2047
f 2039/2559/2039 2037/2557/2037 2048/2568/2048
f 2014/2529/2014 2003/2516/2003 1966/2476/1966
f 1944/2451/1944 2001/2514/2001 1952/2460/1952
f 2049/2569/2049 2050/2570/2050 2051/2571/2051
f 2038/2558/2038 2035/2555/2035 2039/2559/2039
f 2031/2551/2031 2052/2572/2052 2053/2573/2053
f 2054/2574/2054 2055/2575/2055 2056/2576/2056
f 2055/2575/2055 2054/2574/2054 2057/2577/2057
f 2030/2550/2030 1961/2469/1961 1967/2478/1967
f 1965/2475/1965 1745/2477/1745 2015/2530/2015
f 2030/2550/2030 2043/2563/2043 2052/2572/2052
f 2039/2559/2039 2048/2568/2048 2046/2566/2046
f 2030/2550/2030 2052/2572/2052 2031/2551/2031
f 2015/2530/2015 1745/2477/1745 1720/2531/1720
f 2039/2559/2039 2046/2566/2046 2045/2565/2045
f 1967/2478/1967 2028/2547/2028 2043/2563/2043
f 1962/2470/1962 2058/2578/2058 2033/2553/2033
f 1966/2476/1966 1735/2548/1735 1745/2477/1745
f 2059/2579/2059 2053/2573/2053 2052/2572/2052
f 2045/2565/2045 2059/2579/2059 2038/2558/2038
f 2043/2563/2043 2059/2579/2059 2052/2572/2052
f 2046/2566/2046 2060/2580/2060 2047/2567/2047
f 2059/2579/2059 2045/2565/2045 2061/2581/2061
f 1961/2469/1961 2031/2551/2031 1958/2466/1958
f 2062/2582/2062 2053/2573/2053 2059/2579/2059
f 1976/2487/1976 1938/2445/1938 2013/2528/2013
f 2047/2567/2047 2061/2581/2061 2045/2565/2045
f 1999/2512/1999 2018/2534/2018 2063/2583/2063
f 2031/2551/2031 2053/2573/2053 1958/2466/1958
f 1743/2526/1743 2003/2516/2003 2002/2515/2002
f 1956/2464/1956 1958/2466/1958 2053/2573/2053
f 2059/2579/2059 2064/2584/2064 2062/2582/2062
f 2065/2585/2065 1977/2488/1977 2011/2524/2011
f 1981/2492/1981 1954/2462/1954 1983/2494/1983
f 2010/2523/2010 1943/2450/1943 1980/2491/1980
f 2047/2567/2047 2041/2561/2041 2061/2581/2061
f 2066/2586/2066 2049/2569/2049 2067/2587/2067
f 2068/2588/2068 2050/2570/2050 2056/2576/2056
f 2040/2560/2040 2064/2584/2064 2061/2581/2061
f 2057/2577/2057 2067/2587/2067 2069/2589/2069
f 2058/2578/2058 1956/2464/1956 2053/2573/2053
f 2020/2538/2020 2007/2520/2007 2006/2519/2006
f 2070/2590/2070 2044/2564/2044 2016/2532/2016
f 2029/2549/2029 2000/2513/2000 1983/2494/1983
f 1938/2445/1938 1982/2493/1982 2013/2528/2013
f 1986/2497/1986 513/2536/513 1987/2498/1987
f 2001/2514/2001 1944/2451/1944 1995/2508/1995
f 2061/2581/2061 2041/2561/2041 2040/2560/2040
f 2040/2560/2040 2032/2552/2032 2064/2584/2064
f 1985/2496/1985 2002/2515/2002 1984/2495/1984
f 1735/2548/1735 2003/2516/2003 1743/2526/1743
f 1956/2464/1956 2058/2578/2058 1962/2470/1962
f 2060/2580/2060 2046/2566/2046 2048/2568/2048
f 2040/2560/2040 2042/2562/2042 2032/2552/2032
f 2061/2581/2061 2064/2584/2064 2059/2579/2059
f 2015/2530/2015 1974/2485/1974 1976/2487/1976
f 2069/2589/2069 1968/2479/1968 1998/2511/1998
f 2057/2577/2057 2033/2553/2033 2032/2552/2032
f 1980/2491/1980 1943/2450/1943 1938/2445/1938
f 2033/2553/2033 2057/2577/2057 2069/2589/2069
f 1962/2470/1962 2069/2589/2069 1998/2511/1998
f 2065/2585/2065 2071/2591/2071 1977/2488/1977
f 2066/2586/2066 2056/2576/2056 2049/2569/2049
f 2034/2554/2034 2062/2582/2062 2064/2584/2064
f 2051/2571/2051 2072/2592/2072 2049/2569/2049
f 1947/2454/1947 2026/2545/2026 1945/2452/1945
f 1942/2449/1942 1951/2459/1951 1940/2447/1940
f 2037/2557/2037 1999/2512/1999 2063/2583/2063
f 2019/2535/2019 2036/2556/2036 1955/2463/1955
f 2065/2585/2065 2044/2564/2044 2071/2591/2071
f 2073/2593/2073 2057/2577/2057 2032/2552/2032
f 1984/2495/1984 2000/2513/2000 2029/2549/2029
f 2055/2575/2055 2068/2588/2068 2056/2576/2056
f 2070/2590/2070 2071/2591/2071 2044/2564/2044
f 2034/2554/2034 2033/2553/2033 2058/2578/2058
f 2045/2565/2045 2038/2558/2038 2039/2559/2039
f 1973/2484/1973 1981/2492/1981 1983/2494/1983
f 2059/2579/2059 2043/2563/2043 2038/2558/2038
f 2057/2577/2057 2066/2586/2066 2067/2587/2067
f 2054/2574/2054 2056/2576/2056 2066/2586/2066
f 2067/2587/2067 2049/2569/2049 2072/2592/2072
f 2035/2555/2035 1992/2505/1992 1999/2512/1999
f 2034/2554/2034 2064/2584/2064 2032/2552/2032
f 2050/2570/2050 2049/2569/2049 2056/2576/2056
f 2042/2562/2042 2073/2593/2073 2032/2552/2032
f 2057/2577/2057 2073/2593/2073 2055/2575/2055
f 2058/2578/2058 2053/2573/2053 2062/2582/2062
f 2022/2541/2022 1968/2479/1968 2069/2589/2069
f 2054/2574/2054 2066/2586/2066 2057/2577/2057
f 2062/2582/2062 2034/2554/2034 2058/2578/2058
f 2028/2547/2028 2038/2558/2038 2043/2563/2043
f 2033/2553/2033 2069/2589/2069 1962/2470/1962
f 1971/2482/1971 1973/2484/1973 1983/2494/1983
f 1955/2463/1955 2036/2556/2036 1953/2461/1953
f 2067/2587/2067 2022/2541/2022 2069/2589/2069
f 2027/2546/2027 2007/2520/2007 2020/2538/2020
f 2021/2540/2021 2019/2535/2019 1951/2459/1951
f 2006/2519/2006 1940/2447/1940 2023/2542/2023
f 2065/2585/2065 2011/2524/2011 2044/2564/2044
f 2006/2519/2006 1964/2474/1964 2020/2538/2020
f 1982/2493/1982 2003/2516/2003 2014/2529/2014
f 2019/2535/2019 2021/2540/2021 2036/2556/2036
f 513/2536/513 1997/2510/1997 1996/2509/1996
f 2036/2556/2036 1963/2473/1963 1953/2461/1953
f 2072/2592/2072 2022/2541/2022 2067/2587/2067
f 2023/2542/2023 1940/2447/1940 1951/2459/1951
f 2006/2519/2006 2023/2542/2023 1964/2474/1964
f 1709/2472/1709 1708/2525/1708 1985/2496/1985
f 1984/2495/1984 2029/2549/2029 1709/2472/1709
f 1709/2472/1709 2029/2549/2029 1953/2461/1953
f 2019/2535/2019 1948/2455/1948 2024/2543/2024
f 1964/2474/1964 2023/2542/2023 2024/2543/2024
f 1951/2459/1951 2019/2535/2019 2024/2543/2024
f 1946/2453/1946 1964/2474/1964 1950/2457/1950
f 2014/2529/2014 1965/2475/1965 2013/2528/2013
f 2019/2535/2019 1955/2463/1955 1978/2489/1978
f 1977/2488/1977 1948/2455/1948 1978/2489/1978
f 1955/2463/1955 1979/2490/1979 1978/2489/1978
f 2002/2515/2002 1985/2496/1985 1743/2526/1743
f 1955/2463/1955 1954/2462/1954 1979/2490/1979
f 1966/2476/1966 1965/2475/1965 2014/2529/2014
f 2027/2546/2027 1945/2452/1945 2026/2545/2026
f 1949/2456/1949 1948/2455/1948 2074/2594/2074
f 1963/2473/1963 1741/2539/1741 1682/2471/1682
f 2071/2591/2071 1948/2455/1948 1977/2488/1977
f 1948/2455/1948 2071/2591/2071 2074/2594/2074
f 1982/2493/1982 1937/2444/1937 2003/2516/2003
f 2075/2595/2075 2076/2596/2076 2077/2597/2077
f 2078/2598/2078 2079/2599/2079 2080/2600/2080
f 2081/2601/2081 2082/2602/2082 2083/2603/2083
f 2084/2604/2084 2085/2605/2085 2086/2606/2086
f 2082/2602/2082 2087/2607/2087 2085/2605/2085
f 960/2608/960 2079/2599/2079 2078/2598/2078
f 2088/2609/2088 2078/2598/2078 2080/2600/2080
f 2089/2610/2089 982/2611/982 2077/2597/2077
f 2083/2603/2083 2084/2604/2084 2090/2612/2090
f 2091/2613/2091 2080/2600/2080 2079/2599/2079
f 2092/2614/2092 2093/2615/2093 2094/2616/2094
f 2077/2597/2077 974/2617/974 2075/2595/2075
f 2095/2618/2095 2096/2619/2096 2097/2620/2097
f 2083/2603/2083 2085/2605/2085 2084/2604/2084
f 2091/2613/2091 2098/2621/2098 2080/2600/2080
f 2099/2622/2099 2100/2623/2100 2101/2624/2101
f 2099/2622/2099 2102/2625/2102 2103/2626/2103
f 2076/2596/2076 2075/2595/2075 2104/2627/2104
f 2091/2613/2091 2079/2599/2079 2105/2628/2105
f 1133/2629/1133 1096/2630/1096 2106/2631/2106
f 2102/2625/2102 1133/2629/1133 2106/2631/2106
f 2090/2612/2090 2084/2604/2084 2107/2632/2107
f 2101/2624/2101 2108/2633/2108 2099/2622/2099
f 2102/2625/2102 2109/2634/2109 1133/2629/1133
f 2107/2632/2107 2106/2631/2106 2110/2635/2110
f 2110/2635/2110 1129/2636/1129 2111/2637/2111
f 1096/2630/1096 1132/2638/1132 2106/2631/2106
f 2075/2595/2075 974/2617/974 973/2639/973
f 2083/2603/2083 2082/2602/2082 2085/2605/2085
f 2078/2598/2078 2088/2609/2088 961/2640/961
f 973/2639/973 939/2641/939 2112/2642/2112
f 982/2611/982 974/2617/974 2077/2597/2077
f 2113/2643/2113 2102/2625/2102 2108/2633/2108
f 960/2608/960 959/2644/959 2079/2599/2079
f 2110/2635/2110 2111/2637/2111 2090/2612/2090
f 2114/2645/2114 2115/2646/2115 2116/2647/2116
f 2105/2628/2105 2079/2599/2079 2117/2648/2117
f 2105/2628/2105 2098/2621/2098 2091/2613/2091
f 2118/2649/2118 1122/2650/1122 2109/2634/2109
f 982/2611/982 2117/2648/2117 959/2644/959
f 1123/2651/1123 2112/2642/2112 968/2652/968
f 1525/2653/1525 1556/2654/1556 2093/2615/2093
f 2119/2655/2119 2120/2656/2120 2121/2657/2121
f 1118/2658/1118 2112/2642/2112 1123/2651/1123
f 2110/2635/2110 2090/2612/2090 2107/2632/2107
f 2119/2655/2119 2122/2659/2122 2120/2656/2120
f 2123/2660/2123 2121/2657/2121 2120/2656/2120
f 2120/2656/2120 2122/2659/2122 2123/2660/2123
f 2104/2627/2104 2124/2661/2124 2101/2624/2101
f 961/2640/961 960/2608/960 2078/2598/2078
f 2099/2622/2099 2087/2607/2087 2100/2623/2100
f 2124/2661/2124 2108/2633/2108 2101/2624/2101
f 2104/2627/2104 2101/2624/2101 2076/2596/2076
f 965/2662/965 961/2640/961 2088/2609/2088
f 1122/2650/1122 2118/2649/2118 2112/2642/2112
f 2102/2625/2102 2099/2622/2099 2108/2633/2108
f 1133/2629/1133 2109/2634/2109 1122/2650/1122
f 2102/2625/2102 2113/2643/2113 2109/2634/2109
f 2105/2628/2105 2125/2663/2125 2126/2664/2126
f 2127/2665/2127 2128/2666/2128 2087/2607/2087
f 2129/2667/2129 2130/2668/2130 2131/2669/2131
f 2132/2670/2132 2133/2671/2133 2134/2672/2134
f 2127/2665/2127 2135/2673/2135 2136/2674/2136
f 2131/2669/2131 2137/2675/2137 2129/2667/2129
f 959/2644/959 2117/2648/2117 2079/2599/2079
f 2130/2668/2130 2138/2676/2138 2136/2674/2136
f 2112/2642/2112 1118/2658/1118 1122/2650/1122
f 2139/2677/2139 2140/2678/2140 2141/2679/2141
f 2112/2642/2112 939/2641/939 968/2652/968
f 2142/2680/2142 2127/2665/2127 2143/2681/2143
f 2089/2610/2089 2105/2628/2105 2117/2648/2117
f 2131/2669/2131 2130/2668/2130 2135/2673/2135
f 2089/2610/2089 2076/2596/2076 2125/2663/2125
f 2141/2679/2141 2138/2676/2138 2139/2677/2139
f 2124/2661/2124 2113/2643/2113 2108/2633/2108
f 2124/2661/2124 2104/2627/2104 2118/2649/2118
f 2089/2610/2089 2117/2648/2117 982/2611/982
f 2140/2678/2140 2076/2596/2076 2101/2624/2101
f 2131/2669/2131 2144/2682/2144 2137/2675/2137
f 2125/2663/2125 2140/2678/2140 2139/2677/2139
f 2130/2668/2130 2136/2674/2136 2135/2673/2135
f 2099/2622/2099 2086/2606/2086 2087/2607/2087
f 2129/2667/2129 2126/2664/2126 2139/2677/2139
f 2143/2681/2143 2145/2683/2145 2146/2684/2146
f 2138/2676/2138 2141/2679/2141 2100/2623/2100
f 2147/2685/2147 2092/2614/2092 2148/2686/2148
f 2101/2624/2101 2100/2623/2100 2141/2679/2141
f 973/2639/973 2104/2627/2104 2075/2595/2075
f 2083/2603/2083 2090/2612/2090 2149/2687/2149
f 2150/2688/2150 2144/2682/2144 2131/2669/2131
f 2151/2689/2151 2152/2690/2152 2153/2691/2153
f 2088/2609/2088 969/2692/969 965/2662/965
f 2154/2693/2154 2155/2694/2155 2156/2695/2156
f 2157/2696/2157 2158/2697/2158 2155/2694/2155
f 2159/2698/2159 2157/2696/2157 2155/2694/2155
f 2136/2674/2136 2128/2666/2128 2127/2665/2127
f 2153/2691/2153 2152/2690/2152 988/2699/988
f 2145/2683/2145 2082/2602/2082 2081/2601/2081
f 2160/2700/2160 2152/2690/2152 2161/2701/2161
f 2156/2695/2156 2155/2694/2155 2162/2702/2162
f 2163/2703/2163 2161/2701/2161 2151/2689/2151
f 969/2692/969 2088/2609/2088 2157/2696/2157
f 2153/2691/2153 988/2699/988 2164/2704/2164
f 2151/2689/2151 2161/2701/2161 2152/2690/2152
f 2159/2698/2159 2155/2694/2155 2154/2693/2154
f 2164/2704/2164 988/2699/988 971/2705/971
f 2155/2694/2155 2165/2706/2165 2162/2702/2162
f 2164/2704/2164 2159/2698/2159 2154/2693/2154
f 2128/2666/2128 2100/2623/2100 2087/2607/2087
f 2166/2707/2166 2159/2698/2159 2164/2704/2164
f 2157/2696/2157 2088/2609/2088 2158/2697/2158
f 2157/2696/2157 2159/2698/2159 2166/2707/2166
f 2103/2626/2103 2084/2604/2084 2086/2606/2086
f 2166/2707/2166 971/2705/971 969/2692/969
f 969/2692/969 2157/2696/2157 2166/2707/2166
f 2153/2691/2153 2164/2704/2164 2154/2693/2154
f 971/2705/971 2166/2707/2166 2164/2704/2164
f 2112/2642/2112 2118/2649/2118 973/2639/973
f 2128/2666/2128 2138/2676/2138 2100/2623/2100
f 2134/2672/2134 2150/2688/2150 2135/2673/2135
f 2142/2680/2142 2135/2673/2135 2127/2665/2127
f 2165/2706/2165 2155/2694/2155 2158/2697/2158
f 988/2699/988 2152/2690/2152 989/2708/989
f 2142/2680/2142 2134/2672/2134 2135/2673/2135
f 2160/2700/2160 2161/2701/2161 2167/2709/2167
f 2109/2634/2109 2113/2643/2113 2118/2649/2118
f 2163/2703/2163 2151/2689/2151 2168/2710/2168
f 2087/2607/2087 2082/2602/2082 2127/2665/2127
f 2118/2649/2118 2104/2627/2104 973/2639/973
f 2081/2601/2081 2083/2603/2083 2149/2687/2149
f 2118/2649/2118 2113/2643/2113 2124/2661/2124
f 2135/2673/2135 2150/2688/2150 2131/2669/2131
f 2116/2647/2116 2169/2711/2169 2170/2712/2170
f 2143/2681/2143 2134/2672/2134 2142/2680/2142
f 2082/2602/2082 2143/2681/2143 2127/2665/2127
f 2082/2602/2082 2145/2683/2145 2143/2681/2143
f 2171/2713/2171 2172/2714/2172 2119/2655/2119
f 2126/2664/2126 2125/2663/2125 2139/2677/2139
f 2169/2711/2169 2115/2646/2115 2173/2715/2173
f 2174/2716/2174 2175/2717/2175 2147/2685/2147
f 2176/2718/2176 2169/2711/2169 2173/2715/2173
f 2125/2663/2125 2076/2596/2076 2140/2678/2140
f 2176/2718/2176 2177/2719/2177 2178/2720/2178
f 2179/2721/2179 2115/2646/2115 2114/2645/2114
f 2143/2681/2143 2146/2684/2146 2134/2672/2134
f 2136/2674/2136 2138/2676/2138 2128/2666/2128
f 989/2708/989 2152/2690/2152 2160/2700/2160
f 2173/2715/2173 2115/2646/2115 2179/2721/2179
f 2171/2713/2171 2133/2671/2133 2172/2714/2172
f 2172/2714/2172 2133/2671/2133 2132/2670/2132
f 2179/2721/2179 2180/2722/2180 2173/2715/2173
f 2171/2713/2171 2119/2655/2119 2181/2723/2181
f 2170/2712/2170 2169/2711/2169 2176/2718/2176
f 2177/2719/2177 2156/2695/2156 2182/2724/2182
f 2096/2619/2096 2114/2645/2114 2097/2620/2097
f 2096/2619/2096 2179/2721/2179 2114/2645/2114
f 2183/2725/2183 2096/2619/2096 2095/2618/2095
f 2175/2717/2175 2183/2725/2183 2095/2618/2095
f 2158/2697/2158 2088/2609/2088 2080/2600/2080
f 2156/2695/2156 2162/2702/2162 2182/2724/2182
f 2163/2703/2163 2167/2709/2167 2161/2701/2161
f 2167/2709/2167 2163/2703/2163 2168/2710/2168
f 2153/2691/2153 2154/2693/2154 2184/2726/2184
f 2167/2709/2167 2168/2710/2168 2185/2727/2185
f 2139/2677/2139 2130/2668/2130 2129/2667/2129
f 2186/2728/2186 2184/2726/2184 2156/2695/2156
f 2176/2718/2176 2173/2715/2173 2177/2719/2177
f 2130/2668/2130 2139/2677/2139 2138/2676/2138
f 2148/2686/2148 2174/2716/2174 2147/2685/2147
f 2173/2715/2173 2180/2722/2180 2177/2719/2177
f 2187/2729/2187 2156/2695/2156 2177/2719/2177
f 2181/2723/2181 2170/2712/2170 2144/2682/2144
f 2180/2722/2180 2188/2730/2188 2177/2719/2177
f 2171/2713/2171 2150/2688/2150 2133/2671/2133
f 2098/2621/2098 2105/2628/2105 2126/2664/2126
f 2126/2664/2126 2129/2667/2129 2098/2621/2098
f 2134/2672/2134 2146/2684/2146 2132/2670/2132
f 2178/2720/2178 2170/2712/2170 2176/2718/2176
f 2183/2725/2183 2174/2716/2174 2189/2731/2189
f 2190/2732/2190 2144/2682/2144 2170/2712/2170
f 2162/2702/2162 2170/2712/2170 2178/2720/2178
f 2178/2720/2178 2177/2719/2177 2182/2724/2182
f 2137/2675/2137 2190/2732/2190 2165/2706/2165
f 2188/2730/2188 2187/2729/2187 2177/2719/2177
f 2153/2691/2153 2184/2726/2184 2186/2728/2186
f 2162/2702/2162 2178/2720/2178 2182/2724/2182
f 2187/2729/2187 2188/2730/2188 2186/2728/2186
f 2121/2657/2121 2123/2660/2123 2114/2645/2114
f 2105/2628/2105 2089/2610/2089 2125/2663/2125
f 2141/2679/2141 2140/2678/2140 2101/2624/2101
f 2116/2647/2116 2115/2646/2115 2169/2711/2169
f 2165/2706/2165 2080/2600/2080 2098/2621/2098
f 2137/2675/2137 2098/2621/2098 2129/2667/2129
f 2180/2722/2180 2179/2721/2179 2096/2619/2096
f 2191/2733/2191 2192/2734/2192 2193/2735/2193
f 2156/2695/2156 2187/2729/2187 2186/2728/2186
f 2192/2734/2192 2191/2733/2191 2185/2727/2185
f 2192/2734/2192 2185/2727/2185 2168/2710/2168
f 2194/2736/2194 2094/2616/2094 2195/2737/2195
f 2190/2732/2190 2137/2675/2137 2144/2682/2144
f 2162/2702/2162 2165/2706/2165 2190/2732/2190
f 2196/2738/2196 2195/2737/2195 2094/2616/2094
f 2197/2739/2197 2094/2616/2094 2093/2615/2093
f 2180/2722/2180 2096/2619/2096 2183/2725/2183
f 2080/2600/2080 2165/2706/2165 2158/2697/2158
f 2119/2655/2119 2116/2647/2116 2181/2723/2181
f 2172/2714/2172 2122/2659/2122 2119/2655/2119
f 2198/2740/2198 2094/2616/2094 2194/2736/2194
f 2196/2738/2196 2094/2616/2094 2197/2739/2197
f 2121/2657/2121 2116/2647/2116 2119/2655/2119
f 2093/2615/2093 1556/2654/1556 2197/2739/2197
f 2098/2621/2098 2137/2675/2137 2165/2706/2165
f 2181/2723/2181 2150/2688/2150 2171/2713/2171
f 2183/2725/2183 2175/2717/2175 2174/2716/2174
f 2103/2626/2103 2107/2632/2107 2084/2604/2084
f 2189/2731/2189 2180/2722/2180 2183/2725/2183
f 1528/2741/1528 2196/2738/2196 2197/2739/2197
f 2150/2688/2150 2134/2672/2134 2133/2671/2133
f 2181/2723/2181 2144/2682/2144 2150/2688/2150
f 2181/2723/2181 2116/2647/2116 2170/2712/2170
f 2197/2739/2197 1526/2742/1526 1528/2741/1528
f 2188/2730/2188 2180/2722/2180 2189/2731/2189
f 2197/2739/2197 1556/2654/1556 1526/2742/1526
f 2162/2702/2162 2190/2732/2190 2170/2712/2170
f 2110/2635/2110 1132/2638/1132 1129/2636/1129
f 2116/2647/2116 2121/2657/2121 2114/2645/2114
f 1537/2743/1537 1525/2653/1525 2093/2615/2093
f 2199/2744/2199 2193/2735/2193 2192/2734/2192
f 2188/2730/2188 2189/2731/2189 2200/2745/2200
f 2193/2735/2193 2199/2744/2199 2198/2740/2198
f 2148/2686/2148 2201/2746/2201 2200/2745/2200
f 2186/2728/2186 2151/2689/2151 2153/2691/2153
f 2201/2746/2201 2192/2734/2192 2202/2747/2202
f 2199/2744/2199 2192/2734/2192 2201/2746/2201
f 2199/2744/2199 2201/2746/2201 2148/2686/2148
f 2198/2740/2198 2194/2736/2194 2193/2735/2193
f 2199/2744/2199 2148/2686/2148 2094/2616/2094
f 2198/2740/2198 2199/2744/2199 2094/2616/2094
f 2202/2747/2202 2151/2689/2151 2186/2728/2186
f 2202/2747/2202 2200/2745/2200 2201/2746/2201
f 2192/2734/2192 2168/2710/2168 2202/2747/2202
f 2203/2748/2203 2148/2686/2148 2200/2745/2200
f 2151/2689/2151 2202/2747/2202 2168/2710/2168
f 2202/2747/2202 2188/2730/2188 2200/2745/2200
f 2092/2614/2092 2094/2616/2094 2148/2686/2148
f 2174/2716/2174 2148/2686/2148 2203/2748/2203
f 1132/2638/1132 2110/2635/2110 2106/2631/2106
f 2203/2748/2203 2189/2731/2189 2174/2716/2174
f 2202/2747/2202 2186/2728/2186 2188/2730/2188
f 2184/2726/2184 2154/2693/2154 2156/2695/2156
f 2203/2748/2203 2200/2745/2200 2189/2731/2189
f 2107/2632/2107 2103/2626/2103 2106/2631/2106
f 2085/2605/2085 2087/2607/2087 2086/2606/2086
f 2077/2597/2077 2076/2596/2076 2089/2610/2089
f 2103/2626/2103 2102/2625/2102 2106/2631/2106
f 2086/2606/2086 2099/2622/2099 2103/2626/2103
f 2093/2615/2093 2092/2614/2092 1537/2743/1537
f 2204/2749/2204 2205/2750/2205 2206/2751/2206
f 2207/2752/2207 2208/2753/2208 2204/2749/2204
f 2206/2751/2206 2205/2750/2205 2209/2754/2209
f 2208/2753/2208 2210/2755/2210 1563/2756/1563
f 2208/2753/2208 2207/2752/2207 2210/2755/2210
f 2207/2752/2207 2211/2757/2211 2212/2758/2212
f 2211/2757/2211 2207/2752/2207 2213/2759/2213
f 2207/2752/2207 2214/2760/2214 2213/2759/2213
f 2215/2761/2215 2216/2762/2216 2217/2763/2217
f 2218/2764/2218 2219/2765/2219 2220/2766/2220
f 2221/2767/2221 2222/2768/2222 2223/2769/2223
f 2224/2770/2224 2218/2764/2218 2225/2771/2225
f 2226/2772/2226 2227/2773/2227 2228/2774/2228
f 2215/2761/2215 2229/2775/2229 2222/2768/2222
f 2123/2776/2123 2228/2774/2228 2227/2773/2227
f 2215/2761/2215 2221/2767/2221 2216/2762/2216
f 2224/2770/2224 2230/2777/2230 2229/2775/2229
f 2215/2761/2215 2222/2768/2222 2221/2767/2221
f 2229/2775/2229 2231/2778/2231 2222/2768/2222
f 2232/2779/2232 2227/2773/2227 2226/2772/2226
f 2221/2767/2221 2233/2780/2233 2216/2762/2216
f 1563/2756/1563 2205/2750/2205 2208/2753/2208
f 2220/2766/2220 2234/2781/2234 2235/2782/2235
f 2219/2765/2219 2215/2761/2215 2217/2763/2217
f 2230/2777/2230 2226/2772/2226 2228/2774/2228
f 2231/2778/2231 2236/2783/2236 2237/2784/2237
f 2226/2772/2226 2224/2770/2224 2225/2771/2225
f 2224/2770/2224 2229/2775/2229 2218/2764/2218
f 2132/2785/2132 2238/2786/2238 2236/2783/2236
f 2231/2778/2231 2239/2787/2239 2236/2783/2236
f 2237/2784/2237 2236/2783/2236 2238/2786/2238
f 2226/2772/2226 2230/2777/2230 2224/2770/2224
f 2237/2784/2237 2222/2768/2222 2231/2778/2231
f 2239/2787/2239 2231/2778/2231 2229/2775/2229
f 2209/2754/2209 2220/2766/2220 2206/2751/2206
f 2229/2775/2229 2230/2777/2230 2239/2787/2239
f 2237/2784/2237 2238/2786/2238 2240/2788/2240
f 2221/2767/2221 2223/2769/2223 2233/2780/2233
f 2225/2771/2225 2241/2789/2241 2232/2779/2232
f 2242/2790/2242 2230/2777/2230 2228/2774/2228
f 2239/2787/2239 2242/2790/2242 2122/2791/2122
f 2243/2792/2243 2244/2793/2244 2245/2794/2245
f 2172/2795/2172 2236/2783/2236 2239/2787/2239
f 2241/2789/2241 2097/2796/2097 2232/2779/2232
f 2245/2794/2245 1848/2797/1848 2243/2792/2243
f 2228/2774/2228 2122/2791/2122 2242/2790/2242
f 2246/2798/2246 2247/2799/2247 2245/2794/2245
f 2248/2800/2248 2211/2757/2211 2213/2759/2213
f 1848/2797/1848 1853/2801/1853 2249/2802/2249
f 2239/2787/2239 2122/2791/2122 2172/2795/2172
f 2232/2779/2232 2226/2772/2226 2225/2771/2225
f 2236/2783/2236 2172/2795/2172 2132/2785/2132
f 2243/2792/2243 2249/2802/2249 2244/2793/2244
f 2097/2796/2097 2114/2803/2114 2227/2773/2227
f 2249/2802/2249 2243/2792/2243 1848/2797/1848
f 2241/2789/2241 2095/2804/2095 2097/2796/2097
f 2250/2805/2250 2204/2749/2204 2206/2751/2206
f 2122/2791/2122 2228/2774/2228 2123/2776/2123
f 2123/2776/2123 2227/2773/2227 2114/2803/2114
f 2251/2806/2251 2238/2786/2238 2132/2785/2132
f 1849/2807/1849 2245/2794/2245 2247/2799/2247
f 1849/2807/1849 1848/2797/1848 2245/2794/2245
f 2252/2808/2252 2095/2804/2095 2241/2789/2241
f 2249/2802/2249 1853/2801/1853 1857/2809/1857
f 2253/2810/2253 2251/2806/2251 2132/2785/2132
f 2132/2785/2132 2146/2811/2146 2253/2810/2253
f 2214/2760/2214 2207/2752/2207 2204/2749/2204
f 2254/2812/2254 2255/2813/2255 2256/2814/2256
f 2111/2815/2111 1129/2816/1129 2257/2817/2257
f 2258/2818/2258 2259/2819/2259 2260/2820/2260
f 2261/2821/2261 2262/2822/2262 2263/2823/2263
f 1833/2824/1833 2264/2825/2264 2265/2826/2265
f 2266/2827/2266 2267/2828/2267 2268/2829/2268
f 2257/2817/2257 2269/2830/2269 2111/2815/2111
f 2270/2831/2270 2267/2828/2267 2271/2832/2271
f 2257/2817/2257 1128/2833/1128 2265/2826/2265
f 2268/2829/2268 2272/2834/2272 2273/2835/2273
f 2264/2825/2264 2261/2821/2261 2263/2823/2263
f 2262/2822/2262 2271/2832/2271 2274/2836/2274
f 2216/2762/2216 2233/2780/2233 2275/2837/2275
f 2276/2838/2276 2111/2815/2111 2269/2830/2269
f 2277/2839/2277 2278/2840/2278 2279/2841/2279
f 2265/2826/2265 2280/2842/2280 1833/2824/1833
f 2209/2754/2209 2218/2764/2218 2220/2766/2220
f 2281/2843/2281 2257/2817/2257 2264/2825/2264
f 2282/2844/2282 2265/2826/2265 1128/2833/1128
f 2257/2817/2257 2265/2826/2265 2264/2825/2264
f 2269/2830/2269 2281/2843/2281 2276/2838/2276
f 2283/2845/2283 2248/2800/2248 2213/2759/2213
f 2264/2825/2264 2263/2823/2263 2281/2843/2281
f 2216/2762/2216 2275/2837/2275 2284/2846/2284
f 2204/2749/2204 2250/2805/2250 2214/2760/2214
f 2280/2842/2280 1816/2847/1816 1833/2824/1833
f 2273/2835/2273 2285/2848/2285 2235/2782/2235
f 1796/2849/1796 2280/2842/2280 2282/2844/2282
f 2286/2850/2286 2264/2825/2264 1833/2824/1833
f 1816/2847/1816 2280/2842/2280 1796/2849/1796
f 2286/2850/2286 1833/2824/1833 2278/2840/2278
f 2282/2844/2282 1128/2833/1128 1114/2851/1114
f 2287/2852/2287 2259/2819/2259 2258/2818/2258
f 2261/2821/2261 2286/2850/2286 2288/2853/2288
f 2286/2850/2286 2261/2821/2261 2264/2825/2264
f 2208/2753/2208 2205/2750/2205 2204/2749/2204
f 2278/2840/2278 1833/2824/1833 1752/2854/1752
f 2263/2823/2263 2262/2822/2262 2274/2836/2274
f 2289/2855/2289 2277/2839/2277 2279/2841/2279
f 2212/2758/2212 2210/2755/2210 2207/2752/2207
f 2290/2856/2290 2291/2857/2291 2284/2846/2284
f 2261/2821/2261 2292/2858/2292 2262/2822/2262
f 2270/2831/2270 2277/2839/2277 2289/2855/2289
f 2288/2853/2288 2292/2858/2292 2261/2821/2261
f 1751/2859/1751 2278/2840/2278 1752/2854/1752
f 2276/2838/2276 2281/2843/2281 2263/2823/2263
f 2278/2840/2278 1820/2860/1820 2279/2841/2279
f 2282/2844/2282 2280/2842/2280 2265/2826/2265
f 2277/2839/2277 2288/2853/2288 2278/2840/2278
f 2278/2840/2278 2288/2853/2288 2286/2850/2286
f 2287/2852/2287 2293/2861/2293 2294/2862/2294
f 2292/2858/2292 2277/2839/2277 2262/2822/2262
f 2284/2846/2284 2291/2857/2291 2216/2762/2216
f 2292/2858/2292 2288/2853/2288 2277/2839/2277
f 2290/2856/2290 2260/2820/2260 2291/2857/2291
f 2262/2822/2262 2270/2831/2270 2271/2832/2271
f 2274/2836/2274 2271/2832/2271 2294/2862/2294
f 2277/2839/2277 2270/2831/2270 2262/2822/2262
f 2295/2863/2295 2272/2834/2272 2267/2828/2267
f 2270/2831/2270 2295/2863/2295 2267/2828/2267
f 2287/2852/2287 2294/2862/2294 2271/2832/2271
f 2279/2841/2279 1820/2860/1820 2289/2855/2289
f 2289/2855/2289 2295/2863/2295 2270/2831/2270
f 2271/2832/2271 2267/2828/2267 2266/2827/2266
f 2287/2852/2287 2271/2832/2271 2266/2827/2266
f 2259/2819/2259 2266/2827/2266 2268/2829/2268
f 2287/2852/2287 2266/2827/2266 2259/2819/2259
f 1128/2833/1128 2257/2817/2257 1129/2816/1129
f 1935/2864/1935 1849/2807/1849 2247/2799/2247
f 2294/2862/2294 2293/2861/2293 2275/2837/2275
f 2287/2852/2287 2258/2818/2258 2293/2861/2293
f 1751/2859/1751 1820/2860/1820 2278/2840/2278
f 2267/2828/2267 2272/2834/2272 2268/2829/2268
f 1809/2865/1809 2295/2863/2295 1810/2866/1810
f 2233/2780/2233 2294/2862/2294 2275/2837/2275
f 2284/2846/2284 2293/2861/2293 2258/2818/2258
f 2275/2837/2275 2293/2861/2293 2284/2846/2284
f 2268/2829/2268 2273/2835/2273 2259/2819/2259
f 2290/2856/2290 2284/2846/2284 2258/2818/2258
f 2272/2834/2272 2296/2867/2296 2273/2835/2273
f 2260/2820/2260 2259/2819/2259 2273/2835/2273
f 2258/2818/2258 2260/2820/2260 2290/2856/2290
f 2269/2830/2269 2257/2817/2257 2281/2843/2281
f 2273/2835/2273 2296/2867/2296 2285/2848/2285
f 2235/2782/2235 2260/2820/2260 2273/2835/2273
f 2235/2782/2235 2291/2857/2291 2260/2820/2260
f 1810/2866/1810 2295/2863/2295 2289/2855/2289
f 1114/2851/1114 1134/2868/1134 2282/2844/2282
f 1810/2866/1810 2289/2855/2289 1820/2860/1820
f 1796/2849/1796 2282/2844/2282 1134/2868/1134
f 1935/2864/1935 2247/2799/2247 1936/2869/1936
f 2253/2810/2253 2146/2811/2146 2145/2870/2145
f 2297/2871/2297 2175/2872/2175 2298/2873/2298
f 1507/2874/1507 2299/2875/2299 1562/2876/1562
f 2252/2808/2252 2300/2877/2300 2298/2873/2298
f 2300/2877/2300 2301/2878/2301 2302/2879/2302
f 2301/2878/2301 2303/2880/2303 1544/2881/1544
f 2304/2882/2304 1538/2883/1538 1537/2884/1537
f 2301/2878/2301 1544/2881/1544 2302/2879/2302
f 2298/2873/2298 2300/2877/2300 2299/2875/2299
f 1507/2874/1507 1538/2883/1538 2299/2875/2299
f 2299/2875/2299 2300/2877/2300 1562/2876/1562
f 1562/2876/1562 2302/2879/2302 1544/2881/1544
f 2304/2882/2304 2299/2875/2299 1538/2883/1538
f 2302/2879/2302 1562/2876/1562 2300/2877/2300
f 2241/2789/2241 2301/2878/2301 2300/2877/2300
f 2218/2764/2218 2303/2880/2303 2225/2771/2225
f 1545/2885/1545 1544/2881/1544 2303/2880/2303
f 2298/2873/2298 2299/2875/2299 2304/2882/2304
f 2304/2882/2304 2297/2871/2297 2298/2873/2298
f 2297/2871/2297 2304/2882/2304 2147/2886/2147
f 2304/2882/2304 1537/2884/1537 2092/2887/2092
f 2253/2810/2253 2305/2888/2305 2306/2889/2306
f 2111/2815/2111 2276/2838/2276 2090/2890/2090
f 2305/2888/2305 2240/2788/2240 2306/2889/2306
f 2305/2888/2305 2253/2810/2253 2145/2870/2145
f 2298/2873/2298 2175/2872/2175 2252/2808/2252
f 2081/2891/2081 2149/2892/2149 2307/2893/2307
f 2308/2894/2308 2233/2780/2233 2223/2769/2223
f 2145/2870/2145 2309/2895/2309 2305/2888/2305
f 2300/2877/2300 2252/2808/2252 2241/2789/2241
f 2306/2889/2306 2251/2806/2251 2253/2810/2253
f 2301/2878/2301 2225/2771/2225 2303/2880/2303
f 2092/2887/2092 2147/2886/2147 2304/2882/2304
f 2081/2891/2081 2307/2893/2307 2309/2895/2309
f 2308/2894/2308 2310/2896/2310 2233/2780/2233
f 2301/2878/2301 2241/2789/2241 2225/2771/2225
f 2240/2788/2240 2238/2786/2238 2306/2889/2306
f 2311/2897/2311 2305/2888/2305 2309/2895/2309
f 2312/2898/2312 2263/2823/2263 2274/2836/2274
f 2307/2893/2307 2276/2838/2276 2309/2895/2309
f 2297/2871/2297 2147/2886/2147 2175/2872/2175
f 2312/2898/2312 2310/2896/2310 2313/2899/2313
f 2303/2880/2303 2218/2764/2218 2209/2754/2209
f 2310/2896/2310 2240/2788/2240 2305/2888/2305
f 2254/2812/2254 1835/2900/1835 2314/2901/2314
f 2307/2893/2307 2149/2892/2149 2276/2838/2276
f 2294/2862/2294 2310/2896/2310 2312/2898/2312
f 2315/2902/2315 2311/2897/2311 2309/2895/2309
f 2310/2896/2310 2308/2894/2308 2240/2788/2240
f 2255/2813/2255 2254/2812/2254 2316/2903/2316
f 2240/2788/2240 2308/2894/2308 2223/2769/2223
f 2315/2902/2315 2309/2895/2309 2276/2838/2276
f 2314/2901/2314 1936/2869/1936 2316/2903/2316
f 1835/2900/1835 1846/2904/1846 2314/2901/2314
f 2310/2896/2310 2305/2888/2305 2313/2899/2313
f 2317/2905/2317 2272/2834/2272 1809/2865/1809
f 1809/2865/1809 2272/2834/2272 2295/2863/2295
f 2316/2903/2316 2254/2812/2254 2314/2901/2314
f 2254/2812/2254 2272/2834/2272 2317/2905/2317
f 2317/2905/2317 1835/2900/1835 2254/2812/2254
f 2314/2901/2314 1846/2904/1846 1936/2869/1936
f 1936/2869/1936 2247/2799/2247 2316/2903/2316
f 1809/2865/1809 1835/2900/1835 2317/2905/2317
f 2246/2798/2246 2255/2813/2255 2316/2903/2316
f 2246/2798/2246 2316/2903/2316 2247/2799/2247
f 2219/2765/2219 2234/2781/2234 2220/2766/2220
f 2217/2763/2217 2234/2781/2234 2219/2765/2219
f 2291/2857/2291 2234/2781/2234 2217/2763/2217
f 2242/2790/2242 2239/2787/2239 2230/2777/2230
f 2218/2764/2218 2229/2775/2229 2215/2761/2215
f 2218/2764/2218 2215/2761/2215 2219/2765/2219
f 2222/2768/2222 2237/2784/2237 2223/2769/2223
f 2240/2788/2240 2223/2769/2223 2237/2784/2237
f 2097/2796/2097 2227/2773/2227 2232/2779/2232
f 2217/2763/2217 2216/2762/2216 2291/2857/2291
f 2274/2836/2274 2294/2862/2294 2312/2898/2312
f 2315/2902/2315 2276/2838/2276 2263/2823/2263
f 2251/2806/2251 2306/2889/2306 2238/2786/2238
f 2081/2891/2081 2309/2895/2309 2145/2870/2145
f 2313/2899/2313 2305/2888/2305 2311/2897/2311
f 2312/2898/2312 2313/2899/2313 2311/2897/2311
f 2312/2898/2312 2311/2897/2311 2315/2902/2315
f 2312/2898/2312 2315/2902/2315 2263/2823/2263
f 2090/2890/2090 2276/2838/2276 2149/2892/2149
f 2310/2896/2310 2294/2862/2294 2233/2780/2233
f 2291/2857/2291 2235/2782/2235 2234/2781/2234
f 2252/2808/2252 2175/2872/2175 2095/2804/2095
f 2206/2751/2206 2235/2782/2235 2285/2848/2285
f 2272/2834/2272 2254/2812/2254 2296/2867/2296
f 2296/2867/2296 2254/2812/2254 2256/2814/2256
f 2296/2867/2296 2256/2814/2256 2285/2848/2285
f 2214/2760/2214 2285/2848/2285 2256/2814/2256
f 2255/2813/2255 2214/2760/2214 2256/2814/2256
f 2283/2845/2283 2213/2759/2213 2318/2906/2318
f 2213/2759/2213 2214/2760/2214 2255/2813/2255
f 2213/2759/2213 2255/2813/2255 2246/2798/2246
f 2318/2906/2318 2213/2759/2213 2246/2798/2246
f 2246/2798/2246 2245/2794/2245 2318/2906/2318
f 2250/2805/2250 2206/2751/2206 2285/2848/2285
f 2244/2793/2244 2318/2906/2318 2245/2794/2245
f 2250/2805/2250 2285/2848/2285 2214/2760/2214
f 2318/2906/2318 2244/2793/2244 2283/2845/2283
f 2235/2782/2235 2206/2751/2206 2220/2766/2220
f 2319/2907/2319 2205/2750/2205 1563/2756/1563
f 1565/2908/1565 2319/2907/2319 1563/2756/1563
f 2320/2909/2320 1545/2885/1545 2303/2880/2303
f 2320/2909/2320 2205/2750/2205 2319/2907/2319
f 2209/2754/2209 2320/2909/2320 2303/2880/2303
f 2205/2750/2205 2320/2909/2320 2209/2754/2209
f 2319/2907/2319 1565/2908/1565 2320/2909/2320
f 1545/2885/1545 2320/2909/2320 1565/2908/1565
f 2321/2910/2321 2322/2911/2322 2323/2912/2323
f 2324/2913/2324 2325/2914/2325 2326/2915/2326
f 2322/2911/2322 2327/2916/2327 2323/2912/2323
f 2321/2910/2321 2325/2914/2325 2328/2917/2328
f 2328/2917/2328 2325/2914/2325 2329/2918/2329
f 2330/2919/2330 2331/2920/2331 2324/2913/2324
f 2326/2915/2326 2332/2921/2332 2333/2922/2333
f 1235/2923/1235 2330/2919/2330 2334/2924/2334
f 2327/2916/2327 2332/2921/2332 2326/2915/2326
f 2332/2921/2332 1243/2925/1243 2333/2922/2333
f 2322/2911/2322 2321/2910/2321 2335/2926/2335
f 2333/2922/2333 2334/2924/2334 2324/2913/2324
f 2336/2927/2336 2337/2928/2337 2338/2929/2338
f 2322/2911/2322 2339/2930/2339 2340/2931/2340
f 2336/2927/2336 2341/2932/2341 2337/2928/2337
f 2342/2933/2342 2343/2934/2343 2338/2929/2338
f 2344/2935/2344 2345/2936/2345 2346/2937/2346
f 2336/2927/2336 2347/2938/2347 2348/2939/2348
f 2349/2940/2349 2343/2934/2343 2350/2941/2350
f 2349/2940/2349 2351/2942/2351 2338/2929/2338
f 2352/2943/2352 2353/2944/2353 2354/2945/2354
f 2340/2931/2340 2355/2946/2355 2322/2911/2322
f 2327/2916/2327 2355/2946/2355 2356/2947/2356
f 2346/2937/2346 2357/2948/2357 2358/2949/2358
f 2341/2932/2341 2336/2927/2336 2348/2939/2348
f 2341/2932/2341 2348/2939/2348 2344/2935/2344
f 2343/2934/2343 2342/2933/2342 2352/2943/2352
f 2337/2928/2337 2342/2933/2342 2338/2929/2338
f 2359/2950/2359 2341/2932/2341 2344/2935/2344
f 2360/2951/2360 2358/2949/2358 2357/2948/2357
f 2340/2931/2340 2357/2948/2357 2345/2936/2345
f 2360/2951/2360 2357/2948/2357 2339/2930/2339
f 2336/2927/2336 2351/2942/2351 2347/2938/2347
f 2345/2936/2345 2357/2948/2357 2346/2937/2346
f 2348/2939/2348 2347/2938/2347 2361/2952/2361
f 2338/2929/2338 2343/2934/2343 2349/2940/2349
f 2348/2939/2348 2361/2952/2361 2345/2936/2345
f 2355/2946/2355 2327/2916/2327 2322/2911/2322
f 2340/2931/2340 2345/2936/2345 2362/2953/2362
f 2339/2930/2339 2357/2948/2357 2340/2931/2340
f 2348/2939/2348 2345/2936/2345 2344/2935/2344
f 2340/2931/2340 2362/2953/2362 2363/2954/2363
f 2350/2941/2350 2343/2934/2343 2354/2945/2354
f 2355/2946/2355 2340/2931/2340 2363/2954/2363
f 2338/2929/2338 2351/2942/2351 2336/2927/2336
f 2352/2943/2352 2354/2945/2354 2343/2934/2343
f 2346/2937/2346 2359/2950/2359 2344/2935/2344
f 2355/2946/2355 2363/2954/2363 2356/2947/2356
f 2356/2947/2356 2332/2921/2332 2327/2916/2327
f 2362/2953/2362 2345/2936/2345 2361/2952/2361
f 2331/2920/2331 2329/2918/2329 2325/2914/2325
f 1240/2955/1240 1243/2925/1243 2364/2956/2364
f 1243/2925/1243 1235/2923/1235 2333/2922/2333
f 2326/2915/2326 2333/2922/2333 2324/2913/2324
f 2365/2957/2365 2366/2958/2366 2367/2959/2367
f 1246/2960/1246 2331/2920/2331 2330/2919/2330
f 2368/2961/2368 2328/2917/2328 2329/2918/2329
f 2335/2926/2335 2321/2910/2321 2328/2917/2328
f 2331/2920/2331 2325/2914/2325 2324/2913/2324
f 2323/2912/2323 2325/2914/2325 2321/2910/2321
f 2339/2930/2339 2322/2911/2322 2335/2926/2335
f 2364/2956/2364 1243/2925/1243 2332/2921/2332
f 2324/2913/2324 2334/2924/2334 2330/2919/2330
f 2330/2919/2330 1237/2962/1237 1246/2960/1246
f 2329/2918/2329 2331/2920/2331 1246/2960/1246
f 2368/2961/2368 2329/2918/2329 1246/2960/1246
f 2326/2915/2326 2323/2912/2323 2327/2916/2327
f 2369/2963/2369 1266/2964/1266 2370/2965/2370
f 2371/2966/2371 2332/2921/2332 2372/2967/2372
f 2370/2965/2370 2373/2968/2373 2369/2963/2369
f 1286/2969/1286 2370/2965/2370 1266/2964/1266
f 1235/2923/1235 2334/2924/2334 2333/2922/2333
f 2330/2919/2330 1235/2923/1235 1237/2962/1237
f 2326/2915/2326 2325/2914/2325 2323/2912/2323
f 2347/2938/2347 2351/2942/2351 2374/2970/2374
f 2364/2956/2364 1286/2969/1286 1283/2971/1283
f 2350/2941/2350 2375/2972/2375 2376/2973/2376
f 1240/2955/1240 2364/2956/2364 1283/2971/1283
f 2351/2942/2351 2376/2973/2376 2374/2970/2374
f 2377/2974/2377 2378/2975/2378 2379/2976/2379
f 2361/2952/2361 2347/2938/2347 2374/2970/2374
f 2380/2977/2380 2376/2973/2376 2375/2972/2375
f 2374/2970/2374 2381/2978/2381 2382/2979/2382
f 2380/2977/2380 2383/2980/2383 2366/2958/2366
f 2384/2981/2384 2385/2982/2385 2381/2978/2381
f 2377/2974/2377 2366/2958/2366 2386/2983/2386
f 2387/2984/2387 2386/2983/2386 2365/2957/2365
f 2388/2985/2388 2377/2974/2377 2386/2983/2386
f 2374/2970/2374 2382/2979/2382 2389/2986/2389
f 2362/2953/2362 2390/2987/2390 2363/2954/2363
f 2385/2982/2385 2391/2988/2391 2392/2989/2392
f 2385/2982/2385 2393/2990/2393 2394/2991/2394
f 2389/2986/2389 2361/2952/2361 2374/2970/2374
f 2382/2979/2382 2381/2978/2381 2392/2989/2392
f 2378/2975/2378 2393/2990/2393 2379/2976/2379
f 2372/2967/2372 2395/2992/2395 2396/2993/2396
f 2397/2994/2397 2393/2990/2393 2378/2975/2378
f 2398/2995/2398 2394/2991/2394 2393/2990/2393
f 2399/2996/2399 2400/2997/2400 2401/2998/2401
f 2395/2992/2395 2356/2947/2356 2363/2954/2363
f 2389/2986/2389 2400/2997/2400 2390/2987/2390
f 2384/2981/2384 2380/2977/2380 2366/2958/2366
f 2387/2984/2387 2388/2985/2388 2386/2983/2386
f 2402/2999/2402 2388/2985/2388 2403/3000/2403
f 2387/2984/2387 2404/3001/2404 2388/2985/2388
f 2376/2973/2376 2349/2940/2349 2350/2941/2350
f 2405/3002/2405 2406/3003/2406 2407/3004/2407
f 2397/2994/2397 2378/2975/2378 2402/2999/2402
f 2388/2985/2388 2404/3001/2404 2403/3000/2403
f 2384/2981/2384 2377/2974/2377 2385/2982/2385
f 2406/3003/2406 2408/3005/2408 2407/3004/2407
f 2409/3006/2409 2403/3000/2403 2404/3001/2404
f 2410/3007/2410 2403/3000/2403 2409/3006/2409
f 2408/3005/2408 2411/3008/2411 2412/3009/2412
f 2376/2973/2376 2380/2977/2380 2381/2978/2381
f 2372/2967/2372 2332/2921/2332 2356/2947/2356
f 2413/3010/2413 2400/2997/2400 2399/2996/2399
f 2414/3011/2414 2415/3012/2415 2412/3009/2412
f 2416/3013/2416 2414/3011/2414 2412/3009/2412
f 2376/2973/2376 2381/2978/2381 2374/2970/2374
f 2410/3007/2410 2411/3008/2411 2403/3000/2403
f 2414/3011/2414 2417/3014/2417 2415/3012/2415
f 2408/3005/2408 2406/3003/2406 2411/3008/2411
f 2414/3011/2414 2416/3013/2416 2418/3015/2418
f 2406/3003/2406 2397/2994/2397 2411/3008/2411
f 2418/3015/2418 2419/3016/2419 1166/3017/1166
f 1166/3017/1166 1178/3018/1178 2417/3014/2417
f 2397/2994/2397 2402/2999/2402 2403/3000/2403
f 1177/3019/1177 2417/3014/2417 1178/3018/1178
f 2402/2999/2402 2378/2975/2378 2388/2985/2388
f 2377/2974/2377 2384/2981/2384 2366/2958/2366
f 2376/2973/2376 2351/2942/2351 2349/2940/2349
f 2412/3009/2412 2415/3012/2415 2408/3005/2408
f 2415/3012/2415 2417/3014/2417 1177/3019/1177
f 2377/2974/2377 2388/2985/2388 2378/2975/2378
f 2383/2980/2383 2380/2977/2380 2375/2972/2375
f 2380/2977/2380 2384/2981/2384 2381/2978/2381
f 1156/3020/1156 1166/3017/1166 2419/3016/2419
f 2416/3013/2416 2412/3009/2412 2410/3007/2410
f 2417/3014/2417 2414/3011/2414 1166/3017/1166
f 1166/3017/1166 2414/3011/2414 2418/3015/2418
f 2365/2957/2365 2386/2983/2386 2366/2958/2366
f 2420/3021/2420 2404/3001/2404 2387/2984/2387
f 2420/3021/2420 2409/3006/2409 2404/3001/2404
f 2394/2991/2394 2421/3022/2421 2392/2989/2392
f 2398/2995/2398 2393/2990/2393 2405/3002/2405
f 2394/2991/2394 2398/2995/2398 2422/3023/2422
f 2382/2979/2382 2421/3022/2421 2423/3024/2423
f 2363/2954/2363 2390/2987/2390 2395/2992/2395
f 2399/2996/2399 2401/2998/2401 2423/3024/2423
f 2400/2997/2400 2396/2993/2396 2390/2987/2390
f 2424/3025/2424 2425/3026/2425 2426/3027/2426
f 2427/3028/2427 2399/2996/2399 2428/3029/2428
f 2429/3030/2429 2430/3031/2430 2431/3032/2431
f 2422/3023/2422 2405/3002/2405 2432/3033/2432
f 2433/3034/2433 2428/3029/2428 2423/3024/2423
f 2390/2987/2390 2362/2953/2362 2361/2952/2361
f 2434/3035/2434 2435/3036/2435 2436/3037/2436
f 2428/3029/2428 2437/3038/2437 2427/3028/2427
f 2438/3039/2438 2439/3040/2439 2396/2993/2396
f 2408/3005/2408 2440/3041/2440 2407/3004/2407
f 2392/2989/2392 2421/3022/2421 2382/2979/2382
f 2430/3031/2430 2429/3030/2429 1187/3042/1187
f 2436/3037/2436 2441/3043/2441 2442/3044/2442
f 2408/3005/2408 2415/3012/2415 2443/3045/2443
f 2422/3023/2422 2432/3033/2432 2433/3034/2433
f 2396/2993/2396 2439/3040/2439 2444/3046/2444
f 2433/3034/2433 2442/3044/2442 2428/3029/2428
f 2439/3040/2439 2445/3047/2445 2444/3046/2444
f 2415/3012/2415 1177/3019/1177 2443/3045/2443
f 2436/3037/2436 2442/3044/2442 2431/3032/2431
f 2432/3033/2432 2446/3048/2446 2433/3034/2433
f 2406/3003/2406 2393/2990/2393 2397/2994/2397
f 2425/3026/2425 2424/3025/2424 2429/3030/2429
f 2425/3026/2425 2446/3048/2446 2426/3027/2426
f 2447/3049/2447 2448/3050/2448 2449/3051/2449
f 2369/2963/2369 2450/3052/2450 1263/3053/1263
f 2405/3002/2405 2422/3023/2422 2398/2995/2398
f 2413/3010/2413 2438/3039/2438 2400/2997/2400
f 2451/3054/2451 2433/3034/2433 2446/3048/2446
f 2451/3054/2451 2442/3044/2442 2433/3034/2433
f 2428/3029/2428 2442/3044/2442 2437/3038/2437
f 2385/2982/2385 2379/2976/2379 2393/2990/2393
f 2406/3003/2406 2405/3002/2405 2393/2990/2393
f 2444/3046/2444 2445/3047/2445 2452/3055/2452
f 2372/2967/2372 2356/2947/2356 2395/2992/2395
f 1177/3019/1177 2453/3056/2453 2443/3045/2443
f 2426/3027/2426 2432/3033/2432 2440/3041/2440
f 2446/3048/2446 2432/3033/2432 2426/3027/2426
f 2413/3010/2413 2399/2996/2399 2427/3028/2427
f 2443/3045/2443 2426/3027/2426 2440/3041/2440
f 2383/2980/2383 2449/3051/2449 2367/2959/2367
f 2454/3057/2454 2449/3051/2449 2448/3050/2448
f 2394/2991/2394 2392/2989/2392 2391/2988/2391
f 2446/3048/2446 2425/3026/2425 2451/3054/2451
f 2435/3036/2435 2445/3047/2445 2441/3043/2441
f 2432/3033/2432 2405/3002/2405 2407/3004/2407
f 2366/2958/2366 2383/2980/2383 2367/2959/2367
f 2445/3047/2445 2455/3058/2455 2452/3055/2452
f 2373/2968/2373 2452/3055/2452 2455/3058/2455
f 2401/2998/2401 2400/2997/2400 2389/2986/2389
f 2426/3027/2426 2443/3045/2443 2424/3025/2424
f 2451/3054/2451 2425/3026/2425 2431/3032/2431
f 2382/2979/2382 2401/2998/2401 2389/2986/2389
f 2453/3056/2453 1141/3059/1141 1145/3060/1145
f 2430/3031/2430 1187/3042/1187 2434/3035/2434
f 2436/3037/2436 2435/3036/2435 2441/3043/2441
f 2456/3061/2456 2449/3051/2449 2454/3057/2454
f 1145/3060/1145 1154/3062/1154 2424/3025/2424
f 2367/2959/2367 2449/3051/2449 2456/3061/2456
f 2457/3063/2457 2354/2945/2354 2353/2944/2353
f 2458/3064/2458 2457/3063/2457 2459/3065/2459
f 2460/3066/2460 2457/3063/2457 2458/3064/2458
f 2353/2944/2353 2459/3065/2459 2457/3063/2457
f 2460/3066/2460 2350/2941/2350 2354/2945/2354
f 2461/3067/2461 2459/3065/2459 2353/2944/2353
f 2462/3068/2462 2460/3066/2460 2458/3064/2458
f 2457/3063/2457 2460/3066/2460 2354/2945/2354
f 2350/2941/2350 2460/3066/2460 2375/2972/2375
f 2463/3069/2463 2464/3070/2464 2465/3071/2465
f 2447/3049/2447 2458/3064/2458 2459/3065/2459
f 2353/2944/2353 2466/3072/2466 2461/3067/2461
f 2466/3072/2466 2463/3069/2463 2461/3067/2461
f 2375/2972/2375 2460/3066/2460 2462/3068/2462
f 2448/3050/2448 2447/3049/2447 2459/3065/2459
f 2459/3065/2459 2461/3067/2461 2463/3069/2463
f 2458/3064/2458 2447/3049/2447 2462/3068/2462
f 2463/3069/2463 2448/3050/2448 2459/3065/2459
f 2447/3049/2447 2383/2980/2383 2462/3068/2462
f 2375/2972/2375 2462/3068/2462 2383/2980/2383
f 2445/3047/2445 2435/3036/2435 2467/3073/2467
f 2445/3047/2445 2467/3073/2467 2455/3058/2455
f 2423/3024/2423 2428/3029/2428 2399/2996/2399
f 2466/3072/2466 2464/3070/2464 2463/3069/2463
f 2383/2980/2383 2447/3049/2447 2449/3051/2449
f 2441/3043/2441 2439/3040/2439 2438/3039/2438
f 2431/3032/2431 2425/3026/2425 2429/3030/2429
f 2361/2952/2361 2389/2986/2389 2390/2987/2390
f 2467/3073/2467 2435/3036/2435 2434/3035/2434
f 2455/3058/2455 2450/3052/2450 2373/2968/2373
f 2403/3000/2403 2411/3008/2411 2397/2994/2397
f 2401/2998/2401 2382/2979/2382 2423/3024/2423
f 2450/3052/2450 2455/3058/2455 2467/3073/2467
f 2441/3043/2441 2438/3039/2438 2427/3028/2427
f 2421/3022/2421 2394/2991/2394 2422/3023/2422
f 2379/2976/2379 2385/2982/2385 2377/2974/2377
f 2436/3037/2436 2431/3032/2431 2430/3031/2430
f 2429/3030/2429 2424/3025/2424 1154/3062/1154
f 2391/2988/2391 2385/2982/2385 2394/2991/2394
f 2424/3025/2424 2453/3056/2453 1145/3060/1145
f 2413/3010/2413 2427/3028/2427 2438/3039/2438
f 2443/3045/2443 2440/3041/2440 2408/3005/2408
f 1187/3042/1187 1263/3053/1263 2434/3035/2434
f 2434/3035/2434 1263/3053/1263 2450/3052/2450
f 2436/3037/2436 2430/3031/2430 2434/3035/2434
f 2373/2968/2373 2450/3052/2450 2369/2963/2369
f 2434/3035/2434 2450/3052/2450 2467/3073/2467
f 2468/3074/2468 2371/2966/2371 2444/3046/2444
f 2468/3074/2468 1286/2969/1286 2364/2956/2364
f 2452/3055/2452 2468/3074/2468 2444/3046/2444
f 2468/3074/2468 2452/3055/2452 2370/2965/2370
f 2373/2968/2373 2370/2965/2370 2452/3055/2452
f 2364/2956/2364 2332/2921/2332 2371/2966/2371
f 2444/3046/2444 2371/2966/2371 2396/2993/2396
f 2468/3074/2468 2370/2965/2370 1286/2969/1286
f 2371/2966/2371 2372/2967/2372 2396/2993/2396
f 2371/2966/2371 2468/3074/2468 2364/2956/2364
f 2451/3054/2451 2431/3032/2431 2442/3044/2442
f 2443/3045/2443 2453/3056/2453 2424/3025/2424
f 2441/3043/2441 2437/3038/2437 2442/3044/2442
f 2453/3056/2453 1177/3019/1177 1141/3059/1141
f 2445/3047/2445 2439/3040/2439 2441/3043/2441
f 2421/3022/2421 2422/3023/2422 2433/3034/2433
f 2400/2997/2400 2438/3039/2438 2396/2993/2396
f 2385/2982/2385 2392/2989/2392 2381/2978/2381
f 2421/3022/2421 2433/3034/2433 2423/3024/2423
f 1154/3062/1154 1187/3042/1187 2429/3030/2429
f 2432/3033/2432 2407/3004/2407 2440/3041/2440
f 2390/2987/2390 2396/2993/2396 2395/2992/2395
f 1263/3053/1263 1266/2964/1266 2369/2963/2369
f 2427/3028/2427 2437/3038/2437 2441/3043/2441
f 2410/3007/2410 2412/3009/2412 2411/3008/2411
f 2469/3075/2469 2470/3076/2470 2471/3077/2471
f 58/3078/58 56/3079/56 2472/3080/2472
f 2473/3081/2473 2474/3082/2474 2475/3083/2475
f 2476/3084/2476 2477/3085/2477 56/3079/56
f 2478/3086/2478 2479/3087/2479 2480/3088/2480
f 2481/3089/2481 2482/3090/2482 2483/3091/2483
f 2481/3089/2481 2484/3092/2484 2485/3093/2485
f 2486/3094/2486 2479/3087/2479 2485/3093/2485
f 2487/3095/2487 2488/3096/2488 2476/3084/2476
f 2489/3097/2489 2490/3098/2490 2491/3099/2491
f 1110/3100/1110 1112/3101/1112 2492/3102/2492
f 2479/3087/2479 2486/3094/2486 2493/3103/2493
f 1130/3104/1130 1110/3100/1110 2492/3102/2492
f 2494/3105/2494 2482/3090/2482 2478/3086/2478
f 2479/3087/2479 2493/3103/2493 2495/3106/2495
f 58/3078/58 2472/3080/2472 64/3107/64
f 2496/3108/2496 2489/3097/2489 2497/3109/2497
f 2498/3110/2498 2499/3111/2499 2476/3084/2476
f 2500/3112/2500 2495/3106/2495 2493/3103/2493
f 2501/3113/2501 601/3114/601 607/3115/607
f 2483/3091/2483 2469/3075/2469 2471/3077/2471
f 2502/3116/2502 2503/3117/2503 2499/3111/2499
f 2504/3118/2504 2493/3103/2493 2505/3119/2505
f 2506/3120/2506 2469/3075/2469 2482/3090/2482
f 2482/3090/2482 2507/3121/2507 2506/3120/2506
f 2485/3093/2485 2508/3122/2508 2486/3094/2486
f 2509/3123/2509 2510/3124/2510 581/3125/581
f 2511/3126/2511 2512/3127/2512 2513/3128/2513
f 2514/3129/2514 2473/3081/2473 2475/3083/2475
f 60/3130/60 2500/3112/2500 2493/3103/2493
f 2477/3085/2477 2515/3131/2515 2472/3080/2472
f 2516/3132/2516 2517/3133/2517 2518/3134/2518
f 2500/3112/2500 2515/3131/2515 2495/3106/2495
f 64/3107/64 2472/3080/2472 60/3130/60
f 2514/3129/2514 2475/3083/2475 2519/3135/2519
f 2479/3087/2479 2495/3106/2495 2480/3088/2480
f 2500/3112/2500 2472/3080/2472 2515/3131/2515
f 2520/3136/2520 2521/3137/2521 2522/3138/2522
f 2493/3103/2493 2504/3118/2504 60/3130/60
f 2500/3112/2500 60/3130/60 2472/3080/2472
f 2519/3135/2519 2516/3132/2516 2523/3139/2523
f 2524/3140/2524 2525/3141/2525 2526/3142/2526
f 569/3143/569 2518/3134/2518 567/3144/567
f 2473/3081/2473 2514/3129/2514 2527/3145/2527
f 2528/3146/2528 2529/3147/2529 2530/3148/2530
f 2513/3128/2513 2531/3149/2531 2511/3126/2511
f 2532/3150/2532 2523/3139/2523 2518/3134/2518
f 2514/3129/2514 2519/3135/2519 2533/3151/2533
f 569/3143/569 570/3152/570 2534/3153/2534
f 2489/3097/2489 2491/3099/2491 2535/3154/2535
f 2518/3134/2518 2523/3139/2523 2516/3132/2516
f 2536/3155/2536 2537/3156/2537 2538/3157/2538
f 2539/3158/2539 2523/3139/2523 2540/3159/2540
f 2541/3160/2541 2542/3161/2542 2543/3162/2543
f 2544/3163/2544 2545/3164/2545 2546/3165/2546
f 2547/3166/2547 2548/3167/2548 2549/3168/2549
f 2550/3169/2550 2534/3153/2534 2518/3134/2518
f 2551/3170/2551 2502/3116/2502 2552/3171/2552
f 569/3143/569 2534/3153/2534 2550/3169/2550
f 2553/3172/2553 2554/3173/2554 2555/3174/2555
f 2556/3175/2556 2557/3176/2557 2517/3133/2517
f 1125/3177/1125 944/3178/944 2558/3179/2558
f 2559/3180/2559 2560/3181/2560 2533/3151/2533
f 2561/3182/2561 2562/3183/2562 2563/3184/2563
f 2561/3182/2561 2558/3179/2558 2564/3185/2564
f 2561/3182/2561 2564/3185/2564 2565/3186/2565
f 2559/3180/2559 2533/3151/2533 2523/3139/2523
f 2544/3163/2544 2546/3165/2546 946/3187/946
f 2531/3149/2531 2566/3188/2566 2567/3189/2567
f 2568/3190/2568 2569/3191/2569 2570/3192/2570
f 2571/3193/2571 2565/3186/2565 2564/3185/2564
f 2572/3194/2572 1130/3104/1130 2492/3102/2492
f 2564/3185/2564 2546/3165/2546 2571/3193/2571
f 2571/3193/2571 2546/3165/2546 2545/3164/2545
f 944/3178/944 946/3187/946 2564/3185/2564
f 2542/3161/2542 2529/3147/2529 2571/3193/2571
f 2529/3147/2529 2542/3161/2542 2541/3160/2541
f 2534/3153/2534 570/3152/570 1130/3104/1130
f 2539/3158/2539 2559/3180/2559 2523/3139/2523
f 2542/3161/2542 2571/3193/2571 2545/3164/2545
f 2518/3134/2518 2517/3133/2517 2557/3176/2557
f 2573/3195/2573 2574/3196/2574 2545/3164/2545
f 2513/3128/2513 2512/3127/2512 2524/3140/2524
f 2542/3161/2542 2545/3164/2545 2574/3196/2574
f 2558/3179/2558 944/3178/944 2564/3185/2564
f 2574/3196/2574 2573/3195/2573 2575/3197/2575
f 2576/3198/2576 934/3199/934 951/3200/951
f 2575/3197/2575 2573/3195/2573 2569/3191/2569
f 2519/3135/2519 2523/3139/2523 2533/3151/2533
f 2577/3201/2577 2543/3162/2543 2578/3202/2578
f 2579/3203/2579 2565/3186/2565 2528/3146/2528
f 2569/3191/2569 2580/3204/2580 2575/3197/2575
f 2581/3205/2581 2568/3190/2568 2582/3206/2582
f 2569/3191/2569 2573/3195/2573 2576/3198/2576
f 2523/3139/2523 2532/3150/2532 2540/3159/2540
f 2581/3205/2581 2583/3207/2583 2568/3190/2568
f 2584/3208/2584 2540/3159/2540 2532/3150/2532
f 2562/3183/2562 2585/3209/2585 2586/3210/2586
f 2568/3190/2568 2583/3207/2583 2580/3204/2580
f 949/3211/949 948/3212/948 2570/3192/2570
f 2569/3191/2569 951/3200/951 949/3211/949
f 2585/3209/2585 2559/3180/2559 2587/3213/2587
f 2529/3147/2529 2528/3146/2528 2571/3193/2571
f 948/3212/948 2582/3206/2582 2570/3192/2570
f 2582/3206/2582 948/3212/948 953/3214/953
f 2570/3192/2570 2582/3206/2582 2568/3190/2568
f 2518/3134/2518 2588/3215/2588 567/3144/567
f 946/3187/946 2546/3165/2546 2564/3185/2564
f 2582/3206/2582 953/3214/953 2581/3205/2581
f 2568/3190/2568 2580/3204/2580 2569/3191/2569
f 2571/3193/2571 2528/3146/2528 2565/3186/2565
f 2514/3129/2514 2560/3181/2560 2530/3148/2530
f 2526/3142/2526 2589/3216/2589 2491/3099/2491
f 2544/3163/2544 2573/3195/2573 2545/3164/2545
f 949/3211/949 2570/3192/2570 2569/3191/2569
f 2569/3191/2569 2576/3198/2576 951/3200/951
f 2583/3207/2583 2481/3089/2481 2580/3204/2580
f 2534/3153/2534 1130/3104/1130 2584/3208/2584
f 2572/3194/2572 2562/3183/2562 2586/3210/2586
f 2530/3148/2530 2579/3203/2579 2528/3146/2528
f 2565/3186/2565 2590/3217/2590 2561/3182/2561
f 2537/3156/2537 2536/3155/2536 2591/3218/2591
f 2592/3219/2592 2547/3166/2547 2593/3220/2593
f 2516/3132/2516 2556/3175/2556 2517/3133/2517
f 2489/3097/2489 2535/3154/2535 2578/3202/2578
f 2566/3188/2566 2496/3108/2496 2594/3221/2594
f 2474/3082/2474 2473/3081/2473 2595/3222/2595
f 2489/3097/2489 2578/3202/2578 2543/3162/2543
f 2595/3222/2595 2596/3223/2596 2535/3154/2535
f 2535/3154/2535 2491/3099/2491 2589/3216/2589
f 2566/3188/2566 2531/3149/2531 2490/3098/2490
f 2543/3162/2543 2577/3201/2577 2541/3160/2541
f 2566/3188/2566 2597/3224/2597 2567/3189/2567
f 2589/3216/2589 2598/3225/2598 2595/3222/2595
f 2595/3222/2595 2473/3081/2473 2596/3223/2596
f 2525/3141/2525 2599/3226/2599 2557/3176/2557
f 2506/3120/2506 2496/3108/2496 2497/3109/2497
f 2490/3098/2490 2496/3108/2496 2566/3188/2566
f 2527/3145/2527 2596/3223/2596 2473/3081/2473
f 2596/3223/2596 2600/3227/2600 2577/3201/2577
f 2596/3223/2596 2577/3201/2577 2535/3154/2535
f 2524/3140/2524 2526/3142/2526 2491/3099/2491
f 2594/3221/2594 2597/3224/2597 2566/3188/2566
f 2577/3201/2577 2578/3202/2578 2535/3154/2535
f 2513/3128/2513 2524/3140/2524 2490/3098/2490
f 2577/3201/2577 2600/3227/2600 2541/3160/2541
f 2537/3156/2537 2511/3126/2511 2601/3228/2601
f 2541/3160/2541 2600/3227/2600 2602/3229/2602
f 2600/3227/2600 2527/3145/2527 2602/3229/2602
f 2507/3121/2507 2496/3108/2496 2506/3120/2506
f 2527/3145/2527 2529/3147/2529 2602/3229/2602
f 2595/3222/2595 2535/3154/2535 2589/3216/2589
f 2584/3208/2584 2532/3150/2532 2534/3153/2534
f 2540/3159/2540 2572/3194/2572 2539/3158/2539
f 2603/3230/2603 2488/3096/2488 2604/3231/2604
f 2572/3194/2572 2540/3159/2540 2584/3208/2584
f 2559/3180/2559 2539/3158/2539 2587/3213/2587
f 2591/3218/2591 2512/3127/2512 2511/3126/2511
f 2516/3132/2516 2519/3135/2519 2475/3083/2475
f 2509/3123/2509 2588/3215/2588 2605/3232/2605
f 2560/3181/2560 2585/3209/2585 2590/3217/2590
f 2509/3123/2509 2606/3233/2606 2510/3124/2510
f 2588/3215/2588 568/3234/568 567/3144/567
f 2586/3210/2586 2585/3209/2585 2587/3213/2587
f 569/3143/569 2550/3169/2550 2518/3134/2518
f 2507/3121/2507 2494/3105/2494 2607/3235/2607
f 2563/3184/2563 2492/3102/2492 2608/3236/2608
f 2560/3181/2560 2514/3129/2514 2533/3151/2533
f 2521/3137/2521 2609/3237/2609 2522/3138/2522
f 2557/3176/2557 2588/3215/2588 2518/3134/2518
f 2585/3209/2585 2561/3182/2561 2590/3217/2590
f 2537/3156/2537 2591/3218/2591 2511/3126/2511
f 2610/3238/2610 2592/3219/2592 2567/3189/2567
f 2584/3208/2584 1130/3104/1130 2572/3194/2572
f 2559/3180/2559 2585/3209/2585 2560/3181/2560
f 2539/3158/2539 2586/3210/2586 2587/3213/2587
f 2562/3183/2562 2561/3182/2561 2585/3209/2585
f 2607/3235/2607 2611/3239/2611 2594/3221/2594
f 2590/3217/2590 2565/3186/2565 2579/3203/2579
f 2612/3240/2612 2553/3172/2553 2611/3239/2611
f 2525/3141/2525 2557/3176/2557 2556/3175/2556
f 2530/3148/2530 2529/3147/2529 2527/3145/2527
f 2562/3183/2562 2572/3194/2572 2492/3102/2492
f 2474/3082/2474 2516/3132/2516 2475/3083/2475
f 2530/3148/2530 2560/3181/2560 2579/3203/2579
f 2503/3117/2503 2609/3237/2609 2487/3095/2487
f 2548/3167/2548 2488/3096/2488 2603/3230/2603
f 2613/3241/2613 2604/3231/2604 2609/3237/2609
f 2579/3203/2579 2560/3181/2560 2590/3217/2590
f 2611/3239/2611 2597/3224/2597 2594/3221/2594
f 2554/3173/2554 2548/3167/2548 2555/3174/2555
f 2527/3145/2527 2514/3129/2514 2530/3148/2530
f 2562/3183/2562 2492/3102/2492 2563/3184/2563
f 2551/3170/2551 2522/3138/2522 2503/3117/2503
f 2489/3097/2489 2543/3162/2543 2497/3109/2497
f 2572/3194/2572 2586/3210/2586 2539/3158/2539
f 2614/3242/2614 2615/3243/2615 2616/3244/2616
f 2518/3134/2518 2534/3153/2534 2532/3150/2532
f 2503/3117/2503 2502/3116/2502 2551/3170/2551
f 2553/3172/2553 2555/3174/2555 2611/3239/2611
f 2480/3088/2480 2612/3240/2612 2617/3245/2617
f 2525/3141/2525 2512/3127/2512 2591/3218/2591
f 2488/3096/2488 2548/3167/2548 2477/3085/2477
f 2552/3171/2552 2522/3138/2522 2551/3170/2551
f 2548/3167/2548 2603/3230/2603 2549/3168/2549
f 2597/3224/2597 2592/3219/2592 2610/3238/2610
f 2595/3222/2595 2598/3225/2598 2474/3082/2474
f 2549/3168/2549 2603/3230/2603 2604/3231/2604
f 2548/3167/2548 2547/3166/2547 2555/3174/2555
f 2555/3174/2555 2547/3166/2547 2592/3219/2592
f 2618/3246/2618 2537/3156/2537 2601/3228/2601
f 2619/3247/2619 2620/3248/2620 2520/3136/2520
f 2621/3249/2621 2616/3244/2616 2615/3243/2615
f 2548/3167/2548 2622/3250/2622 2477/3085/2477
f 2524/3140/2524 2512/3127/2512 2525/3141/2525
f 2529/3147/2529 2541/3160/2541 2602/3229/2602
f 2502/3116/2502 601/3114/601 2501/3113/2501
f 2494/3105/2494 2617/3245/2617 2607/3235/2607
f 2515/3131/2515 2622/3250/2622 2548/3167/2548
f 597/3251/597 604/3252/604 602/3253/602
f 2611/3239/2611 2607/3235/2607 2612/3240/2612
f 2503/3117/2503 2522/3138/2522 2609/3237/2609
f 2520/3136/2520 2613/3241/2613 2521/3137/2521
f 2526/3142/2526 2598/3225/2598 2589/3216/2589
f 2549/3168/2549 2620/3248/2620 2547/3166/2547
f 2612/3240/2612 2480/3088/2480 2553/3172/2553
f 2495/3106/2495 2554/3173/2554 2480/3088/2480
f 2617/3245/2617 2612/3240/2612 2607/3235/2607
f 2614/3242/2614 2618/3246/2618 2619/3247/2619
f 2536/3155/2536 2599/3226/2599 2591/3218/2591
f 2597/3224/2597 2611/3239/2611 2592/3219/2592
f 2498/3110/2498 2623/3254/2623 2502/3116/2502
f 2553/3172/2553 2480/3088/2480 2554/3173/2554
f 2549/3168/2549 2604/3231/2604 2613/3241/2613
f 2618/3246/2618 2614/3242/2614 2616/3244/2616
f 972/3255/972 2624/3256/2624 946/3187/946
f 2625/3257/2625 972/3255/972 934/3199/934
f 2616/3244/2616 2621/3249/2621 2538/3157/2538
f 2526/3142/2526 2556/3175/2556 2598/3225/2598
f 2555/3174/2555 2592/3219/2592 2611/3239/2611
f 2554/3173/2554 2515/3131/2515 2548/3167/2548
f 2620/3248/2620 2613/3241/2613 2520/3136/2520
f 2613/3241/2613 2609/3237/2609 2521/3137/2521
f 2593/3220/2593 2567/3189/2567 2592/3219/2592
f 2544/3163/2544 946/3187/946 2624/3256/2624
f 972/3255/972 2625/3257/2625 2624/3256/2624
f 2626/3258/2626 2620/3248/2620 2619/3247/2619
f 2619/3247/2619 2618/3246/2618 2626/3258/2626
f 934/3199/934 2576/3198/2576 2625/3257/2625
f 2620/3248/2620 2593/3220/2593 2547/3166/2547
f 2567/3189/2567 2593/3220/2593 2601/3228/2601
f 2544/3163/2544 2624/3256/2624 2573/3195/2573
f 2626/3258/2626 2593/3220/2593 2620/3248/2620
f 2626/3258/2626 2601/3228/2601 2593/3220/2593
f 2576/3198/2576 2624/3256/2624 2625/3257/2625
f 2601/3228/2601 2626/3258/2626 2618/3246/2618
f 2616/3244/2616 2537/3156/2537 2618/3246/2618
f 2609/3237/2609 2604/3231/2604 2487/3095/2487
f 2573/3195/2573 2624/3256/2624 2576/3198/2576
f 2502/3116/2502 2501/3113/2501 2552/3171/2552
f 2606/3233/2606 2605/3232/2605 2588/3215/2588
f 2536/3155/2536 2588/3215/2588 2557/3176/2557
f 2606/3233/2606 2588/3215/2588 2536/3155/2536
f 2621/3249/2621 2510/3124/2510 2538/3157/2538
f 2538/3157/2538 2606/3233/2606 2536/3155/2536
f 2510/3124/2510 2606/3233/2606 2538/3157/2538
f 2487/3095/2487 2604/3231/2604 2488/3096/2488
f 2622/3250/2622 2515/3131/2515 2477/3085/2477
f 2613/3241/2613 2620/3248/2620 2549/3168/2549
f 2525/3141/2525 2556/3175/2556 2526/3142/2526
f 2515/3131/2515 2554/3173/2554 2495/3106/2495
f 2511/3126/2511 2567/3189/2567 2601/3228/2601
f 597/3251/597 602/3253/602 2623/3254/2623
f 2627/3259/2627 2563/3184/2563 2608/3236/2608
f 601/3114/601 2623/3254/2623 602/3253/602
f 1106/3260/1106 2627/3259/2627 2608/3236/2608
f 1106/3260/1106 1120/3261/1120 2627/3259/2627
f 1120/3261/1120 1125/3177/1125 2628/3262/2628
f 2623/3254/2623 601/3114/601 2502/3116/2502
f 597/3251/597 2623/3254/2623 2498/3110/2498
f 2509/3123/2509 568/3234/568 2588/3215/2588
f 2561/3182/2561 2563/3184/2563 2627/3259/2627
f 2492/3102/2492 1112/3101/1112 2608/3236/2608
f 581/3125/581 568/3234/568 2509/3123/2509
f 1125/3177/1125 2558/3179/2558 2628/3262/2628
f 2583/3207/2583 2581/3205/2581 2629/3263/2629
f 2630/3264/2630 2481/3089/2481 2583/3207/2583
f 2484/3092/2484 2630/3264/2630 2631/3265/2631
f 2630/3264/2630 2629/3263/2629 2632/3266/2632
f 2631/3265/2631 2630/3264/2630 2632/3266/2632
f 2484/3092/2484 2481/3089/2481 2630/3264/2630
f 2629/3263/2629 2630/3264/2630 2583/3207/2583
f 2614/3242/2614 2619/3247/2619 2520/3136/2520
f 2631/3265/2631 2508/3122/2508 2484/3092/2484
f 2470/3076/2470 2574/3196/2574 2471/3077/2471
f 2536/3155/2536 2557/3176/2557 2599/3226/2599
f 2469/3075/2469 2506/3120/2506 2470/3076/2470
f 2471/3077/2471 2575/3197/2575 2580/3204/2580
f 2558/3179/2558 2561/3182/2561 2628/3262/2628
f 2537/3156/2537 2616/3244/2616 2538/3157/2538
f 2580/3204/2580 2483/3091/2483 2471/3077/2471
f 2513/3128/2513 2490/3098/2490 2531/3149/2531
f 2597/3224/2597 2610/3238/2610 2567/3189/2567
f 2483/3091/2483 2580/3204/2580 2481/3089/2481
f 2575/3197/2575 2471/3077/2471 2574/3196/2574
f 2499/3111/2499 2503/3117/2503 2487/3095/2487
f 2470/3076/2470 2543/3162/2543 2542/3161/2542
f 2531/3149/2531 2567/3189/2567 2511/3126/2511
f 2499/3111/2499 2498/3110/2498 2502/3116/2502
f 2627/3259/2627 1120/3261/1120 2628/3262/2628
f 2499/3111/2499 2487/3095/2487 2476/3084/2476
f 2482/3090/2482 2481/3089/2481 2485/3093/2485
f 2507/3121/2507 2482/3090/2482 2494/3105/2494
f 2628/3262/2628 2561/3182/2561 2627/3259/2627
f 2525/3141/2525 2591/3218/2591 2599/3226/2599
f 2509/3123/2509 2605/3232/2605 2606/3233/2606
f 55/3267/55 597/3251/597 2498/3110/2498
f 1112/3101/1112 1106/3260/1106 2608/3236/2608
f 2498/3110/2498 2476/3084/2476 55/3267/55
f 2494/3105/2494 2478/3086/2478 2617/3245/2617
f 2497/3109/2497 2543/3162/2543 2470/3076/2470
f 2508/3122/2508 2485/3093/2485 2484/3092/2484
f 2482/3090/2482 2485/3093/2485 2478/3086/2478
f 2490/3098/2490 2489/3097/2489 2496/3108/2496
f 2598/3225/2598 2556/3175/2556 2474/3082/2474
f 2470/3076/2470 2542/3161/2542 2574/3196/2574
f 2482/3090/2482 2469/3075/2469 2483/3091/2483
f 2617/3245/2617 2478/3086/2478 2480/3088/2480
f 2596/3223/2596 2527/3145/2527 2600/3227/2600
f 2496/3108/2496 2507/3121/2507 2594/3221/2594
f 2477/3085/2477 2476/3084/2476 2488/3096/2488
f 2506/3120/2506 2497/3109/2497 2470/3076/2470
f 2491/3099/2491 2490/3098/2490 2524/3140/2524
f 56/3079/56 55/3267/55 2476/3084/2476
f 2607/3235/2607 2594/3221/2594 2507/3121/2507
f 2477/3085/2477 2472/3080/2472 56/3079/56
f 2479/3087/2479 2478/3086/2478 2485/3093/2485
f 2474/3082/2474 2556/3175/2556 2516/3132/2516
f 2486/3094/2486 2505/3119/2505 2493/3103/2493
f 2633/3268/2633 2634/3269/2634 2635/3270/2635
f 2636/3271/2636 2637/3272/2637 2634/3269/2634
f 2636/3271/2636 2634/3269/2634 2633/3268/2633
f 2638/3273/2638 2634/3269/2634 2637/3272/2637
f 2639/3274/2639 2640/3275/2640 2641/3276/2641
f 2636/3271/2636 2633/3268/2633 2641/3276/2641
f 2642/3277/2642 2643/3278/2643 2633/3268/2633
f 2644/3279/2644 2635/3270/2635 2634/3269/2634
f 2641/3276/2641 2633/3268/2633 2643/3278/2643
f 2642/3277/2642 2633/3268/2633 2635/3270/2635
f 2639/3274/2639 2641/3276/2641 2643/3278/2643
f 2645/3280/2645 2646/3281/2646 2647/3282/2647
f 106/3283/106 2648/3284/2648 112/3285/112
f 2649/3286/2649 2648/3284/2648 111/3287/111
f 2649/3286/2649 111/3287/111 2650/3288/2650
f 111/3287/111 2648/3284/2648 108/3289/108
f 2650/3288/2650 2651/3290/2651 2652/3291/2652
f 2643/3278/2643 2653/3292/2653 2639/3274/2639
f 2654/3293/2654 2643/3278/2643 2655/3294/2655
f 2654/3293/2654 2653/3292/2653 2643/3278/2643
f 2655/3294/2655 2643/3278/2643 2642/3277/2642
f 2646/3281/2646 2656/3295/2656 2647/3282/2647
f 2652/3291/2652 2651/3290/2651 2645/3280/2645
f 2638/3273/2638 2657/3296/2657 2658/3297/2658
f 2657/3296/2657 2659/3298/2659 2658/3297/2658
f 1393/3299/1393 1368/3300/1368 2660/3301/2660
f 2661/3302/2661 2662/3303/2662 2663/3304/2663
f 2658/3297/2658 2644/3279/2644 2634/3269/2634
f 2664/3305/2664 2665/3306/2665 112/3285/112
f 2666/3307/2666 2667/3308/2667 2668/3309/2668
f 2650/3288/2650 2669/3310/2669 2664/3305/2664
f 2652/3291/2652 2669/3310/2669 2650/3288/2650
f 2670/3311/2670 2669/3310/2669 2652/3291/2652
f 2671/3312/2671 1368/3300/1368 1395/3313/1395
f 2634/3269/2634 2638/3273/2638 2658/3297/2658
f 1354/3314/1354 2672/3315/2672 2673/3316/2673
f 2672/3315/2672 1354/3314/1354 2674/3317/2674
f 2658/3297/2658 2659/3298/2659 2644/3279/2644
f 2663/3304/2663 2675/3318/2675 2676/3319/2676
f 1368/3300/1368 2671/3312/2671 2660/3301/2660
f 1354/3314/1354 1356/3320/1356 2674/3317/2674
f 112/3285/112 2665/3306/2665 113/3321/113
f 2660/3301/2660 2661/3302/2661 1393/3299/1393
f 1397/3322/1397 1393/3299/1393 2674/3317/2674
f 1397/3322/1397 2674/3317/2674 1356/3320/1356
f 1393/3299/1393 2661/3302/2661 2674/3317/2674
f 2660/3301/2660 2662/3303/2662 2661/3302/2661
f 2663/3304/2663 2673/3316/2673 2661/3302/2661
f 2677/3323/2677 2645/3280/2645 2647/3282/2647
f 2662/3303/2662 2660/3301/2660 2671/3312/2671
f 1354/3314/1354 2673/3316/2673 1400/3324/1400
f 2667/3308/2667 2665/3306/2665 2668/3309/2668
f 2671/3312/2671 1395/3313/1395 2678/3325/2678
f 2672/3315/2672 2661/3302/2661 2673/3316/2673
f 112/3285/112 2648/3284/2648 2649/3286/2649
f 867/3326/867 2679/3327/2679 854/3328/854
f 2665/3306/2665 1394/3329/1394 113/3321/113
f 2662/3303/2662 2671/3312/2671 2675/3318/2675
f 1403/3330/1403 2680/3331/2680 867/3326/867
f 2681/3332/2681 2668/3309/2668 2670/3311/2670
f 2672/3315/2672 2674/3317/2674 2661/3302/2661
f 2659/3298/2659 2666/3307/2666 2681/3332/2681
f 2662/3303/2662 2675/3318/2675 2663/3304/2663
f 1394/3329/1394 2665/3306/2665 2667/3308/2667
f 2675/3318/2675 2678/3325/2678 2667/3308/2667
f 2680/3331/2680 1403/3330/1403 1400/3324/1400
f 2657/3296/2657 2676/3319/2676 2659/3298/2659
f 2678/3325/2678 1394/3329/1394 2667/3308/2667
f 2666/3307/2666 2676/3319/2676 2675/3318/2675
f 1395/3313/1395 1394/3329/1394 2678/3325/2678
f 2666/3307/2666 2659/3298/2659 2676/3319/2676
f 2666/3307/2666 2675/3318/2675 2667/3308/2667
f 2664/3305/2664 2669/3310/2669 2665/3306/2665
f 112/3285/112 2649/3286/2649 2664/3305/2664
f 2682/3333/2682 867/3326/867 2680/3331/2680
f 2682/3333/2682 2679/3327/2679 867/3326/867
f 2668/3309/2668 2681/3332/2681 2666/3307/2666
f 2669/3310/2669 2670/3311/2670 2668/3309/2668
f 2675/3318/2675 2671/3312/2671 2678/3325/2678
f 2665/3306/2665 2669/3310/2669 2668/3309/2668
f 2659/3298/2659 2681/3332/2681 2683/3334/2683
f 2684/3335/2684 2681/3332/2681 2670/3311/2670
f 2677/3323/2677 2670/3311/2670 2652/3291/2652
f 2683/3334/2683 2681/3332/2681 2684/3335/2684
f 2684/3335/2684 2670/3311/2670 2647/3282/2647
f 2670/3311/2670 2677/3323/2677 2647/3282/2647
f 2645/3280/2645 2677/3323/2677 2652/3291/2652
f 2684/3335/2684 2647/3282/2647 2683/3334/2683
f 2664/3305/2664 2649/3286/2649 2650/3288/2650
f 2685/3336/2685 2686/3337/2686 2687/3338/2687
f 2688/3339/2688 2689/3340/2689 2690/3341/2690
f 2691/3342/2691 2692/3343/2692 2693/3344/2693
f 2694/3345/2694 2692/3343/2692 2686/3337/2686
f 2691/3342/2691 2693/3344/2693 2695/3346/2695
f 2685/3336/2685 2696/3347/2696 2686/3337/2686
f 2653/3292/2653 2693/3344/2693 2639/3274/2639
f 2694/3345/2694 2697/3348/2697 2698/3349/2698
f 2688/3339/2688 2692/3343/2692 2689/3340/2689
f 2685/3336/2685 2699/3350/2699 2696/3347/2696
f 2698/3349/2698 2700/3351/2700 2694/3345/2694
f 2686/3337/2686 2692/3343/2692 2687/3338/2687
f 2701/3352/2701 2698/3349/2698 2697/3348/2697
f 2700/3351/2700 2692/3343/2692 2694/3345/2694
f 2694/3345/2694 2686/3337/2686 2696/3347/2696
f 2702/3353/2702 2694/3345/2694 2696/3347/2696
f 2692/3343/2692 2691/3342/2691 2687/3338/2687
f 2698/3349/2698 2689/3340/2689 2700/3351/2700
f 2703/3354/2703 2697/3348/2697 2702/3353/2702
f 2694/3345/2694 2702/3353/2702 2697/3348/2697
f 2698/3349/2698 2690/3341/2690 2689/3340/2689
f 2704/3355/2704 2705/3356/2705 2706/3357/2706
f 2689/3340/2689 2692/3343/2692 2700/3351/2700
f 2699/3350/2699 2702/3353/2702 2696/3347/2696
f 2697/3348/2697 2703/3354/2703 2707/3358/2707
f 2708/3359/2708 2687/3338/2687 2691/3342/2691
f 2701/3352/2701 2706/3357/2706 2698/3349/2698
f 2688/3339/2688 2693/3344/2693 2692/3343/2692
f 2691/3342/2691 2695/3346/2695 2708/3359/2708
f 2693/3344/2693 2688/3339/2688 2640/3275/2640
f 2698/3349/2698 2706/3357/2706 2690/3341/2690
f 2701/3352/2701 2709/3360/2709 2704/3355/2704
f 2701/3352/2701 2704/3355/2704 2706/3357/2706
f 2695/3346/2695 2693/3344/2693 2653/3292/2653
f 2640/3275/2640 2639/3274/2639 2693/3344/2693
f 2710/3361/2710 2640/3275/2640 2690/3341/2690
f 2690/3341/2690 2640/3275/2640 2688/3339/2688
f 2690/3341/2690 2706/3357/2706 2710/3361/2710
f 2705/3356/2705 2710/3361/2710 2706/3357/2706
f 2646/3281/2646 2645/3280/2645 2651/3290/2651
f 106/3283/106 108/3289/108 2648/3284/2648
f 2711/3362/2711 2712/3363/2712 2713/3364/2713
f 2712/3363/2712 2714/3365/2714 2715/3366/2715
f 2713/3364/2713 2716/3367/2716 2711/3362/2711
f 2712/3363/2712 2711/3362/2711 2714/3365/2714
f 2715/3366/2715 2714/3365/2714 2717/3368/2717
f 2716/3367/2716 2713/3364/2713 2718/3369/2718
f 2719/3370/2719 2683/3334/2683 2720/3371/2720
f 2683/3334/2683 2647/3282/2647 2720/3371/2720
f 2713/3364/2713 2721/3372/2721 2722/3373/2722
f 2723/3374/2723 2715/3366/2715 2717/3368/2717
f 2724/3375/2724 2720/3371/2720 2656/3295/2656
f 2683/3334/2683 2719/3370/2719 2644/3279/2644
f 2642/3277/2642 2724/3375/2724 2655/3294/2655
f 2718/3369/2718 2713/3364/2713 2722/3373/2722
f 2719/3370/2719 2642/3277/2642 2635/3270/2635
f 2656/3295/2656 2725/3376/2725 2724/3375/2724
f 2695/3346/2695 2654/3293/2654 2726/3377/2726
f 2723/3374/2723 2712/3363/2712 2715/3366/2715
f 2708/3359/2708 2712/3363/2712 2723/3374/2723
f 2725/3376/2725 2716/3367/2716 2718/3369/2718
f 2713/3364/2713 2712/3363/2712 2708/3359/2708
f 2721/3372/2721 2713/3364/2713 2726/3377/2726
f 2727/3378/2727 2728/3379/2728 2729/3380/2729
f 2730/3381/2730 2731/3382/2731 2732/3383/2732
f 2733/3384/2733 2734/3385/2734 2735/3386/2735
f 2727/3378/2727 2736/3387/2736 2731/3382/2731
f 2659/3298/2659 2683/3334/2683 2644/3279/2644
f 2695/3346/2695 2653/3292/2653 2654/3293/2654
f 2737/3388/2737 2738/3389/2738 2739/3390/2739
f 2656/3295/2656 2720/3371/2720 2647/3282/2647
f 2724/3375/2724 2725/3376/2725 2718/3369/2718
f 2724/3375/2724 2719/3370/2719 2720/3371/2720
f 2724/3375/2724 2722/3373/2722 2655/3294/2655
f 2724/3375/2724 2642/3277/2642 2719/3370/2719
f 2726/3377/2726 2654/3293/2654 2722/3373/2722
f 2644/3279/2644 2719/3370/2719 2635/3270/2635
f 2726/3377/2726 2722/3373/2722 2721/3372/2721
f 2724/3375/2724 2718/3369/2718 2722/3373/2722
f 2740/3391/2740 2737/3388/2737 2739/3390/2739
f 2741/3392/2741 2732/3383/2732 2731/3382/2731
f 2655/3294/2655 2722/3373/2722 2654/3293/2654
f 2726/3377/2726 2708/3359/2708 2695/3346/2695
f 2708/3359/2708 2726/3377/2726 2713/3364/2713
f 2736/3387/2736 2727/3378/2727 1623/3393/1623
f 2738/3389/2738 2742/3394/2742 2743/3395/2743
f 2738/3389/2738 2737/3388/2737 2731/3382/2731
f 2744/3396/2744 2729/3380/2729 2728/3379/2728
f 2742/3394/2742 2745/3397/2745 2709/3360/2709
f 2737/3388/2737 2728/3379/2728 2727/3378/2727
f 2740/3391/2740 2728/3379/2728 2737/3388/2737
f 2731/3382/2731 2737/3388/2737 2727/3378/2727
f 2738/3389/2738 2746/3398/2746 2739/3390/2739
f 2732/3383/2732 2735/3386/2735 2734/3385/2734
f 2730/3381/2730 2732/3383/2732 2734/3385/2734
f 2747/3399/2747 2704/3355/2704 2745/3397/2745
f 2731/3382/2731 2736/3387/2736 2741/3392/2741
f 2740/3391/2740 2739/3390/2739 2748/3400/2748
f 2749/3401/2749 2750/3402/2750 2751/3403/2751
f 2732/3383/2732 1639/3404/1639 85/3405/85
f 2742/3394/2742 2709/3360/2709 2743/3395/2743
f 2739/3390/2739 2752/3406/2752 2748/3400/2748
f 2734/3385/2734 2745/3397/2745 2742/3394/2742
f 2732/3383/2732 2741/3392/2741 1639/3404/1639
f 2730/3381/2730 2734/3385/2734 2742/3394/2742
f 2729/3380/2729 2753/3407/2753 2727/3378/2727
f 2753/3407/2753 1623/3393/1623 2727/3378/2727
f 2736/3387/2736 1623/3393/1623 1639/3404/1639
f 2735/3386/2735 86/3408/86 2733/3384/2733
f 2740/3391/2740 2748/3400/2748 2751/3403/2751
f 2747/3399/2747 2745/3397/2745 2733/3384/2733
f 2741/3392/2741 2736/3387/2736 1639/3404/1639
f 2740/3391/2740 2751/3403/2751 2744/3396/2744
f 2734/3385/2734 2733/3384/2733 2745/3397/2745
f 2749/3401/2749 2751/3403/2751 2748/3400/2748
f 2709/3360/2709 2745/3397/2745 2704/3355/2704
f 2735/3386/2735 2732/3383/2732 85/3405/85
f 2752/3406/2752 2739/3390/2739 2746/3398/2746
f 2754/3409/2754 2729/3380/2729 2744/3396/2744
f 2753/3407/2753 2729/3380/2729 1637/3410/1637
f 2746/3398/2746 2743/3395/2743 2709/3360/2709
f 2738/3389/2738 2731/3382/2731 2730/3381/2730
f 1623/3393/1623 2753/3407/2753 1637/3410/1637
f 2751/3403/2751 2750/3402/2750 2755/3411/2755
f 2747/3399/2747 2705/3356/2705 2704/3355/2704
f 2755/3411/2755 2744/3396/2744 2751/3403/2751
f 2744/3396/2744 2728/3379/2728 2740/3391/2740
f 2730/3381/2730 2742/3394/2742 2738/3389/2738
f 2738/3389/2738 2743/3395/2743 2746/3398/2746
f 86/3408/86 2735/3386/2735 85/3405/85
f 2729/3380/2729 1645/3412/1645 1637/3410/1637
f 2744/3396/2744 2755/3411/2755 2754/3409/2754
f 2729/3380/2729 2754/3409/2754 2756/3413/2756
f 2757/3414/2757 2750/3402/2750 2749/3401/2749
f 2747/3399/2747 2733/3384/2733 2705/3356/2705
f 1645/3412/1645 2729/3380/2729 2756/3413/2756
f 2758/3415/2758 2755/3411/2755 2750/3402/2750
f 2750/3402/2750 2757/3414/2757 2758/3415/2758
f 85/3405/85 1639/3404/1639 82/3416/82
f 2759/3417/2759 2758/3415/2758 2757/3414/2757
f 2723/3374/2723 2687/3338/2687 2708/3359/2708
f 2760/3418/2760 2663/3304/2663 2676/3319/2676
f 2723/3374/2723 2717/3368/2717 2761/3419/2761
f 2762/3420/2762 2760/3418/2760 2676/3319/2676
f 2723/3374/2723 2685/3336/2685 2687/3338/2687
f 2763/3421/2763 2760/3418/2760 2764/3422/2764
f 2762/3420/2762 2657/3296/2657 2638/3273/2638
f 2765/3423/2765 2685/3336/2685 2761/3419/2761
f 2685/3336/2685 2723/3374/2723 2761/3419/2761
f 2764/3422/2764 2760/3418/2760 2766/3424/2766
f 2699/3350/2699 2685/3336/2685 2765/3423/2765
f 2767/3425/2767 2768/3426/2768 2769/3427/2769
f 2770/3428/2770 2771/3429/2771 2769/3427/2769
f 2707/3358/2707 2703/3354/2703 2772/3430/2772
f 2697/3348/2697 2707/3358/2707 2768/3426/2768
f 2759/3417/2759 2757/3414/2757 2773/3431/2773
f 2767/3425/2767 2746/3398/2746 2768/3426/2768
f 2707/3358/2707 2769/3427/2769 2768/3426/2768
f 2770/3428/2770 2774/3432/2774 2771/3429/2771
f 2774/3432/2774 2772/3430/2772 2775/3433/2775
f 2772/3430/2772 2774/3432/2774 2770/3428/2770
f 2772/3430/2772 2770/3428/2770 2769/3427/2769
f 2763/3421/2763 2764/3422/2764 2679/3327/2679
f 2769/3427/2769 2707/3358/2707 2772/3430/2772
f 2703/3354/2703 2775/3433/2775 2772/3430/2772
f 2767/3425/2767 2769/3427/2769 2771/3429/2771
f 2768/3426/2768 2701/3352/2701 2697/3348/2697
f 2768/3426/2768 2709/3360/2709 2701/3352/2701
f 2709/3360/2709 2768/3426/2768 2746/3398/2746
f 2776/3434/2776 2663/3304/2663 2763/3421/2763
f 2776/3434/2776 2777/3435/2777 2663/3304/2663
f 2776/3434/2776 2763/3421/2763 2778/3436/2778
f 2778/3436/2778 2679/3327/2679 2682/3333/2682
f 1400/3324/1400 2779/3437/2779 2680/3331/2680
f 2777/3435/2777 2673/3316/2673 2663/3304/2663
f 2777/3435/2777 2776/3434/2776 2779/3437/2779
f 2682/3333/2682 2776/3434/2776 2778/3436/2778
f 2778/3436/2778 2763/3421/2763 2679/3327/2679
f 2777/3435/2777 2779/3437/2779 1400/3324/1400
f 2760/3418/2760 2780/3438/2780 2766/3424/2766
f 2779/3437/2779 2776/3434/2776 2682/3333/2682
f 2673/3316/2673 2777/3435/2777 1400/3324/1400
f 2781/3439/2781 2679/3327/2679 2764/3422/2764
f 2682/3333/2682 2680/3331/2680 2779/3437/2779
f 2780/3438/2780 2638/3273/2638 2637/3272/2637
f 2641/3276/2641 2782/3440/2782 2636/3271/2636
f 2766/3424/2766 2783/3441/2783 2781/3439/2781
f 2637/3272/2637 2636/3271/2636 2784/3442/2784
f 2636/3271/2636 2782/3440/2782 2784/3442/2784
f 2781/3439/2781 2785/3443/2785 2679/3327/2679
f 2782/3440/2782 2641/3276/2641 2640/3275/2640
f 2781/3439/2781 2783/3441/2783 2785/3443/2785
f 854/3328/854 2679/3327/2679 2785/3443/2785
f 2786/3444/2786 2783/3441/2783 2637/3272/2637
f 2782/3440/2782 2787/3445/2787 2784/3442/2784
f 2783/3441/2783 2786/3444/2786 2788/3446/2788
f 2640/3275/2640 2789/3447/2789 2790/3448/2790
f 2791/3449/2791 854/3328/854 2785/3443/2785
f 2787/3445/2787 2786/3444/2786 2784/3442/2784
f 2781/3439/2781 2764/3422/2764 2766/3424/2766
f 2766/3424/2766 2780/3438/2780 2783/3441/2783
f 2789/3447/2789 2792/3450/2792 2790/3448/2790
f 2763/3421/2763 2663/3304/2663 2760/3418/2760
f 2786/3444/2786 2637/3272/2637 2784/3442/2784
f 875/3451/875 2793/3452/2793 2794/3453/2794
f 2783/3441/2783 2788/3446/2788 2791/3449/2791
f 2792/3450/2792 2789/3447/2789 2705/3356/2705
f 2791/3449/2791 859/3454/859 854/3328/854
f 2773/3431/2773 2757/3414/2757 2774/3432/2774
f 2787/3445/2787 2790/3448/2790 2795/3455/2795
f 2796/3456/2796 859/3454/859 2791/3449/2791
f 2788/3446/2788 2786/3444/2786 2787/3445/2787
f 2788/3446/2788 2787/3445/2787 2795/3455/2795
f 2790/3448/2790 2792/3450/2792 2795/3455/2795
f 2640/3275/2640 2790/3448/2790 2782/3440/2782
f 2795/3455/2795 2792/3450/2792 2705/3356/2705
f 2785/3443/2785 2783/3441/2783 2791/3449/2791
f 859/3454/859 2796/3456/2796 873/3457/873
f 2797/3458/2797 2749/3401/2749 2798/3459/2798
f 2794/3453/2794 2793/3452/2793 2799/3460/2799
f 2774/3432/2774 2757/3414/2757 2797/3458/2797
f 2780/3438/2780 2760/3418/2760 2762/3420/2762
f 2705/3356/2705 2799/3460/2799 2795/3455/2795
f 2757/3414/2757 2749/3401/2749 2797/3458/2797
f 2800/3461/2800 2752/3406/2752 2767/3425/2767
f 2796/3456/2796 2793/3452/2793 873/3457/873
f 2767/3425/2767 2752/3406/2752 2746/3398/2746
f 2638/3273/2638 2780/3438/2780 2762/3420/2762
f 2710/3361/2710 2789/3447/2789 2640/3275/2640
f 2637/3272/2637 2783/3441/2783 2780/3438/2780
f 2748/3400/2748 2752/3406/2752 2800/3461/2800
f 2799/3460/2799 2793/3452/2793 2795/3455/2795
f 2797/3458/2797 2798/3459/2798 2771/3429/2771
f 2799/3460/2799 2705/3356/2705 2733/3384/2733
f 2795/3455/2795 2793/3452/2793 2788/3446/2788
f 91/3462/91 875/3451/875 2794/3453/2794
f 2710/3361/2710 2705/3356/2705 2789/3447/2789
f 2800/3461/2800 2767/3425/2767 2771/3429/2771
f 2733/3384/2733 86/3408/86 2794/3453/2794
f 2798/3459/2798 2800/3461/2800 2771/3429/2771
f 2793/3452/2793 875/3451/875 873/3457/873
f 2733/3384/2733 2794/3453/2794 2799/3460/2799
f 2787/3445/2787 2782/3440/2782 2790/3448/2790
f 91/3462/91 2794/3453/2794 86/3408/86
f 2762/3420/2762 2676/3319/2676 2657/3296/2657
f 2749/3401/2749 2748/3400/2748 2800/3461/2800
f 2793/3452/2793 2796/3456/2796 2788/3446/2788
f 2771/3429/2771 2774/3432/2774 2797/3458/2797
f 2798/3459/2798 2749/3401/2749 2800/3461/2800
f 2788/3446/2788 2796/3456/2796 2791/3449/2791
f 2801/3463/2801 2802/3464/2802 2803/3465/2803
f 2804/3466/2804 2805/3467/2805 2806/3468/2806
f 2807/3469/2807 2808/3470/2808 2809/3471/2809
f 2810/3472/2810 1528/3473/1528 1514/3474/1514
f 2808/3470/2808 2811/3475/2811 2801/3463/2801
f 2808/3470/2808 2812/3476/2812 2813/3477/2813
f 2814/3478/2814 196/3479/196 194/3480/194
f 433/3481/433 2815/3482/2815 2816/3483/2816
f 2817/3484/2817 2505/3485/2505 2486/3486/2486
f 59/3487/59 60/3488/60 2504/3489/2504
f 2810/3472/2810 1516/3490/1516 2818/3491/2818
f 2811/3475/2811 2819/3492/2819 2820/3493/2820
f 2504/3489/2504 2505/3485/2505 2817/3484/2817
f 431/3494/431 433/3481/433 2821/3495/2821
f 2817/3484/2817 2816/3483/2816 2815/3482/2815
f 2813/3477/2813 2822/3496/2822 2808/3470/2808
f 2819/3492/2819 2811/3475/2811 2822/3496/2822
f 2823/3497/2823 2824/3498/2824 2825/3499/2825
f 2826/3500/2826 2827/3501/2827 2828/3502/2828
f 2829/3503/2829 2830/3504/2830 2831/3505/2831
f 2810/3472/2810 1514/3474/1514 1516/3490/1516
f 2832/3506/2832 2833/3507/2833 2834/3508/2834
f 1558/3509/1558 2818/3491/2818 1516/3490/1516
f 2815/3482/2815 59/3487/59 2504/3489/2504
f 2835/3510/2835 2836/3511/2836 2832/3506/2832
f 2815/3482/2815 433/3481/433 59/3487/59
f 197/3512/197 196/3479/196 2825/3499/2825
f 2813/3477/2813 2837/3513/2837 2838/3514/2838
f 2839/3515/2839 2840/3516/2840 2834/3508/2834
f 2827/3501/2827 2841/3517/2841 2842/3518/2842
f 2843/3519/2843 2844/3520/2844 2805/3467/2805
f 2845/3521/2845 2846/3522/2846 2847/3523/2847
f 2819/3492/2819 2822/3496/2822 2838/3514/2838
f 2839/3515/2839 2847/3523/2847 2846/3522/2846
f 2838/3514/2838 2843/3519/2843 2848/3524/2848
f 2827/3501/2827 2842/3518/2842 2828/3502/2828
f 2844/3520/2844 2843/3519/2843 2849/3525/2849
f 2822/3496/2822 2813/3477/2813 2838/3514/2838
f 2831/3505/2831 2850/3526/2850 2829/3503/2829
f 433/3481/433 2816/3483/2816 2821/3495/2821
f 1528/3473/1528 2810/3472/2810 2807/3469/2807
f 2835/3510/2835 2805/3467/2805 2844/3520/2844
f 2818/3491/2818 1558/3509/1558 2851/3527/2851
f 2818/3491/2818 2852/3528/2852 2837/3513/2837
f 2853/3529/2853 2833/3507/2833 2849/3525/2849
f 2805/3467/2805 2804/3466/2804 2854/3530/2854
f 2855/3531/2855 2856/3532/2856 2825/3499/2825
f 2816/3483/2816 2817/3484/2817 2857/3533/2857
f 2853/3529/2853 2849/3525/2849 2858/3534/2858
f 2859/3535/2859 2848/3524/2848 2843/3519/2843
f 2858/3534/2858 2860/3536/2860 2852/3528/2852
f 2861/3537/2861 2809/3471/2809 2862/3538/2862
f 2809/3471/2809 2861/3537/2861 2194/3539/2194
f 2818/3491/2818 2851/3527/2851 2863/3540/2863
f 2864/3541/2864 2863/3540/2863 2865/3542/2865
f 2863/3540/2863 2852/3528/2852 2818/3491/2818
f 182/3543/182 2823/3497/2823 2814/3478/2814
f 2814/3478/2814 194/3480/194 182/3543/182
f 2866/3544/2866 2867/3545/2867 2868/3546/2868
f 2834/3508/2834 2869/3547/2869 2824/3498/2824
f 2858/3534/2858 2863/3540/2863 2864/3541/2864
f 2814/3478/2814 2823/3497/2823 2825/3499/2825
f 2870/3548/2870 2855/3531/2855 2867/3545/2867
f 2833/3507/2833 2853/3529/2853 2864/3541/2864
f 2840/3516/2840 2839/3515/2839 2846/3522/2846
f 2840/3516/2840 2835/3510/2835 2834/3508/2834
f 2196/3549/2196 1528/3473/1528 2807/3469/2807
f 2867/3545/2867 2864/3541/2864 2868/3546/2868
f 2863/3540/2863 2851/3527/2851 2865/3542/2865
f 2195/3550/2195 2871/3551/2871 2194/3539/2194
f 2858/3534/2858 2852/3528/2852 2863/3540/2863
f 2843/3519/2843 2860/3536/2860 2858/3534/2858
f 2820/3493/2820 2859/3535/2859 2802/3464/2802
f 2805/3467/2805 2840/3516/2840 2831/3505/2831
f 2848/3524/2848 2859/3535/2859 2820/3493/2820
f 2861/3537/2861 2193/3552/2193 2194/3539/2194
f 2806/3468/2806 2872/3553/2872 2804/3466/2804
f 2838/3514/2838 2848/3524/2848 2819/3492/2819
f 2873/3554/2873 2802/3464/2802 2859/3535/2859
f 2874/3555/2874 2875/3556/2875 2876/3557/2876
f 2864/3541/2864 2853/3529/2853 2858/3534/2858
f 2872/3553/2872 2877/3558/2877 2878/3559/2878
f 2849/3525/2849 2843/3519/2843 2858/3534/2858
f 2859/3535/2859 2854/3530/2854 2873/3554/2873
f 2879/3560/2879 2816/3483/2816 2880/3561/2880
f 2844/3520/2844 2836/3511/2836 2835/3510/2835
f 2881/3562/2881 2882/3563/2882 2883/3564/2883
f 2884/3565/2884 2885/3566/2885 2886/3567/2886
f 2887/3568/2887 2888/3569/2888 2880/3561/2880
f 2889/3570/2889 2890/3571/2890 2160/3572/2160
f 2872/3553/2872 2806/3468/2806 2891/3573/2891
f 2867/3545/2867 2833/3507/2833 2864/3541/2864
f 2857/3533/2857 2817/3484/2817 2508/3574/2508
f 2892/3575/2892 2893/3576/2893 2894/3577/2894
f 2895/3578/2895 989/3579/989 2890/3571/2890
f 2832/3506/2832 2836/3511/2836 2896/3580/2896
f 2880/3561/2880 2885/3566/2885 2884/3565/2884
f 2857/3533/2857 2880/3561/2880 2816/3483/2816
f 2857/3533/2857 2508/3574/2508 2885/3566/2885
f 2873/3554/2873 2872/3553/2872 2802/3464/2802
f 2840/3516/2840 2845/3521/2845 2831/3505/2831
f 2857/3533/2857 2885/3566/2885 2880/3561/2880
f 2891/3573/2891 2874/3555/2874 2876/3557/2876
f 2887/3568/2887 2879/3560/2879 2888/3569/2888
f 2838/3514/2838 2860/3536/2860 2843/3519/2843
f 2885/3566/2885 2508/3574/2508 2886/3567/2886
f 2897/3581/2897 2887/3568/2887 2884/3565/2884
f 2879/3560/2879 2880/3561/2880 2888/3569/2888
f 2881/3562/2881 2167/3582/2167 2185/3583/2185
f 2838/3514/2838 2837/3513/2837 2852/3528/2852
f 2898/3584/2898 970/3585/970 976/3586/976
f 2841/3517/2841 2850/3526/2850 2847/3523/2847
f 2855/3531/2855 2833/3507/2833 2867/3545/2867
f 2841/3517/2841 2847/3523/2847 2899/3587/2899
f 2899/3587/2899 2839/3515/2839 2823/3497/2823
f 2860/3536/2860 2838/3514/2838 2852/3528/2852
f 2823/3497/2823 182/3543/182 2899/3587/2899
f 2849/3525/2849 2833/3507/2833 2832/3506/2832
f 2842/3518/2842 2899/3587/2899 182/3543/182
f 2834/3508/2834 2833/3507/2833 2869/3547/2869
f 2900/3588/2900 421/3589/421 2821/3495/2821
f 2872/3553/2872 2878/3559/2878 2802/3464/2802
f 177/3590/177 2842/3518/2842 182/3543/182
f 2893/3576/2893 2901/3591/2901 2895/3578/2895
f 2839/3515/2839 2824/3498/2824 2823/3497/2823
f 2898/3584/2898 976/3586/976 2901/3591/2901
f 2902/3592/2902 2903/3593/2903 2900/3588/2900
f 2845/3521/2845 2850/3526/2850 2831/3505/2831
f 2901/3591/2901 976/3586/976 2895/3578/2895
f 2828/3502/2828 177/3590/177 176/3594/176
f 2899/3587/2899 2842/3518/2842 2841/3517/2841
f 2842/3518/2842 177/3590/177 2828/3502/2828
f 187/3595/187 2903/3593/2903 2902/3592/2902
f 2843/3519/2843 2805/3467/2805 2854/3530/2854
f 2887/3568/2887 2880/3561/2880 2884/3565/2884
f 2879/3560/2879 2821/3495/2821 2816/3483/2816
f 2828/3502/2828 176/3594/176 2826/3500/2826
f 2843/3519/2843 2854/3530/2854 2859/3535/2859
f 2844/3520/2844 2896/3580/2896 2836/3511/2836
f 2866/3544/2866 2870/3548/2870 2867/3545/2867
f 2825/3499/2825 2833/3507/2833 2855/3531/2855
f 2904/3596/2904 2827/3501/2827 2826/3500/2826
f 418/3597/418 2903/3593/2903 187/3595/187
f 2850/3526/2850 2845/3521/2845 2847/3523/2847
f 187/3595/187 2902/3592/2902 188/3598/188
f 2869/3547/2869 2833/3507/2833 2825/3499/2825
f 2892/3575/2892 2901/3591/2901 2893/3576/2893
f 197/3512/197 2825/3499/2825 2856/3532/2856
f 2870/3548/2870 2856/3532/2856 2855/3531/2855
f 2824/3498/2824 2869/3547/2869 2825/3499/2825
f 2832/3506/2832 2896/3580/2896 2849/3525/2849
f 2826/3500/2826 176/3594/176 188/3598/188
f 2805/3467/2805 2831/3505/2831 2806/3468/2806
f 2821/3495/2821 421/3589/421 431/3494/431
f 421/3589/421 2900/3588/2900 2903/3593/2903
f 418/3597/418 421/3589/421 2903/3593/2903
f 2830/3504/2830 2806/3468/2806 2831/3505/2831
f 2899/3587/2899 2847/3523/2847 2839/3515/2839
f 2872/3553/2872 2873/3554/2873 2804/3466/2804
f 2835/3510/2835 2832/3506/2832 2834/3508/2834
f 2193/3552/2193 2905/3599/2905 2191/3600/2191
f 2191/3600/2191 2905/3599/2905 2906/3601/2906
f 2889/3570/2889 2881/3562/2881 2883/3564/2883
f 2820/3493/2820 2801/3463/2801 2811/3475/2811
f 2840/3516/2840 2846/3522/2846 2845/3521/2845
f 2882/3563/2882 2185/3583/2185 2906/3601/2906
f 2861/3537/2861 2906/3601/2906 2905/3599/2905
f 2820/3493/2820 2819/3492/2819 2848/3524/2848
f 2907/3602/2907 2882/3563/2882 2906/3601/2906
f 2895/3578/2895 976/3586/976 989/3579/989
f 2879/3560/2879 2900/3588/2900 2821/3495/2821
f 2829/3503/2829 2850/3526/2850 2908/3603/2908
f 2905/3599/2905 2193/3552/2193 2861/3537/2861
f 966/3604/966 970/3585/970 2898/3584/2898
f 2909/3605/2909 2908/3603/2908 2841/3517/2841
f 2910/3606/2910 2829/3503/2829 2908/3603/2908
f 2829/3503/2829 2911/3607/2911 2830/3504/2830
f 2912/3608/2912 2907/3602/2907 2862/3538/2862
f 2913/3609/2913 2914/3610/2914 2879/3560/2879
f 2887/3568/2887 2915/3611/2915 2913/3609/2913
f 2910/3606/2910 2908/3603/2908 2909/3605/2909
f 2882/3563/2882 2881/3562/2881 2185/3583/2185
f 2911/3607/2911 2916/3612/2916 2830/3504/2830
f 2840/3516/2840 2805/3467/2805 2835/3510/2835
f 2917/3613/2917 2894/3577/2894 2916/3612/2916
f 2877/3558/2877 2918/3614/2918 2919/3615/2919
f 2915/3611/2915 2887/3568/2887 2920/3616/2920
f 188/3598/188 2921/3617/2921 2826/3500/2826
f 188/3598/188 2902/3592/2902 2921/3617/2921
f 2922/3618/2922 2923/3619/2923 2924/3620/2924
f 2910/3606/2910 2909/3605/2909 2925/3621/2925
f 2911/3607/2911 2917/3613/2917 2916/3612/2916
f 2894/3577/2894 2926/3622/2926 2916/3612/2916
f 2807/3469/2807 2812/3476/2812 2808/3470/2808
f 2906/3601/2906 2861/3537/2861 2907/3602/2907
f 2901/3591/2901 2892/3575/2892 2898/3584/2898
f 2914/3610/2914 2900/3588/2900 2879/3560/2879
f 2904/3596/2904 2927/3623/2927 2909/3605/2909
f 2928/3624/2928 2902/3592/2902 2914/3610/2914
f 2890/3571/2890 2875/3556/2875 2895/3578/2895
f 2907/3602/2907 2861/3537/2861 2862/3538/2862
f 2808/3470/2808 2801/3463/2801 2803/3465/2803
f 2829/3503/2829 2910/3606/2910 2911/3607/2911
f 2928/3624/2928 2914/3610/2914 2915/3611/2915
f 2915/3611/2915 2920/3616/2920 2929/3625/2929
f 2930/3626/2930 2917/3613/2917 2911/3607/2911
f 2931/3627/2931 2932/3628/2932 2933/3629/2933
f 2920/3616/2920 2897/3581/2897 2929/3625/2929
f 2909/3605/2909 2927/3623/2927 2925/3621/2925
f 2928/3624/2928 2934/3630/2934 2921/3617/2921
f 2920/3616/2920 2887/3568/2887 2897/3581/2897
f 2930/3626/2930 2925/3621/2925 2935/3631/2935
f 2160/3572/2160 2890/3571/2890 989/3579/989
f 2917/3613/2917 2936/3632/2936 2894/3577/2894
f 2937/3633/2937 2893/3576/2893 2895/3578/2895
f 2906/3601/2906 2185/3583/2185 2191/3600/2191
f 2882/3563/2882 2919/3615/2919 2918/3614/2918
f 2160/3572/2160 2167/3582/2167 2889/3570/2889
f 2917/3613/2917 2923/3619/2923 2936/3632/2936
f 2830/3504/2830 2916/3612/2916 2926/3622/2926
f 2932/3628/2932 2938/3634/2938 2933/3629/2933
f 2889/3570/2889 2875/3556/2875 2890/3571/2890
f 2928/3624/2928 2929/3625/2929 2934/3630/2934
f 2917/3613/2917 2935/3631/2935 2923/3619/2923
f 2915/3611/2915 2914/3610/2914 2913/3609/2913
f 2929/3625/2929 2939/3635/2939 2934/3630/2934
f 2924/3620/2924 2940/3636/2940 2922/3618/2922
f 2904/3596/2904 2826/3500/2826 2927/3623/2927
f 2894/3577/2894 2941/3637/2941 2892/3575/2892
f 2933/3629/2933 2938/3634/2938 2942/3638/2942
f 2941/3637/2941 2936/3632/2936 2923/3619/2923
f 2938/3634/2938 2943/3639/2943 2944/3640/2944
f 985/3641/985 984/3642/984 2940/3636/2940
f 2875/3556/2875 2945/3643/2945 2895/3578/2895
f 2944/3640/2944 2942/3638/2942 2938/3634/2938
f 2946/3644/2946 2947/3645/2947 2943/3639/2943
f 2894/3577/2894 2936/3632/2936 2941/3637/2941
f 2894/3577/2894 2893/3576/2893 2937/3633/2937
f 2948/3646/2948 966/3604/966 2898/3584/2898
f 2925/3621/2925 2934/3630/2934 2949/3647/2949
f 2892/3575/2892 2941/3637/2941 2948/3646/2948
f 2826/3500/2826 2921/3617/2921 2927/3623/2927
f 984/3642/984 2948/3646/2948 2922/3618/2922
f 984/3642/984 2922/3618/2922 2940/3636/2940
f 2925/3621/2925 2930/3626/2930 2910/3606/2910
f 2933/3629/2933 2942/3638/2942 2929/3625/2929
f 2927/3623/2927 2921/3617/2921 2925/3621/2925
f 2871/3551/2871 2809/3471/2809 2194/3539/2194
f 2949/3647/2949 2924/3620/2924 2923/3619/2923
f 2935/3631/2935 2949/3647/2949 2923/3619/2923
f 2948/3646/2948 984/3642/984 966/3604/966
f 2887/3568/2887 2913/3609/2913 2879/3560/2879
f 2930/3626/2930 2911/3607/2911 2910/3606/2910
f 2945/3643/2945 2937/3633/2937 2895/3578/2895
f 2933/3629/2933 2897/3581/2897 2931/3627/2931
f 2941/3637/2941 2923/3619/2923 2922/3618/2922
f 985/3641/985 2940/3636/2940 2944/3640/2944
f 955/3648/955 980/3649/980 2947/3645/2947
f 2944/3640/2944 2939/3635/2939 2942/3638/2942
f 2950/3650/2950 2931/3627/2931 2951/3651/2951
f 2950/3650/2950 2951/3651/2951 2632/3652/2632
f 955/3648/955 2946/3644/2946 2952/3653/2952
f 2931/3627/2931 2950/3650/2950 2932/3628/2932
f 2943/3639/2943 2953/3654/2953 2946/3644/2946
f 2932/3628/2932 2954/3655/2954 2943/3639/2943
f 2629/3656/2629 2581/3657/2581 2953/3654/2953
f 2950/3650/2950 2632/3652/2632 2955/3658/2955
f 2955/3658/2955 2629/3656/2629 2953/3654/2953
f 2931/3627/2931 2897/3581/2897 2884/3565/2884
f 2581/3657/2581 2952/3653/2952 2953/3654/2953
f 2632/3652/2632 2886/3567/2886 2631/3659/2631
f 2924/3620/2924 2949/3647/2949 2939/3635/2939
f 2955/3658/2955 2632/3652/2632 2629/3656/2629
f 2884/3565/2884 2951/3651/2951 2931/3627/2931
f 2886/3567/2886 2508/3574/2508 2631/3659/2631
f 2954/3655/2954 2932/3628/2932 2950/3650/2950
f 2951/3651/2951 2886/3567/2886 2632/3652/2632
f 2813/3477/2813 2812/3476/2812 2837/3513/2837
f 2902/3592/2902 2928/3624/2928 2921/3617/2921
f 2946/3644/2946 2953/3654/2953 2952/3653/2952
f 2949/3647/2949 2935/3631/2935 2925/3621/2925
f 2950/3650/2950 2955/3658/2955 2954/3655/2954
f 2953/3654/2953 2954/3655/2954 2955/3658/2955
f 2909/3605/2909 2841/3517/2841 2904/3596/2904
f 2881/3562/2881 2889/3570/2889 2167/3582/2167
f 2886/3567/2886 2951/3651/2951 2884/3565/2884
f 2946/3644/2946 955/3648/955 2947/3645/2947
f 2943/3639/2943 2954/3655/2954 2953/3654/2953
f 2944/3640/2944 2924/3620/2924 2939/3635/2939
f 2929/3625/2929 2942/3638/2942 2939/3635/2939
f 2949/3647/2949 2934/3630/2934 2939/3635/2939
f 2908/3603/2908 2850/3526/2850 2841/3517/2841
f 2883/3564/2883 2875/3556/2875 2889/3570/2889
f 980/3649/980 2944/3640/2944 2947/3645/2947
f 2948/3646/2948 2941/3637/2941 2922/3618/2922
f 2892/3575/2892 2948/3646/2948 2898/3584/2898
f 2947/3645/2947 2944/3640/2944 2943/3639/2943
f 2875/3556/2875 2874/3555/2874 2945/3643/2945
f 980/3649/980 985/3641/985 2944/3640/2944
f 2937/3633/2937 2926/3622/2926 2894/3577/2894
f 2900/3588/2900 2914/3610/2914 2902/3592/2902
f 2937/3633/2937 2945/3643/2945 2874/3555/2874
f 2932/3628/2932 2943/3639/2943 2938/3634/2938
f 2928/3624/2928 2915/3611/2915 2929/3625/2929
f 2935/3631/2935 2917/3613/2917 2930/3626/2930
f 2944/3640/2944 2940/3636/2940 2924/3620/2924
f 2878/3559/2878 2877/3558/2877 2919/3615/2919
f 2929/3625/2929 2897/3581/2897 2933/3629/2933
f 2883/3564/2883 2877/3558/2877 2875/3556/2875
f 2921/3617/2921 2934/3630/2934 2925/3621/2925
f 2874/3555/2874 2926/3622/2926 2937/3633/2937
f 2875/3556/2875 2877/3558/2877 2876/3557/2876
f 2883/3564/2883 2918/3614/2918 2877/3558/2877
f 2926/3622/2926 2874/3555/2874 2891/3573/2891
f 2882/3563/2882 2918/3614/2918 2883/3564/2883
f 2877/3558/2877 2872/3553/2872 2876/3557/2876
f 2876/3557/2876 2872/3553/2872 2891/3573/2891
f 2871/3551/2871 2807/3469/2807 2809/3471/2809
f 2926/3622/2926 2891/3573/2891 2830/3504/2830
f 2806/3468/2806 2830/3504/2830 2891/3573/2891
f 2873/3554/2873 2854/3530/2854 2804/3466/2804
f 2810/3472/2810 2837/3513/2837 2812/3476/2812
f 2882/3563/2882 2907/3602/2907 2919/3615/2919
f 2919/3615/2919 2907/3602/2907 2912/3608/2912
f 2871/3551/2871 2195/3550/2195 2807/3469/2807
f 2862/3538/2862 2803/3465/2803 2912/3608/2912
f 953/3660/953 2952/3653/2952 2581/3657/2581
f 2810/3472/2810 2818/3491/2818 2837/3513/2837
f 2810/3472/2810 2812/3476/2812 2807/3469/2807
f 2802/3464/2802 2801/3463/2801 2820/3493/2820
f 2803/3465/2803 2878/3559/2878 2919/3615/2919
f 2807/3469/2807 2195/3550/2195 2196/3549/2196
f 2827/3501/2827 2904/3596/2904 2841/3517/2841
f 2504/3489/2504 2817/3484/2817 2815/3482/2815
f 2862/3538/2862 2809/3471/2809 2803/3465/2803
f 2808/3470/2808 2822/3496/2822 2811/3475/2811
f 955/3648/955 2952/3653/2952 953/3660/953
f 2839/3515/2839 2834/3508/2834 2824/3498/2824
f 2808/3470/2808 2803/3465/2803 2809/3471/2809
f 2803/3465/2803 2919/3615/2919 2912/3608/2912
f 2956/3661/2956 185/3662/185 197/3512/197
f 2803/3465/2803 2802/3464/2802 2878/3559/2878
f 2486/3486/2486 2508/3574/2508 2817/3484/2817
f 2844/3520/2844 2849/3525/2849 2896/3580/2896
f 2825/3499/2825 196/3479/196 2814/3478/2814
f 2956/3661/2956 197/3512/197 2856/3532/2856
f 2957/3663/2957 2958/3664/2958 2959/3665/2959
f 2957/3663/2957 2960/3666/2960 2961/3667/2961
f 2962/3668/2962 2963/3669/2963 2964/3670/2964
f 2962/3668/2962 2965/3671/2965 2963/3669/2963
f 2957/3663/2957 2966/3672/2966 2960/3666/2960
f 2963/3669/2963 2965/3671/2965 2967/3673/2967
f 2968/3674/2968 600/3675/600 2969/3676/2969
f 2958/3664/2958 2963/3669/2963 2959/3665/2959
f 2967/3673/2967 2957/3663/2957 2959/3665/2959
f 613/3677/613 606/3678/606 2970/3679/2970
f 2965/3671/2965 2966/3672/2966 2967/3673/2967
f 2971/3680/2971 2972/3681/2972 2966/3672/2966
f 2959/3665/2959 2963/3669/2963 2967/3673/2967
f 2972/3681/2972 2960/3666/2960 2966/3672/2966
f 2973/3682/2973 2974/3683/2974 2975/3684/2975
f 2965/3671/2965 2976/3685/2976 2977/3686/2977
f 2971/3680/2971 2969/3676/2969 2972/3681/2972
f 2970/3679/2970 606/3678/606 600/3675/600
f 2978/3687/2978 2979/3688/2979 2980/3689/2980
f 2977/3686/2977 2966/3672/2966 2965/3671/2965
f 2981/3690/2981 2962/3668/2962 2964/3670/2964
f 2969/3676/2969 2971/3680/2971 2968/3674/2968
f 2970/3679/2970 600/3675/600 2968/3674/2968
f 2970/3679/2970 2982/3691/2982 613/3677/613
f 2971/3680/2971 2977/3686/2977 2983/3692/2983
f 2971/3680/2971 2970/3679/2970 2968/3674/2968
f 2970/3679/2970 2983/3692/2983 2982/3691/2982
f 2975/3684/2975 2980/3689/2980 2979/3688/2979
f 2971/3680/2971 2966/3672/2966 2977/3686/2977
f 2966/3672/2966 2957/3663/2957 2967/3673/2967
f 2984/3693/2984 2973/3682/2973 2975/3684/2975
f 2971/3680/2971 2983/3692/2983 2970/3679/2970
f 2976/3685/2976 2965/3671/2965 2962/3668/2962
f 2985/3694/2985 2986/3695/2986 2978/3687/2978
f 2987/3696/2987 2988/3697/2988 2989/3698/2989
f 2990/3699/2990 2991/3700/2991 2992/3701/2992
f 2993/3702/2993 2994/3703/2994 2995/3704/2995
f 2996/3705/2996 2960/3666/2960 2972/3681/2972
f 2997/3706/2997 2998/3707/2998 2981/3690/2981
f 2999/3708/2999 2998/3707/2998 2997/3706/2997
f 2999/3708/2999 2997/3706/2997 3000/3709/3000
f 2990/3699/2990 2999/3708/2999 3000/3709/3000
f 3001/3710/3001 2988/3697/2988 2987/3696/2987
f 3002/3711/3002 3003/3712/3003 3004/3713/3004
f 3005/3714/3005 3001/3710/3001 3006/3715/3006
f 3007/3716/3007 3005/3714/3005 3006/3715/3006
f 2998/3707/2998 2992/3701/2992 3008/3717/3008
f 3009/3718/3009 2969/3676/2969 3010/3719/3010
f 3011/3720/3011 590/3721/590 3012/3722/3012
f 2978/3687/2978 2986/3695/2986 3007/3716/3007
f 3013/3723/3013 2996/3705/2996 3014/3724/3014
f 3015/3725/3015 2522/3726/2522 2552/3727/2552
f 3016/3728/3016 3014/3724/3014 3017/3729/3017
f 3018/3730/3018 2994/3703/2994 3019/3731/3019
f 3004/3713/3004 3003/3712/3003 3017/3729/3017
f 605/3732/605 3020/3733/3020 3009/3718/3009
f 3021/3734/3021 3022/3735/3022 2988/3697/2988
f 3023/3736/3023 3024/3737/3024 3019/3731/3019
f 2991/3700/2991 3025/3738/3025 2992/3701/2992
f 2996/3705/2996 3026/3739/3026 3014/3724/3014
f 3027/3740/3027 3028/3741/3028 581/3742/581
f 2969/3676/2969 3026/3739/3026 2972/3681/2972
f 3001/3710/3001 3005/3714/3005 3018/3730/3018
f 3029/3743/3029 3030/3744/3030 3031/3745/3031
f 3000/3709/3000 3030/3744/3030 3029/3743/3029
f 3000/3709/3000 2997/3706/2997 3032/3746/3032
f 3033/3747/3033 3031/3745/3031 3030/3744/3030
f 2063/3748/2063 3033/3747/3033 3034/3749/3034
f 3035/3750/3035 3030/3744/3030 3000/3709/3000
f 3032/3746/3032 3035/3750/3035 3000/3709/3000
f 2997/3706/2997 3036/3751/3036 3032/3746/3032
f 3037/3752/3037 3036/3751/3036 2981/3690/2981
f 3038/3753/3038 3033/3747/3033 3030/3744/3030
f 3039/3754/3039 3040/3755/3040 2063/3748/2063
f 3041/3756/3041 3030/3744/3030 3035/3750/3035
f 3032/3746/3032 3042/3757/3042 3035/3750/3035
f 3043/3758/3043 3036/3751/3036 3037/3752/3037
f 2964/3670/2964 3037/3752/3037 2981/3690/2981
f 3038/3753/3038 3030/3744/3030 3041/3756/3041
f 3040/3755/3040 3039/3754/3039 3044/3759/3044
f 2993/3702/2993 3019/3731/3019 2994/3703/2994
f 3032/3746/3032 3045/3760/3045 3042/3757/3042
f 3034/3749/3034 3046/3761/3046 3039/3754/3039
f 3042/3757/3042 3041/3756/3041 3035/3750/3035
f 3043/3758/3043 3037/3752/3037 3047/3762/3047
f 3048/3763/3048 3037/3752/3037 2964/3670/2964
f 3048/3763/3048 2964/3670/2964 2958/3664/2958
f 3038/3753/3038 3049/3764/3049 3046/3761/3046
f 3050/3765/3050 3004/3713/3004 3017/3729/3017
f 3046/3761/3046 3051/3766/3051 3039/3754/3039
f 3039/3754/3039 3051/3766/3051 3044/3759/3044
f 3028/3741/3028 2983/3692/2983 2977/3686/2977
f 3040/3755/3040 3044/3759/3044 2037/3767/2037
f 2989/3698/2989 3052/3768/3052 3053/3769/3053
f 590/3721/590 614/3770/614 3012/3722/3012
f 3054/3771/3054 581/3742/581 3055/3772/3055
f 3056/3773/3056 3011/3720/3011 3057/3774/3057
f 3058/3775/3058 3004/3713/3004 3057/3774/3057
f 3041/3756/3041 3042/3757/3042 3059/3776/3059
f 3047/3762/3047 3045/3760/3045 3043/3758/3043
f 3037/3752/3037 3060/3777/3060 3047/3762/3047
f 3045/3760/3045 3059/3776/3059 3042/3757/3042
f 3060/3777/3060 3037/3752/3037 3048/3763/3048
f 2997/3706/2997 2981/3690/2981 3036/3751/3036
f 3061/3778/3061 3049/3764/3049 3041/3756/3041
f 3062/3779/3062 3028/3741/3028 3027/3740/3027
f 3063/3780/3063 605/3732/605 590/3721/590
f 3064/3781/3064 3055/3772/3055 581/3742/581
f 3045/3760/3045 3065/3782/3065 3059/3776/3059
f 2063/3748/2063 3034/3749/3034 3039/3754/3039
f 3066/3783/3066 3067/3784/3067 2060/3785/2060
f 3045/3760/3045 3047/3762/3047 3065/3782/3065
f 3049/3764/3049 3061/3778/3061 3068/3786/3068
f 3007/3716/3007 2986/3695/2986 3005/3714/3005
f 2510/3787/2510 3064/3781/3064 581/3742/581
f 3069/3788/3069 2048/3789/2048 3044/3759/3044
f 3021/3734/3021 3019/3731/3019 3024/3737/3024
f 3069/3788/3069 3051/3766/3051 3066/3783/3066
f 3050/3765/3050 3014/3724/3014 3020/3733/3020
f 3070/3790/3070 3071/3791/3071 3072/3792/3072
f 3073/3793/3073 3016/3728/3016 2995/3704/2995
f 3015/3725/3015 2520/3794/2520 2522/3726/2522
f 2969/3676/2969 3009/3718/3009 3026/3739/3026
f 2974/3683/2974 3074/3795/3074 3075/3796/3075
f 3058/3775/3058 3002/3711/3002 3004/3713/3004
f 3076/3797/3076 3068/3786/3068 3061/3778/3061
f 3048/3763/3048 3075/3796/3075 3060/3777/3060
f 1692/3798/1692 2991/3700/2991 2009/3799/2009
f 2999/3708/2999 2992/3701/2992 2998/3707/2998
f 3009/3718/3009 3010/3719/3010 592/3800/592
f 2988/3697/2988 3018/3730/3018 3021/3734/3021
f 2060/3785/2060 3067/3784/3067 3077/3801/3077
f 2974/3683/2974 2973/3682/2973 3074/3795/3074
f 2018/3802/2018 3033/3747/3033 2063/3748/2063
f 3078/3803/3078 3079/3804/3079 3065/3782/3065
f 3041/3756/3041 3049/3764/3049 3038/3753/3038
f 3078/3803/3078 3075/3796/3075 3080/3805/3080
f 3080/3805/3080 3075/3796/3075 3074/3795/3074
f 3081/3806/3081 3066/3783/3066 3068/3786/3068
f 3082/3807/3082 3018/3730/3018 3005/3714/3005
f 2987/3696/2987 2989/3698/2989 3083/3808/3083
f 3082/3807/3082 3005/3714/3005 2986/3695/2986
f 3023/3736/3023 3084/3809/3084 3024/3737/3024
f 3085/3810/3085 3074/3795/3074 2973/3682/2973
f 3063/3780/3063 3004/3713/3004 3050/3765/3050
f 2994/3703/2994 2986/3695/2986 3086/3811/3086
f 3066/3783/3066 2048/3789/2048 3069/3788/3069
f 3076/3797/3076 3087/3812/3087 3088/3813/3088
f 3089/3814/3089 3080/3805/3080 3085/3810/3085
f 3069/3788/3069 3044/3759/3044 3051/3766/3051
f 3076/3797/3076 3090/3815/3090 3081/3806/3081
f 3087/3812/3087 3065/3782/3065 3079/3804/3079
f 3022/3735/3022 3024/3737/3024 3091/3816/3091
f 3078/3803/3078 3080/3805/3080 3079/3804/3079
f 3080/3805/3080 3074/3795/3074 3085/3810/3085
f 3081/3806/3081 3067/3784/3067 3066/3783/3066
f 2520/3794/2520 3015/3725/3015 3092/3817/3092
f 3093/3818/3093 3094/3819/3094 3095/3820/3095
f 3003/3712/3003 3002/3711/3002 3096/3821/3096
f 3021/3734/3021 3018/3730/3018 3019/3731/3019
f 2614/3822/2614 3092/3817/3092 2615/3823/2615
f 3018/3730/3018 3082/3807/3082 2994/3703/2994
f 2973/3682/2973 3097/3824/3097 3085/3810/3085
f 3006/3715/3006 2973/3682/2973 2984/3693/2984
f 3088/3813/3088 3090/3815/3090 3076/3797/3076
f 3065/3782/3065 3047/3762/3047 3078/3803/3078
f 3070/3790/3070 3081/3806/3081 3090/3815/3090
f 2615/3823/2615 3055/3772/3055 3064/3781/3064
f 2047/3825/2047 2060/3785/2060 3077/3801/3077
f 3027/3740/3027 3054/3771/3054 3098/3826/3098
f 2991/3700/2991 2990/3699/2990 3031/3745/3031
f 3085/3810/3085 3097/3824/3097 3089/3814/3089
f 3070/3790/3070 3090/3815/3090 3071/3791/3071
f 2615/3823/2615 3064/3781/3064 2621/3827/2621
f 3067/3784/3067 3070/3790/3070 3072/3792/3072
f 2958/3664/2958 2974/3683/2974 3048/3763/3048
f 3054/3771/3054 3055/3772/3055 2615/3823/2615
f 3050/3765/3050 3017/3729/3017 3014/3724/3014
f 3077/3801/3077 3067/3784/3067 3072/3792/3072
f 3077/3801/3077 2041/3828/2041 2047/3825/2047
f 3062/3779/3062 3027/3740/3027 3099/3829/3099
f 3092/3817/3092 3054/3771/3054 2615/3823/2615
f 3097/3824/3097 3100/3830/3100 3089/3814/3089
f 3072/3792/3072 2041/3828/2041 3077/3801/3077
f 3088/3813/3088 3101/3831/3101 3071/3791/3071
f 3064/3781/3064 2510/3787/2510 2621/3827/2621
f 3015/3725/3015 3098/3826/3098 3092/3817/3092
f 3102/3832/3102 3103/3833/3103 3084/3809/3084
f 3084/3809/3084 3023/3736/3023 3104/3834/3104
f 3019/3731/3019 2993/3702/2993 3023/3736/3023
f 3027/3740/3027 3098/3826/3098 3099/3829/3099
f 3105/3835/3105 3104/3834/3104 3106/3836/3106
f 3072/3792/3072 3107/3837/3107 2041/3828/2041
f 3081/3806/3081 3070/3790/3070 3067/3784/3067
f 3099/3829/3099 3098/3826/3098 3015/3725/3015
f 3092/3817/3092 3098/3826/3098 3054/3771/3054
f 3036/3751/3036 3045/3760/3045 3032/3746/3032
f 3100/3830/3100 3108/3838/3108 3089/3814/3089
f 3071/3791/3071 3107/3837/3107 3072/3792/3072
f 2982/3691/2982 2983/3692/2983 3028/3741/3028
f 3099/3829/3099 3015/3725/3015 2552/3727/2552
f 3026/3739/3026 3009/3718/3009 3020/3733/3020
f 2995/3704/2995 3016/3728/3016 3096/3821/3096
f 3062/3779/3062 3099/3829/3099 2552/3727/2552
f 605/3732/605 3050/3765/3050 3020/3733/3020
f 3108/3838/3108 3083/3808/3083 3107/3837/3107
f 3108/3838/3108 3071/3791/3071 3101/3831/3101
f 590/3721/590 3011/3720/3011 3063/3780/3063
f 2073/3839/2073 2042/3840/2042 3107/3837/3107
f 3094/3819/3094 3093/3818/3093 2051/3841/2051
f 3100/3830/3100 3083/3808/3083 3108/3838/3108
f 3083/3808/3083 3053/3769/3053 3107/3837/3107
f 3018/3730/3018 2988/3697/2988 3001/3710/3001
f 3046/3761/3046 3034/3749/3034 3038/3753/3038
f 3102/3832/3102 3104/3834/3104 3105/3835/3105
f 3053/3769/3053 3083/3808/3083 2989/3698/2989
f 3109/3842/3109 2994/3703/2994 3086/3811/3086
f 3028/3741/3028 3062/3779/3062 2982/3691/2982
f 3017/3729/3017 3003/3712/3003 3016/3728/3016
f 3065/3782/3065 3061/3778/3061 3059/3776/3059
f 3057/3774/3057 3063/3780/3063 3056/3773/3056
f 3078/3803/3078 3060/3777/3060 3075/3796/3075
f 2048/3789/2048 3066/3783/3066 2060/3785/2060
f 3101/3831/3101 3079/3804/3079 3080/3805/3080
f 3101/3831/3101 3080/3805/3080 3089/3814/3089
f 3051/3766/3051 3049/3764/3049 3066/3783/3066
f 3091/3816/3091 3024/3737/3024 3094/3819/3094
f 3096/3821/3096 3104/3834/3104 2993/3702/2993
f 3092/3817/3092 2614/3822/2614 2520/3794/2520
f 3109/3842/3109 3110/3843/3110 2994/3703/2994
f 2987/3696/2987 3083/3808/3083 3097/3824/3097
f 3016/3728/3016 3073/3793/3073 3014/3724/3014
f 3111/3844/3111 3109/3842/3109 3086/3811/3086
f 3083/3808/3083 3100/3830/3100 3097/3824/3097
f 2976/3685/2976 581/3742/581 2977/3686/2977
f 3068/3786/3068 3066/3783/3066 3049/3764/3049
f 3095/3820/3095 3094/3819/3094 3024/3737/3024
f 2050/3845/2050 3112/3846/3112 3091/3816/3091
f 3044/3759/3044 2048/3789/2048 2037/3767/2037
f 3059/3776/3059 3061/3778/3061 3041/3756/3041
f 3081/3806/3081 3068/3786/3068 3076/3797/3076
f 2989/3698/2989 3113/3847/3113 2068/3848/2068
f 2068/3848/2068 3112/3846/3112 2050/3845/2050
f 3112/3846/3112 2068/3848/2068 3113/3847/3113
f 3114/3849/3114 2982/3691/2982 3062/3779/3062
f 3076/3797/3076 3061/3778/3061 3087/3812/3087
f 2501/3850/2501 607/3851/607 3114/3849/3114
f 3022/3735/3022 3113/3847/3113 2989/3698/2989
f 3087/3812/3087 3079/3804/3079 3088/3813/3088
f 3096/3821/3096 2993/3702/2993 2995/3704/2995
f 3108/3838/3108 3107/3837/3107 3071/3791/3071
f 3096/3821/3096 3002/3711/3002 3115/3852/3115
f 3114/3849/3114 2552/3727/2552 2501/3850/2501
f 581/3742/581 20/3853/20 160/3854/160
f 3112/3846/3112 3113/3847/3113 3022/3735/3022
f 2984/3693/2984 2978/3687/2978 3007/3716/3007
f 592/3800/592 605/3732/605 3009/3718/3009
f 3033/3747/3033 2018/3802/2018 3031/3745/3031
f 3078/3803/3078 3047/3762/3047 3060/3777/3060
f 2552/3727/2552 3114/3849/3114 3062/3779/3062
f 2055/3855/2055 3052/3768/3052 2068/3848/2068
f 3114/3849/3114 607/3851/607 613/3677/613
f 3088/3813/3088 3079/3804/3079 3101/3831/3101
f 3036/3751/3036 3043/3758/3043 3045/3760/3045
f 3115/3852/3115 3116/3856/3116 3096/3821/3096
f 3110/3843/3110 2995/3704/2995 2994/3703/2994
f 2055/3855/2055 2073/3839/2073 3052/3768/3052
f 3106/3836/3106 3096/3821/3096 3116/3856/3116
f 3114/3849/3114 613/3677/613 2982/3691/2982
f 2051/3841/2051 3091/3816/3091 3094/3819/3094
f 3103/3833/3103 3095/3820/3095 3084/3809/3084
f 3053/3769/3053 3052/3768/3052 3107/3837/3107
f 3084/3809/3084 3095/3820/3095 3024/3737/3024
f 2051/3841/2051 2050/3845/2050 3091/3816/3091
f 581/3742/581 3117/3857/3117 1717/3858/1717
f 3089/3814/3089 3108/3838/3108 3101/3831/3101
f 2063/3748/2063 3040/3755/3040 2037/3767/2037
f 3011/3720/3011 3056/3773/3056 3063/3780/3063
f 1717/3858/1717 3118/3859/3118 1691/3860/1691
f 3050/3765/3050 605/3732/605 3063/3780/3063
f 3061/3778/3061 3065/3782/3065 3087/3812/3087
f 3057/3774/3057 3004/3713/3004 3063/3780/3063
f 3111/3844/3111 3110/3843/3110 3109/3842/3109
f 3117/3857/3117 3118/3859/3118 1717/3858/1717
f 3075/3796/3075 3048/3763/3048 2974/3683/2974
f 2995/3704/2995 3110/3843/3110 3073/3793/3073
f 2041/3828/2041 3107/3837/3107 2042/3840/2042
f 2073/3839/2073 3107/3837/3107 3052/3768/3052
f 3027/3740/3027 581/3742/581 3054/3771/3054
f 3084/3809/3084 3104/3834/3104 3102/3832/3102
f 2989/3698/2989 2068/3848/2068 3052/3768/3052
f 3118/3859/3118 3117/3857/3117 2992/3701/2992
f 3106/3836/3106 3104/3834/3104 3096/3821/3096
f 3014/3724/3014 3073/3793/3073 3013/3723/3013
f 3038/3753/3038 3034/3749/3034 3033/3747/3033
f 3049/3764/3049 3051/3766/3051 3046/3761/3046
f 3022/3735/3022 3091/3816/3091 3112/3846/3112
f 581/3742/581 1717/3858/1717 18/3861/18
f 2991/3700/2991 1692/3798/1692 3025/3738/3025
f 3071/3791/3071 3090/3815/3090 3088/3813/3088
f 3118/3859/3118 1692/3798/1692 1691/3860/1691
f 581/3742/581 3028/3741/3028 2977/3686/2977
f 3006/3715/3006 3097/3824/3097 2973/3682/2973
f 3093/3818/3093 3095/3820/3095 3103/3833/3103
f 581/3742/581 18/3861/18 20/3853/20
f 2998/3707/2998 3119/3862/3119 2981/3690/2981
f 2981/3690/2981 3119/3862/3119 2962/3668/2962
f 2998/3707/2998 3008/3717/3008 3119/3862/3119
f 2988/3697/2988 3022/3735/3022 2989/3698/2989
f 3086/3811/3086 2960/3666/2960 3111/3844/3111
f 3013/3723/3013 3110/3843/3110 3111/3844/3111
f 3031/3745/3031 2009/3799/2009 2991/3700/2991
f 581/3742/581 2976/3685/2976 3117/3857/3117
f 3119/3862/3119 3008/3717/3008 2962/3668/2962
f 2972/3681/2972 3026/3739/3026 2996/3705/2996
f 2962/3668/2962 3008/3717/3008 3120/3863/3120
f 2992/3701/2992 3025/3738/3025 3118/3859/3118
f 3008/3717/3008 3117/3857/3117 2976/3685/2976
f 3120/3863/3120 2976/3685/2976 2962/3668/2962
f 2992/3701/2992 3117/3857/3117 3008/3717/3008
f 3013/3723/3013 3073/3793/3073 3110/3843/3110
f 3111/3844/3111 2960/3666/2960 2996/3705/2996
f 3029/3743/3029 2990/3699/2990 3000/3709/3000
f 3016/3728/3016 3003/3712/3003 3096/3821/3096
f 3031/3745/3031 2018/3802/2018 2009/3799/2009
f 3082/3807/3082 2986/3695/2986 2994/3703/2994
f 2969/3676/2969 600/3675/600 3010/3719/3010
f 3097/3824/3097 3006/3715/3006 2987/3696/2987
f 2987/3696/2987 3006/3715/3006 3001/3710/3001
f 3120/3863/3120 3008/3717/3008 2976/3685/2976
f 3010/3719/3010 600/3675/600 592/3800/592
f 2990/3699/2990 3029/3743/3029 3031/3745/3031
f 2990/3699/2990 2992/3701/2992 2999/3708/2999
f 3007/3716/3007 3006/3715/3006 2984/3693/2984
f 3104/3834/3104 3023/3736/3023 2993/3702/2993
f 3025/3738/3025 1692/3798/1692 3118/3859/3118
f 3026/3739/3026 3020/3733/3020 3014/3724/3014
f 3024/3737/3024 3022/3735/3022 3021/3734/3021
f 2996/3705/2996 3013/3723/3013 3111/3844/3111
f 2975/3684/2975 2979/3688/2979 2984/3693/2984
f 2980/3689/2980 2975/3684/2975 3121/3864/3121
f 2961/3667/2961 2985/3694/2985 2978/3687/2978
f 2986/3695/2986 2985/3694/2985 3086/3811/3086
f 2958/3664/2958 3121/3864/3121 2974/3683/2974
f 2957/3663/2957 2980/3689/2980 3121/3864/3121
f 2980/3689/2980 2961/3667/2961 2978/3687/2978
f 3086/3811/3086 2985/3694/2985 2961/3667/2961
f 2957/3663/2957 3121/3864/3121 2958/3664/2958
f 2963/3669/2963 2958/3664/2958 2964/3670/2964
f 2978/3687/2978 2984/3693/2984 2979/3688/2979
f 2957/3663/2957 2961/3667/2961 2980/3689/2980
f 2974/3683/2974 3121/3864/3121 2975/3684/2975
f 2960/3666/2960 3086/3811/3086 2961/3667/2961
f 3122/3865/3122 3123/3866/3123 3124/3867/3124
f 3125/3868/3125 3126/3869/3126 3127/3870/3127
f 3128/3871/3128 3129/3872/3129 3130/3873/3130
f 3123/3866/3123 3131/3874/3131 3124/3867/3124
f 1343/3875/1343 1345/3876/1345 3132/3877/3132
f 3132/3877/3132 1345/3876/1345 3133/3878/3133
f 3130/3873/3130 3134/3879/3134 3128/3871/3128
f 3135/3880/3135 3136/3881/3136 3137/3882/3137
f 3132/3877/3132 3138/3883/3138 1343/3875/1343
f 3139/3884/3139 3140/3885/3140 3141/3886/3141
f 3133/3878/3133 3142/3887/3142 3132/3877/3132
f 3143/3888/3143 3144/3889/3144 3138/3883/3138
f 3145/3890/3145 3146/3891/3146 3144/3889/3144
f 3147/3892/3147 3148/3893/3148 3149/3894/3149
f 3133/3878/3133 3150/3895/3150 3142/3887/3142
f 3142/3887/3142 3151/3896/3151 3132/3877/3132
f 3143/3888/3143 3152/3897/3152 3144/3889/3144
f 3143/3888/3143 3153/3898/3153 3152/3897/3152
f 3154/3899/3154 3155/3900/3155 3145/3890/3145
f 3123/3866/3123 3156/3901/3156 3157/3902/3157
f 3158/3903/3158 2448/3904/2448 2463/3905/2463
f 3143/3888/3143 3138/3883/3138 3151/3896/3151
f 3159/3906/3159 3160/3907/3160 1942/3908/1942
f 3161/3909/3161 3162/3910/3162 3151/3896/3151
f 3163/3911/3163 3152/3897/3152 3153/3898/3153
f 3164/3912/3164 3145/3890/3145 3155/3900/3155
f 3140/3885/3140 3165/3913/3165 3166/3914/3166
f 3167/3915/3167 3168/3916/3168 3169/3917/3169
f 3170/3918/3170 3140/3885/3140 3139/3884/3139
f 3171/3919/3171 3124/3867/3124 3172/3920/3172
f 3173/3921/3173 3170/3918/3170 3139/3884/3139
f 3174/3922/3174 1714/3923/1714 1677/3924/1677
f 3175/3925/3175 3166/3914/3166 1697/3926/1697
f 3173/3921/3173 3176/3927/3176 3177/3928/3177
f 3170/3918/3170 3173/3921/3173 3177/3928/3177
f 3178/3929/3178 3165/3913/3165 1738/3930/1738
f 3179/3931/3179 3180/3932/3180 3181/3933/3181
f 3182/3934/3182 3183/3935/3183 3137/3882/3137
f 3156/3901/3156 3184/3936/3184 3157/3902/3157
f 3124/3867/3124 3131/3874/3131 3172/3920/3172
f 3173/3921/3173 3139/3884/3139 3185/3937/3185
f 3186/3938/3186 3187/3939/3187 3174/3922/3174
f 1345/3876/1345 1378/3940/1378 3133/3878/3133
f 3150/3895/3150 3129/3872/3129 3128/3871/3128
f 3157/3902/3157 3131/3874/3131 3123/3866/3123
f 3188/3941/3188 3136/3881/3136 3135/3880/3135
f 3185/3937/3185 3141/3886/3141 3136/3881/3136
f 3179/3931/3179 3189/3942/3189 3147/3892/3147
f 3129/3872/3129 3168/3916/3168 3167/3915/3167
f 3190/3943/3190 3191/3944/3191 3192/3945/3192
f 3148/3893/3148 3147/3892/3147 3189/3942/3189
f 3156/3901/3156 3193/3946/3193 3184/3936/3184
f 3194/3947/3194 3193/3946/3193 3156/3901/3156
f 3195/3948/3195 3134/3879/3134 3130/3873/3130
f 3133/3878/3133 3168/3916/3168 3150/3895/3150
f 3183/3935/3183 3196/3949/3196 3197/3950/3197
f 3135/3880/3135 3192/3945/3192 3188/3941/3188
f 1391/3951/1391 3198/3952/3198 1378/3940/1378
f 3168/3916/3168 3133/3878/3133 1378/3940/1378
f 3196/3949/3196 1670/3953/1670 1672/3954/1672
f 3122/3865/3122 3194/3947/3194 3156/3901/3156
f 3199/3955/3199 3174/3922/3174 1677/3924/1677
f 3175/3925/3175 3182/3934/3182 3137/3882/3137
f 3184/3936/3184 3193/3946/3193 3199/3955/3199
f 3194/3947/3194 3200/3956/3200 3193/3946/3193
f 1714/3923/1714 3174/3922/3174 3187/3939/3187
f 1670/3953/1670 3183/3935/3183 3182/3934/3182
f 3201/3957/3201 3148/3893/3148 3202/3958/3202
f 3195/3948/3195 3149/3894/3149 3148/3893/3148
f 3129/3872/3129 3150/3895/3150 3168/3916/3168
f 3137/3882/3137 3141/3886/3141 3203/3959/3203
f 1378/3940/1378 3198/3952/3198 3168/3916/3168
f 3124/3867/3124 3194/3947/3194 3122/3865/3122
f 1695/3960/1695 3186/3938/3186 1747/3961/1747
f 3180/3932/3180 3188/3941/3188 3204/3962/3204
f 3205/3963/3205 3179/3931/3179 3147/3892/3147
f 3167/3915/3167 3169/3917/3169 3205/3963/3205
f 3200/3956/3200 3194/3947/3194 3206/3964/3206
f 3148/3893/3148 3189/3942/3189 3202/3958/3202
f 3186/3938/3186 3174/3922/3174 3199/3955/3199
f 3200/3956/3200 3206/3964/3206 3193/3946/3193
f 3149/3894/3149 3130/3873/3130 3167/3915/3167
f 3207/3965/3207 3205/3963/3205 3208/3966/3208
f 3198/3952/3198 3209/3967/3209 3168/3916/3168
f 3129/3872/3129 3167/3915/3167 3130/3873/3130
f 3204/3962/3204 3194/3947/3194 3124/3867/3124
f 3197/3950/3197 3193/3946/3193 3206/3964/3206
f 3153/3898/3153 3162/3910/3162 3210/3968/3210
f 3152/3897/3152 3163/3911/3163 3154/3899/3154
f 3154/3899/3154 3164/3912/3164 3155/3900/3155
f 2463/3905/2463 2465/3969/2465 3158/3903/3158
f 3195/3948/3195 3130/3873/3130 3149/3894/3149
f 3186/3938/3186 3196/3949/3196 1747/3961/1747
f 3127/3870/3127 3158/3903/3158 3211/3970/3211
f 3186/3938/3186 3193/3946/3193 3197/3950/3197
f 3160/3907/3160 3212/3971/3212 1673/3972/1673
f 3213/3973/3213 3212/3971/3212 3214/3974/3214
f 3160/3907/3160 3215/3975/3215 3212/3971/3212
f 3193/3946/3193 3186/3938/3186 3199/3955/3199
f 3159/3906/3159 3215/3975/3215 3160/3907/3160
f 3191/3944/3191 3206/3964/3206 3194/3947/3194
f 3171/3919/3171 3204/3962/3204 3124/3867/3124
f 3175/3925/3175 1697/3926/1697 1663/3976/1663
f 3191/3944/3191 3204/3962/3204 3188/3941/3188
f 3179/3931/3179 3181/3933/3181 3189/3942/3189
f 3162/3910/3162 3161/3909/3161 3210/3968/3210
f 3191/3944/3191 3194/3947/3194 3204/3962/3204
f 3167/3915/3167 3147/3892/3147 3149/3894/3149
f 3134/3879/3134 3161/3909/3161 3150/3895/3150
f 3180/3932/3180 3204/3962/3204 3171/3919/3171
f 3153/3898/3153 3210/3968/3210 3163/3911/3163
f 3205/3963/3205 3216/3977/3216 3208/3966/3208
f 3147/3892/3147 3167/3915/3167 3205/3963/3205
f 3169/3917/3169 3209/3967/3209 3216/3977/3216
f 3208/3966/3208 3136/3881/3136 3207/3965/3207
f 3154/3899/3154 3163/3911/3163 3217/3978/3217
f 3171/3919/3171 3181/3933/3181 3180/3932/3180
f 3154/3899/3154 3218/3979/3218 3164/3912/3164
f 3141/3886/3141 3140/3885/3140 3203/3959/3203
f 3209/3967/3209 3169/3917/3169 3168/3916/3168
f 3196/3949/3196 3186/3938/3186 3197/3950/3197
f 1671/3980/1671 3182/3934/3182 1663/3976/1663
f 3137/3882/3137 3183/3935/3183 3190/3943/3190
f 3158/3903/3158 2465/3969/2465 3211/3970/3211
f 3219/3981/3219 3164/3912/3164 3218/3979/3218
f 3220/3982/3220 2448/3904/2448 3158/3903/3158
f 3188/3941/3188 3192/3945/3192 3191/3944/3191
f 3136/3881/3136 3208/3966/3208 3185/3937/3185
f 3139/3884/3139 3141/3886/3141 3185/3937/3185
f 3187/3939/3187 3186/3938/3186 1695/3960/1695
f 3165/3913/3165 1697/3926/1697 3166/3914/3166
f 3197/3950/3197 3190/3943/3190 3183/3935/3183
f 3181/3933/3181 3171/3919/3171 3172/3920/3172
f 3207/3965/3207 3188/3941/3188 3180/3932/3180
f 3202/3958/3202 3189/3942/3189 3181/3933/3181
f 3179/3931/3179 3205/3963/3205 3207/3965/3207
f 3206/3964/3206 3191/3944/3191 3197/3950/3197
f 3169/3917/3169 3216/3977/3216 3205/3963/3205
f 3180/3932/3180 3179/3931/3179 3207/3965/3207
f 3201/3957/3201 3195/3948/3195 3148/3893/3148
f 3192/3945/3192 3135/3880/3135 3137/3882/3137
f 3137/3882/3137 3203/3959/3203 3175/3925/3175
f 3165/3913/3165 3177/3928/3177 3176/3927/3176
f 1671/3980/1671 1670/3953/1670 3182/3934/3182
f 3127/3870/3127 3220/3982/3220 3158/3903/3158
f 3127/3870/3127 3221/3983/3221 3220/3982/3220
f 2007/3984/2007 3222/3985/3222 3159/3906/3159
f 3223/3986/3223 3213/3973/3213 3214/3974/3214
f 3224/3987/3224 3215/3975/3215 3159/3906/3159
f 3163/3911/3163 3210/3968/3210 3225/3988/3225
f 3125/3868/3125 3211/3970/3211 2465/3969/2465
f 3226/3989/3226 3173/3921/3173 3185/3937/3185
f 3222/3985/3222 3224/3987/3224 3159/3906/3159
f 3213/3973/3213 1674/3990/1674 1673/3972/1673
f 3223/3986/3223 3227/3991/3227 3213/3973/3213
f 3214/3974/3214 3228/3992/3228 3223/3986/3223
f 3150/3895/3150 3151/3896/3151 3142/3887/3142
f 2465/3969/2465 3219/3981/3219 3218/3979/3218
f 3134/3879/3134 3229/3993/3229 3210/3968/3210
f 3210/3968/3210 3230/3994/3230 3225/3988/3225
f 3225/3988/3225 3231/3995/3231 3217/3978/3217
f 3231/3995/3231 3218/3979/3218 3217/3978/3217
f 3232/3996/3232 3185/3937/3185 3208/3966/3208
f 3214/3974/3214 3212/3971/3212 3215/3975/3215
f 3227/3991/3227 3223/3986/3223 3228/3992/3228
f 3215/3975/3215 3233/3997/3233 3228/3992/3228
f 3215/3975/3215 3224/3987/3224 3233/3997/3233
f 1359/3998/1359 3176/3927/3176 1410/3999/1410
f 3134/3879/3134 3195/3948/3195 3229/3993/3229
f 1381/4000/1381 3234/4001/3234 3209/3967/3209
f 3235/4002/3235 3236/4003/3236 3184/3936/3184
f 1674/3990/1674 3237/4004/3237 1677/3924/1677
f 3173/3921/3173 1410/3999/1410 3176/3927/3176
f 3238/4005/3238 3239/4006/3239 3225/3988/3225
f 3125/3868/3125 3231/3995/3231 3239/4006/3239
f 3240/4007/3240 3241/4008/3241 3242/4009/3242
f 1391/3951/1391 1409/4010/1409 3198/3952/3198
f 3217/3978/3217 3163/3911/3163 3225/3988/3225
f 1677/3924/1677 3237/4004/3237 3243/4011/3243
f 3243/4011/3243 3237/4004/3237 3244/4012/3244
f 3227/3991/3227 3245/4013/3245 3244/4012/3244
f 1674/3990/1674 3227/3991/3227 3244/4012/3244
f 3161/3909/3161 3134/3879/3134 3210/3968/3210
f 3238/4005/3238 3195/3948/3195 3246/4014/3246
f 3247/4015/3247 3125/3868/3125 3239/4006/3239
f 3241/4008/3241 3248/4016/3248 3242/4009/3242
f 3246/4014/3246 3195/3948/3195 3201/3957/3201
f 3234/4001/3234 3216/3977/3216 3209/3967/3209
f 3214/3974/3214 3215/3975/3215 3228/3992/3228
f 3199/3955/3199 1677/3924/1677 3243/4011/3243
f 3245/4013/3245 3243/4011/3243 3244/4012/3244
f 3249/4017/3249 3250/4018/3250 3251/4019/3251
f 3230/3994/3230 3238/4005/3238 3225/3988/3225
f 3238/4005/3238 3246/4014/3246 3252/4020/3252
f 3216/3977/3216 3253/4021/3253 3232/3996/3232
f 3127/3870/3127 3126/3869/3126 3254/4022/3254
f 3243/4011/3243 3235/4002/3235 3199/3955/3199
f 3248/4016/3248 3255/4023/3255 3256/4024/3256
f 3256/4024/3256 3257/4025/3257 3245/4013/3245
f 3184/3936/3184 3199/3955/3199 3235/4002/3235
f 3181/3933/3181 3258/4026/3258 3202/3958/3202
f 3259/4027/3259 3260/4028/3260 3246/4014/3246
f 3252/4020/3252 3246/4014/3246 3260/4028/3260
f 3201/3957/3201 3259/4027/3259 3246/4014/3246
f 3257/4025/3257 3235/4002/3235 3243/4011/3243
f 3224/3987/3224 3240/4007/3240 3233/3997/3233
f 3255/4023/3255 3257/4025/3257 3256/4024/3256
f 3126/3869/3126 3261/4029/3261 3254/4022/3254
f 3262/4030/3262 3157/3902/3157 3236/4003/3236
f 3261/4029/3261 3126/3869/3126 3263/4031/3263
f 3248/4016/3248 3264/4032/3264 3255/4023/3255
f 3259/4027/3259 3201/3957/3201 3202/3958/3202
f 3161/3909/3161 3151/3896/3151 3150/3895/3150
f 3185/3937/3185 3232/3996/3232 3253/4021/3253
f 3218/3979/3218 3125/3868/3125 2465/3969/2465
f 3260/4028/3260 3265/4033/3265 3252/4020/3252
f 3126/3869/3126 3266/4034/3266 3263/4031/3263
f 3266/4034/3266 3252/4020/3252 3265/4033/3265
f 3267/4035/3267 3257/4025/3257 3255/4023/3255
f 3211/3970/3211 3125/3868/3125 3127/3870/3127
f 3236/4003/3236 3235/4002/3235 3268/4036/3268
f 3226/3989/3226 1410/3999/1410 3173/3921/3173
f 1409/4010/1409 1381/4000/1381 3198/3952/3198
f 3239/4006/3239 3252/4020/3252 3247/4015/3247
f 3262/4030/3262 3236/4003/3236 3269/4037/3269
f 3262/4030/3262 3269/4037/3269 3270/4038/3270
f 3259/4027/3259 3271/4039/3271 3272/4040/3272
f 3172/3920/3172 3273/4041/3273 3258/4026/3258
f 1410/3999/1410 3226/3989/3226 1380/4042/1380
f 1380/4042/1380 3234/4001/3234 1381/4000/1381
f 3209/3967/3209 3198/3952/3198 1381/4000/1381
f 3263/4031/3263 3274/4043/3274 3261/4029/3261
f 3234/4001/3234 1380/4042/1380 3226/3989/3226
f 3253/4021/3253 3226/3989/3226 3185/3937/3185
f 3234/4001/3234 3226/3989/3226 3253/4021/3253
f 3216/3977/3216 3234/4001/3234 3253/4021/3253
f 3216/3977/3216 3232/3996/3232 3208/3966/3208
f 2007/3984/2007 3159/3906/3159 1941/4044/1941
f 3231/3995/3231 3225/3988/3225 3239/4006/3239
f 3265/4033/3265 3260/4028/3260 3272/4040/3272
f 3221/3983/3221 3127/3870/3127 3254/4022/3254
f 3265/4033/3265 3263/4031/3263 3266/4034/3266
f 3242/4009/3242 3248/4016/3248 3256/4024/3256
f 3227/3991/3227 1674/3990/1674 3213/3973/3213
f 3195/3948/3195 3238/4005/3238 3229/3993/3229
f 3144/3889/3144 3152/3897/3152 3145/3890/3145
f 3275/4045/3275 3267/4035/3267 3264/4032/3264
f 3268/4036/3268 3257/4025/3257 3267/4035/3267
f 3236/4003/3236 3268/4036/3268 3269/4037/3269
f 3276/4046/3276 3233/3997/3233 3240/4007/3240
f 3277/4047/3277 3131/3874/3131 3262/4030/3262
f 3277/4047/3277 3172/3920/3172 3131/3874/3131
f 3269/4037/3269 3249/4017/3249 3270/4038/3270
f 3272/4040/3272 3271/4039/3271 3278/4048/3278
f 3271/4039/3271 3259/4027/3259 3273/4041/3273
f 3279/4049/3279 3273/4041/3273 3172/3920/3172
f 3265/4033/3265 3280/4050/3280 3263/4031/3263
f 3233/3997/3233 3276/4046/3276 3228/3992/3228
f 3275/4045/3275 3281/4051/3281 3282/4052/3282
f 3267/4035/3267 3283/4053/3283 3268/4036/3268
f 3262/4030/3262 3251/4019/3251 3277/4047/3277
f 3284/4054/3284 3278/4048/3278 3271/4039/3271
f 3271/4039/3271 3273/4041/3273 3284/4054/3284
f 1343/3875/1343 3138/3883/3138 1399/4055/1399
f 3154/3899/3154 3217/3978/3217 3218/3979/3218
f 3279/4049/3279 3277/4047/3277 3285/4056/3285
f 3145/3890/3145 3152/3897/3152 3154/3899/3154
f 3286/4057/3286 3278/4048/3278 3284/4054/3284
f 3284/4054/3284 3273/4041/3273 3285/4056/3285
f 3146/3891/3146 110/4058/110 3144/3889/3144
f 3126/3869/3126 3247/4015/3247 3266/4034/3266
f 3286/4057/3286 3287/4059/3287 3278/4048/3278
f 3281/4051/3281 3275/4045/3275 3264/4032/3264
f 3288/4060/3288 3280/4050/3280 3287/4059/3287
f 3279/4049/3279 3285/4056/3285 3273/4041/3273
f 3264/4032/3264 3267/4035/3267 3255/4023/3255
f 3213/3973/3213 1673/3972/1673 3212/3971/3212
f 3202/3958/3202 3258/4026/3258 3289/4061/3289
f 3237/4004/3237 1674/3990/1674 3244/4012/3244
f 3268/4036/3268 3249/4017/3249 3269/4037/3269
f 3250/4018/3250 3285/4056/3285 3277/4047/3277
f 3249/4017/3249 3290/4062/3290 3250/4018/3250
f 3228/3992/3228 3276/4046/3276 3245/4013/3245
f 3286/4057/3286 3284/4054/3284 3285/4056/3285
f 3251/4019/3251 3262/4030/3262 3270/4038/3270
f 3256/4024/3256 3276/4046/3276 3242/4009/3242
f 3270/4038/3270 3249/4017/3249 3251/4019/3251
f 3265/4033/3265 3287/4059/3287 3280/4050/3280
f 3144/3889/3144 110/4058/110 1384/4063/1384
f 3291/4064/3291 3290/4062/3290 3249/4017/3249
f 3292/4065/3292 3285/4056/3285 3250/4018/3250
f 3279/4049/3279 3172/3920/3172 3277/4047/3277
f 3292/4065/3292 3250/4018/3250 3290/4062/3290
f 3268/4036/3268 3283/4053/3283 3293/4066/3293
f 3240/4007/3240 3242/4009/3242 3276/4046/3276
f 3288/4060/3288 3286/4057/3286 3294/4067/3294
f 3257/4025/3257 3243/4011/3243 3245/4013/3245
f 3250/4018/3250 3277/4047/3277 3251/4019/3251
f 3144/3889/3144 1399/4055/1399 3138/3883/3138
f 3295/4068/3295 3296/4069/3296 3291/4064/3291
f 3296/4069/3296 3290/4062/3290 3291/4064/3291
f 3297/4070/3297 3285/4056/3285 3292/4065/3292
f 3280/4050/3280 3274/4043/3274 3263/4031/3263
f 3292/4065/3292 3290/4062/3290 3298/4071/3298
f 3283/4053/3283 3282/4052/3282 3295/4068/3295
f 3275/4045/3275 3282/4052/3282 3267/4035/3267
f 3247/4015/3247 3126/3869/3126 3125/3868/3125
f 3288/4060/3288 3287/4059/3287 3286/4057/3286
f 3298/4071/3298 3297/4070/3297 3292/4065/3292
f 3153/3898/3153 3143/3888/3143 3162/3910/3162
f 3293/4066/3293 3291/4064/3291 3249/4017/3249
f 3239/4006/3239 3238/4005/3238 3252/4020/3252
f 1384/4063/1384 1399/4055/1399 3144/3889/3144
f 3248/4016/3248 3281/4051/3281 3264/4032/3264
f 1942/3908/1942 3160/3907/3160 1673/3972/1673
f 3283/4053/3283 3291/4064/3291 3293/4066/3293
f 3267/4035/3267 3282/4052/3282 3283/4053/3283
f 3131/3874/3131 3157/3902/3157 3262/4030/3262
f 3299/4072/3299 1749/4073/1749 1733/4074/1733
f 1733/4074/1733 3165/3913/3165 3299/4072/3299
f 3230/3994/3230 3210/3968/3210 3229/3993/3229
f 3227/3991/3227 3228/3992/3228 3245/4013/3245
f 3176/3927/3176 3300/4075/3300 3299/4072/3299
f 1359/3998/1359 27/4076/27 3300/4075/3300
f 3260/4028/3260 3259/4027/3259 3272/4040/3272
f 1749/4073/1749 3299/4072/3299 27/4076/27
f 1733/4074/1733 1738/3930/1738 3165/3913/3165
f 3300/4075/3300 27/4076/27 3299/4072/3299
f 3299/4072/3299 3165/3913/3165 3176/3927/3176
f 3151/3896/3151 3162/3910/3162 3143/3888/3143
f 3276/4046/3276 3256/4024/3256 3245/4013/3245
f 3176/3927/3176 1359/3998/1359 3300/4075/3300
f 3247/4015/3247 3252/4020/3252 3266/4034/3266
f 3294/4067/3294 3286/4057/3286 3297/4070/3297
f 3295/4068/3295 3291/4064/3291 3283/4053/3283
f 3259/4027/3259 3289/4061/3289 3273/4041/3273
f 3238/4005/3238 3230/3994/3230 3229/3993/3229
f 3286/4057/3286 3285/4056/3285 3297/4070/3297
f 3132/3877/3132 3151/3896/3151 3138/3883/3138
f 3218/3979/3218 3231/3995/3231 3125/3868/3125
f 3268/4036/3268 3235/4002/3235 3257/4025/3257
f 3265/4033/3265 3272/4040/3272 3278/4048/3278
f 3268/4036/3268 3293/4066/3293 3249/4017/3249
f 3172/3920/3172 3258/4026/3258 3181/3933/3181
f 3287/4059/3287 3265/4033/3265 3278/4048/3278
f 3258/4026/3258 3273/4041/3273 3289/4061/3289
f 3159/3906/3159 1942/3908/1942 1941/4044/1941
f 3157/3902/3157 3184/3936/3184 3236/4003/3236
f 3187/3939/3187 1695/3960/1695 1714/3923/1714
f 3289/4061/3289 3259/4027/3259 3202/3958/3202
f 3207/3965/3207 3136/3881/3136 3188/3941/3188
f 3190/3943/3190 3197/3950/3197 3191/3944/3191
f 3140/3885/3140 3170/3918/3170 3177/3928/3177
f 3165/3913/3165 3140/3885/3140 3177/3928/3177
f 3166/3914/3166 3203/3959/3203 3140/3885/3140
f 3166/3914/3166 3175/3925/3175 3203/3959/3203
f 3156/3901/3156 3123/3866/3123 3122/3865/3122
f 3178/3929/3178 1738/3930/1738 1697/3926/1697
f 3150/3895/3150 3128/3871/3128 3134/3879/3134
f 3192/3945/3192 3137/3882/3137 3190/3943/3190
f 3137/3882/3137 3136/3881/3136 3141/3886/3141
f 3175/3925/3175 1663/3976/1663 3182/3934/3182
f 1697/3926/1697 3165/3913/3165 3178/3929/3178
f 3196/3949/3196 3183/3935/3183 1670/3953/1670
f 3196/3949/3196 1672/3954/1672 1747/3961/1747
f 3301/4077/3301 3302/4078/3302 3303/4079/3303
f 3304/4080/3304 3305/4081/3305 3306/4082/3306
f 3307/4083/3307 3308/4084/3308 3309/4085/3309
f 3310/4086/3310 3311/4087/3311 3312/4088/3312
f 3313/4089/3313 3314/4090/3314 3315/4091/3315
f 3316/4092/3316 3317/4093/3317 3240/4094/3240
f 3313/4089/3313 3315/4091/3315 3318/4095/3318
f 3319/4096/3319 3320/4097/3320 3321/4098/3321
f 2365/4099/2365 2367/4100/2367 3322/4101/3322
f 3323/4102/3323 3324/4103/3324 3325/4104/3325
f 3326/4105/3326 3274/4106/3274 3280/4107/3280
f 3241/4108/3241 3317/4093/3317 3248/4109/3248
f 3327/4110/3327 3328/4111/3328 3329/4112/3329
f 3330/4113/3330 3331/4114/3331 3332/4115/3332
f 3333/4116/3333 3301/4077/3301 3334/4117/3334
f 3335/4118/3335 3332/4115/3332 3331/4114/3331
f 3315/4091/3315 3336/4119/3336 3337/4120/3337
f 3314/4090/3314 3336/4119/3336 3315/4091/3315
f 3338/4121/3338 3339/4122/3339 3340/4123/3340
f 3341/4124/3341 3314/4090/3314 3342/4125/3342
f 3343/4126/3343 3344/4127/3344 3330/4113/3330
f 3345/4128/3345 3333/4116/3333 3346/4129/3346
f 3347/4130/3347 2026/4131/2026 3348/4132/3348
f 3349/4133/3349 3350/4134/3350 3351/4135/3351
f 3352/4136/3352 3353/4137/3353 3354/4138/3354
f 3355/4139/3355 3356/4140/3356 3357/4141/3357
f 3331/4114/3331 3358/4142/3358 3335/4118/3335
f 3359/4143/3359 3341/4124/3341 3334/4117/3334
f 3315/4091/3315 3337/4120/3337 3318/4095/3318
f 3317/4093/3317 3360/4144/3360 3248/4109/3248
f 3331/4114/3331 3361/4145/3361 3362/4146/3362
f 3363/4147/3363 3335/4118/3335 3303/4079/3303
f 3364/4148/3364 3351/4135/3351 3365/4149/3365
f 3366/4150/3366 3367/4151/3367 3353/4137/3353
f 3368/4152/3368 3369/4153/3369 3356/4140/3356
f 3370/4154/3370 3371/4155/3371 3372/4156/3372
f 3373/4157/3373 3374/4158/3374 3343/4126/3343
f 3375/4159/3375 3373/4157/3373 3343/4126/3343
f 3357/4141/3357 3356/4140/3356 3375/4159/3375
f 3304/4080/3304 3376/4160/3376 3365/4149/3365
f 3301/4077/3301 3358/4142/3358 3334/4117/3334
f 3377/4161/3377 3378/4162/3378 3379/4163/3379
f 3373/4157/3373 3375/4159/3375 3380/4164/3380
f 3306/4082/3306 3346/4129/3346 3333/4116/3333
f 3363/4147/3363 3357/4141/3357 3335/4118/3335
f 3380/4164/3380 3374/4158/3374 3373/4157/3373
f 3274/4106/3274 3326/4105/3326 3381/4165/3381
f 3382/4166/3382 3383/4167/3383 3384/4168/3384
f 3324/4103/3324 3323/4102/3323 3327/4110/3327
f 3342/4125/3342 3314/4090/3314 3313/4089/3313
f 3385/4169/3385 3386/4170/3386 3374/4158/3374
f 3340/4123/3340 3387/4171/3387 3388/4172/3388
f 3380/4164/3380 3383/4167/3383 3374/4158/3374
f 3313/4089/3313 3364/4148/3364 3342/4125/3342
f 3356/4140/3356 3389/4173/3389 3375/4159/3375
f 3389/4173/3389 3383/4167/3383 3380/4164/3380
f 3349/4133/3349 3351/4135/3351 3364/4148/3364
f 3390/4174/3390 3391/4175/3391 3392/4176/3392
f 3349/4133/3349 3364/4148/3364 3318/4095/3318
f 3301/4077/3301 3333/4116/3333 3302/4078/3302
f 3336/4119/3336 3361/4145/3361 3344/4127/3344
f 3356/4140/3356 3355/4139/3355 3368/4152/3368
f 3393/4177/3393 3280/4107/3280 3288/4178/3288
f 3294/4179/3294 3365/4149/3365 3351/4135/3351
f 3241/4108/3241 3240/4094/3240 3317/4093/3317
f 3304/4080/3304 3341/4124/3341 3376/4160/3376
f 3308/4084/3308 3385/4169/3385 3374/4158/3374
f 3394/4180/3394 3308/4084/3308 3395/4181/3395
f 3386/4170/3386 3344/4127/3344 3343/4126/3343
f 3318/4095/3318 3364/4148/3364 3313/4089/3313
f 3305/4081/3305 3290/4182/3290 3296/4183/3296
f 3374/4158/3374 3383/4167/3383 3395/4181/3395
f 3384/4168/3384 3396/4184/3396 3369/4153/3369
f 3282/4185/3282 3281/4186/3281 3325/4104/3325
f 3248/4109/3248 3360/4144/3360 3281/4186/3281
f 3396/4184/3396 3383/4167/3383 3389/4173/3389
f 3397/4187/3397 3363/4147/3363 3303/4079/3303
f 3367/4151/3367 3366/4150/3366 3398/4188/3398
f 3395/4181/3395 3383/4167/3383 3382/4166/3382
f 3399/4189/3399 3367/4151/3367 3400/4190/3400
f 3343/4126/3343 3374/4158/3374 3386/4170/3386
f 3357/4141/3357 3375/4159/3375 3401/4191/3401
f 3380/4164/3380 3375/4159/3375 3389/4173/3389
f 3402/4192/3402 3363/4147/3363 3397/4187/3397
f 3365/4149/3365 3342/4125/3342 3364/4148/3364
f 3308/4084/3308 3374/4158/3374 3395/4181/3395
f 3369/4153/3369 3389/4173/3389 3356/4140/3356
f 3369/4153/3369 3396/4184/3396 3389/4173/3389
f 3305/4081/3305 3304/4080/3304 3298/4193/3298
f 3372/4156/3372 3403/4194/3403 3404/4195/3404
f 3405/4196/3405 3357/4141/3357 3402/4192/3402
f 3395/4181/3395 3382/4166/3382 3394/4180/3394
f 3406/4197/3406 3407/4198/3407 3379/4163/3379
f 3384/4168/3384 3383/4167/3383 3396/4184/3396
f 3406/4197/3406 3408/4199/3408 3407/4198/3407
f 3394/4180/3394 3382/4166/3382 3409/4200/3409
f 3382/4166/3382 3384/4168/3384 3409/4200/3409
f 3410/4201/3410 3302/4078/3302 3345/4128/3345
f 3397/4187/3397 3410/4201/3410 3329/4112/3329
f 3329/4112/3329 3410/4201/3410 3345/4128/3345
f 3397/4187/3397 3302/4078/3302 3410/4201/3410
f 3341/4124/3341 3342/4125/3342 3376/4160/3376
f 2419/4202/2419 3411/4203/3411 3412/4204/3412
f 3302/4078/3302 3333/4116/3333 3345/4128/3345
f 2419/4202/2419 2418/4205/2418 3411/4203/3411
f 3307/4083/3307 3385/4169/3385 3308/4084/3308
f 3411/4203/3411 3309/4085/3309 3394/4180/3394
f 3368/4152/3368 3355/4139/3355 3413/4206/3413
f 2418/4205/2418 3414/4207/3414 3411/4203/3411
f 3405/4196/3405 3402/4192/3402 3415/4208/3415
f 3412/4204/3412 3411/4203/3411 3394/4180/3394
f 3335/4118/3335 3358/4142/3358 3301/4077/3301
f 3416/4209/3416 3412/4204/3412 3409/4200/3409
f 3417/4210/3417 3418/4211/3418 3360/4144/3360
f 3411/4203/3411 3414/4207/3414 3309/4085/3309
f 3414/4207/3414 2418/4205/2418 3419/4212/3419
f 3419/4212/3419 2418/4205/2418 2416/4213/2416
f 3412/4204/3412 3394/4180/3394 3409/4200/3409
f 3309/4085/3309 3414/4207/3414 3420/4214/3420
f 3371/4155/3371 3370/4154/3370 3421/4215/3421
f 2409/4216/2409 3414/4207/3414 3419/4212/3419
f 2416/4213/2416 2410/4217/2410 3419/4212/3419
f 3309/4085/3309 3308/4084/3308 3394/4180/3394
f 3307/4083/3307 3309/4085/3309 3420/4214/3420
f 3302/4078/3302 3397/4187/3397 3303/4079/3303
f 3419/4212/3419 2410/4217/2410 2409/4216/2409
f 2454/4218/2454 2448/4219/2448 3220/4220/3220
f 3376/4160/3376 3342/4125/3342 3365/4149/3365
f 3413/4206/3413 3355/4139/3355 3405/4196/3405
f 3298/4193/3298 3304/4080/3304 3365/4149/3365
f 3306/4082/3306 3333/4116/3333 3304/4080/3304
f 3310/4086/3310 3405/4196/3405 3415/4208/3415
f 2454/4218/2454 3220/4220/3220 3221/4221/3221
f 3399/4189/3399 3422/4222/3422 3403/4194/3403
f 3423/4223/3423 2027/4224/2027 3347/4130/3347
f 3408/4199/3408 3424/4225/3424 3312/4088/3312
f 3348/4132/3348 3425/4226/3425 3347/4130/3347
f 2367/4100/2367 2456/4227/2456 3322/4101/3322
f 3305/4081/3305 3296/4183/3296 3306/4082/3306
f 3426/4228/3426 3339/4122/3339 3338/4121/3338
f 3427/4229/3427 3428/4230/3428 2025/4231/2025
f 3429/4232/3429 3348/4132/3348 3428/4230/3428
f 3405/4196/3405 3310/4086/3310 3312/4088/3312
f 3429/4232/3429 3425/4226/3425 3348/4132/3348
f 3403/4194/3403 3372/4156/3372 3399/4189/3399
f 3423/4223/3423 3430/4233/3430 3222/4234/3222
f 3431/4235/3431 2365/4099/2365 3432/4236/3432
f 3361/4145/3361 3330/4113/3330 3344/4127/3344
f 3322/4101/3322 3432/4236/3432 2365/4099/2365
f 3391/4175/3391 3316/4092/3316 3433/4237/3433
f 3322/4101/3322 2456/4227/2456 3434/4238/3434
f 3429/4232/3429 3422/4222/3422 3400/4190/3400
f 3428/4230/3428 3427/4229/3427 3404/4195/3404
f 3428/4230/3428 3403/4194/3403 3429/4232/3429
f 3400/4190/3400 3425/4226/3425 3429/4232/3429
f 3430/4233/3430 3423/4223/3423 3425/4226/3425
f 3430/4233/3430 3224/4239/3224 3222/4234/3222
f 3435/4240/3435 3436/4241/3436 3431/4235/3431
f 3437/4242/3437 3432/4236/3432 3322/4101/3322
f 2454/4218/2454 3221/4221/3221 3434/4238/3434
f 3434/4238/3434 3320/4097/3320 3322/4101/3322
f 3423/4223/3423 3222/4234/3222 2007/4243/2007
f 3330/4113/3330 3332/4115/3332 3401/4191/3401
f 3321/4098/3321 3261/4244/3261 3274/4106/3274
f 3403/4194/3403 3428/4230/3428 3404/4195/3404
f 3413/4206/3413 3312/4088/3312 3424/4225/3424
f 3425/4226/3425 3400/4190/3400 3438/4245/3438
f 3224/4239/3224 3430/4233/3430 3439/4246/3439
f 3423/4223/3423 2007/4243/2007 2027/4224/2027
f 3398/4188/3398 3438/4245/3438 3367/4151/3367
f 3322/4101/3322 3320/4097/3320 3437/4242/3437
f 3440/4247/3440 3432/4236/3432 3441/4248/3441
f 3321/4098/3321 3320/4097/3320 3442/4249/3442
f 3432/4236/3432 3437/4242/3437 3443/4250/3443
f 3321/4098/3321 3381/4165/3381 3441/4248/3441
f 3444/4251/3444 3445/4252/3445 3438/4245/3438
f 3346/4129/3346 3446/4253/3446 3345/4128/3345
f 3435/4240/3435 3440/4247/3440 3441/4248/3441
f 3422/4222/3422 3429/4232/3429 3403/4194/3403
f 3425/4226/3425 3438/4245/3438 3445/4252/3445
f 3316/4092/3316 3240/4094/3240 3439/4246/3439
f 3445/4252/3445 3439/4246/3439 3430/4233/3430
f 3444/4251/3444 3438/4245/3438 3398/4188/3398
f 3320/4097/3320 3434/4238/3434 3221/4221/3221
f 3320/4097/3320 3319/4096/3319 3437/4242/3437
f 3441/4248/3441 3432/4236/3432 3443/4250/3443
f 3254/4254/3254 3442/4249/3442 3221/4221/3221
f 3343/4126/3343 3330/4113/3330 3401/4191/3401
f 3447/4255/3447 3328/4111/3328 3311/4087/3311
f 3406/4197/3406 3424/4225/3424 3408/4199/3408
f 3399/4189/3399 3353/4137/3353 3367/4151/3367
f 3448/4256/3448 3317/4093/3317 3316/4092/3316
f 3444/4251/3444 3398/4188/3398 3366/4150/3366
f 3440/4247/3440 3435/4240/3435 3431/4235/3431
f 3408/4199/3408 3312/4088/3312 3449/4257/3449
f 3435/4240/3435 3441/4248/3441 3450/4258/3450
f 3261/4244/3261 3442/4249/3442 3254/4254/3254
f 3317/4093/3317 3448/4256/3448 3360/4144/3360
f 3415/4208/3415 3447/4255/3447 3310/4086/3310
f 3350/4134/3350 3288/4178/3288 3294/4179/3294
f 3354/4138/3354 3353/4137/3353 3371/4155/3371
f 3405/4196/3405 3312/4088/3312 3413/4206/3413
f 3305/4081/3305 3298/4193/3298 3290/4182/3290
f 3335/4118/3335 3357/4141/3357 3401/4191/3401
f 3371/4155/3371 3353/4137/3353 3399/4189/3399
f 3405/4196/3405 3355/4139/3355 3357/4141/3357
f 3334/4117/3334 3358/4142/3358 3359/4143/3359
f 3433/4237/3433 3445/4252/3445 3444/4251/3444
f 3451/4259/3451 3444/4251/3444 3366/4150/3366
f 3379/4163/3379 3378/4162/3378 3406/4197/3406
f 3353/4137/3353 3352/4136/3352 3366/4150/3366
f 3434/4238/3434 2456/4227/2456 2454/4218/2454
f 3424/4225/3424 3406/4197/3406 3413/4206/3413
f 3295/4260/3295 3446/4253/3446 3346/4129/3346
f 3448/4256/3448 3316/4092/3316 3391/4175/3391
f 3341/4124/3341 3359/4143/3359 3314/4090/3314
f 3304/4080/3304 3334/4117/3334 3341/4124/3341
f 3311/4087/3311 3310/4086/3310 3447/4255/3447
f 3351/4135/3351 3350/4134/3350 3294/4179/3294
f 3428/4230/3428 3348/4132/3348 2025/4231/2025
f 3441/4248/3441 3319/4096/3319 3321/4098/3321
f 3261/4244/3261 3321/4098/3321 3442/4249/3442
f 3451/4259/3451 3387/4171/3387 3392/4176/3392
f 3329/4112/3329 3447/4255/3447 3397/4187/3397
f 3401/4191/3401 3375/4159/3375 3343/4126/3343
f 3400/4190/3400 3422/4222/3422 3399/4189/3399
f 3443/4250/3443 3319/4096/3319 3441/4248/3441
f 3433/4237/3433 3316/4092/3316 3445/4252/3445
f 3297/4261/3297 3298/4193/3298 3365/4149/3365
f 3346/4129/3346 3306/4082/3306 3296/4183/3296
f 3312/4088/3312 3311/4087/3311 3452/4262/3452
f 3417/4210/3417 3360/4144/3360 3448/4256/3448
f 3442/4249/3442 3320/4097/3320 3221/4221/3221
f 3446/4253/3446 3295/4260/3295 3453/4263/3453
f 3391/4175/3391 3417/4210/3417 3448/4256/3448
f 3345/4128/3345 3324/4103/3324 3327/4110/3327
f 3311/4087/3311 3454/4264/3454 3452/4262/3452
f 3455/4265/3455 3456/4266/3456 3323/4102/3323
f 3444/4251/3444 3392/4176/3392 3433/4237/3433
f 3366/4150/3366 3387/4171/3387 3451/4259/3451
f 3451/4259/3451 3392/4176/3392 3444/4251/3444
f 3324/4103/3324 3446/4253/3446 3453/4263/3453
f 3437/4242/3437 3319/4096/3319 3443/4250/3443
f 3352/4136/3352 3388/4172/3388 3387/4171/3387
f 3340/4123/3340 3388/4172/3388 3338/4121/3338
f 3359/4143/3359 3361/4145/3361 3314/4090/3314
f 3447/4255/3447 3415/4208/3415 3397/4187/3397
f 3425/4226/3425 3445/4252/3445 3430/4233/3430
f 3332/4115/3332 3335/4118/3335 3401/4191/3401
f 3350/4134/3350 3393/4177/3393 3288/4178/3288
f 3354/4138/3354 3371/4155/3371 3421/4215/3421
f 3417/4210/3417 3391/4175/3391 3455/4265/3455
f 3388/4172/3388 3352/4136/3352 3354/4138/3354
f 3457/4267/3457 3426/4228/3426 3421/4215/3421
f 2420/4268/2420 3458/4269/3458 3459/4270/3459
f 3449/4257/3449 3312/4088/3312 3452/4262/3452
f 3460/4271/3460 3350/4134/3350 3349/4133/3349
f 3349/4133/3349 3461/4272/3461 3460/4271/3460
f 3350/4134/3350 3460/4271/3460 3462/4273/3462
f 3435/4240/3435 3463/4274/3463 3436/4241/3436
f 3318/4095/3318 3461/4272/3461 3349/4133/3349
f 3463/4274/3463 3464/4275/3464 3436/4241/3436
f 3450/4258/3450 3381/4165/3381 3462/4273/3462
f 3435/4240/3435 3450/4258/3450 3463/4274/3463
f 3460/4271/3460 3461/4272/3461 3462/4273/3462
f 3326/4105/3326 3350/4134/3350 3462/4273/3462
f 3337/4120/3337 3461/4272/3461 3318/4095/3318
f 3462/4273/3462 3461/4272/3461 3465/4276/3465
f 3381/4165/3381 3326/4105/3326 3462/4273/3462
f 3463/4274/3463 3450/4258/3450 3462/4273/3462
f 3465/4276/3465 3337/4120/3337 3463/4274/3463
f 3464/4275/3464 3463/4274/3463 3337/4120/3337
f 3463/4274/3463 3462/4273/3462 3465/4276/3465
f 3337/4120/3337 3465/4276/3465 3461/4272/3461
f 3365/4149/3365 3294/4179/3294 3297/4261/3297
f 3414/4207/3414 2409/4216/2409 3466/4277/3466
f 3339/4122/3339 3408/4199/3408 3449/4257/3449
f 3377/4161/3377 3379/4163/3379 3457/4267/3457
f 3386/4170/3386 3467/4278/3467 3468/4279/3468
f 3469/4280/3469 3470/4281/3470 2420/4268/2420
f 3323/4102/3323 3328/4111/3328 3327/4110/3327
f 3335/4118/3335 3301/4077/3301 3303/4079/3303
f 3471/4282/3471 3459/4270/3459 3458/4269/3458
f 3379/4163/3379 3407/4198/3407 3457/4267/3457
f 3469/4280/3469 2420/4268/2420 3459/4270/3459
f 3469/4280/3469 3459/4270/3459 3472/4283/3472
f 3468/4279/3468 3473/4284/3473 3469/4280/3469
f 3473/4284/3473 3467/4278/3467 3470/4281/3470
f 3453/4263/3453 3295/4260/3295 3282/4185/3282
f 3400/4190/3400 3367/4151/3367 3438/4245/3438
f 3381/4165/3381 3321/4098/3321 3274/4106/3274
f 3329/4112/3329 3345/4128/3345 3327/4110/3327
f 3452/4262/3452 3390/4174/3390 3449/4257/3449
f 3440/4247/3440 3431/4235/3431 3432/4236/3432
f 3325/4104/3325 3324/4103/3324 3453/4263/3453
f 3329/4112/3329 3328/4111/3328 3447/4255/3447
f 3454/4264/3454 3311/4087/3311 3328/4111/3328
f 3336/4119/3336 3344/4127/3344 3474/4285/3474
f 3339/4122/3339 3407/4198/3407 3408/4199/3408
f 3459/4270/3459 3471/4282/3471 3472/4283/3472
f 3472/4283/3472 3436/4241/3436 3475/4286/3475
f 3378/4162/3378 3413/4206/3413 3406/4197/3406
f 3358/4142/3358 3362/4146/3362 3359/4143/3359
f 3316/4092/3316 3439/4246/3439 3445/4252/3445
f 3390/4174/3390 3452/4262/3452 3454/4264/3454
f 3468/4279/3468 3469/4280/3469 3472/4283/3472
f 3455/4265/3455 3418/4211/3418 3417/4210/3417
f 2026/4131/2026 2025/4231/2025 3348/4132/3348
f 3281/4186/3281 3360/4144/3360 3418/4211/3418
f 3366/4150/3366 3352/4136/3352 3387/4171/3387
f 3331/4114/3331 3330/4113/3330 3361/4145/3361
f 3354/4138/3354 3421/4215/3421 3338/4121/3338
f 3425/4226/3425 3423/4223/3423 3347/4130/3347
f 3323/4102/3323 3456/4266/3456 3328/4111/3328
f 3415/4208/3415 3402/4192/3402 3397/4187/3397
f 2365/4099/2365 3431/4235/3431 3471/4282/3471
f 3325/4104/3325 3418/4211/3418 3323/4102/3323
f 2026/4131/2026 3347/4130/3347 2027/4224/2027
f 2365/4099/2365 3471/4282/3471 3458/4269/3458
f 3340/4123/3340 3339/4122/3339 3449/4257/3449
f 3457/4267/3457 3407/4198/3407 3426/4228/3426
f 3325/4104/3325 3453/4263/3453 3282/4185/3282
f 3296/4183/3296 3295/4260/3295 3346/4129/3346
f 3361/4145/3361 3336/4119/3336 3314/4090/3314
f 3385/4169/3385 3307/4083/3307 3467/4278/3467
f 3476/4287/3476 3455/4265/3455 3391/4175/3391
f 3456/4266/3456 3454/4264/3454 3328/4111/3328
f 3354/4138/3354 3338/4121/3338 3388/4172/3388
f 3426/4228/3426 3338/4121/3338 3421/4215/3421
f 3390/4174/3390 3392/4176/3392 3387/4171/3387
f 3466/4277/3466 2409/4216/2409 3470/4281/3470
f 3441/4248/3441 3381/4165/3381 3450/4258/3450
f 3325/4104/3325 3281/4186/3281 3418/4211/3418
f 3393/4177/3393 3326/4105/3326 3280/4107/3280
f 3350/4134/3350 3326/4105/3326 3393/4177/3393
f 3472/4283/3472 3475/4286/3475 3468/4279/3468
f 3436/4241/3436 3472/4283/3472 3431/4235/3431
f 2365/4099/2365 3458/4269/3458 2387/4288/2387
f 3467/4278/3467 3473/4284/3473 3468/4279/3468
f 3466/4277/3466 3470/4281/3470 3420/4214/3420
f 3468/4279/3468 3475/4286/3475 3464/4275/3464
f 3345/4128/3345 3446/4253/3446 3324/4103/3324
f 3224/4239/3224 3439/4246/3439 3240/4094/3240
f 3371/4155/3371 3399/4189/3399 3372/4156/3372
f 3420/4214/3420 3467/4278/3467 3307/4083/3307
f 3467/4278/3467 3420/4214/3420 3470/4281/3470
f 3362/4146/3362 3361/4145/3361 3359/4143/3359
f 3340/4123/3340 3449/4257/3449 3390/4174/3390
f 3337/4120/3337 3474/4285/3474 3464/4275/3464
f 3468/4279/3468 3464/4275/3464 3474/4285/3474
f 3426/4228/3426 3407/4198/3407 3339/4122/3339
f 3390/4174/3390 3454/4264/3454 3476/4287/3476
f 3337/4120/3337 3336/4119/3336 3474/4285/3474
f 3454/4264/3454 3456/4266/3456 3476/4287/3476
f 3357/4141/3357 3363/4147/3363 3402/4192/3402
f 3470/4281/3470 2409/4216/2409 2420/4268/2420
f 3414/4207/3414 3466/4277/3466 3420/4214/3420
f 3378/4162/3378 3368/4152/3368 3413/4206/3413
f 3475/4286/3475 3436/4241/3436 3464/4275/3464
f 3391/4175/3391 3433/4237/3433 3392/4176/3392
f 3474/4285/3474 3344/4127/3344 3468/4279/3468
f 3340/4123/3340 3390/4174/3390 3387/4171/3387
f 3470/4281/3470 3469/4280/3469 3473/4284/3473
f 2387/4288/2387 3458/4269/3458 2420/4268/2420
f 3476/4287/3476 3391/4175/3391 3390/4174/3390
f 3468/4279/3468 3344/4127/3344 3386/4170/3386
f 3331/4114/3331 3362/4146/3362 3358/4142/3358
f 3455/4265/3455 3323/4102/3323 3418/4211/3418
f 3431/4235/3431 3472/4283/3472 3471/4282/3471
f 3456/4266/3456 3455/4265/3455 3476/4287/3476
f 3386/4170/3386 3385/4169/3385 3467/4278/3467
f 3304/4080/3304 3333/4116/3333 3334/4117/3334
f 3477/4289/3477 3478/4290/3478 3479/4291/3479
f 3480/4292/3480 2759/4293/2759 2773/4294/2773
f 3481/4295/3481 3482/4296/3482 3483/4297/3483
f 3484/4298/3484 3485/4299/3485 3486/4300/3486
f 3483/4297/3483 3480/4292/3480 2773/4294/2773
f 3487/4301/3487 3488/4302/3488 3489/4303/3489
f 2703/4304/2703 3486/4300/3486 3485/4299/3485
f 3490/4305/3490 3491/4306/3491 3492/4307/3492
f 3493/4308/3493 3494/4309/3494 3495/4310/3495
f 3496/4311/3496 3497/4312/3497 3498/4313/3498
f 2703/4304/2703 2702/4314/2702 3486/4300/3486
f 3499/4315/3499 3500/4316/3500 3501/4317/3501
f 3502/4318/3502 3503/4319/3503 3504/4320/3504
f 3504/4320/3504 3503/4319/3503 3505/4321/3505
f 3506/4322/3506 3507/4323/3507 3146/4324/3146
f 3508/4325/3508 3497/4312/3497 3509/4326/3509
f 3510/4327/3510 3511/4328/3511 3502/4318/3502
f 3512/4329/3512 3513/4330/3513 3514/4331/3514
f 3515/4332/3515 3516/4333/3516 3517/4334/3517
f 3518/4335/3518 3519/4336/3519 3520/4337/3520
f 3521/4338/3521 3522/4339/3522 3523/4340/3523
f 3524/4341/3524 3491/4306/3491 3490/4305/3490
f 2651/4342/2651 2650/4343/2650 3525/4344/3525
f 2699/4345/2699 3526/4346/3526 3486/4300/3486
f 3526/4346/3526 3479/4291/3479 3527/4347/3527
f 3528/4348/3528 3512/4329/3512 3529/4349/3529
f 3530/4350/3530 3531/4351/3531 3532/4352/3532
f 3533/4353/3533 3477/4289/3477 3479/4291/3479
f 3530/4350/3530 3509/4326/3509 3496/4311/3496
f 3534/4354/3534 3489/4303/3489 3535/4355/3535
f 3492/4307/3492 3536/4356/3536 3490/4305/3490
f 3491/4306/3491 3524/4341/3524 2759/4293/2759
f 2702/4314/2702 2699/4345/2699 3486/4300/3486
f 3494/4309/3494 3493/4308/3493 3537/4357/3537
f 3527/4347/3527 3538/4358/3538 3526/4346/3526
f 3480/4292/3480 3492/4307/3492 3491/4306/3491
f 2761/4359/2761 2717/4360/2717 3539/4361/3539
f 3526/4346/3526 3540/4362/3540 3479/4291/3479
f 3540/4362/3540 3526/4346/3526 3541/4363/3541
f 2765/4364/2765 3539/4361/3539 3540/4362/3540
f 3479/4291/3479 3542/4365/3542 3533/4353/3533
f 3542/4365/3542 3543/4366/3543 3533/4353/3533
f 3540/4362/3540 3541/4363/3541 2765/4364/2765
f 3542/4365/3542 3540/4362/3540 3539/4361/3539
f 3543/4366/3543 3542/4365/3542 3544/4367/3544
f 3539/4361/3539 3544/4367/3544 3542/4365/3542
f 3478/4290/3478 3527/4347/3527 3479/4291/3479
f 2699/4345/2699 3541/4363/3541 3526/4346/3526
f 3545/4368/3545 3484/4298/3484 3546/4369/3546
f 3534/4354/3534 3535/4355/3535 3547/4370/3547
f 3496/4311/3496 3509/4326/3509 3497/4312/3497
f 2466/4371/2466 2353/4372/2353 3548/4373/3548
f 3510/4327/3510 3502/4318/3502 3504/4320/3504
f 3549/4374/3549 3550/4375/3550 3551/4376/3551
f 3487/4301/3487 3552/4377/3552 3488/4302/3488
f 2651/4342/2651 3553/4378/3553 2646/4379/2646
f 3554/4380/3554 2656/4381/2656 3494/4309/3494
f 3539/4361/3539 2765/4364/2765 2761/4359/2761
f 3555/4382/3555 3483/4297/3483 3482/4296/3482
f 3556/4383/3556 3528/4348/3528 3557/4384/3557
f 3556/4383/3556 3558/4385/3558 3513/4330/3513
f 3483/4297/3483 3492/4307/3492 3480/4292/3480
f 2775/4386/2775 3485/4299/3485 3559/4387/3559
f 3502/4318/3502 3560/4388/3560 3561/4389/3561
f 3480/4292/3480 3491/4306/3491 2759/4293/2759
f 3562/4390/3562 3563/4391/3563 3564/4392/3564
f 3565/4393/3565 3566/4394/3566 3567/4395/3567
f 3567/4395/3567 3568/4396/3568 3569/4397/3569
f 3515/4332/3515 3517/4334/3517 3570/4398/3570
f 3571/4399/3571 3572/4400/3572 3528/4348/3528
f 3573/4401/3573 3568/4396/3568 3518/4335/3518
f 3574/4402/3574 3575/4403/3575 3515/4332/3515
f 3570/4398/3570 2352/4404/2352 3574/4402/3574
f 2359/4405/2359 2346/4406/2346 3549/4374/3549
f 3528/4348/3528 3572/4400/3572 3557/4384/3557
f 3519/4336/3519 3566/4394/3566 2337/4407/2337
f 3528/4348/3528 3513/4330/3513 3512/4329/3512
f 3576/4408/3576 3577/4409/3577 3578/4410/3578
f 3550/4375/3550 3579/4411/3579 3551/4376/3551
f 3580/4412/3580 3581/4413/3581 3552/4377/3552
f 3506/4322/3506 3516/4333/3516 3582/4414/3582
f 3514/4331/3514 3497/4312/3497 3508/4325/3508
f 3583/4415/3583 3584/4416/3584 3585/4417/3585
f 3586/4418/3586 3587/4419/3587 3588/4420/3588
f 3565/4393/3565 3574/4402/3574 2352/4404/2352
f 3529/4349/3529 3571/4399/3571 3528/4348/3528
f 3573/4401/3573 3589/4421/3589 3531/4351/3531
f 3496/4311/3496 3590/4422/3590 3552/4377/3552
f 3521/4338/3521 3499/4315/3499 3522/4339/3522
f 3591/4423/3591 3592/4424/3592 3593/4425/3593
f 3512/4329/3512 3508/4325/3508 3509/4326/3509
f 3510/4327/3510 3571/4399/3571 3529/4349/3529
f 3513/4330/3513 3594/4426/3594 3514/4331/3514
f 3595/4427/3595 3571/4399/3571 3504/4320/3504
f 3569/4397/3569 3574/4402/3574 3567/4395/3567
f 3567/4395/3567 3574/4402/3574 3565/4393/3565
f 3596/4428/3596 3597/4429/3597 3577/4409/3577
f 3569/4397/3569 3568/4396/3568 3573/4401/3573
f 3575/4403/3575 3580/4412/3580 3487/4301/3487
f 3581/4413/3581 3531/4351/3531 3530/4350/3530
f 2342/4430/2342 3566/4394/3566 3565/4393/3565
f 3511/4328/3511 3510/4327/3510 3598/4431/3598
f 3599/4432/3599 3596/4428/3596 3588/4420/3588
f 3532/4352/3532 3589/4421/3589 3600/4433/3600
f 3581/4413/3581 3580/4412/3580 3573/4401/3573
f 3589/4421/3589 3573/4401/3573 3518/4335/3518
f 3546/4369/3546 3601/4434/3601 3602/4435/3602
f 3603/4436/3603 3601/4434/3601 3604/4437/3604
f 3494/4309/3494 2656/4381/2656 2646/4379/2646
f 3584/4416/3584 3583/4415/3583 3605/4438/3605
f 3483/4297/3483 2773/4294/2773 3606/4439/3606
f 3520/4337/3520 3551/4376/3551 3607/4440/3607
f 3608/4441/3608 3609/4442/3609 3586/4418/3586
f 3555/4382/3555 3492/4307/3492 3483/4297/3483
f 3577/4409/3577 3586/4418/3586 3588/4420/3588
f 3595/4427/3595 3504/4320/3504 3505/4321/3505
f 3572/4400/3572 3610/4443/3610 3557/4384/3557
f 3611/4444/3611 3597/4429/3597 3596/4428/3596
f 3612/4445/3612 3523/4340/3523 3598/4431/3598
f 3592/4424/3592 3613/4446/3613 3593/4425/3593
f 110/4447/110 3146/4324/3146 3614/4448/3614
f 3572/4400/3572 3595/4427/3595 3505/4321/3505
f 3500/4316/3500 3615/4449/3615 3501/4317/3501
f 3558/4385/3558 3594/4426/3594 3513/4330/3513
f 3580/4412/3580 3569/4397/3569 3573/4401/3573
f 2773/4294/2773 2774/4450/2774 3606/4439/3606
f 3565/4393/3565 2352/4404/2352 2342/4430/2342
f 3562/4390/3562 3616/4451/3616 3537/4357/3537
f 3581/4413/3581 3530/4350/3530 3496/4311/3496
f 3617/4452/3617 3520/4337/3520 3607/4440/3607
f 3500/4316/3500 3612/4445/3612 3615/4449/3615
f 3618/4453/3618 3619/4454/3619 3620/4455/3620
f 3552/4377/3552 3581/4413/3581 3496/4311/3496
f 3580/4412/3580 3575/4403/3575 3569/4397/3569
f 3511/4328/3511 3560/4388/3560 3502/4318/3502
f 3602/4435/3602 3481/4295/3481 3546/4369/3546
f 3481/4295/3481 3483/4297/3483 3606/4439/3606
f 3621/4456/3621 3622/4457/3622 3594/4426/3594
f 3537/4357/3537 3590/4422/3590 3623/4458/3623
f 3576/4408/3576 3624/4459/3624 3625/4460/3625
f 3595/4427/3595 3572/4400/3572 3571/4399/3571
f 3613/4446/3613 3609/4442/3609 3593/4425/3593
f 3555/4382/3555 3601/4434/3601 3592/4424/3592
f 3514/4331/3514 3622/4457/3622 3498/4313/3498
f 3502/4318/3502 3561/4389/3561 3503/4319/3503
f 3561/4389/3561 3560/4388/3560 3618/4453/3618
f 3500/4316/3500 3499/4315/3499 3521/4338/3521
f 3512/4329/3512 3509/4326/3509 3600/4433/3600
f 3603/4436/3603 3613/4446/3613 3592/4424/3592
f 3535/4355/3535 3525/4344/3525 3626/4461/3626
f 3518/4335/3518 3600/4433/3600 3589/4421/3589
f 3544/4367/3544 2717/4360/2717 3627/4462/3627
f 3612/4445/3612 3500/4316/3500 3521/4338/3521
f 3628/4463/3628 3629/4464/3629 3594/4426/3594
f 3477/4289/3477 3630/4465/3630 3631/4466/3631
f 3550/4375/3550 3501/4317/3501 3615/4449/3615
f 3531/4351/3531 3581/4413/3581 3573/4401/3573
f 3530/4350/3530 3532/4352/3532 3509/4326/3509
f 3630/4465/3630 3477/4289/3477 3632/4467/3632
f 3533/4353/3533 3632/4467/3632 3477/4289/3477
f 3625/4460/3625 3609/4442/3609 3577/4409/3577
f 3576/4408/3576 3625/4460/3625 3577/4409/3577
f 2358/4468/2358 3549/4374/3549 2346/4406/2346
f 3633/4469/3633 3604/4437/3604 3634/4470/3634
f 2714/4471/2714 3627/4462/3627 2717/4360/2717
f 3635/4472/3635 3632/4467/3632 3636/4473/3636
f 3518/4335/3518 3520/4337/3520 3600/4433/3600
f 2359/4405/2359 3549/4374/3549 2341/4474/2341
f 3637/4475/3637 2716/4476/2716 2725/4477/2725
f 3638/4478/3638 2337/4407/2337 2341/4474/2341
f 3603/4436/3603 3633/4469/3633 3613/4446/3613
f 3593/4425/3593 3609/4442/3609 3624/4459/3624
f 3584/4416/3584 3639/4479/3639 3585/4417/3585
f 3529/4349/3529 3512/4329/3512 3617/4452/3617
f 3640/4480/3640 3556/4383/3556 3557/4384/3557
f 3638/4478/3638 3520/4337/3520 3519/4336/3519
f 3640/4480/3640 3557/4384/3557 3631/4466/3631
f 3640/4480/3640 3632/4467/3632 3635/4472/3635
f 3611/4444/3611 3596/4428/3596 3641/4481/3641
f 3607/4440/3607 3579/4411/3579 3642/4482/3642
f 3562/4390/3562 3537/4357/3537 3623/4458/3623
f 3643/4483/3643 3628/4463/3628 3543/4366/3543
f 3598/4431/3598 3529/4349/3529 3607/4440/3607
f 3594/4426/3594 3636/4473/3636 3628/4463/3628
f 3584/4416/3584 3523/4340/3523 3522/4339/3522
f 3636/4473/3636 3558/4385/3558 3635/4472/3635
f 3597/4429/3597 3611/4444/3611 3644/4484/3644
f 3627/4462/3627 2714/4471/2714 3643/4483/3643
f 3586/4418/3586 3633/4469/3633 3634/4470/3634
f 2725/4477/2725 3564/4392/3564 3637/4475/3637
f 3518/4335/3518 3567/4395/3567 3519/4336/3519
f 3578/4410/3578 3577/4409/3577 3597/4429/3597
f 3592/4424/3592 3591/4423/3591 3555/4382/3555
f 3477/4289/3477 3631/4466/3631 3478/4290/3478
f 3592/4424/3592 3601/4434/3601 3603/4436/3603
f 3645/4485/3645 3599/4432/3599 3610/4443/3610
f 3631/4466/3631 3630/4465/3630 3640/4480/3640
f 3579/4411/3579 3550/4375/3550 3615/4449/3615
f 3501/4317/3501 3550/4375/3550 2358/4468/2358
f 3630/4465/3630 3632/4467/3632 3640/4480/3640
f 3579/4411/3579 3612/4445/3612 3642/4482/3642
f 3556/4383/3556 3635/4472/3635 3558/4385/3558
f 3632/4467/3632 3533/4353/3533 3636/4473/3636
f 3646/4486/3646 3643/4483/3643 3563/4391/3563
f 3594/4426/3594 3629/4464/3629 3646/4486/3646
f 2358/4468/2358 3550/4375/3550 3549/4374/3549
f 3645/4485/3645 3641/4481/3641 3599/4432/3599
f 3638/4478/3638 3519/4336/3519 2337/4407/2337
f 3647/4487/3647 3494/4309/3494 2646/4379/2646
f 3533/4353/3533 3543/4366/3543 3628/4463/3628
f 3543/4366/3543 3627/4462/3627 3643/4483/3643
f 3631/4466/3631 3599/4432/3599 3587/4419/3587
f 3643/4483/3643 2714/4471/2714 3637/4475/3637
f 3556/4383/3556 3640/4480/3640 3635/4472/3635
f 3624/4459/3624 3609/4442/3609 3625/4460/3625
f 3637/4475/3637 3563/4391/3563 3643/4483/3643
f 3648/4488/3648 3525/4344/3525 3488/4302/3488
f 3644/4484/3644 3649/4489/3649 3650/4490/3650
f 3599/4432/3599 3588/4420/3588 3587/4419/3587
f 3609/4442/3609 3613/4446/3613 3633/4469/3633
f 3605/4438/3605 3649/4489/3649 3584/4416/3584
f 3643/4483/3643 3629/4464/3629 3628/4463/3628
f 3621/4456/3621 3594/4426/3594 3646/4486/3646
f 3493/4308/3493 3590/4422/3590 3537/4357/3537
f 3523/4340/3523 3612/4445/3612 3521/4338/3521
f 3646/4486/3646 3629/4464/3629 3643/4483/3643
f 3617/4452/3617 3600/4433/3600 3520/4337/3520
f 3543/4366/3543 3544/4367/3544 3627/4462/3627
f 3645/4485/3645 3610/4443/3610 3505/4321/3505
f 3637/4475/3637 2711/4491/2711 2716/4476/2716
f 3563/4391/3563 3621/4456/3621 3646/4486/3646
f 3505/4321/3505 3610/4443/3610 3572/4400/3572
f 3612/4445/3612 3598/4431/3598 3642/4482/3642
f 3634/4470/3634 3587/4419/3587 3586/4418/3586
f 3549/4374/3549 3638/4478/3638 2341/4474/2341
f 3564/4392/3564 3563/4391/3563 3637/4475/3637
f 3524/4341/3524 3651/4492/3651 2759/4293/2759
f 3636/4473/3636 3533/4353/3533 3628/4463/3628
f 3578/4410/3578 3597/4429/3597 3644/4484/3644
f 3620/4455/3620 3619/4454/3619 3611/4444/3611
f 3650/4490/3650 3649/4489/3649 3605/4438/3605
f 3636/4473/3636 3594/4426/3594 3558/4385/3558
f 3610/4443/3610 3631/4466/3631 3557/4384/3557
f 3546/4369/3546 3484/4298/3484 3652/4493/3652
f 3586/4418/3586 3609/4442/3609 3633/4469/3633
f 3653/4494/3653 3654/4495/3654 3585/4417/3585
f 3587/4419/3587 3634/4470/3634 3631/4466/3631
f 3598/4431/3598 3607/4440/3607 3642/4482/3642
f 3513/4330/3513 3528/4348/3528 3556/4383/3556
f 3638/4478/3638 3549/4374/3549 3551/4376/3551
f 3529/4349/3529 3598/4431/3598 3510/4327/3510
f 3589/4421/3589 3532/4352/3532 3531/4351/3531
f 3566/4394/3566 2342/4430/2342 2337/4407/2337
f 3520/4337/3520 3638/4478/3638 3551/4376/3551
f 3498/4313/3498 3623/4458/3623 3496/4311/3496
f 2711/4491/2711 3637/4475/3637 2714/4471/2714
f 3509/4326/3509 3532/4352/3532 3600/4433/3600
f 3655/4496/3655 3656/4497/3656 3486/4300/3486
f 3518/4335/3518 3568/4396/3568 3567/4395/3567
f 3571/4399/3571 3510/4327/3510 3504/4320/3504
f 3617/4452/3617 3607/4440/3607 3529/4349/3529
f 3612/4445/3612 3579/4411/3579 3615/4449/3615
f 3657/4498/3657 3146/4324/3146 3507/4323/3507
f 3524/4341/3524 3490/4305/3490 3536/4356/3536
f 3614/4448/3614 3658/4499/3658 111/4500/111
f 3604/4437/3604 3659/4501/3659 3634/4470/3634
f 3485/4299/3485 3484/4298/3484 3545/4368/3545
f 3616/4451/3616 3554/4380/3554 3537/4357/3537
f 3596/4428/3596 3577/4409/3577 3588/4420/3588
f 3547/4370/3547 3614/4448/3614 3657/4498/3657
f 3644/4484/3644 3650/4490/3650 3578/4410/3578
f 3495/4310/3495 3648/4488/3648 3493/4308/3493
f 3577/4409/3577 3608/4441/3608 3586/4418/3586
f 3478/4290/3478 3631/4466/3631 3634/4470/3634
f 3478/4290/3478 3634/4470/3634 3659/4501/3659
f 3552/4377/3552 3493/4308/3493 3648/4488/3648
f 3594/4426/3594 3622/4457/3622 3514/4331/3514
f 3515/4332/3515 3570/4398/3570 3574/4402/3574
f 3512/4329/3512 3514/4331/3514 3508/4325/3508
f 3574/4402/3574 3569/4397/3569 3575/4403/3575
f 3604/4437/3604 3538/4358/3538 3659/4501/3659
f 3607/4440/3607 3551/4376/3551 3579/4411/3579
f 3482/4296/3482 3601/4434/3601 3555/4382/3555
f 3487/4301/3487 3580/4412/3580 3552/4377/3552
f 3619/4454/3619 3644/4484/3644 3611/4444/3611
f 3659/4501/3659 3538/4358/3538 3527/4347/3527
f 3614/4448/3614 3146/4324/3146 3657/4498/3657
f 3514/4331/3514 3498/4313/3498 3497/4312/3497
f 3621/4456/3621 3498/4313/3498 3622/4457/3622
f 3511/4328/3511 3598/4431/3598 3523/4340/3523
f 3481/4295/3481 3602/4435/3602 3482/4296/3482
f 3512/4329/3512 3600/4433/3600 3617/4452/3617
f 3609/4442/3609 3608/4441/3608 3577/4409/3577
f 3653/4494/3653 3660/4502/3660 3661/4503/3661
f 3527/4347/3527 3478/4290/3478 3659/4501/3659
f 3599/4432/3599 3641/4481/3641 3596/4428/3596
f 2335/4504/2335 3662/4505/3662 2339/4506/2339
f 3660/4502/3660 3663/4507/3663 3664/4508/3664
f 2360/4509/2360 3501/4317/3501 2358/4468/2358
f 3501/4317/3501 3662/4505/3662 3499/4315/3499
f 3662/4505/3662 3501/4317/3501 2339/4506/2339
f 2368/4510/2368 3664/4508/3664 2328/4511/2328
f 3644/4484/3644 3619/4454/3619 3649/4489/3649
f 3662/4505/3662 2335/4504/2335 3663/4507/3663
f 2328/4511/2328 3663/4507/3663 2335/4504/2335
f 3522/4339/3522 3639/4479/3639 3584/4416/3584
f 3649/4489/3649 3619/4454/3619 3584/4416/3584
f 2360/4509/2360 2339/4506/2339 3501/4317/3501
f 3665/4512/3665 3660/4502/3660 3653/4494/3653
f 3664/4508/3664 3663/4507/3663 2328/4511/2328
f 3583/4415/3583 3650/4490/3650 3605/4438/3605
f 1246/4513/1246 1247/4514/1247 2368/4510/2368
f 3611/4444/3611 3618/4453/3618 3620/4455/3620
f 3584/4416/3584 3619/4454/3619 3560/4388/3560
f 3560/4388/3560 3619/4454/3619 3618/4453/3618
f 3585/4417/3585 3654/4495/3654 3583/4415/3583
f 3584/4416/3584 3560/4388/3560 3511/4328/3511
f 3584/4416/3584 3511/4328/3511 3523/4340/3523
f 3665/4512/3665 3653/4494/3653 3585/4417/3585
f 3665/4512/3665 3585/4417/3585 3639/4479/3639
f 3164/4515/3164 3219/4516/3219 3666/4517/3666
f 2464/4518/2464 3666/4517/3666 3219/4516/3219
f 2368/4510/2368 1247/4514/1247 3664/4508/3664
f 3662/4505/3662 3663/4507/3663 3499/4315/3499
f 1247/4514/1247 3661/4503/3661 3664/4508/3664
f 3499/4315/3499 3663/4507/3663 3660/4502/3660
f 3661/4503/3661 3660/4502/3660 3664/4508/3664
f 3522/4339/3522 3499/4315/3499 3660/4502/3660
f 3559/4387/3559 3485/4299/3485 3545/4368/3545
f 3639/4479/3639 3522/4339/3522 3665/4512/3665
f 3536/4356/3536 3492/4307/3492 3555/4382/3555
f 2775/4386/2775 3606/4439/3606 2774/4450/2774
f 3522/4339/3522 3660/4502/3660 3665/4512/3665
f 3603/4436/3603 3604/4437/3604 3633/4469/3633
f 2765/4364/2765 3541/4363/3541 2699/4345/2699
f 2717/4360/2717 3544/4367/3544 3539/4361/3539
f 3164/4515/3164 3666/4517/3666 3667/4519/3667
f 3481/4295/3481 3559/4387/3559 3545/4368/3545
f 3559/4387/3559 3606/4439/3606 2775/4386/2775
f 3481/4295/3481 3545/4368/3545 3546/4369/3546
f 2650/4343/2650 111/4500/111 3658/4499/3658
f 3479/4291/3479 3540/4362/3540 3542/4365/3542
f 3667/4519/3667 3506/4322/3506 3164/4515/3164
f 3506/4322/3506 3145/4520/3145 3164/4515/3164
f 3601/4434/3601 3482/4296/3482 3602/4435/3602
f 2759/4293/2759 3651/4492/3651 2758/4521/2758
f 3485/4299/3485 2775/4386/2775 2703/4304/2703
f 3666/4517/3666 3548/4373/3548 3516/4333/3516
f 3145/4520/3145 3506/4322/3506 3146/4324/3146
f 2725/4477/2725 3616/4451/3616 3562/4390/3562
f 3652/4493/3652 3601/4434/3601 3546/4369/3546
f 3606/4439/3606 3559/4387/3559 3481/4295/3481
f 3535/4355/3535 3626/4461/3626 3547/4370/3547
f 3517/4334/3517 3516/4333/3516 3548/4373/3548
f 3601/4434/3601 3652/4493/3652 3604/4437/3604
f 3655/4496/3655 3652/4493/3652 3484/4298/3484
f 3507/4323/3507 3506/4322/3506 3668/4522/3668
f 3515/4332/3515 3582/4414/3582 3516/4333/3516
f 3506/4322/3506 3582/4414/3582 3668/4522/3668
f 3547/4370/3547 3668/4522/3668 3582/4414/3582
f 3507/4323/3507 3668/4522/3668 3657/4498/3657
f 3614/4448/3614 111/4500/111 110/4447/110
f 3534/4354/3534 3547/4370/3547 3582/4414/3582
f 3515/4332/3515 3575/4403/3575 3534/4354/3534
f 3575/4403/3575 3489/4303/3489 3534/4354/3534
f 3614/4448/3614 3547/4370/3547 3626/4461/3626
f 3489/4303/3489 3575/4403/3575 3487/4301/3487
f 3658/4499/3658 3626/4461/3626 3525/4344/3525
f 3658/4499/3658 3525/4344/3525 2650/4343/2650
f 3488/4302/3488 3535/4355/3535 3489/4303/3489
f 3525/4344/3525 3535/4355/3535 3488/4302/3488
f 3525/4344/3525 3553/4378/3553 2651/4342/2651
f 2646/4379/2646 3553/4378/3553 3647/4487/3647
f 3648/4488/3648 3495/4310/3495 3553/4378/3553
f 3553/4378/3553 3495/4310/3495 3647/4487/3647
f 3538/4358/3538 3604/4437/3604 3652/4493/3652
f 3484/4298/3484 3656/4497/3656 3655/4496/3655
f 3652/4493/3652 3655/4496/3655 3526/4346/3526
f 3538/4358/3538 3652/4493/3652 3526/4346/3526
f 3656/4497/3656 3484/4298/3484 3486/4300/3486
f 3616/4451/3616 2725/4477/2725 2656/4381/2656
f 3655/4496/3655 3486/4300/3486 3526/4346/3526
f 3623/4458/3623 3590/4422/3590 3496/4311/3496
f 3498/4313/3498 3669/4523/3669 3623/4458/3623
f 3505/4321/3505 3503/4319/3503 3645/4485/3645
f 3566/4394/3566 3519/4336/3519 3567/4395/3567
f 3503/4319/3503 3561/4389/3561 3618/4453/3618
f 2353/4372/2353 2352/4404/2352 3570/4398/3570
f 3599/4432/3599 3631/4466/3631 3610/4443/3610
f 3548/4373/3548 2353/4372/2353 3517/4334/3517
f 3563/4391/3563 3669/4523/3669 3670/4524/3670
f 2353/4372/2353 3570/4398/3570 3517/4334/3517
f 3552/4377/3552 3590/4422/3590 3493/4308/3493
f 3562/4390/3562 3623/4458/3623 3669/4523/3669
f 3503/4319/3503 3641/4481/3641 3645/4485/3645
f 3641/4481/3641 3503/4319/3503 3618/4453/3618
f 3670/4524/3670 3669/4523/3669 3621/4456/3621
f 3563/4391/3563 3562/4390/3562 3669/4523/3669
f 2464/4518/2464 2466/4371/2466 3666/4517/3666
f 3641/4481/3641 3618/4453/3618 3611/4444/3611
f 3670/4524/3670 3621/4456/3621 3563/4391/3563
f 3548/4373/3548 3666/4517/3666 2466/4371/2466
f 3621/4456/3621 3669/4523/3669 3498/4313/3498
f 3667/4519/3667 3516/4333/3516 3506/4322/3506
f 3494/4309/3494 3537/4357/3537 3554/4380/3554
f 2725/4477/2725 3562/4390/3562 3564/4392/3564
f 3552/4377/3552 3648/4488/3648 3488/4302/3488
f 3534/4354/3534 3582/4414/3582 3515/4332/3515
f 3616/4451/3616 2656/4381/2656 3554/4380/3554
f 3647/4487/3647 3495/4310/3495 3494/4309/3494
f 3553/4378/3553 3525/4344/3525 3648/4488/3648
f 3666/4517/3666 3516/4333/3516 3667/4519/3667
f 2464/4518/2464 3219/4516/3219 2465/4525/2465
f 3626/4461/3626 3658/4499/3658 3614/4448/3614
f 3547/4370/3547 3657/4498/3657 3668/4522/3668
f 3671/4526/3671 3103/4527/3103 3672/4528/3672
f 3673/4529/3673 3105/4530/3105 3106/4531/3106
f 3674/4532/3674 3116/4533/3116 3115/4534/3115
f 3675/4535/3675 3105/4530/3105 3673/4529/3673
f 3673/4529/3673 3106/4531/3106 3116/4533/3116
f 3676/4536/3676 3673/4529/3673 3674/4532/3674
f 3115/4534/3115 3677/4537/3677 3674/4532/3674
f 3676/4536/3676 3677/4537/3677 3678/4538/3678
f 3676/4536/3676 3674/4532/3674 3677/4537/3677
f 3677/4537/3677 3058/4539/3058 3678/4538/3678
f 3674/4532/3674 3673/4529/3673 3116/4533/3116
f 3677/4537/3677 3002/4540/3002 3058/4539/3058
f 3679/4541/3679 3680/4542/3680 3681/4543/3681
f 3682/4544/3682 3683/4545/3683 3684/4546/3684
f 3685/4547/3685 3686/4548/3686 3687/4549/3687
f 3688/4550/3688 3689/4551/3689 3690/4552/3690
f 518/4553/518 3691/4554/3691 517/4555/517
f 3676/4536/3676 3692/4556/3692 3673/4529/3673
f 3693/4557/3693 3694/4558/3694 3695/4559/3695
f 3696/4560/3696 3697/4561/3697 3698/4562/3698
f 1986/4563/1986 3699/4564/3699 3684/4546/3684
f 3700/4565/3700 487/4566/487 3701/4567/3701
f 3702/4568/3702 3683/4545/3683 3682/4544/3682
f 3685/4547/3685 3703/4569/3703 3686/4548/3686
f 3680/4542/3680 3704/4570/3704 3705/4571/3705
f 3706/4572/3706 3707/4573/3707 3708/4574/3708
f 3709/4575/3709 3710/4576/3710 3711/4577/3711
f 3694/4558/3694 3681/4543/3681 3712/4578/3712
f 3713/4579/3713 3714/4580/3714 3715/4581/3715
f 3716/4582/3716 3717/4583/3717 3718/4584/3718
f 3682/4544/3682 3684/4546/3684 3699/4564/3699
f 3688/4550/3688 3719/4585/3719 3720/4586/3720
f 3713/4579/3713 3721/4587/3721 3722/4588/3722
f 1969/4589/1969 2022/4590/2022 3723/4591/3723
f 3724/4592/3724 3725/4593/3725 3726/4594/3726
f 3727/4595/3727 3693/4557/3693 3695/4559/3695
f 3698/4562/3698 3697/4561/3697 3676/4536/3676
f 3712/4578/3712 3695/4559/3695 3694/4558/3694
f 3684/4546/3684 3701/4567/3701 511/4596/511
f 3712/4578/3712 3728/4597/3728 3695/4559/3695
f 3729/4598/3729 3720/4586/3720 3730/4599/3730
f 3731/4600/3731 3697/4561/3697 3727/4595/3727
f 3732/4601/3732 3733/4602/3733 3734/4603/3734
f 3727/4595/3727 3695/4559/3695 3722/4588/3722
f 3732/4601/3732 3723/4591/3723 2072/4604/2072
f 3707/4573/3707 3694/4558/3694 3708/4574/3708
f 3697/4561/3697 3731/4600/3731 3676/4536/3676
f 3731/4600/3731 3727/4595/3727 3722/4588/3722
f 3676/4536/3676 3731/4600/3731 3692/4556/3692
f 3714/4580/3714 3681/4543/3681 3680/4542/3680
f 3735/4605/3735 3681/4543/3681 3714/4580/3714
f 3734/4603/3734 3702/4568/3702 3736/4606/3736
f 3728/4597/3728 3735/4605/3735 3713/4579/3713
f 3721/4587/3721 3731/4600/3731 3722/4588/3722
f 3714/4580/3714 3680/4542/3680 3737/4607/3737
f 3721/4587/3721 3673/4529/3673 3692/4556/3692
f 3680/4542/3680 3705/4571/3705 3738/4608/3738
f 3713/4579/3713 3715/4581/3715 3721/4587/3721
f 3675/4535/3675 3673/4529/3673 3721/4587/3721
f 3733/4602/3733 3690/4552/3690 3689/4551/3689
f 3714/4580/3714 3739/4609/3739 3740/4610/3740
f 3741/4611/3741 3740/4610/3740 3739/4609/3739
f 3705/4571/3705 3742/4612/3742 3738/4608/3738
f 3714/4580/3714 3743/4613/3743 3715/4581/3715
f 3721/4587/3721 3715/4581/3715 3675/4535/3675
f 3689/4551/3689 3688/4550/3688 3744/4614/3744
f 3741/4611/3741 3739/4609/3739 3745/4615/3745
f 3738/4608/3738 3746/4616/3746 3745/4615/3745
f 3741/4611/3741 3747/4617/3747 3740/4610/3740
f 3681/4543/3681 3694/4558/3694 3707/4573/3707
f 3742/4612/3742 3746/4616/3746 3738/4608/3738
f 3718/4584/3718 3715/4581/3715 3743/4613/3743
f 3718/4584/3718 3717/4583/3717 3715/4581/3715
f 3715/4581/3715 3717/4583/3717 3675/4535/3675
f 3743/4613/3743 3740/4610/3740 3747/4617/3747
f 3745/4615/3745 3746/4616/3746 3741/4611/3741
f 2022/4590/2022 2072/4604/2072 3723/4591/3723
f 3103/4527/3103 3671/4526/3671 3093/4618/3093
f 3672/4528/3672 3103/4527/3103 3102/4619/3102
f 3672/4528/3672 3102/4619/3102 3105/4530/3105
f 3115/4534/3115 3002/4540/3002 3677/4537/3677
f 3105/4530/3105 3675/4535/3675 3672/4528/3672
f 3737/4607/3737 3680/4542/3680 3738/4608/3738
f 1554/4620/1554 3748/4621/3748 3749/4622/3749
f 3713/4579/3713 3722/4588/3722 3728/4597/3728
f 3746/4616/3746 3742/4612/3742 3750/4623/3750
f 3749/4622/3749 1558/4624/1558 1559/4625/1559
f 3718/4584/3718 3743/4613/3743 3716/4582/3716
f 3717/4583/3717 3751/4626/3751 3675/4535/3675
f 3749/4622/3749 1559/4625/1559 1554/4620/1554
f 3671/4526/3671 3675/4535/3675 3751/4626/3751
f 2051/4627/2051 3732/4601/3732 2072/4604/2072
f 3743/4613/3743 3747/4617/3747 3703/4569/3703
f 3741/4611/3741 3746/4616/3746 3703/4569/3703
f 3750/4623/3750 3730/4599/3730 3746/4616/3746
f 3681/4543/3681 3707/4573/3707 3679/4541/3679
f 3743/4613/3743 3752/4628/3752 3716/4582/3716
f 3716/4582/3716 3726/4594/3726 3717/4583/3717
f 3671/4526/3671 3751/4626/3751 3717/4583/3717
f 3710/4576/3710 3729/4598/3729 3711/4577/3711
f 3703/4569/3703 3752/4628/3752 3743/4613/3743
f 3700/4565/3700 3691/4554/3691 488/4629/488
f 3746/4616/3746 3753/4630/3753 3703/4569/3703
f 3730/4599/3730 3754/4631/3754 3729/4598/3729
f 3697/4561/3697 3755/4632/3755 3727/4595/3727
f 3753/4630/3753 3746/4616/3746 3730/4599/3730
f 3716/4582/3716 3752/4628/3752 3726/4594/3726
f 3726/4594/3726 3725/4593/3725 3093/4618/3093
f 3756/4633/3756 3705/4571/3705 3757/4634/3757
f 3717/4583/3717 3726/4594/3726 3671/4526/3671
f 3758/4635/3758 3710/4576/3710 3709/4575/3709
f 3729/4598/3729 3710/4576/3710 3720/4586/3720
f 3685/4547/3685 3752/4628/3752 3703/4569/3703
f 3739/4609/3739 3714/4580/3714 3737/4607/3737
f 3703/4569/3703 3753/4630/3753 3686/4548/3686
f 3730/4599/3730 3719/4585/3719 3753/4630/3753
f 3752/4628/3752 3724/4592/3724 3726/4594/3726
f 3671/4526/3671 3726/4594/3726 3093/4618/3093
f 3733/4602/3733 3689/4551/3689 3683/4545/3683
f 3687/4549/3687 3752/4628/3752 3685/4547/3685
f 3687/4549/3687 3725/4593/3725 3724/4592/3724
f 3686/4548/3686 3753/4630/3753 3719/4585/3719
f 3720/4586/3720 3719/4585/3719 3730/4599/3730
f 3758/4635/3758 3688/4550/3688 3720/4586/3720
f 3686/4548/3686 3719/4585/3719 3690/4552/3690
f 3758/4635/3758 517/4555/517 3691/4554/3691
f 3693/4557/3693 250/4636/250 3708/4574/3708
f 3093/4618/3093 3725/4593/3725 2051/4627/2051
f 3759/4637/3759 3688/4550/3688 3758/4635/3758
f 3690/4552/3690 3687/4549/3687 3686/4548/3686
f 3758/4635/3758 3691/4554/3691 3759/4637/3759
f 3687/4549/3687 3733/4602/3733 3725/4593/3725
f 251/4638/251 3760/4639/3760 3706/4572/3706
f 3761/4640/3761 3707/4573/3707 3706/4572/3706
f 3725/4593/3725 3732/4601/3732 3762/4641/3762
f 3725/4593/3725 3762/4641/3762 2051/4627/2051
f 3688/4550/3688 3759/4637/3759 3744/4614/3744
f 3687/4549/3687 3690/4552/3690 3733/4602/3733
f 3744/4614/3744 3759/4637/3759 3691/4554/3691
f 251/4638/251 259/4642/259 3763/4643/3763
f 3691/4554/3691 518/4553/518 488/4629/488
f 3756/4633/3756 3742/4612/3742 3705/4571/3705
f 3764/4644/3764 2956/4645/2956 2856/4646/2856
f 3725/4593/3725 3733/4602/3733 3732/4601/3732
f 3732/4601/3732 2051/4627/2051 3762/4641/3762
f 3733/4602/3733 3683/4545/3683 3734/4603/3734
f 185/4647/185 2956/4645/2956 3764/4644/3764
f 3702/4568/3702 3734/4603/3734 3683/4545/3683
f 3700/4565/3700 488/4629/488 487/4566/487
f 255/4648/255 254/4649/254 3765/4650/3765
f 3752/4628/3752 3687/4549/3687 3724/4592/3724
f 3766/4651/3766 3698/4562/3698 3678/4538/3678
f 756/4652/756 3012/4653/3012 614/4654/614
f 186/4655/186 3765/4650/3765 254/4649/254
f 756/4652/756 3766/4651/3766 3678/4538/3678
f 3676/4536/3676 3678/4538/3678 3698/4562/3698
f 3679/4541/3679 3707/4573/3707 3761/4640/3761
f 3761/4640/3761 3706/4572/3706 3767/4656/3767
f 3768/4657/3768 3769/4658/3769 3679/4541/3679
f 3710/4576/3710 3758/4635/3758 3720/4586/3720
f 3682/4544/3682 1969/4589/1969 3736/4606/3736
f 3058/4539/3058 3770/4659/3770 3678/4538/3678
f 3767/4656/3767 3706/4572/3706 3771/4660/3771
f 3761/4640/3761 3767/4656/3767 3772/4661/3772
f 3722/4588/3722 3695/4559/3695 3728/4597/3728
f 3736/4606/3736 1969/4589/1969 3734/4603/3734
f 3761/4640/3761 3772/4661/3772 3768/4657/3768
f 3768/4657/3768 3773/4662/3773 3769/4658/3769
f 3739/4609/3739 3738/4608/3738 3745/4615/3745
f 3770/4659/3770 3058/4539/3058 3057/4663/3057
f 3732/4601/3732 3734/4603/3734 3723/4591/3723
f 3714/4580/3714 3740/4610/3740 3743/4613/3743
f 3739/4609/3739 3737/4607/3737 3738/4608/3738
f 3767/4656/3767 3774/4664/3774 3772/4661/3772
f 3766/4651/3766 747/4665/747 3696/4560/3696
f 3767/4656/3767 3775/4666/3775 3774/4664/3774
f 1970/4667/1970 1969/4589/1969 3699/4564/3699
f 3683/4545/3683 3689/4551/3689 3701/4567/3701
f 756/4652/756 3678/4538/3678 3012/4653/3012
f 747/4665/747 3766/4651/3766 756/4652/756
f 3734/4603/3734 1969/4589/1969 3723/4591/3723
f 3736/4606/3736 3702/4568/3702 3682/4544/3682
f 3701/4567/3701 3684/4546/3684 3683/4545/3683
f 3774/4664/3774 3776/4668/3776 3772/4661/3772
f 260/4669/260 3775/4666/3775 3777/4670/3777
f 3772/4661/3772 3776/4668/3776 3773/4662/3773
f 3774/4664/3774 3775/4666/3775 3776/4668/3776
f 260/4669/260 253/4671/253 3778/4672/3778
f 3776/4668/3776 3779/4673/3779 3773/4662/3773
f 3780/4674/3780 3776/4668/3776 3775/4666/3775
f 3778/4672/3778 253/4671/253 255/4648/255
f 3781/4675/3781 3775/4666/3775 3778/4672/3778
f 3782/4676/3782 3780/4674/3780 3781/4675/3781
f 3781/4675/3781 255/4648/255 3765/4650/3765
f 3783/4677/3783 3784/4678/3784 3785/4679/3785
f 3784/4678/3784 3786/4680/3786 3785/4679/3785
f 3782/4676/3782 3787/4681/3787 3788/4682/3788
f 3788/4682/3788 3789/4683/3789 3782/4676/3782
f 3790/4684/3790 3758/4635/3758 3791/4685/3791
f 517/4555/517 3758/4635/3758 3790/4684/3790
f 3792/4686/3792 3791/4685/3791 3709/4575/3709
f 3787/4681/3787 3765/4650/3765 3788/4682/3788
f 1497/4687/1497 3793/4688/3793 3794/4689/3794
f 3795/4690/3795 3789/4683/3789 3788/4682/3788
f 3796/4691/3796 3791/4685/3791 3792/4686/3792
f 3797/4692/3797 3791/4685/3791 3796/4691/3796
f 3763/4643/3763 3760/4639/3760 251/4638/251
f 3798/4693/3798 3709/4575/3709 3711/4577/3711
f 3799/4694/3799 3800/4695/3800 3801/4696/3801
f 3797/4692/3797 514/4697/514 3790/4684/3790
f 3796/4691/3796 3802/4698/3802 3797/4692/3797
f 3798/4693/3798 3803/4699/3803 3709/4575/3709
f 1504/4700/1504 3804/4701/3804 1554/4620/1554
f 3802/4698/3802 3805/4702/3805 3797/4692/3797
f 3805/4702/3805 514/4697/514 3797/4692/3797
f 3806/4703/3806 3807/4704/3807 3808/4705/3808
f 511/4596/511 3701/4567/3701 487/4566/487
f 1969/4589/1969 3682/4544/3682 3699/4564/3699
f 3712/4578/3712 3681/4543/3681 3728/4597/3728
f 3012/4653/3012 3678/4538/3678 3770/4659/3770
f 3805/4702/3805 515/4706/515 514/4697/514
f 3778/4672/3778 255/4648/255 3781/4675/3781
f 3809/4707/3809 3810/4708/3810 3802/4698/3802
f 3803/4699/3803 3809/4707/3809 3802/4698/3802
f 3811/4709/3811 2870/4710/2870 2866/4711/2866
f 3808/4705/3808 186/4655/186 3812/4712/3812
f 186/4655/186 185/4647/185 3812/4712/3812
f 3705/4571/3705 3813/4713/3813 3757/4634/3757
f 3757/4634/3757 3813/4713/3813 3814/4714/3814
f 3750/4623/3750 3784/4678/3784 3754/4631/3754
f 3815/4715/3815 3816/4716/3816 3817/4717/3817
f 3757/4634/3757 3814/4714/3814 3756/4633/3756
f 3750/4623/3750 3818/4718/3818 3784/4678/3784
f 3779/4673/3779 3819/4719/3819 3813/4713/3813
f 3820/4720/3820 3819/4719/3819 3821/4721/3821
f 3813/4713/3813 3819/4719/3819 3814/4714/3814
f 3756/4633/3756 3822/4722/3822 3818/4718/3818
f 3786/4680/3786 3784/4678/3784 3818/4718/3818
f 3821/4721/3821 3819/4719/3819 3779/4673/3779
f 3813/4713/3813 3823/4723/3823 3779/4673/3779
f 3821/4721/3821 3779/4673/3779 3789/4683/3789
f 3824/4724/3824 3789/4683/3789 3795/4690/3795
f 3813/4713/3813 3704/4570/3704 3823/4723/3823
f 3825/4725/3825 3817/4717/3817 3824/4724/3824
f 3826/4726/3826 3827/4727/3827 3828/4728/3828
f 3829/4729/3829 3830/4730/3830 3831/4731/3831
f 3822/4722/3822 3814/4714/3814 3819/4719/3819
f 3756/4633/3756 3814/4714/3814 3822/4722/3822
f 3831/4731/3831 3832/4732/3832 3829/4729/3829
f 3820/4720/3820 3816/4716/3816 3822/4722/3822
f 3754/4631/3754 3784/4678/3784 3783/4677/3783
f 3833/4733/3833 3826/4726/3826 3828/4728/3828
f 3756/4633/3756 3818/4718/3818 3750/4623/3750
f 3789/4683/3789 3824/4724/3824 3821/4721/3821
f 3834/4734/3834 3835/4735/3835 3833/4733/3833
f 3829/4729/3829 3826/4726/3826 3815/4715/3815
f 3822/4722/3822 3819/4719/3819 3820/4720/3820
f 3820/4720/3820 3821/4721/3821 3824/4724/3824
f 3822/4722/3822 3816/4716/3816 3786/4680/3786
f 3832/4732/3832 3826/4726/3826 3829/4729/3829
f 3820/4720/3820 3824/4724/3824 3817/4717/3817
f 3836/4736/3836 3833/4733/3833 3835/4735/3835
f 3825/4725/3825 3824/4724/3824 3795/4690/3795
f 3825/4725/3825 3806/4703/3806 3830/4730/3830
f 3783/4677/3783 3711/4577/3711 3754/4631/3754
f 3828/4728/3828 3834/4734/3834 3833/4733/3833
f 3817/4717/3817 3825/4725/3825 3830/4730/3830
f 3833/4733/3833 3815/4715/3815 3826/4726/3826
f 3836/4736/3836 3816/4716/3816 3815/4715/3815
f 3831/4731/3831 3830/4730/3830 3806/4703/3806
f 3795/4690/3795 3806/4703/3806 3825/4725/3825
f 3815/4715/3815 3833/4733/3833 3836/4736/3836
f 3830/4730/3830 3829/4729/3829 3817/4717/3817
f 3705/4571/3705 3704/4570/3704 3813/4713/3813
f 3816/4716/3816 3820/4720/3820 3817/4717/3817
f 3786/4680/3786 3818/4718/3818 3822/4722/3822
f 3827/4727/3827 3826/4726/3826 3832/4732/3832
f 3829/4729/3829 3815/4715/3815 3817/4717/3817
f 3837/4737/3837 3806/4703/3806 3808/4705/3808
f 3806/4703/3806 3838/4738/3838 3831/4731/3831
f 3839/4739/3839 3809/4707/3809 3803/4699/3803
f 3803/4699/3803 3836/4736/3836 3839/4739/3839
f 3840/4740/3840 3837/4737/3837 3841/4741/3841
f 3831/4731/3831 3838/4738/3838 3842/4742/3842
f 3808/4705/3808 3841/4741/3841 3837/4737/3837
f 3810/4708/3810 3843/4743/3843 515/4706/515
f 3768/4657/3768 3772/4661/3772 3773/4662/3773
f 3810/4708/3810 3809/4707/3809 3843/4743/3843
f 3777/4670/3777 259/4642/259 261/4744/261
f 3832/4732/3832 3831/4731/3831 3842/4742/3842
f 3837/4737/3837 3840/4740/3840 3799/4694/3799
f 3844/4745/3844 3845/4746/3845 3846/4747/3846
f 3783/4677/3783 3786/4680/3786 3816/4716/3816
f 3764/4644/3764 3841/4741/3841 3812/4712/3812
f 3847/4748/3847 3842/4742/3842 3838/4738/3838
f 186/4655/186 3807/4704/3807 3788/4682/3788
f 3837/4737/3837 3799/4694/3799 3838/4738/3838
f 2868/4749/2868 3811/4709/3811 2866/4711/2866
f 515/4706/515 3843/4743/3843 516/4750/516
f 3803/4699/3803 3798/4693/3798 3816/4716/3816
f 3848/4751/3848 3800/4695/3800 3849/4752/3849
f 3843/4743/3843 3839/4739/3839 3835/4735/3835
f 3827/4727/3827 3832/4732/3832 3847/4748/3847
f 3781/4675/3781 3765/4650/3765 3787/4681/3787
f 3849/4752/3849 3799/4694/3799 3840/4740/3840
f 3848/4751/3848 3764/4644/3764 2870/4710/2870
f 3679/4541/3679 3761/4640/3761 3768/4657/3768
f 2868/4749/2868 3748/4621/3748 3811/4709/3811
f 3847/4748/3847 3838/4738/3838 3799/4694/3799
f 3843/4743/3843 638/4753/638 516/4750/516
f 3843/4743/3843 3835/4735/3835 3834/4734/3834
f 3827/4727/3827 3847/4748/3847 3850/4754/3850
f 3851/4755/3851 3828/4728/3828 3827/4727/3827
f 3852/4756/3852 3853/4757/3853 3801/4696/3801
f 3771/4660/3771 3760/4639/3760 3763/4643/3763
f 638/4753/638 3843/4743/3843 3834/4734/3834
f 3780/4674/3780 3782/4676/3782 3789/4683/3789
f 1502/4758/1502 1497/4687/1497 3794/4689/3794
f 3853/4757/3853 3799/4694/3799 3801/4696/3801
f 3834/4734/3834 3828/4728/3828 3854/4759/3854
f 3798/4693/3798 3783/4677/3783 3816/4716/3816
f 3795/4690/3795 3807/4704/3807 3806/4703/3806
f 3679/4541/3679 3769/4658/3769 3704/4570/3704
f 3765/4650/3765 186/4655/186 3788/4682/3788
f 3803/4699/3803 3792/4686/3792 3709/4575/3709
f 3841/4741/3841 3764/4644/3764 3849/4752/3849
f 3812/4712/3812 3841/4741/3841 3808/4705/3808
f 3855/4760/3855 3845/4746/3845 3854/4759/3854
f 3775/4666/3775 3781/4675/3781 3780/4674/3780
f 3849/4752/3849 3800/4695/3800 3799/4694/3799
f 3773/4662/3773 3779/4673/3779 3823/4723/3823
f 3838/4738/3838 3806/4703/3806 3837/4737/3837
f 259/4642/259 3777/4670/3777 3763/4643/3763
f 3769/4658/3769 3823/4723/3823 3704/4570/3704
f 3847/4748/3847 3853/4757/3853 3850/4754/3850
f 3803/4699/3803 3802/4698/3802 3796/4691/3796
f 1554/4620/1554 3804/4701/3804 3748/4621/3748
f 3696/4560/3696 3698/4562/3698 3766/4651/3766
f 3811/4709/3811 3804/4701/3804 3856/4761/3856
f 3679/4541/3679 3704/4570/3704 3680/4542/3680
f 3700/4565/3700 3701/4567/3701 3744/4614/3744
f 3848/4751/3848 3849/4752/3849 3764/4644/3764
f 638/4753/638 3834/4734/3834 3857/4762/3857
f 3728/4597/3728 3681/4543/3681 3735/4605/3735
f 1970/4667/1970 3699/4564/3699 1986/4563/1986
f 3744/4614/3744 3691/4554/3691 3700/4565/3700
f 3711/4577/3711 3729/4598/3729 3754/4631/3754
f 511/4596/511 1986/4563/1986 3684/4546/3684
f 3701/4567/3701 3689/4551/3689 3744/4614/3744
f 3731/4600/3731 3721/4587/3721 3692/4556/3692
f 1986/4563/1986 511/4596/511 513/4763/513
f 3807/4704/3807 186/4655/186 3808/4705/3808
f 3735/4605/3735 3714/4580/3714 3713/4579/3713
f 3770/4659/3770 3057/4663/3057 3011/4764/3011
f 3801/4696/3801 3858/4765/3858 3852/4756/3852
f 3012/4653/3012 3770/4659/3770 3011/4764/3011
f 3756/4633/3756 3750/4623/3750 3742/4612/3742
f 3859/4766/3859 243/4767/243 245/4768/245
f 3741/4611/3741 3703/4569/3703 3747/4617/3747
f 3730/4599/3730 3750/4623/3750 3754/4631/3754
f 3706/4572/3706 245/4768/245 251/4638/251
f 250/4636/250 243/4767/243 3859/4766/3859
f 3859/4766/3859 245/4768/245 3706/4572/3706
f 3690/4552/3690 3719/4585/3719 3688/4550/3688
f 3708/4574/3708 250/4636/250 3859/4766/3859
f 3706/4572/3706 3708/4574/3708 3859/4766/3859
f 734/4769/734 3755/4632/3755 747/4665/747
f 734/4769/734 250/4636/250 3755/4632/3755
f 3696/4560/3696 747/4665/747 3755/4632/3755
f 3711/4577/3711 3783/4677/3783 3798/4693/3798
f 3845/4746/3845 637/4770/637 3854/4759/3854
f 3846/4747/3846 3860/4771/3860 3844/4745/3844
f 3841/4741/3841 3849/4752/3849 3840/4740/3840
f 3791/4685/3791 3797/4692/3797 3790/4684/3790
f 3861/4772/3861 3860/4771/3860 1497/4687/1497
f 3775/4666/3775 260/4669/260 3778/4672/3778
f 3800/4695/3800 3862/4773/3862 3858/4765/3858
f 634/4774/634 3844/4745/3844 3861/4772/3861
f 3693/4557/3693 3755/4632/3755 250/4636/250
f 3694/4558/3694 3693/4557/3693 3708/4574/3708
f 3696/4560/3696 3755/4632/3755 3697/4561/3697
f 3755/4632/3755 3693/4557/3693 3727/4595/3727
f 3672/4528/3672 3675/4535/3675 3671/4526/3671
f 3862/4773/3862 3793/4688/3793 3858/4765/3858
f 3851/4755/3851 3850/4754/3850 3845/4746/3845
f 3851/4755/3851 3855/4760/3855 3854/4759/3854
f 3857/4762/3857 3834/4734/3834 3854/4759/3854
f 638/4753/638 3857/4762/3857 644/4775/644
f 2851/4776/2851 3749/4622/3749 3863/4777/3863
f 2851/4776/2851 1558/4624/1558 3749/4622/3749
f 3779/4673/3779 3780/4674/3780 3789/4683/3789
f 3796/4691/3796 3792/4686/3792 3803/4699/3803
f 3844/4745/3844 637/4770/637 3845/4746/3845
f 3843/4743/3843 3809/4707/3809 3839/4739/3839
f 3848/4751/3848 3811/4709/3811 3862/4773/3862
f 619/4778/619 634/4774/634 3861/4772/3861
f 3853/4757/3853 3852/4756/3852 3846/4747/3846
f 3763/4643/3763 3777/4670/3777 3771/4660/3771
f 3863/4777/3863 2864/4779/2864 2865/4780/2865
f 3749/4622/3749 3748/4621/3748 3863/4777/3863
f 3863/4777/3863 2865/4780/2865 2851/4776/2851
f 2868/4749/2868 2864/4779/2864 3863/4777/3863
f 261/4744/261 260/4669/260 3777/4670/3777
f 3758/4635/3758 3709/4575/3709 3791/4685/3791
f 3827/4727/3827 3850/4754/3850 3851/4755/3851
f 619/4778/619 3861/4772/3861 1497/4687/1497
f 3816/4716/3816 3836/4736/3836 3803/4699/3803
f 3805/4702/3805 3802/4698/3802 3810/4708/3810
f 3795/4690/3795 3788/4682/3788 3807/4704/3807
f 3832/4732/3832 3842/4742/3842 3847/4748/3847
f 3804/4701/3804 1504/4700/1504 3856/4761/3856
f 3862/4773/3862 3800/4695/3800 3848/4751/3848
f 3764/4644/3764 3812/4712/3812 185/4647/185
f 3777/4670/3777 3775/4666/3775 3771/4660/3771
f 1503/4781/1503 1502/4758/1502 3794/4689/3794
f 3776/4668/3776 3780/4674/3780 3779/4673/3779
f 3811/4709/3811 3748/4621/3748 3804/4701/3804
f 637/4770/637 3844/4745/3844 634/4774/634
f 2856/4646/2856 2870/4710/2870 3764/4644/3764
f 3856/4761/3856 1504/4700/1504 3862/4773/3862
f 3793/4688/3793 3846/4747/3846 3852/4756/3852
f 3783/4677/3783 3785/4679/3785 3786/4680/3786
f 3856/4761/3856 3862/4773/3862 3811/4709/3811
f 3844/4745/3844 3860/4771/3860 3861/4772/3861
f 3823/4723/3823 3769/4658/3769 3773/4662/3773
f 1503/4781/1503 3794/4689/3794 1504/4700/1504
f 3793/4688/3793 3862/4773/3862 3794/4689/3794
f 3853/4757/3853 3847/4748/3847 3799/4694/3799
f 3860/4771/3860 3846/4747/3846 3793/4688/3793
f 3782/4676/3782 3781/4675/3781 3787/4681/3787
f 3848/4751/3848 2870/4710/2870 3811/4709/3811
f 3767/4656/3767 3771/4660/3771 3775/4666/3775
f 3862/4773/3862 1504/4700/1504 3794/4689/3794
f 515/4706/515 3805/4702/3805 3810/4708/3810
f 3857/4762/3857 637/4770/637 644/4775/644
f 3851/4755/3851 3845/4746/3845 3855/4760/3855
f 3839/4739/3839 3836/4736/3836 3835/4735/3835
f 3850/4754/3850 3853/4757/3853 3846/4747/3846
f 3706/4572/3706 3760/4639/3760 3771/4660/3771
f 3854/4759/3854 637/4770/637 3857/4762/3857
f 3854/4759/3854 3828/4728/3828 3851/4755/3851
f 514/4697/514 517/4555/517 3790/4684/3790
f 3860/4771/3860 3793/4688/3793 1497/4687/1497
f 3845/4746/3845 3850/4754/3850 3846/4747/3846
f 3748/4621/3748 2868/4749/2868 3863/4777/3863
f 3793/4688/3793 3852/4756/3852 3858/4765/3858
f 3800/4695/3800 3858/4765/3858 3801/4696/3801
f 3864/4782/3864 3865/4783/3865 3866/4784/3866
f 457/4785/457 3867/4786/3867 3868/4787/3868
f 3869/4788/3869 3870/4789/3870 3871/4790/3871
f 3872/4791/3872 3873/4792/3873 3874/4793/3874
f 3873/4792/3873 3875/4794/3875 3874/4793/3874
f 439/4795/439 3876/4796/3876 3877/4797/3877
f 3878/4798/3878 3874/4793/3874 3879/4799/3879
f 3880/4800/3880 3881/4801/3881 3870/4789/3870
f 3882/4802/3882 3883/4803/3883 3884/4804/3884
f 3878/4798/3878 3868/4787/3868 3885/4805/3885
f 3886/4806/3886 3878/4798/3878 3885/4805/3885
f 3887/4807/3887 3888/4808/3888 3889/4809/3889
f 3890/4810/3890 3891/4811/3891 3892/4812/3892
f 3889/4809/3889 3888/4808/3888 3893/4813/3893
f 3894/4814/3894 3893/4813/3893 3895/4815/3895
f 3896/4816/3896 3897/4817/3897 3898/4818/3898
f 3869/4788/3869 3895/4815/3895 3870/4789/3870
f 3899/4819/3899 3900/4820/3900 3901/4821/3901
f 3868/4787/3868 3879/4799/3879 457/4785/457
f 3868/4787/3868 3867/4786/3867 3896/4816/3896
f 3902/4822/3902 3903/4823/3903 3904/4824/3904
f 3905/4825/3905 3906/4826/3906 3907/4827/3907
f 3897/4817/3897 3908/4828/3908 3909/4829/3909
f 3872/4791/3872 3910/4830/3910 3873/4792/3873
f 3909/4829/3909 3898/4818/3898 3897/4817/3897
f 3890/4810/3890 3911/4831/3911 3908/4828/3908
f 133/4832/133 3865/4783/3865 3864/4782/3864
f 3910/4830/3910 3898/4818/3898 3909/4829/3909
f 3896/4816/3896 3890/4810/3890 3897/4817/3897
f 3896/4816/3896 3867/4786/3867 3890/4810/3890
f 3888/4808/3888 137/4833/137 3893/4813/3893
f 3910/4830/3910 3909/4829/3909 3912/4834/3912
f 3887/4807/3887 3908/4828/3908 3866/4784/3866
f 3894/4814/3894 3913/4835/3913 3914/4836/3914
f 2248/4837/2248 2283/4838/2283 3915/4839/3915
f 3911/4831/3911 3892/4812/3892 3908/4828/3908
f 3875/4794/3875 3873/4792/3873 3899/4819/3899
f 3916/4840/3916 3917/4841/3917 3918/4842/3918
f 3890/4810/3890 3908/4828/3908 3897/4817/3897
f 3919/4843/3919 3920/4844/3920 3902/4822/3902
f 3921/4845/3921 3870/4789/3870 3881/4801/3881
f 3922/4846/3922 3923/4847/3923 3884/4804/3884
f 144/4848/144 3893/4813/3893 137/4833/137
f 2210/4849/2210 2212/4850/2212 1567/4851/1567
f 3905/4825/3905 2211/4852/2211 3906/4826/3906
f 3924/4853/3924 3925/4854/3925 3926/4855/3926
f 3910/4830/3910 3912/4834/3912 3900/4820/3900
f 3900/4820/3900 3899/4819/3899 3873/4792/3873
f 2211/4852/2211 2248/4837/2248 3906/4826/3906
f 3927/4856/3927 3925/4854/3925 3928/4857/3928
f 3929/4858/3929 3924/4853/3924 3926/4855/3926
f 3925/4854/3925 3924/4853/3924 3928/4857/3928
f 3930/4859/3930 3931/4860/3931 3924/4853/3924
f 3929/4858/3929 3930/4859/3930 3924/4853/3924
f 3928/4857/3928 3932/4861/3932 3933/4862/3933
f 3934/4863/3934 3899/4819/3899 3901/4821/3901
f 3921/4845/3921 3871/4790/3871 3870/4789/3870
f 3935/4864/3935 3936/4865/3936 1868/4866/1868
f 1857/4867/1857 1868/4866/1868 3936/4865/3936
f 3915/4839/3915 3883/4803/3883 3882/4802/3882
f 3918/4842/3918 3937/4868/3937 3916/4840/3916
f 3932/4861/3932 3938/4869/3938 3933/4862/3933
f 3939/4870/3939 3918/4842/3918 3940/4871/3940
f 1567/4851/1567 3917/4841/3917 1508/4872/1508
f 3940/4871/3940 3918/4842/3918 3941/4873/3941
f 2210/4849/2210 1564/4874/1564 1563/4875/1563
f 3916/4840/3916 1568/4876/1568 1508/4872/1508
f 3937/4868/3937 1568/4876/1568 3916/4840/3916
f 3931/4860/3931 3930/4859/3930 3942/4877/3942
f 925/4878/925 1184/4879/1184 3943/4880/3943
f 3944/4881/3944 3921/4845/3921 3942/4877/3942
f 3883/4803/3883 3920/4844/3920 3884/4804/3884
f 3918/4842/3918 3939/4870/3939 3937/4868/3937
f 1567/4851/1567 3945/4882/3945 3917/4841/3917
f 3939/4870/3939 3946/4883/3946 3937/4868/3937
f 3945/4882/3945 3918/4842/3918 3917/4841/3917
f 3944/4881/3944 3929/4858/3929 3947/4884/3947
f 3918/4842/3918 3945/4882/3945 3941/4873/3941
f 3948/4885/3948 3949/4886/3949 3950/4887/3950
f 3905/4825/3905 3945/4882/3945 2212/4850/2212
f 3946/4883/3946 3951/4888/3951 3952/4889/3952
f 3941/4873/3941 3945/4882/3945 3907/4827/3907
f 3923/4847/3923 3946/4883/3946 3939/4870/3939
f 2212/4850/2212 2211/4852/2211 3905/4825/3905
f 136/4890/136 3888/4808/3888 3887/4807/3887
f 3905/4825/3905 3907/4827/3907 3945/4882/3945
f 3922/4846/3922 3951/4888/3951 3946/4883/3946
f 3953/4891/3953 3923/4847/3923 3941/4873/3941
f 3882/4802/3882 3907/4827/3907 3906/4826/3906
f 3884/4804/3884 3941/4873/3941 3882/4802/3882
f 3951/4888/3951 3922/4846/3922 3904/4824/3904
f 3941/4873/3941 3884/4804/3884 3953/4891/3953
f 3953/4891/3953 3884/4804/3884 3923/4847/3923
f 3906/4826/3906 3915/4839/3915 3882/4802/3882
f 3920/4844/3920 3922/4846/3922 3884/4804/3884
f 3902/4822/3902 3904/4824/3904 3919/4843/3919
f 3920/4844/3920 3954/4892/3954 3902/4822/3902
f 3903/4823/3903 3902/4822/3902 3955/4893/3955
f 3954/4892/3954 3955/4893/3955 3902/4822/3902
f 3870/4789/3870 903/4894/903 930/4895/930
f 3956/4896/3956 3957/4897/3957 3958/4898/3958
f 3959/4899/3959 3935/4864/3935 3960/4900/3960
f 3961/4901/3961 3875/4794/3875 3948/4885/3948
f 3934/4863/3934 3962/4902/3962 3948/4885/3948
f 3963/4903/3963 3964/4904/3964 3965/4905/3965
f 3966/4906/3966 3967/4907/3967 3968/4908/3968
f 3962/4902/3962 3934/4863/3934 3969/4909/3969
f 3913/4835/3913 3871/4790/3871 3970/4910/3970
f 3971/4911/3971 3972/4912/3972 3973/4913/3973
f 3974/4914/3974 3913/4835/3913 3970/4910/3970
f 3974/4914/3974 3975/4915/3975 3913/4835/3913
f 3914/4836/3914 3975/4915/3975 3974/4914/3974
f 3913/4835/3913 3975/4915/3975 3914/4836/3914
f 3976/4916/3976 3977/4917/3977 3978/4918/3978
f 3979/4919/3979 3978/4918/3978 3980/4920/3980
f 3981/4921/3981 3976/4916/3976 3978/4918/3978
f 3978/4918/3978 3979/4919/3979 3981/4921/3981
f 3929/4858/3929 3982/4922/3982 3947/4884/3947
f 3925/4854/3925 3927/4856/3927 3983/4923/3983
f 3984/4924/3984 3985/4925/3985 3980/4920/3980
f 3977/4917/3977 3986/4926/3986 3984/4924/3984
f 3987/4927/3987 3952/4889/3952 3951/4888/3951
f 3988/4928/3988 3981/4921/3981 3989/4929/3989
f 3955/4893/3955 3990/4930/3990 3991/4931/3991
f 3992/4932/3992 3903/4823/3903 3993/4933/3993
f 3904/4824/3904 3987/4927/3987 3951/4888/3951
f 3984/4924/3984 3994/4934/3994 3985/4925/3985
f 3995/4935/3995 3996/4936/3996 3997/4937/3997
f 3926/4855/3926 3983/4923/3983 3998/4938/3998
f 3987/4927/3987 3904/4824/3904 3903/4823/3903
f 3999/4939/3999 4000/4940/4000 3991/4931/3991
f 3989/4929/3989 4001/4941/4001 4002/4942/4002
f 3987/4927/3987 3903/4823/3903 3992/4932/3992
f 3929/4858/3929 3926/4855/3926 3998/4938/3998
f 3992/4932/3992 3952/4889/3952 3987/4927/3987
f 4003/4943/4003 4004/4944/4004 3920/4844/3920
f 4005/4945/4005 4006/4946/4006 4007/4947/4007
f 3985/4925/3985 4008/4948/4008 3979/4919/3979
f 4009/4949/4009 4010/4950/4010 4011/4951/4011
f 4001/4941/4001 4012/4952/4012 4002/4942/4002
f 4008/4948/4008 4013/4953/4013 4014/4954/4014
f 4015/4955/4015 4014/4954/4014 4013/4953/4013
f 4016/4956/4016 4017/4957/4017 4018/4958/4018
f 4019/4959/4019 4007/4947/4007 4020/4960/4020
f 3993/4933/3993 3903/4823/3903 4000/4940/4000
f 4012/4952/4012 4008/4948/4008 4014/4954/4014
f 4021/4961/4021 3997/4937/3997 4022/4962/4022
f 4020/4960/4020 4007/4947/4007 4000/4940/4000
f 3903/4823/3903 3991/4931/3991 4000/4940/4000
f 4023/4963/4023 4024/4964/4024 3958/4898/3958
f 4012/4952/4012 4014/4954/4014 4020/4960/4020
f 4000/4940/4000 3999/4939/3999 4020/4960/4020
f 3955/4893/3955 3991/4931/3991 3903/4823/3903
f 3997/4937/3997 4021/4961/4021 4025/4965/4025
f 4011/4951/4011 3986/4926/3986 4009/4949/4009
f 4020/4960/4020 3999/4939/3999 4012/4952/4012
f 4018/4958/4018 4026/4966/4026 4027/4967/4027
f 4014/4954/4014 4015/4955/4015 4020/4960/4020
f 4028/4968/4028 4022/4962/4022 4024/4964/4024
f 3982/4922/3982 3929/4858/3929 3998/4938/3998
f 3996/4936/3996 4029/4969/4029 4030/4970/4030
f 4021/4961/4021 4027/4967/4027 4004/4944/4004
f 4018/4958/4018 3999/4939/3999 3991/4931/3991
f 4024/4964/4024 4023/4963/4023 4031/4971/4031
f 3955/4893/3955 3954/4892/3954 3990/4930/3990
f 3999/4939/3999 4018/4958/4018 4017/4957/4017
f 4002/4942/4002 4012/4952/4012 4017/4957/4017
f 3954/4892/3954 4026/4966/4026 3990/4930/3990
f 4032/4972/4032 4010/4950/4010 4009/4949/4009
f 4031/4971/4031 3988/4928/3988 4002/4942/4002
f 4002/4942/4002 4017/4957/4017 4033/4973/4033
f 4026/4966/4026 3954/4892/3954 4027/4967/4027
f 4016/4956/4016 4018/4958/4018 4027/4967/4027
f 4017/4957/4017 4016/4956/4016 4033/4973/4033
f 4031/4971/4031 4033/4973/4033 4024/4964/4024
f 3954/4892/3954 3920/4844/3920 4004/4944/4004
f 3954/4892/3954 4004/4944/4004 4027/4967/4027
f 4034/4974/4034 3997/4937/3997 4030/4970/4030
f 4033/4973/4033 4016/4956/4016 4028/4968/4028
f 4029/4969/4029 4035/4975/4035 4030/4970/4030
f 4028/4968/4028 4016/4956/4016 4021/4961/4021
f 4024/4964/4024 4034/4974/4034 3956/4896/3956
f 4024/4964/4024 4033/4973/4033 4028/4968/4028
f 3995/4935/3995 4004/4944/4004 4003/4943/4003
f 4030/4970/4030 3997/4937/3997 3996/4936/3996
f 4004/4944/4004 3995/4935/3995 4025/4965/4025
f 4002/4942/4002 4033/4973/4033 4031/4971/4031
f 4029/4969/4029 4036/4976/4036 4037/4977/4037
f 4004/4944/4004 4025/4965/4025 4021/4961/4021
f 4034/4974/4034 4022/4962/4022 3997/4937/3997
f 4038/4978/4038 1857/4867/1857 3936/4865/3936
f 3936/4865/3936 4039/4979/4039 4038/4978/4038
f 4011/4951/4011 3984/4924/3984 3986/4926/3986
f 1857/4867/1857 4038/4978/4038 4035/4975/4035
f 4019/4959/4019 4005/4945/4005 4007/4947/4007
f 3956/4896/3956 3958/4898/3958 4024/4964/4024
f 4017/4957/4017 4012/4952/4012 3999/4939/3999
f 4040/4980/4040 4037/4977/4037 4036/4976/4036
f 4027/4967/4027 4021/4961/4021 4016/4956/4016
f 4041/4981/4041 4013/4953/4013 3994/4934/3994
f 4039/4979/4039 4035/4975/4035 4038/4978/4038
f 4040/4980/4040 4003/4943/4003 4042/4982/4042
f 4025/4965/4025 3995/4935/3995 3997/4937/3997
f 4003/4943/4003 4040/4980/4040 3995/4935/3995
f 4036/4976/4036 3996/4936/3996 3995/4935/3995
f 3988/4928/3988 3976/4916/3976 3981/4921/3981
f 4043/4983/4043 3883/4803/3883 3915/4839/3915
f 4035/4975/4035 4044/4984/4044 1857/4867/1857
f 4006/4946/4006 3993/4933/3993 4000/4940/4000
f 4022/4962/4022 4028/4968/4028 4021/4961/4021
f 4030/4970/4030 3956/4896/3956 4034/4974/4034
f 3920/4844/3920 4042/4982/4042 4003/4943/4003
f 4015/4955/4015 4019/4959/4019 4020/4960/4020
f 4043/4983/4043 4037/4977/4037 4045/4985/4045
f 4044/4984/4044 4035/4975/4035 4029/4969/4029
f 4045/4985/4045 4040/4980/4040 4042/4982/4042
f 4046/4986/4046 2244/4987/2244 2249/4988/2249
f 4036/4976/4036 4029/4969/4029 3996/4936/3996
f 4035/4975/4035 4039/4979/4039 3956/4896/3956
f 4040/4980/4040 4036/4976/4036 3995/4935/3995
f 4000/4940/4000 4007/4947/4007 4006/4946/4006
f 3956/4896/3956 4030/4970/4030 4035/4975/4035
f 3991/4931/3991 4026/4966/4026 4018/4958/4018
f 4034/4974/4034 4024/4964/4024 4022/4962/4022
f 4037/4977/4037 4044/4984/4044 4029/4969/4029
f 4045/4985/4045 4042/4982/4042 4047/4989/4047
f 2244/4987/2244 4037/4977/4037 2283/4838/2283
f 4047/4989/4047 3883/4803/3883 4045/4985/4045
f 4046/4986/4046 4044/4984/4044 4037/4977/4037
f 4026/4966/4026 3991/4931/3991 3990/4930/3990
f 3994/4934/3994 4013/4953/4013 3985/4925/3985
f 4001/4941/4001 3989/4929/3989 4008/4948/4008
f 4008/4948/4008 3985/4925/3985 4013/4953/4013
f 3988/4928/3988 3989/4929/3989 4002/4942/4002
f 3883/4803/3883 4043/4983/4043 4045/4985/4045
f 3983/4923/3983 4032/4972/4032 3982/4922/3982
f 4046/4986/4046 1857/4867/1857 4044/4984/4044
f 2283/4838/2283 4037/4977/4037 4043/4983/4043
f 4009/4949/4009 3986/4926/3986 4032/4972/4032
f 4001/4941/4001 4008/4948/4008 4012/4952/4012
f 3978/4918/3978 3977/4917/3977 3980/4920/3980
f 4046/4986/4046 4037/4977/4037 2244/4987/2244
f 3982/4922/3982 4048/4990/4048 3947/4884/3947
f 4041/4981/4041 4015/4955/4015 4013/4953/4013
f 3986/4926/3986 4048/4990/4048 4032/4972/4032
f 4048/4990/4048 3982/4922/3982 4032/4972/4032
f 3983/4923/3983 4010/4950/4010 4032/4972/4032
f 3977/4917/3977 3984/4924/3984 3980/4920/3980
f 2249/4988/2249 1857/4867/1857 4046/4986/4046
f 3982/4922/3982 3998/4938/3998 3983/4923/3983
f 3983/4923/3983 3927/4856/3927 4010/4950/4010
f 3925/4854/3925 3983/4923/3983 3926/4855/3926
f 2283/4838/2283 4043/4983/4043 3915/4839/3915
f 4047/4989/4047 3920/4844/3920 3883/4803/3883
f 3979/4919/3979 3989/4929/3989 3981/4921/3981
f 3979/4919/3979 4008/4948/4008 3989/4929/3989
f 3979/4919/3979 3980/4920/3980 3985/4925/3985
f 3976/4916/3976 4049/4991/4049 3977/4917/3977
f 4045/4985/4045 4037/4977/4037 4040/4980/4040
f 144/4848/144 3895/4815/3895 3893/4813/3893
f 3949/4886/3949 3948/4885/3948 3962/4902/3962
f 4050/4992/4050 4051/4993/4051 4052/4994/4052
f 4047/4989/4047 4042/4982/4042 3920/4844/3920
f 4053/4995/4053 3936/4865/3936 4054/4996/4054
f 4055/4997/4055 3976/4916/3976 3988/4928/3988
f 3960/4900/3960 1928/4998/1928 3963/4903/3963
f 4056/4999/4056 4057/5000/4057 4058/5001/4058
f 4059/5002/4059 3914/4836/3914 4060/5003/4060
f 3944/4881/3944 4061/5004/4061 4062/5005/4062
f 3962/4902/3962 3969/4909/3969 3963/4903/3963
f 4062/5005/4062 4061/5004/4061 4063/5006/4063
f 3894/4814/3894 3895/4815/3895 3869/4788/3869
f 3963/4903/3963 1928/4998/1928 3962/4902/3962
f 1928/4998/1928 1883/5007/1883 3949/4886/3949
f 3875/4794/3875 3961/4901/3961 3874/4793/3874
f 4064/5008/4064 4061/5004/4061 3947/4884/3947
f 3969/4909/3969 3934/4863/3934 3964/4904/3964
f 4065/5009/4065 4066/5010/4066 4067/5011/4067
f 3957/4897/3957 3956/4896/3956 4053/4995/4053
f 457/4785/457 3879/4799/3879 4068/5012/4068
f 3969/4909/3969 3964/4904/3964 3963/4903/3963
f 3901/4821/3901 4051/4993/4051 3964/4904/3964
f 3935/4864/3935 1931/5013/1931 3960/4900/3960
f 137/4833/137 3888/4808/3888 136/4890/136
f 4050/4992/4050 4069/5014/4069 4051/4993/4051
f 4058/5001/4058 3966/4906/3966 3968/4908/3968
f 3965/4905/3965 4051/4993/4051 4070/5015/4070
f 3870/4789/3870 930/4895/930 3880/4800/3880
f 4071/5016/4071 4072/5017/4072 4073/5018/4073
f 3960/4900/3960 4070/5015/4070 3959/4899/3959
f 3875/4794/3875 3934/4863/3934 3948/4885/3948
f 3976/4916/3976 4055/4997/4055 4074/5019/4074
f 3935/4864/3935 3959/4899/3959 4075/5020/4075
f 4076/5021/4076 4077/5022/4077 4055/4997/4055
f 4070/5015/4070 4051/4993/4051 4069/5014/4069
f 3950/4887/3950 3961/4901/3961 3948/4885/3948
f 458/5023/458 457/4785/457 4068/5012/4068
f 3965/4905/3965 3964/4904/3964 4051/4993/4051
f 4077/5022/4077 4076/5021/4076 4078/5024/4078
f 3965/4905/3965 4070/5015/4070 3960/4900/3960
f 458/5023/458 4068/5012/4068 4079/5025/4079
f 4080/5026/4080 4073/5018/4073 4077/5022/4077
f 4081/5027/4081 3959/4899/3959 4070/5015/4070
f 4082/5028/4082 3950/4887/3950 3949/4886/3949
f 4065/5009/4065 4067/5011/4067 3974/4914/3974
f 3950/4887/3950 4082/5028/4082 3961/4901/3961
f 3900/4820/3900 3912/4834/3912 4052/4994/4052
f 3901/4821/3901 3900/4820/3900 4052/4994/4052
f 4051/4993/4051 3901/4821/3901 4052/4994/4052
f 3909/4829/3909 3971/4911/3971 4083/5029/4083
f 3870/4789/3870 3895/4815/3895 903/4894/903
f 3944/4881/3944 4062/5005/4062 3921/4845/3921
f 3963/4903/3963 3965/4905/3965 3960/4900/3960
f 4050/4992/4050 4052/4994/4052 4056/4999/4056
f 3879/4799/3879 3874/4793/3874 3961/4901/3961
f 4057/5000/4057 4056/4999/4056 4052/4994/4052
f 4084/5030/4084 4006/4946/4006 4085/5031/4085
f 4075/5020/4075 3959/4899/3959 4054/4996/4054
f 903/4894/903 3895/4815/3895 144/4848/144
f 3936/4865/3936 3935/4864/3935 4075/5020/4075
f 4081/5027/4081 4070/5015/4070 4069/5014/4069
f 4056/4999/4056 4086/5032/4086 4087/5033/4087
f 3894/4814/3894 3914/4836/3914 4059/5002/4059
f 3959/4899/3959 4081/5027/4081 4054/4996/4054
f 4052/4994/4052 3912/4834/3912 4057/5000/4057
f 4088/5034/4088 3971/4911/3971 3909/4829/3909
f 4056/4999/4056 4069/5014/4069 4050/4992/4050
f 4075/5020/4075 4054/4996/4054 3936/4865/3936
f 3974/4914/3974 3970/4910/3970 4065/5009/4065
f 4086/5032/4086 4058/5001/4058 3968/4908/3968
f 4087/5033/4087 4081/5027/4081 4069/5014/4069
f 4054/4996/4054 4087/5033/4087 3957/4897/3957
f 3889/4809/3889 3893/4813/3893 3894/4814/3894
f 4005/4945/4005 4085/5031/4085 4006/4946/4006
f 3993/4933/3993 4084/5030/4084 3992/4932/3992
f 3993/4933/3993 4006/4946/4006 4084/5030/4084
f 1180/5035/1180 1161/5036/1161 4089/5037/4089
f 3887/4807/3887 4059/5002/4059 4090/5038/4090
f 4091/5039/4091 4092/5040/4092 4093/5041/4093
f 4089/5037/4089 4091/5039/4091 4094/5042/4094
f 1144/5043/1144 4095/5044/4095 4096/5045/4096
f 1146/5046/1146 4096/5045/4096 4097/5047/4097
f 4092/5040/4092 1161/5036/1161 1179/5048/1179
f 4081/5027/4081 4087/5033/4087 4054/4996/4054
f 1161/5036/1161 4092/5040/4092 4089/5037/4089
f 3964/4904/3964 3934/4863/3934 3901/4821/3901
f 1144/5043/1144 4096/5045/4096 1146/5046/1146
f 4098/5049/4098 4099/5050/4099 4093/5041/4093
f 3909/4829/3909 4083/5029/4083 3912/4834/3912
f 4059/5002/4059 3887/4807/3887 3889/4809/3889
f 4100/5051/4100 4101/5052/4101 4102/5053/4102
f 4092/5040/4092 1179/5048/1179 4097/5047/4097
f 1931/5013/1931 1928/4998/1928 3960/4900/3960
f 4092/5040/4092 4097/5047/4097 4093/5041/4093
f 4103/5054/4103 4049/4991/4049 4104/5055/4104
f 4057/5000/4057 3912/4834/3912 4083/5029/4083
f 1146/5046/1146 4097/5047/4097 1179/5048/1179
f 4091/5039/4091 4093/5041/4093 4100/5051/4100
f 4098/5049/4098 4093/5041/4093 4097/5047/4097
f 4105/5056/4105 3968/4908/3968 4106/5057/4106
f 4092/5040/4092 4091/5039/4091 4089/5037/4089
f 4056/4999/4056 4087/5033/4087 4069/5014/4069
f 1928/4998/1928 3949/4886/3949 3962/4902/3962
f 4091/5039/4091 4102/5053/4102 4107/5058/4107
f 4071/5016/4071 4073/5018/4073 4108/5059/4108
f 4064/5008/4064 4103/5054/4103 4104/5055/4104
f 3966/4906/3966 4057/5000/4057 4083/5029/4083
f 4102/5053/4102 4091/5039/4091 4100/5051/4100
f 4102/5053/4102 4101/5052/4101 4107/5058/4107
f 4100/5051/4100 4093/5041/4093 4099/5050/4099
f 4091/5039/4091 4107/5058/4107 4094/5042/4094
f 4098/5049/4098 4097/5047/4097 4096/5045/4096
f 4095/5044/4095 1144/5043/1144 1155/5060/1155
f 3956/4896/3956 4039/4979/4039 4053/4995/4053
f 4058/5001/4058 4057/5000/4057 3966/4906/3966
f 4086/5032/4086 4056/4999/4056 4058/5001/4058
f 3966/4906/3966 3973/4913/3973 3967/4907/3967
f 4099/5050/4099 4109/5061/4109 4101/5052/4101
f 4108/5059/4108 3967/4907/3967 3973/4913/3973
f 3947/4884/3947 4061/5004/4061 3944/4881/3944
f 3957/4897/3957 4053/4995/4053 4054/4996/4054
f 4039/4979/4039 3936/4865/3936 4053/4995/4053
f 1180/5035/1180 4089/5037/4089 4094/5042/4094
f 3986/4926/3986 4103/5054/4103 4048/4990/4048
f 4086/5032/4086 3957/4897/3957 4087/5033/4087
f 3879/4799/3879 3961/4901/3961 4110/5062/4110
f 3966/4906/3966 4083/5029/4083 3971/4911/3971
f 3958/4898/3958 3957/4897/3957 4086/5032/4086
f 4099/5050/4099 4101/5052/4101 4100/5051/4100
f 4110/5062/4110 4079/5025/4079 4068/5012/4068
f 3966/4906/3966 3971/4911/3971 3973/4913/3973
f 4068/5012/4068 3879/4799/3879 4110/5062/4110
f 4086/5032/4086 3968/4908/3968 4105/5056/4105
f 3972/4912/3972 4059/5002/4059 4060/5003/4060
f 4105/5056/4105 3958/4898/3958 4086/5032/4086
f 3909/4829/3909 3908/4828/3908 4088/5034/4088
f 4074/5019/4074 4111/5063/4111 4049/4991/4049
f 4090/5038/4090 3971/4911/3971 4088/5034/4088
f 4109/5061/4109 3938/4869/3938 3932/4861/3932
f 4076/5021/4076 4055/4997/4055 3988/4928/3988
f 4106/5057/4106 3968/4908/3968 3967/4907/3967
f 3947/4884/3947 4048/4990/4048 4064/5008/4064
f 4105/5056/4105 4023/4963/4023 3958/4898/3958
f 3972/4912/3972 4060/5003/4060 3973/4913/3973
f 3971/4911/3971 4090/5038/4090 3972/4912/3972
f 4071/5016/4071 4060/5003/4060 3914/4836/3914
f 4088/5034/4088 3908/4828/3908 3887/4807/3887
f 4103/5054/4103 3977/4917/3977 4049/4991/4049
f 4090/5038/4090 4088/5034/4088 3887/4807/3887
f 4108/5059/4108 4080/5026/4080 3967/4907/3967
f 3967/4907/3967 4078/5024/4078 4106/5057/4106
f 4106/5057/4106 4023/4963/4023 4105/5056/4105
f 4094/5042/4094 3943/4880/3943 1180/5035/1180
f 3943/4880/3943 4094/5042/4094 4107/5058/4107
f 4060/5003/4060 4108/5059/4108 3973/4913/3973
f 4059/5002/4059 3972/4912/3972 4090/5038/4090
f 4023/4963/4023 4106/5057/4106 4078/5024/4078
f 4064/5008/4064 4065/5009/4065 4063/5006/4063
f 3967/4907/3967 4080/5026/4080 4078/5024/4078
f 4071/5016/4071 4108/5059/4108 4060/5003/4060
f 4073/5018/4073 4080/5026/4080 4108/5059/4108
f 4078/5024/4078 4112/5064/4112 4023/4963/4023
f 4080/5026/4080 4077/5022/4077 4078/5024/4078
f 4078/5024/4078 4076/5021/4076 4112/5064/4112
f 4023/4963/4023 4112/5064/4112 4031/4971/4031
f 3974/4914/3974 4071/5016/4071 3914/4836/3914
f 4077/5022/4077 4073/5018/4073 4113/5065/4113
f 4103/5054/4103 3986/4926/3986 3977/4917/3977
f 3988/4928/3988 4112/5064/4112 4076/5021/4076
f 3988/4928/3988 4031/4971/4031 4112/5064/4112
f 3974/4914/3974 4072/5017/4072 4071/5016/4071
f 4066/5010/4066 4073/5018/4073 4072/5017/4072
f 4073/5018/4073 4111/5063/4111 4113/5065/4113
f 4113/5065/4113 4111/5063/4111 4077/5022/4077
f 4077/5022/4077 4111/5063/4111 4055/4997/4055
f 4067/5011/4067 4072/5017/4072 3974/4914/3974
f 4072/5017/4072 4067/5011/4067 4066/5010/4066
f 4111/5063/4111 4073/5018/4073 4066/5010/4066
f 4055/4997/4055 4111/5063/4111 4074/5019/4074
f 4111/5063/4111 4066/5010/4066 4049/4991/4049
f 4066/5010/4066 4065/5009/4065 4049/4991/4049
f 3976/4916/3976 4074/5019/4074 4049/4991/4049
f 4065/5009/4065 3970/4910/3970 4063/5006/4063
f 4065/5009/4065 4104/5055/4104 4049/4991/4049
f 3970/4910/3970 4062/5005/4062 4063/5006/4063
f 4064/5008/4064 4104/5055/4104 4065/5009/4065
f 4063/5006/4063 4061/5004/4061 4064/5008/4064
f 3871/4790/3871 4062/5005/4062 3970/4910/3970
f 4062/5005/4062 3871/4790/3871 3921/4845/3921
f 4064/5008/4064 4048/4990/4048 4103/5054/4103
f 3949/4886/3949 1932/5066/1932 4082/5028/4082
f 1865/5067/1865 1859/5068/1859 4114/5069/4114
f 1932/5066/1932 1863/5070/1863 4082/5028/4082
f 3949/4886/3949 1883/5007/1883 1925/5071/1925
f 1858/5072/1858 785/5073/785 775/5074/775
f 4115/5075/4115 3961/4901/3961 4116/5076/4116
f 4117/5077/4117 4082/5028/4082 1865/5067/1865
f 4114/5069/4114 4115/5075/4115 1865/5067/1865
f 4117/5077/4117 4116/5076/4116 3961/4901/3961
f 3949/4886/3949 1925/5071/1925 1932/5066/1932
f 1865/5067/1865 4116/5076/4116 4117/5077/4117
f 4082/5028/4082 4117/5077/4117 3961/4901/3961
f 1865/5067/1865 4115/5075/4115 4116/5076/4116
f 784/5078/784 458/5023/458 4079/5025/4079
f 1859/5068/1859 784/5078/784 4079/5025/4079
f 4079/5025/4079 4114/5069/4114 1859/5068/1859
f 4082/5028/4082 1863/5070/1863 1865/5067/1865
f 1858/5072/1858 775/5074/775 1859/5068/1859
f 4114/5069/4114 4110/5062/4110 4115/5075/4115
f 4110/5062/4110 3961/4901/3961 4115/5075/4115
f 4114/5069/4114 4079/5025/4079 4110/5062/4110
f 1859/5068/1859 775/5074/775 784/5078/784
f 4118/5079/4118 4101/5052/4101 4119/5080/4119
f 3944/4881/3944 3942/4877/3942 3930/4859/3930
f 3931/4860/3931 3942/4877/3942 4120/5081/4120
f 4119/5080/4119 4120/5081/4120 4118/5079/4118
f 4101/5052/4101 4109/5061/4109 4119/5080/4119
f 4107/5058/4107 4101/5052/4101 4118/5079/4118
f 4119/5080/4119 4109/5061/4109 3932/4861/3932
f 4121/5082/4121 930/4895/930 926/5083/926
f 4119/5080/4119 3932/4861/3932 4120/5081/4120
f 3924/4853/3924 3932/4861/3932 3928/4857/3928
f 3931/4860/3931 4120/5081/4120 3932/4861/3932
f 3881/4801/3881 3880/4800/3880 4121/5082/4121
f 4121/5082/4121 4118/5079/4118 4120/5081/4120
f 3881/4801/3881 3942/4877/3942 3921/4845/3921
f 3930/4859/3930 3929/4858/3929 3944/4881/3944
f 3881/4801/3881 4121/5082/4121 4120/5081/4120
f 3892/4812/3892 3911/4831/3911 3890/4810/3890
f 3908/4828/3908 3892/4812/3892 3866/4784/3866
f 3864/4782/3864 3866/4784/3866 3892/4812/3892
f 3867/4786/3867 3891/4811/3891 3890/4810/3890
f 3864/4782/3864 3892/4812/3892 3891/4811/3891
f 136/4890/136 3887/4807/3887 3866/4784/3866
f 3891/4811/3891 3876/4796/3876 3864/4782/3864
f 136/4890/136 3866/4784/3866 3865/4783/3865
f 4121/5082/4121 926/5083/926 4118/5079/4118
f 3867/4786/3867 457/4785/457 437/5084/437
f 3877/4797/3877 3867/4786/3867 439/4795/439
f 3865/4783/3865 133/4832/133 136/4890/136
f 3943/4880/3943 4118/5079/4118 926/5083/926
f 131/5085/131 133/4832/133 3876/4796/3876
f 1184/4879/1184 1180/5035/1180 3943/4880/3943
f 439/4795/439 131/5085/131 3876/4796/3876
f 3880/4800/3880 930/4895/930 4121/5082/4121
f 3891/4811/3891 3867/4786/3867 3877/4797/3877
f 3943/4880/3943 4107/5058/4107 4118/5079/4118
f 3942/4877/3942 3881/4801/3881 4120/5081/4120
f 3876/4796/3876 133/4832/133 3864/4782/3864
f 3935/4864/3935 1868/4866/1868 1931/5013/1931
f 3941/4873/3941 3923/4847/3923 3940/4871/3940
f 3891/4811/3891 3877/4797/3877 3876/4796/3876
f 3943/4880/3943 926/5083/926 925/4878/925
f 2212/4850/2212 3945/4882/3945 1567/4851/1567
f 3882/4802/3882 3941/4873/3941 3907/4827/3907
f 439/4795/439 3867/4786/3867 437/5084/437
f 3939/4870/3939 3940/4871/3940 3923/4847/3923
f 3922/4846/3922 3919/4843/3919 3904/4824/3904
f 3916/4840/3916 1508/4872/1508 3917/4841/3917
f 3910/4830/3910 3900/4820/3900 3873/4792/3873
f 3875/4794/3875 3899/4819/3899 3934/4863/3934
f 2210/4849/2210 1567/4851/1567 1564/4874/1564
f 3923/4847/3923 3922/4846/3922 3946/4883/3946
f 3872/4791/3872 3878/4798/3878 3886/4806/3886
f 3898/4818/3898 3872/4791/3872 3886/4806/3886
f 3885/4805/3885 3898/4818/3898 3886/4806/3886
f 3874/4793/3874 3878/4798/3878 3872/4791/3872
f 3906/4826/3906 2248/4837/2248 3915/4839/3915
f 3931/4860/3931 3932/4861/3932 3924/4853/3924
f 3896/4816/3896 3898/4818/3898 3885/4805/3885
f 3872/4791/3872 3898/4818/3898 3910/4830/3910
f 3878/4798/3878 3879/4799/3879 3868/4787/3868
f 3920/4844/3920 3919/4843/3919 3922/4846/3922
f 4059/5002/4059 3889/4809/3889 3894/4814/3894
f 3913/4835/3913 3894/4814/3894 3869/4788/3869
f 3869/4788/3869 3871/4790/3871 3913/4835/3913
f 3885/4805/3885 3868/4787/3868 3896/4816/3896
f 4122/5086/4122 4123/5087/4123 4124/5088/4124
f 4125/5089/4125 4122/5086/4122 4126/5090/4126
f 4124/5088/4124 4126/5090/4126 4122/5086/4122
f 4123/5087/4123 1023/5091/1023 4127/5092/4127
f 1027/5093/1027 4123/5087/4123 4122/5086/4122
f 1027/5093/1027 4122/5086/4122 1020/5094/1020
f 1023/5091/1023 4123/5087/4123 1027/5093/1027
f 4128/5095/4128 4129/5096/4129 4130/5097/4130
f 4131/5098/4131 4129/5096/4129 4132/5099/4132
f 4133/5100/4133 4128/5095/4128 4134/5101/4134
f 4130/5097/4130 4131/5098/4131 4135/5102/4135
f 4130/5097/4130 4129/5096/4129 4131/5098/4131
f 4136/5103/4136 4132/5099/4132 4129/5096/4129
f 4133/5100/4133 4134/5101/4134 4137/5104/4137
f 4135/5102/4135 4131/5098/4131 4138/5105/4138
f 4129/5096/4129 4139/5106/4139 4136/5103/4136
f 4128/5095/4128 4133/5100/4133 4129/5096/4129
f 4133/5100/4133 4139/5106/4139 4129/5096/4129
f 4139/5106/4139 4133/5100/4133 4137/5104/4137
f 4140/5107/4140 4141/5108/4141 4142/5109/4142
f 4143/5110/4143 4144/5111/4144 4145/5112/4145
f 4141/5108/4141 4146/5113/4146 4142/5109/4142
f 4147/5114/4147 4142/5109/4142 4146/5113/4146
f 4148/5115/4148 4146/5113/4146 4144/5111/4144
f 3369/5116/3369 3368/5117/3368 4145/5112/4145
f 4144/5111/4144 4143/5110/4143 4148/5115/4148
f 4145/5112/4145 3368/5117/3368 4143/5110/4143
f 3368/5117/3368 3378/5118/3378 4143/5110/4143
f 4143/5110/4143 3378/5118/3378 4148/5115/4148
f 4141/5108/4141 4144/5111/4144 4146/5113/4146
f 4140/5107/4140 4144/5111/4144 4141/5108/4141
f 4146/5113/4146 4149/5119/4149 4147/5114/4147
f 4150/5120/4150 4149/5119/4149 4146/5113/4146
f 4151/5121/4151 4152/5122/4152 4153/5123/4153
f 4154/5124/4154 4155/5125/4155 4156/5126/4156
f 4157/5127/4157 4152/5122/4152 4158/5128/4158
f 4159/5129/4159 4160/5130/4160 4161/5131/4161
f 4157/5127/4157 4153/5123/4153 4152/5122/4152
f 4157/5127/4157 4162/5132/4162 4163/5133/4163
f 4164/5134/4164 4165/5135/4165 4156/5126/4156
f 4157/5127/4157 4158/5128/4158 4162/5132/4162
f 4163/5133/4163 4166/5136/4166 4153/5123/4153
f 4167/5137/4167 4153/5123/4153 4166/5136/4166
f 4165/5135/4165 4158/5128/4158 4152/5122/4152
f 4153/5123/4153 4157/5127/4157 4163/5133/4163
f 4162/5132/4162 4158/5128/4158 4168/5138/4168
f 4154/5124/4154 4151/5121/4151 4153/5123/4153
f 4151/5121/4151 4156/5126/4156 4152/5122/4152
f 4158/5128/4158 4169/5139/4169 4168/5138/4168
f 4156/5126/4156 4165/5135/4165 4152/5122/4152
f 4165/5135/4165 4169/5139/4169 4158/5128/4158
f 4156/5126/4156 4151/5121/4151 4154/5124/4154
f 4164/5134/4164 4156/5126/4156 4155/5125/4155
f 4164/5134/4164 4155/5125/4155 4159/5129/4159
f 4161/5131/4161 4164/5134/4164 4159/5129/4159
f 3937/5140/3937 389/5141/389 384/5142/384
f 3946/5143/3946 389/5141/389 3937/5140/3937
f 3937/5140/3937 384/5142/384 1568/5144/1568
f 389/5141/389 4170/5145/4170 380/5146/380
f 4171/5147/4171 4170/5145/4170 389/5141/389
f 4171/5147/4171 389/5141/389 3946/5143/3946
f 3946/5143/3946 3952/5148/3952 4171/5147/4171
f 4172/5149/4172 4127/5092/4127 4173/5150/4173
f 4127/5092/4127 4174/5151/4174 4173/5150/4173
f 4173/5150/4173 4174/5151/4174 4175/5152/4175
f 4176/5153/4176 4175/5152/4175 4174/5151/4174
f 996/5154/996 4125/5089/4125 4177/5155/4177
f 4163/5133/4163 4178/5156/4178 4179/5157/4179
f 4177/5155/4177 4125/5089/4125 4180/5158/4180
f 4179/5157/4179 4178/5156/4178 4181/5159/4181
f 1020/5094/1020 4122/5086/4122 1017/5160/1017
f 4125/5089/4125 4126/5090/4126 4167/5137/4167
f 4182/5161/4182 4183/5162/4183 4184/5163/4184
f 4178/5156/4178 4163/5133/4163 4162/5132/4162
f 4178/5156/4178 4168/5138/4168 4185/5164/4185
f 4125/5089/4125 4167/5137/4167 4180/5158/4180
f 4180/5158/4180 4167/5137/4167 4166/5136/4166
f 4184/5163/4184 4181/5159/4181 4185/5164/4185
f 996/5154/996 4122/5086/4122 4125/5089/4125
f 4177/5155/4177 4180/5158/4180 4186/5165/4186
f 4153/5123/4153 4167/5137/4167 4187/5166/4187
f 4166/5136/4166 4163/5133/4163 4179/5157/4179
f 4187/5166/4187 4167/5137/4167 4126/5090/4126
f 4186/5165/4186 501/5167/501 510/5168/510
f 4177/5155/4177 510/5168/510 996/5154/996
f 4186/5165/4186 510/5168/510 4177/5155/4177
f 4179/5157/4179 4188/5169/4188 4186/5165/4186
f 1017/5160/1017 4122/5086/4122 996/5154/996
f 4183/5162/4183 4182/5161/4182 4189/5170/4189
f 4186/5165/4186 4188/5169/4188 4190/5171/4190
f 4180/5158/4180 4179/5157/4179 4186/5165/4186
f 4188/5169/4188 4179/5157/4179 4181/5159/4181
f 4186/5165/4186 4190/5171/4190 501/5167/501
f 4180/5158/4180 4166/5136/4166 4179/5157/4179
f 4188/5169/4188 4189/5170/4189 4190/5171/4190
f 4183/5162/4183 4188/5169/4188 4181/5159/4181
f 4185/5164/4185 4181/5159/4181 4178/5156/4178
f 4189/5170/4189 490/5172/490 4190/5171/4190
f 490/5172/490 501/5167/501 4190/5171/4190
f 4184/5163/4184 4191/5173/4191 4182/5161/4182
f 4168/5138/4168 4178/5156/4178 4162/5132/4162
f 4183/5162/4183 4189/5170/4189 4188/5169/4188
f 4181/5159/4181 4184/5163/4184 4183/5162/4183
f 4185/5164/4185 4168/5138/4168 4192/5174/4192
f 4192/5174/4192 4184/5163/4184 4185/5164/4185
f 4193/5175/4193 4189/5170/4189 4182/5161/4182
f 4191/5173/4191 4184/5163/4184 4192/5174/4192
f 4182/5161/4182 4191/5173/4191 4193/5175/4193
f 4194/5176/4194 4195/5177/4195 4196/5178/4196
f 4195/5177/4195 4197/5179/4197 4198/5180/4198
f 4194/5176/4194 4199/5181/4199 4200/5182/4200
f 4196/5178/4196 4195/5177/4195 4201/5183/4201
f 4202/5184/4202 4203/5185/4203 4194/5176/4194
f 4197/5179/4197 4195/5177/4195 4204/5186/4204
f 4202/5184/4202 4171/5147/4171 4203/5185/4203
f 4205/5187/4205 4206/5188/4206 4207/5189/4207
f 4193/5175/4193 4208/5190/4208 4209/5191/4209
f 4206/5188/4206 2071/5192/2071 4207/5189/4207
f 4208/5190/4208 4193/5175/4193 4210/5193/4210
f 4191/5173/4191 4210/5193/4210 4193/5175/4193
f 4211/5194/4211 4212/5195/4212 4213/5196/4213
f 4214/5197/4214 4213/5196/4213 4215/5198/4215
f 4215/5198/4215 4216/5199/4216 4217/5200/4217
f 4128/5095/4128 4130/5097/4130 4210/5193/4210
f 4218/5201/4218 2074/5202/2074 4219/5203/4219
f 4211/5194/4211 4213/5196/4213 4214/5197/4214
f 4168/5138/4168 4169/5139/4169 4220/5204/4220
f 4218/5201/4218 4219/5203/4219 4221/5205/4221
f 1949/5206/1949 2074/5202/2074 4218/5201/4218
f 4214/5197/4214 4222/5207/4222 4211/5194/4211
f 4135/5102/4135 4221/5205/4221 4130/5097/4130
f 4218/5201/4218 4223/5208/4223 1949/5206/1949
f 4214/5197/4214 4224/5209/4224 4225/5210/4225
f 4226/5211/4226 4227/5212/4227 4228/5213/4228
f 4229/5214/4229 4225/5210/4225 4224/5209/4224
f 4229/5214/4229 4224/5209/4224 4230/5215/4230
f 4206/5188/4206 4219/5203/4219 2074/5202/2074
f 4231/5216/4231 1946/5217/1946 4223/5208/4223
f 4232/5218/4232 4233/5219/4233 4234/5220/4234
f 4227/5212/4227 4235/5221/4235 4228/5213/4228
f 4236/5222/4236 4164/5134/4164 4161/5131/4161
f 4134/5101/4134 4237/5223/4237 4238/5224/4238
f 4202/5184/4202 4194/5176/4194 4196/5178/4196
f 4239/5225/4239 3992/5226/3992 4084/5227/4084
f 4199/5181/4199 4194/5176/4194 4239/5225/4239
f 4171/5147/4171 3952/5148/3952 4239/5225/4239
f 4201/5183/4201 4240/5228/4240 4196/5178/4196
f 4200/5182/4200 4085/5229/4085 4241/5230/4241
f 4194/5176/4194 4200/5182/4200 4204/5186/4204
f 4197/5179/4197 4204/5186/4204 4241/5230/4241
f 4171/5147/4171 4239/5225/4239 4203/5185/4203
f 4199/5181/4199 4084/5227/4084 4200/5182/4200
f 4239/5225/4239 4084/5227/4084 4199/5181/4199
f 4203/5185/4203 4239/5225/4239 4194/5176/4194
f 4200/5182/4200 4084/5227/4084 4085/5229/4085
f 4204/5186/4204 4195/5177/4195 4194/5176/4194
f 4085/5229/4085 4005/5231/4005 4241/5230/4241
f 4242/5232/4242 494/5233/494 4189/5170/4189
f 4193/5175/4193 4242/5232/4242 4189/5170/4189
f 3992/5226/3992 4239/5225/4239 3952/5148/3952
f 4204/5186/4204 4200/5182/4200 4241/5230/4241
f 4005/5231/4005 4243/5234/4243 4241/5230/4241
f 4243/5234/4243 4005/5231/4005 4019/5235/4019
f 4019/5235/4019 4241/5230/4241 4243/5234/4243
f 4244/5236/4244 4245/5237/4245 4246/5238/4246
f 4247/5239/4247 4248/5240/4248 4249/5241/4249
f 3409/5242/3409 4250/5243/4250 4251/5244/4251
f 1156/5245/1156 3412/5246/3412 4252/5247/4252
f 3416/5248/3416 4251/5244/4251 4252/5247/4252
f 4249/5241/4249 4248/5240/4248 4095/5249/4095
f 4253/5250/4253 4248/5240/4248 4247/5239/4247
f 4254/5251/4254 4244/5236/4244 4253/5250/4253
f 4209/5191/4209 509/5252/509 495/5253/495
f 4098/5254/4098 4244/5236/4244 4099/5255/4099
f 4250/5243/4250 4252/5247/4252 4251/5244/4251
f 3412/5246/3412 3416/5248/3416 4252/5247/4252
f 1156/5245/1156 2419/5256/2419 3412/5246/3412
f 4248/5240/4248 4098/5254/4098 4096/5257/4096
f 4248/5240/4248 4096/5257/4096 4095/5249/4095
f 4248/5240/4248 4253/5250/4253 4098/5254/4098
f 4244/5236/4244 4109/5258/4109 4099/5255/4099
f 4244/5236/4244 4098/5254/4098 4253/5250/4253
f 1156/5245/1156 4252/5247/4252 4095/5249/4095
f 519/5259/519 509/5252/509 4205/5187/4205
f 4244/5236/4244 4246/5238/4246 4109/5258/4109
f 1155/5260/1155 1156/5245/1156 4095/5249/4095
f 2070/5261/2070 519/5259/519 4205/5187/4205
f 4252/5247/4252 4249/5241/4249 4095/5249/4095
f 4207/5189/4207 2070/5261/2070 4205/5187/4205
f 4253/5250/4253 4247/5239/4247 4254/5251/4254
f 4246/5238/4246 3938/5262/3938 4109/5258/4109
f 4244/5236/4244 4254/5251/4254 4245/5237/4245
f 4252/5247/4252 4250/5243/4250 4249/5241/4249
f 4250/5243/4250 4247/5239/4247 4249/5241/4249
f 4255/5263/4255 3938/5262/3938 4246/5238/4246
f 4246/5238/4246 4245/5237/4245 4255/5263/4255
f 4255/5263/4255 4245/5237/4245 4254/5251/4254
f 490/5172/490 4189/5170/4189 494/5233/494
f 3416/5248/3416 3409/5242/3409 4251/5244/4251
f 2016/5264/2016 484/5265/484 499/5266/499
f 4256/5267/4256 4257/5268/4257 4258/5269/4258
f 4207/5189/4207 2071/5192/2071 2070/5261/2070
f 4257/5268/4257 4259/5270/4259 4258/5269/4258
f 4260/5271/4260 4258/5269/4258 4259/5270/4259
f 4261/5272/4261 4260/5271/4260 4262/5273/4262
f 4263/5274/4263 4258/5269/4258 4260/5271/4260
f 4264/5275/4264 4265/5276/4265 4263/5274/4263
f 4255/5263/4255 4266/5277/4266 4264/5275/4264
f 4263/5274/4263 4260/5271/4260 4264/5275/4264
f 4255/5263/4255 4254/5251/4254 4267/5278/4267
f 4268/5279/4268 4269/5280/4269 4270/5281/4270
f 4271/5282/4271 4272/5283/4272 4273/5284/4273
f 4267/5278/4267 4254/5251/4254 4274/5285/4274
f 4275/5286/4275 4266/5277/4266 4276/5287/4276
f 4277/5288/4277 4266/5277/4266 4278/5289/4278
f 4267/5278/4267 4274/5285/4274 4276/5287/4276
f 4264/5275/4264 4261/5272/4261 4255/5263/4255
f 4263/5274/4263 4265/5276/4265 4277/5288/4277
f 4266/5277/4266 4267/5278/4267 4276/5287/4276
f 4276/5287/4276 4279/5290/4279 4275/5286/4275
f 4280/5291/4280 4234/5220/4234 4281/5292/4281
f 4276/5287/4276 4274/5285/4274 4279/5290/4279
f 4234/5220/4234 4233/5219/4233 4281/5292/4281
f 4280/5291/4280 4282/5293/4282 4147/5114/4147
f 4283/5294/4283 4279/5290/4279 4284/5295/4284
f 4275/5286/4275 4278/5289/4278 4266/5277/4266
f 4269/5280/4269 4273/5284/4273 4285/5296/4285
f 4268/5279/4268 4271/5282/4271 4273/5284/4273
f 4284/5295/4284 4286/5297/4286 4140/5107/4140
f 4270/5281/4270 4281/5292/4281 4233/5219/4233
f 4255/5263/4255 4261/5272/4261 3938/5262/3938
f 4273/5284/4273 4272/5283/4272 4287/5298/4287
f 4261/5272/4261 4264/5275/4264 4260/5271/4260
f 4288/5299/4288 4147/5114/4147 4282/5293/4282
f 4279/5290/4279 4274/5285/4274 4284/5295/4284
f 4287/5298/4287 4283/5294/4283 4285/5296/4285
f 4284/5295/4284 4142/5109/4142 4288/5299/4288
f 4278/5289/4278 4275/5286/4275 4279/5290/4279
f 4289/5300/4289 4282/5293/4282 4281/5292/4281
f 4290/5301/4290 4272/5283/4272 4271/5282/4271
f 4273/5284/4273 4269/5280/4269 4268/5279/4268
f 4273/5284/4273 4287/5298/4287 4285/5296/4285
f 4285/5296/4285 4283/5294/4283 4288/5299/4288
f 4270/5281/4270 4269/5280/4269 4281/5292/4281
f 4262/5273/4262 4260/5271/4260 4259/5270/4259
f 4267/5278/4267 4266/5277/4266 4255/5263/4255
f 4289/5300/4289 4281/5292/4281 4269/5280/4269
f 4254/5251/4254 4286/5297/4286 4274/5285/4274
f 4278/5289/4278 4287/5298/4287 4272/5283/4272
f 4282/5293/4282 4280/5291/4280 4281/5292/4281
f 4264/5275/4264 4266/5277/4266 4265/5276/4265
f 4288/5299/4288 4282/5293/4282 4289/5300/4289
f 4265/5276/4265 4266/5277/4266 4277/5288/4277
f 4142/5109/4142 4147/5114/4147 4288/5299/4288
f 4289/5300/4289 4269/5280/4269 4285/5296/4285
f 4274/5285/4274 4286/5297/4286 4284/5295/4284
f 4278/5289/4278 4279/5290/4279 4283/5294/4283
f 4262/5273/4262 3938/5262/3938 4261/5272/4261
f 4205/5187/4205 509/5252/509 4209/5191/4209
f 4287/5298/4287 4278/5289/4278 4283/5294/4283
f 4288/5299/4288 4283/5294/4283 4284/5295/4284
f 4142/5109/4142 4284/5295/4284 4140/5107/4140
f 4288/5299/4288 4289/5300/4289 4285/5296/4285
f 4291/5302/4291 4211/5194/4211 4227/5212/4227
f 4226/5211/4226 4292/5303/4292 4291/5302/4291
f 4154/5124/4154 4293/5304/4293 4155/5125/4155
f 4294/5305/4294 4295/5306/4295 4296/5307/4296
f 4211/5194/4211 4291/5302/4291 4212/5195/4212
f 4297/5308/4297 4298/5309/4298 4299/5310/4299
f 4291/5302/4291 4227/5212/4227 4226/5211/4226
f 4300/5311/4300 4123/5087/4123 4301/5312/4301
f 4302/5313/4302 4303/5314/4303 4304/5315/4304
f 4292/5303/4292 4302/5313/4302 4299/5310/4299
f 4176/5153/4176 382/5316/382 4305/5317/4305
f 4306/5318/4306 4307/5319/4307 4308/5320/4308
f 4309/5321/4309 4304/5315/4304 4310/5322/4310
f 4242/5232/4242 4209/5191/4209 495/5253/495
f 4299/5310/4299 4291/5302/4291 4292/5303/4292
f 381/5323/381 380/5146/380 4170/5145/4170
f 4292/5303/4292 4311/5324/4311 4303/5314/4303
f 4312/5325/4312 4313/5326/4313 4172/5149/4172
f 4314/5327/4314 4296/5307/4296 4315/5328/4315
f 4171/5147/4171 4202/5184/4202 4305/5317/4305
f 4316/5329/4316 4317/5330/4317 4318/5331/4318
f 4319/5332/4319 4320/5333/4320 4321/5334/4321
f 4322/5335/4322 4323/5336/4323 4201/5183/4201
f 4212/5195/4212 4291/5302/4291 4299/5310/4299
f 4324/5337/4324 4306/5318/4306 4315/5328/4315
f 4303/5314/4303 4160/5130/4160 4159/5129/4159
f 4127/5092/4127 4172/5149/4172 4301/5312/4301
f 4325/5338/4325 4326/5339/4326 4327/5340/4327
f 4304/5315/4304 4328/5341/4328 4302/5313/4302
f 4160/5130/4160 4303/5314/4303 4311/5324/4311
f 4299/5310/4299 4302/5313/4302 4297/5308/4297
f 2016/5264/2016 499/5266/499 2070/5261/2070
f 4154/5124/4154 4153/5123/4153 4293/5304/4293
f 4329/5342/4329 4250/5243/4250 3409/5242/3409
f 4330/5343/4330 4247/5239/4247 4250/5243/4250
f 4330/5343/4330 4329/5342/4329 4331/5344/4331
f 4329/5342/4329 3409/5242/3409 3384/5345/3384
f 4330/5343/4330 4331/5344/4331 4286/5297/4286
f 4330/5343/4330 4250/5243/4250 4329/5342/4329
f 4331/5344/4331 4140/5107/4140 4286/5297/4286
f 4145/5112/4145 4144/5111/4144 4332/5346/4332
f 4331/5344/4331 4329/5342/4329 4333/5347/4333
f 3369/5116/3369 4332/5346/4332 4333/5347/4333
f 4286/5297/4286 4254/5251/4254 4247/5239/4247
f 4333/5347/4333 4329/5342/4329 3384/5345/3384
f 4286/5297/4286 4247/5239/4247 4330/5343/4330
f 4331/5344/4331 4333/5347/4333 4332/5346/4332
f 3384/5345/3384 3369/5116/3369 4333/5347/4333
f 4140/5107/4140 4331/5344/4331 4332/5346/4332
f 4332/5346/4332 4144/5111/4144 4140/5107/4140
f 4332/5346/4332 3369/5116/3369 4145/5112/4145
f 4334/5348/4334 4335/5349/4335 4336/5350/4336
f 4223/5208/4223 4138/5105/4138 4231/5216/4231
f 4228/5213/4228 4235/5221/4235 4337/5351/4337
f 4161/5131/4161 4160/5130/4160 4236/5222/4236
f 4228/5213/4228 4337/5351/4337 4338/5352/4338
f 4229/5214/4229 4339/5353/4339 4337/5351/4337
f 4336/5350/4336 4232/5218/4232 4334/5348/4334
f 4238/5224/4238 4236/5222/4236 4340/5354/4340
f 4341/5355/4341 4335/5349/4335 4334/5348/4334
f 4211/5194/4211 4222/5207/4222 4227/5212/4227
f 4232/5218/4232 4234/5220/4234 4334/5348/4334
f 4338/5352/4338 4311/5324/4311 4228/5213/4228
f 4342/5356/4342 4232/5218/4232 4336/5350/4336
f 4149/5119/4149 4341/5355/4341 4280/5291/4280
f 4340/5354/4340 4343/5357/4343 4238/5224/4238
f 4341/5355/4341 4149/5119/4149 4335/5349/4335
f 4234/5220/4234 4341/5355/4341 4334/5348/4334
f 4341/5355/4341 4234/5220/4234 4280/5291/4280
f 4343/5357/4343 4137/5104/4137 4238/5224/4238
f 4280/5291/4280 4147/5114/4147 4149/5119/4149
f 4294/5305/4294 4326/5339/4326 4325/5338/4325
f 4301/5312/4301 4123/5087/4123 4127/5092/4127
f 4308/5320/4308 4299/5310/4299 4298/5309/4298
f 4297/5308/4297 4344/5358/4344 4298/5309/4298
f 4124/5088/4124 4345/5359/4345 4309/5321/4309
f 4328/5341/4328 4297/5308/4297 4302/5313/4302
f 4232/5218/4232 4342/5356/4342 4339/5353/4339
f 4346/5360/4346 4347/5361/4347 4314/5327/4314
f 4348/5362/4348 4138/5105/4138 4131/5098/4131
f 4301/5312/4301 4345/5359/4345 4300/5311/4300
f 4349/5363/4349 4306/5318/4306 4308/5320/4308
f 4350/5364/4350 4351/5365/4351 4352/5366/4352
f 4337/5351/4337 4339/5353/4339 4353/5367/4353
f 4128/5095/4128 4192/5174/4192 4220/5204/4220
f 4308/5320/4308 4298/5309/4298 4349/5363/4349
f 3928/5368/3928 4262/5273/4262 4259/5270/4259
f 3933/5369/3933 4262/5273/4262 3928/5368/3928
f 4262/5273/4262 3933/5369/3933 3938/5262/3938
f 4299/5310/4299 4307/5319/4307 4212/5195/4212
f 4303/5314/4303 4293/5304/4293 4304/5315/4304
f 4347/5361/4347 4352/5366/4352 4314/5327/4314
f 4328/5341/4328 4354/5370/4354 4297/5308/4297
f 4355/5371/4355 4160/5130/4160 4338/5352/4338
f 4340/5354/4340 4236/5222/4236 4355/5371/4355
f 4356/5372/4356 4238/5224/4238 4165/5135/4165
f 4220/5204/4220 4192/5174/4192 4168/5138/4168
f 4294/5305/4294 4296/5307/4296 4351/5365/4351
f 4349/5363/4349 4314/5327/4314 4306/5318/4306
f 4357/5373/4357 4349/5363/4349 4298/5309/4298
f 4295/5306/4295 4215/5198/4215 4213/5196/4213
f 4311/5324/4311 4292/5303/4292 4226/5211/4226
f 4238/5224/4238 4356/5372/4356 4236/5222/4236
f 4311/5324/4311 4226/5211/4226 4228/5213/4228
f 4310/5322/4310 4304/5315/4304 4293/5304/4293
f 4164/5134/4164 4236/5222/4236 4356/5372/4356
f 4358/5374/4358 4137/5104/4137 4343/5357/4343
f 4293/5304/4293 4303/5314/4303 4159/5129/4159
f 4136/5103/4136 4359/5375/4359 4132/5099/4132
f 4344/5358/4344 4297/5308/4297 4354/5370/4354
f 4359/5375/4359 4348/5362/4348 4132/5099/4132
f 4187/5166/4187 4310/5322/4310 4153/5123/4153
f 494/5233/494 4242/5232/4242 495/5253/495
f 4320/5333/4320 4319/5332/4319 4327/5340/4327
f 4123/5087/4123 4300/5311/4300 4124/5088/4124
f 2025/5376/2025 4360/5377/4360 3427/5378/3427
f 4342/5356/4342 4353/5367/4353 4339/5353/4339
f 4361/5379/4361 4357/5373/4357 4298/5309/4298
f 4224/5209/4224 4214/5197/4214 4217/5200/4217
f 4298/5309/4298 4344/5358/4344 4362/5380/4362
f 4343/5357/4343 4363/5381/4363 4358/5374/4358
f 4303/5314/4303 4302/5313/4302 4292/5303/4292
f 4326/5339/4326 4320/5333/4320 4327/5340/4327
f 4362/5380/4362 4345/5359/4345 4301/5312/4301
f 4363/5381/4363 4340/5354/4340 4364/5382/4364
f 4305/5317/4305 4170/5145/4170 4171/5147/4171
f 4318/5331/4318 4323/5336/4323 4316/5329/4316
f 4365/5383/4365 4349/5363/4349 4357/5373/4357
f 4366/5384/4366 4359/5375/4359 4136/5103/4136
f 4296/5307/4296 4324/5337/4324 4315/5328/4315
f 4346/5360/4346 4365/5383/4365 4357/5373/4357
f 4359/5375/4359 4367/5385/4367 4348/5362/4348
f 3427/5378/3427 4360/5377/4360 4348/5362/4348
f 4314/5327/4314 4315/5328/4315 4306/5318/4306
f 4365/5383/4365 4314/5327/4314 4349/5363/4349
f 4213/5196/4213 4324/5337/4324 4295/5306/4295
f 4307/5319/4307 4306/5318/4306 4324/5337/4324
f 4355/5371/4355 4353/5367/4353 4364/5382/4364
f 4159/5129/4159 4155/5125/4155 4293/5304/4293
f 4364/5382/4364 4358/5374/4358 4363/5381/4363
f 4350/5364/4350 4352/5366/4352 4321/5334/4321
f 4368/5386/4368 4369/5387/4369 4322/5335/4322
f 4370/5388/4370 4312/5325/4312 4201/5183/4201
f 4366/5384/4366 4136/5103/4136 4139/5106/4139
f 4153/5123/4153 4310/5322/4310 4293/5304/4293
f 4324/5337/4324 4296/5307/4296 4295/5306/4295
f 4367/5385/4367 3427/5378/3427 4348/5362/4348
f 4299/5310/4299 4308/5320/4308 4307/5319/4307
f 4371/5389/4371 4372/5390/4372 4353/5367/4353
f 4160/5130/4160 4311/5324/4311 4338/5352/4338
f 4346/5360/4346 4357/5373/4357 4368/5386/4368
f 4371/5389/4371 4342/5356/4342 4336/5350/4336
f 4138/5105/4138 4223/5208/4223 4135/5102/4135
f 4298/5309/4298 4362/5380/4362 4317/5330/4317
f 4358/5374/4358 4364/5382/4364 4373/5391/4373
f 4139/5106/4139 4373/5391/4373 4366/5384/4366
f 4367/5385/4367 4366/5384/4366 4374/5392/4374
f 3404/5393/3404 3427/5378/3427 4367/5385/4367
f 4336/5350/4336 4372/5390/4372 4371/5389/4371
f 4229/5214/4229 4230/5215/4230 4375/5394/4375
f 4309/5321/4309 4126/5090/4126 4124/5088/4124
f 4365/5383/4365 4346/5360/4346 4314/5327/4314
f 4376/5395/4376 4367/5385/4367 4374/5392/4374
f 4361/5379/4361 4298/5309/4298 4317/5330/4317
f 4326/5339/4326 4350/5364/4350 4320/5333/4320
f 4366/5384/4366 4377/5396/4377 4374/5392/4374
f 4361/5379/4361 4369/5387/4369 4357/5373/4357
f 4367/5385/4367 4376/5395/4376 3404/5393/3404
f 4322/5335/4322 4198/5180/4198 4368/5386/4368
f 4219/5203/4219 4210/5193/4210 4221/5205/4221
f 4378/5397/4378 4379/5398/4379 4380/5399/4380
f 4222/5207/4222 4235/5221/4235 4227/5212/4227
f 4235/5221/4235 4229/5214/4229 4337/5351/4337
f 4233/5219/4233 4232/5218/4232 4375/5394/4375
f 4366/5384/4366 4373/5391/4373 4377/5396/4377
f 4364/5382/4364 4340/5354/4340 4355/5371/4355
f 4347/5361/4347 4381/5400/4381 4378/5397/4378
f 4367/5385/4367 4359/5375/4359 4366/5384/4366
f 4223/5208/4223 4218/5201/4218 4221/5205/4221
f 4373/5391/4373 4382/5401/4382 4377/5396/4377
f 4376/5395/4376 4374/5392/4374 4377/5396/4377
f 4381/5400/4381 4198/5180/4198 4197/5179/4197
f 4383/5402/4383 4381/5400/4381 4197/5179/4197
f 4378/5397/4378 4381/5400/4381 4379/5398/4379
f 4206/5188/4206 2074/5202/2074 2071/5192/2071
f 4377/5396/4377 4382/5401/4382 4384/5403/4384
f 4385/5404/4385 4041/5405/4041 4386/5406/4386
f 4336/5350/4336 4335/5349/4335 4384/5403/4384
f 4386/5406/4386 4041/5405/4041 3994/5407/3994
f 4384/5403/4384 3370/5408/3370 4377/5396/4377
f 4385/5404/4385 4015/5409/4015 4041/5405/4041
f 4208/5190/4208 4206/5188/4206 4205/5187/4205
f 4238/5224/4238 4137/5104/4137 4134/5101/4134
f 4348/5362/4348 4131/5098/4131 4132/5099/4132
f 4383/5402/4383 4019/5235/4019 4385/5404/4385
f 4385/5404/4385 4019/5235/4019 4015/5409/4015
f 4380/5399/4380 4347/5361/4347 4378/5397/4378
f 3984/5410/3984 4387/5411/4387 3994/5407/3994
f 4383/5402/4383 4241/5230/4241 4019/5235/4019
f 4388/5412/4388 4384/5403/4384 4335/5349/4335
f 4381/5400/4381 4346/5360/4346 4368/5386/4368
f 4355/5371/4355 4337/5351/4337 4353/5367/4353
f 4213/5196/4213 4212/5195/4212 4307/5319/4307
f 4383/5402/4383 4379/5398/4379 4381/5400/4381
f 4215/5198/4215 4217/5200/4217 4214/5197/4214
f 4241/5230/4241 4383/5402/4383 4197/5179/4197
f 3370/5408/3370 3372/5413/3372 4376/5395/4376
f 4198/5180/4198 4381/5400/4381 4368/5386/4368
f 4319/5332/4319 3984/5410/3984 4011/5414/4011
f 4353/5367/4353 4342/5356/4342 4371/5389/4371
f 4195/5177/4195 4198/5180/4198 4322/5335/4322
f 4373/5391/4373 4139/5106/4139 4358/5374/4358
f 4388/5412/4388 3370/5408/3370 4384/5403/4384
f 4385/5404/4385 4379/5398/4379 4383/5402/4383
f 4135/5102/4135 4223/5208/4223 4221/5205/4221
f 4386/5406/4386 3994/5407/3994 4387/5411/4387
f 4347/5361/4347 4346/5360/4346 4381/5400/4381
f 4295/5306/4295 4216/5199/4216 4215/5198/4215
f 4231/5216/4231 4138/5105/4138 1947/5415/1947
f 4126/5090/4126 4309/5321/4309 4310/5322/4310
f 4213/5196/4213 4307/5319/4307 4324/5337/4324
f 4127/5092/4127 371/5416/371 4174/5151/4174
f 4389/5417/4389 4317/5330/4317 4362/5380/4362
f 4296/5307/4296 4314/5327/4314 4352/5366/4352
f 4387/5411/4387 3984/5410/3984 4319/5332/4319
f 4369/5387/4369 4361/5379/4361 4317/5330/4317
f 4368/5386/4368 4357/5373/4357 4369/5387/4369
f 4310/5322/4310 4187/5166/4187 4126/5090/4126
f 4317/5330/4317 4389/5417/4389 4318/5331/4318
f 4294/5305/4294 4350/5364/4350 4326/5339/4326
f 4319/5332/4319 4386/5406/4386 4387/5411/4387
f 4225/5210/4225 4229/5214/4229 4235/5221/4235
f 3421/5418/3421 3370/5408/3370 4388/5412/4388
f 1946/5217/1946 4231/5216/4231 1947/5415/1947
f 4388/5412/4388 4390/5419/4390 3457/5420/3457
f 4210/5193/4210 4191/5173/4191 4192/5174/4192
f 4376/5395/4376 3372/5413/3372 3404/5393/3404
f 4364/5382/4364 4372/5390/4372 4382/5401/4382
f 4384/5403/4384 4382/5401/4382 4336/5350/4336
f 4377/5396/4377 3370/5408/3370 4376/5395/4376
f 3377/5421/3377 3457/5420/3457 4391/5422/4391
f 4148/5115/4148 3377/5421/3377 4391/5422/4391
f 4237/5223/4237 4169/5139/4169 4165/5135/4165
f 4355/5371/4355 4236/5222/4236 4160/5130/4160
f 4137/5104/4137 4358/5374/4358 4139/5106/4139
f 4205/5187/4205 4209/5191/4209 4208/5190/4208
f 4390/5419/4390 4335/5349/4335 4149/5119/4149
f 4375/5394/4375 4339/5353/4339 4229/5214/4229
f 4210/5193/4210 4192/5174/4192 4128/5095/4128
f 4389/5417/4389 4362/5380/4362 4301/5312/4301
f 4352/5366/4352 4351/5365/4351 4296/5307/4296
f 4219/5203/4219 4206/5188/4206 4208/5190/4208
f 4148/5115/4148 3378/5118/3378 3377/5421/3377
f 4232/5218/4232 4339/5353/4339 4375/5394/4375
f 4356/5372/4356 4165/5135/4165 4164/5134/4164
f 4316/5329/4316 4369/5387/4369 4317/5330/4317
f 4210/5193/4210 4130/5097/4130 4221/5205/4221
f 4148/5115/4148 4391/5422/4391 4146/5113/4146
f 4391/5422/4391 4150/5120/4150 4146/5113/4146
f 4350/5364/4350 4294/5305/4294 4351/5365/4351
f 4389/5417/4389 4301/5312/4301 4313/5326/4313
f 4322/5335/4322 4369/5387/4369 4316/5329/4316
f 4309/5321/4309 4345/5359/4345 4354/5370/4354
f 4165/5135/4165 4238/5224/4238 4237/5223/4237
f 4345/5359/4345 4124/5088/4124 4300/5311/4300
f 4313/5326/4313 4301/5312/4301 4172/5149/4172
f 4390/5419/4390 4388/5412/4388 4335/5349/4335
f 4362/5380/4362 4354/5370/4354 4345/5359/4345
f 4312/5325/4312 4175/5152/4175 4240/5228/4240
f 3927/5423/3927 4392/5424/4392 4010/5425/4010
f 4393/5426/4393 4394/5427/4394 4395/5428/4395
f 4217/5200/4217 4216/5199/4216 4394/5427/4394
f 4272/5283/4272 4396/5429/4396 4277/5288/4277
f 4397/5430/4397 4392/5424/4392 4327/5340/4327
f 4257/5268/4257 4392/5424/4392 4398/5431/4398
f 4395/5428/4395 4268/5279/4268 4393/5426/4393
f 4399/5432/4399 4268/5279/4268 4270/5281/4270
f 4259/5270/4259 4257/5268/4257 4398/5431/4398
f 4325/5338/4325 4400/5433/4400 4294/5305/4294
f 4169/5139/4169 4237/5223/4237 4220/5204/4220
f 3457/5420/3457 4150/5120/4150 4391/5422/4391
f 4396/5429/4396 4263/5274/4263 4277/5288/4277
f 4010/5425/4010 4392/5424/4392 4397/5430/4397
f 4294/5305/4294 4400/5433/4400 4401/5434/4401
f 4271/5282/4271 4268/5279/4268 4395/5428/4395
f 4401/5434/4401 4402/5435/4402 4403/5436/4403
f 4398/5431/4398 3928/5368/3928 4259/5270/4259
f 4372/5390/4372 4364/5382/4364 4353/5367/4353
f 4263/5274/4263 4404/5437/4404 4258/5269/4258
f 4405/5438/4405 4392/5424/4392 4257/5268/4257
f 4257/5268/4257 4256/5267/4256 4405/5438/4405
f 3927/5423/3927 3928/5368/3928 4398/5431/4398
f 4402/5435/4402 4290/5301/4290 4403/5436/4403
f 4223/5208/4223 1946/5217/1946 1949/5206/1949
f 4325/5338/4325 4327/5340/4327 4392/5424/4392
f 4404/5437/4404 4401/5434/4401 4256/5267/4256
f 4400/5433/4400 4405/5438/4405 4256/5267/4256
f 4325/5338/4325 4405/5438/4405 4400/5433/4400
f 4225/5210/4225 4235/5221/4235 4222/5207/4222
f 4272/5283/4272 4277/5288/4277 4278/5289/4278
f 4401/5434/4401 4404/5437/4404 4402/5435/4402
f 4401/5434/4401 4295/5306/4295 4294/5305/4294
f 4405/5438/4405 4325/5338/4325 4392/5424/4392
f 4401/5434/4401 4406/5439/4406 4295/5306/4295
f 4219/5203/4219 4208/5190/4208 4210/5193/4210
f 4327/5340/4327 4011/5414/4011 4397/5430/4397
f 4407/5440/4407 4402/5435/4402 4404/5437/4404
f 4406/5439/4406 4401/5434/4401 4403/5436/4403
f 4394/5427/4394 4290/5301/4290 4395/5428/4395
f 4402/5435/4402 4407/5440/4407 4396/5429/4396
f 4407/5440/4407 4404/5437/4404 4263/5274/4263
f 4217/5200/4217 4399/5432/4399 4224/5209/4224
f 4406/5439/4406 4403/5436/4403 4394/5427/4394
f 4382/5401/4382 4373/5391/4373 4364/5382/4364
f 4398/5431/4398 4392/5424/4392 3927/5423/3927
f 4390/5419/4390 4150/5120/4150 3457/5420/3457
f 4394/5427/4394 4403/5436/4403 4290/5301/4290
f 4290/5301/4290 4402/5435/4402 4396/5429/4396
f 4396/5429/4396 4407/5440/4407 4263/5274/4263
f 4216/5199/4216 4406/5439/4406 4394/5427/4394
f 4404/5437/4404 4256/5267/4256 4258/5269/4258
f 4222/5207/4222 4214/5197/4214 4225/5210/4225
f 4256/5267/4256 4401/5434/4401 4400/5433/4400
f 4290/5301/4290 4396/5429/4396 4272/5283/4272
f 4134/5101/4134 4128/5095/4128 4237/5223/4237
f 4395/5428/4395 4290/5301/4290 4271/5282/4271
f 4399/5432/4399 4217/5200/4217 4393/5426/4393
f 4394/5427/4394 4393/5426/4393 4217/5200/4217
f 4340/5354/4340 4363/5381/4363 4343/5357/4343
f 4268/5279/4268 4399/5432/4399 4393/5426/4393
f 4224/5209/4224 4399/5432/4399 4230/5215/4230
f 4270/5281/4270 4233/5219/4233 4408/5441/4408
f 4399/5432/4399 4270/5281/4270 4408/5441/4408
f 4237/5223/4237 4128/5095/4128 4220/5204/4220
f 4230/5215/4230 4399/5432/4399 4408/5441/4408
f 4408/5441/4408 4375/5394/4375 4230/5215/4230
f 4408/5441/4408 4233/5219/4233 4375/5394/4375
f 4319/5332/4319 4011/5414/4011 4327/5340/4327
f 4397/5430/4397 4011/5414/4011 4010/5425/4010
f 4313/5326/4313 4323/5336/4323 4318/5331/4318
f 4350/5364/4350 4321/5334/4321 4320/5333/4320
f 4322/5335/4322 4316/5329/4316 4323/5336/4323
f 4370/5388/4370 4323/5336/4323 4313/5326/4313
f 4173/5150/4173 4312/5325/4312 4172/5149/4172
f 4312/5325/4312 4370/5388/4370 4313/5326/4313
f 4201/5183/4201 4195/5177/4195 4322/5335/4322
f 4370/5388/4370 4201/5183/4201 4323/5336/4323
f 4173/5150/4173 4175/5152/4175 4312/5325/4312
f 4312/5325/4312 4240/5228/4240 4201/5183/4201
f 4176/5153/4176 4240/5228/4240 4175/5152/4175
f 4176/5153/4176 4305/5317/4305 4240/5228/4240
f 4196/5178/4196 4240/5228/4240 4305/5317/4305
f 4389/5417/4389 4313/5326/4313 4318/5331/4318
f 4305/5317/4305 4202/5184/4202 4196/5178/4196
f 499/5266/499 519/5259/519 2070/5261/2070
f 382/5316/382 381/5323/381 4305/5317/4305
f 375/5442/375 382/5316/382 4176/5153/4176
f 4170/5145/4170 4305/5317/4305 381/5323/381
f 375/5442/375 4176/5153/4176 4174/5151/4174
f 370/5443/370 375/5442/375 4174/5151/4174
f 370/5443/370 4174/5151/4174 371/5416/371
f 4127/5092/4127 990/5444/990 371/5416/371
f 4127/5092/4127 1023/5091/1023 990/5444/990
f 4344/5358/4344 4354/5370/4354 4362/5380/4362
f 4338/5352/4338 4337/5351/4337 4355/5371/4355
f 4360/5377/4360 2025/5376/2025 1947/5415/1947
f 4193/5175/4193 4209/5191/4209 4242/5232/4242
f 4354/5370/4354 4409/5445/4409 4309/5321/4309
f 4304/5315/4304 4309/5321/4309 4409/5445/4409
f 4304/5315/4304 4409/5445/4409 4328/5341/4328
f 4354/5370/4354 4328/5341/4328 4409/5445/4409
f 4138/5105/4138 4360/5377/4360 1947/5415/1947
f 4372/5390/4372 4336/5350/4336 4382/5401/4382
f 4348/5362/4348 4360/5377/4360 4138/5105/4138
f 4379/5398/4379 4385/5404/4385 4386/5406/4386
f 4410/5446/4410 4386/5406/4386 4319/5332/4319
f 4386/5406/4386 4410/5446/4410 4379/5398/4379
f 4321/5334/4321 4352/5366/4352 4380/5399/4380
f 4319/5332/4319 4321/5334/4321 4380/5399/4380
f 4380/5399/4380 4352/5366/4352 4347/5361/4347
f 4410/5446/4410 4319/5332/4319 4380/5399/4380
f 4410/5446/4410 4380/5399/4380 4379/5398/4379
f 4149/5119/4149 4150/5120/4150 4390/5419/4390
f 3457/5420/3457 3421/5418/3421 4388/5412/4388
f 4406/5439/4406 4216/5199/4216 4295/5306/4295
f 4411/5447/4411 4412/5448/4412 4413/5449/4413
f 4414/5450/4414 4415/5451/4415 4416/5452/4416
f 4417/5453/4417 4418/5454/4418 4419/5455/4419
f 4420/5456/4420 4421/5457/4421 4422/5458/4422
f 4423/5459/4423 4424/5460/4424 4425/5461/4425
f 4426/5462/4426 4427/5463/4427 4428/5464/4428
f 4429/5465/4429 4430/5466/4430 4431/5467/4431
f 4432/5468/4432 4433/5469/4433 4434/5470/4434
f 4423/5459/4423 4435/5471/4435 4421/5457/4421
f 4420/5456/4420 4436/5472/4436 4437/5473/4437
f 4438/5474/4438 4439/5475/4439 4430/5466/4430
f 4435/5471/4435 4423/5459/4423 4440/5476/4440
f 1339/5477/1339 4441/5478/4441 4442/5479/4442
f 4435/5471/4435 4443/5480/4443 4421/5457/4421
f 4444/5481/4444 4445/5482/4445 4446/5483/4446
f 4423/5459/4423 4421/5457/4421 4447/5484/4447
f 4448/5485/4448 4440/5476/4440 4423/5459/4423
f 4449/5486/4449 4450/5487/4450 4451/5488/4451
f 4452/5489/4452 4453/5490/4453 4454/5491/4454
f 4455/5492/4455 4456/5493/4456 4457/5494/4457
f 4458/5495/4458 4432/5468/4432 4459/5496/4459
f 1339/5477/1339 1300/5497/1300 4441/5478/4441
f 4413/5449/4413 1339/5477/1339 4442/5479/4442
f 4442/5479/4442 4441/5478/4441 4460/5498/4460
f 4461/5499/4461 4462/5500/4462 4463/5501/4463
f 4464/5502/4464 4465/5503/4465 4466/5504/4466
f 4413/5449/4413 4467/5505/4467 1341/5506/1341
f 4413/5449/4413 1340/5507/1340 1339/5477/1339
f 4465/5503/4465 4468/5508/4468 4466/5504/4466
f 4457/5494/4457 4469/5509/4469 4470/5510/4470
f 4442/5479/4442 4460/5498/4460 4471/5511/4471
f 1341/5506/1341 4467/5505/4467 4452/5489/4452
f 4472/5512/4472 4412/5448/4412 4411/5447/4411
f 4461/5499/4461 4463/5501/4463 4473/5513/4473
f 4474/5514/4474 4475/5515/4475 4476/5516/4476
f 4467/5505/4467 4412/5448/4412 4453/5490/4453
f 4477/5517/4477 4432/5468/4432 4478/5518/4478
f 1303/5519/1303 1341/5506/1341 4452/5489/4452
f 4479/5520/4479 4463/5501/4463 4462/5500/4462
f 4480/5521/4480 4481/5522/4481 4482/5523/4482
f 4483/5524/4483 4484/5525/4484 4485/5526/4485
f 4458/5495/4458 4459/5496/4459 4486/5527/4486
f 4442/5479/4442 4411/5447/4411 4413/5449/4413
f 4487/5528/4487 4488/5529/4488 4489/5530/4489
f 4490/5531/4490 4418/5454/4418 4417/5453/4417
f 4491/5532/4491 4492/5533/4492 4493/5534/4493
f 4473/5513/4473 4494/5535/4494 4481/5522/4481
f 4492/5533/4492 4469/5509/4469 4495/5536/4495
f 4455/5492/4455 4496/5537/4496 1635/5538/1635
f 4471/5511/4471 4460/5498/4460 4497/5539/4497
f 4489/5530/4489 4498/5540/4498 4499/5541/4499
f 4467/5505/4467 4453/5490/4453 4452/5489/4452
f 4471/5511/4471 4497/5539/4497 4478/5518/4478
f 4470/5510/4470 4469/5509/4469 4500/5542/4500
f 4501/5543/4501 4491/5532/4491 4502/5544/4502
f 4503/5545/4503 4504/5546/4504 4505/5547/4505
f 4453/5490/4453 4412/5448/4412 4506/5548/4506
f 4507/5549/4507 4508/5550/4508 4509/5551/4509
f 4432/5468/4432 4510/5552/4510 4433/5469/4433
f 4444/5481/4444 4511/5553/4511 4512/5554/4512
f 4513/5555/4513 4514/5556/4514 4515/5557/4515
f 4418/5454/4418 4465/5503/4465 4419/5455/4419
f 4516/5558/4516 4452/5489/4452 4517/5559/4517
f 4442/5479/4442 4472/5512/4472 4411/5447/4411
f 4415/5451/4415 1059/5560/1059 1066/5561/1066
f 4516/5558/4516 4415/5451/4415 1066/5561/1066
f 4454/5491/4454 4453/5490/4453 4506/5548/4506
f 4434/5470/4434 4506/5548/4506 4412/5448/4412
f 4452/5489/4452 4454/5491/4454 4517/5559/4517
f 4457/5494/4457 4470/5510/4470 4455/5492/4455
f 4518/5562/4518 4477/5517/4477 4497/5539/4497
f 4499/5541/4499 4519/5563/4519 4486/5527/4486
f 4500/5542/4500 4520/5564/4520 4470/5510/4470
f 4521/5565/4521 4486/5527/4486 4459/5496/4459
f 1341/5506/1341 1340/5507/1340 4413/5449/4413
f 4516/5558/4516 4522/5566/4522 4415/5451/4415
f 4523/5567/4523 4506/5548/4506 4434/5470/4434
f 4428/5464/4428 4427/5463/4427 4475/5515/4475
f 4477/5517/4477 4518/5562/4518 4521/5565/4521
f 4459/5496/4459 4432/5468/4432 4477/5517/4477
f 4432/5468/4432 4434/5470/4434 4478/5518/4478
f 1059/5560/1059 4415/5451/4415 4414/5450/4414
f 4480/5521/4480 4513/5555/4513 4468/5508/4468
f 4415/5451/4415 4522/5566/4522 4416/5452/4416
f 4488/5529/4488 4426/5462/4426 4466/5504/4466
f 4506/5548/4506 4523/5567/4523 4514/5556/4514
f 4434/5470/4434 4433/5469/4433 4523/5567/4523
f 4483/5524/4483 4485/5526/4485 4524/5568/4524
f 4510/5552/4510 4483/5524/4483 4524/5568/4524
f 4442/5479/4442 4471/5511/4471 4472/5512/4472
f 1299/5569/1299 4460/5498/4460 4441/5478/4441
f 1059/5560/1059 4414/5450/4414 1045/5570/1045
f 4521/5565/4521 4459/5496/4459 4477/5517/4477
f 4482/5523/4482 4517/5559/4517 4514/5556/4514
f 4482/5523/4482 4481/5522/4481 4522/5566/4522
f 4419/5455/4419 4465/5503/4465 4464/5502/4464
f 4416/5452/4416 4522/5566/4522 4481/5522/4481
f 4523/5567/4523 4524/5568/4524 4514/5556/4514
f 4458/5495/4458 4510/5552/4510 4432/5468/4432
f 4433/5469/4433 4510/5552/4510 4524/5568/4524
f 4514/5556/4514 4484/5525/4484 4515/5557/4515
f 1045/5570/1045 4414/5450/4414 4479/5520/4479
f 4494/5535/4494 4414/5450/4414 4416/5452/4416
f 4513/5555/4513 4482/5523/4482 4514/5556/4514
f 4485/5526/4485 4514/5556/4514 4524/5568/4524
f 4492/5533/4492 4500/5542/4500 4469/5509/4469
f 4486/5527/4486 4521/5565/4521 4525/5571/4525
f 4519/5563/4519 4458/5495/4458 4486/5527/4486
f 4497/5539/4497 4477/5517/4477 4478/5518/4478
f 4483/5524/4483 4510/5552/4510 4458/5495/4458
f 4471/5511/4471 4478/5518/4478 4434/5470/4434
f 4461/5499/4461 4473/5513/4473 4526/5572/4526
f 4414/5450/4414 4494/5535/4494 4479/5520/4479
f 4482/5523/4482 4513/5555/4513 4480/5521/4480
f 4481/5522/4481 4480/5521/4480 4473/5513/4473
f 4485/5526/4485 4484/5525/4484 4514/5556/4514
f 4483/5524/4483 4519/5563/4519 4484/5525/4484
f 4525/5571/4525 4527/5573/4527 4486/5527/4486
f 4458/5495/4458 4519/5563/4519 4483/5524/4483
f 4520/5564/4520 4528/5574/4528 4525/5571/4525
f 4494/5535/4494 4463/5501/4463 4479/5520/4479
f 4515/5557/4515 4529/5575/4529 4513/5555/4513
f 4473/5513/4473 4480/5521/4480 4530/5576/4530
f 4463/5501/4463 4494/5535/4494 4473/5513/4473
f 4528/5574/4528 4527/5573/4527 4525/5571/4525
f 4531/5577/4531 4532/5578/4532 4450/5487/4450
f 4450/5487/4450 4449/5486/4449 4531/5577/4531
f 4449/5486/4449 4533/5579/4533 4531/5577/4531
f 4449/5486/4449 4487/5528/4487 4534/5580/4534
f 4449/5486/4449 4535/5581/4535 4536/5582/4536
f 4449/5486/4449 4534/5580/4534 4535/5581/4535
f 4535/5581/4535 4534/5580/4534 4502/5544/4502
f 4449/5486/4449 4536/5582/4536 4533/5579/4533
f 4533/5579/4533 4536/5582/4536 4535/5581/4535
f 4486/5527/4486 4537/5583/4537 4499/5541/4499
f 4486/5527/4486 4527/5573/4527 4537/5583/4537
f 4498/5540/4498 4519/5563/4519 4499/5541/4499
f 4488/5529/4488 4487/5528/4487 4451/5488/4451
f 4513/5555/4513 4538/5584/4538 4468/5508/4468
f 4539/5585/4539 4480/5521/4480 4468/5508/4468
f 4513/5555/4513 4529/5575/4529 4538/5584/4538
f 4529/5575/4529 4515/5557/4515 4484/5525/4484
f 4473/5513/4473 4530/5576/4530 4540/5586/4540
f 4539/5585/4539 4530/5576/4530 4480/5521/4480
f 4528/5574/4528 4492/5533/4492 4527/5573/4527
f 4489/5530/4489 4529/5575/4529 4498/5540/4498
f 4537/5583/4537 4527/5573/4527 4501/5543/4501
f 4519/5563/4519 4498/5540/4498 4484/5525/4484
f 4502/5544/4502 4499/5541/4499 4537/5583/4537
f 4419/5455/4419 4474/5514/4474 4476/5516/4476
f 4468/5508/4468 4538/5584/4538 4466/5504/4466
f 4539/5585/4539 4468/5508/4468 4465/5503/4465
f 4529/5575/4529 4488/5529/4488 4538/5584/4538
f 4529/5575/4529 4484/5525/4484 4498/5540/4498
f 4476/5516/4476 4541/5587/4541 4419/5455/4419
f 4540/5586/4540 4526/5572/4526 4473/5513/4473
f 4457/5494/4457 4456/5493/4456 4469/5509/4469
f 4500/5542/4500 4528/5574/4528 4520/5564/4520
f 4466/5504/4466 4538/5584/4538 4488/5529/4488
f 4542/5588/4542 4520/5564/4520 4525/5571/4525
f 4492/5533/4492 4528/5574/4528 4500/5542/4500
f 4501/5543/4501 4527/5573/4527 4492/5533/4492
f 4537/5583/4537 4501/5543/4501 4502/5544/4502
f 4499/5541/4499 4534/5580/4534 4489/5530/4489
f 4502/5544/4502 4534/5580/4534 4499/5541/4499
f 4464/5502/4464 4466/5504/4466 4428/5464/4428
f 4426/5462/4426 4428/5464/4428 4466/5504/4466
f 4469/5509/4469 4456/5493/4456 4543/5589/4543
f 4544/5590/4544 4539/5585/4539 4465/5503/4465
f 4526/5572/4526 4540/5586/4540 4545/5591/4545
f 4526/5572/4526 4545/5591/4545 4461/5499/4461
f 4542/5588/4542 4546/5592/4546 4520/5564/4520
f 4547/5593/4547 4509/5551/4509 4495/5536/4495
f 4422/5458/4422 4443/5480/4443 4420/5456/4420
f 4435/5471/4435 4440/5476/4440 4548/5594/4548
f 4420/5456/4420 4549/5595/4549 4424/5460/4424
f 4550/5596/4550 4420/5456/4420 4443/5480/4443
f 4551/5597/4551 4438/5474/4438 4512/5554/4512
f 4412/5448/4412 4467/5505/4467 4413/5449/4413
f 718/5598/718 704/5599/704 4443/5480/4443
f 4489/5530/4489 4488/5529/4488 4529/5575/4529
f 4456/5493/4456 4455/5492/4455 1640/5600/1640
f 4491/5532/4491 4501/5543/4501 4492/5533/4492
f 4534/5580/4534 4487/5528/4487 4489/5530/4489
f 4465/5503/4465 4418/5454/4418 4544/5590/4544
f 1652/5601/1652 4552/5602/4552 4553/5603/4553
f 4554/5604/4554 4555/5605/4555 4556/5606/4556
f 1303/5519/1303 4452/5489/4452 1066/5561/1066
f 4557/5607/4557 4558/5608/4558 4559/5609/4559
f 4560/5610/4560 713/5611/713 4561/5612/4561
f 2758/5613/2758 3651/5614/3651 2755/5615/2755
f 4558/5608/4558 4562/5616/4562 4563/5617/4563
f 4564/5618/4564 4565/5619/4565 4566/5620/4566
f 4547/5593/4547 4553/5603/4553 4507/5549/4507
f 4567/5621/4567 4505/5547/4505 1644/5622/1644
f 4503/5545/4503 4558/5608/4558 4557/5607/4557
f 4505/5547/4505 4567/5621/4567 4568/5623/4568
f 1644/5622/1644 4505/5547/4505 1626/5624/1626
f 4505/5547/4505 4568/5623/4568 4569/5625/4569
f 4504/5546/4504 1626/5624/1626 4505/5547/4505
f 1640/5600/1640 1621/5626/1621 4456/5493/4456
f 4570/5627/4570 1627/5628/1627 1626/5624/1626
f 4504/5546/4504 4570/5627/4570 1626/5624/1626
f 4571/5629/4571 1627/5628/1627 4570/5627/4570
f 4557/5607/4557 4570/5627/4570 4504/5546/4504
f 4547/5593/4547 4507/5549/4507 4509/5551/4509
f 4571/5629/4571 1648/5630/1648 1627/5628/1627
f 4507/5549/4507 4553/5603/4553 4508/5550/4508
f 4572/5631/4572 4558/5608/4558 4503/5545/4503
f 4573/5632/4573 4508/5550/4508 4554/5604/4554
f 4574/5633/4574 1631/5634/1631 1648/5630/1648
f 4555/5605/4555 4575/5635/4575 4556/5606/4556
f 718/5598/718 4435/5471/4435 701/5636/701
f 4576/5637/4576 4562/5616/4562 4558/5608/4558
f 1619/5638/1619 4553/5603/4553 4547/5593/4547
f 4563/5617/4563 4559/5609/4559 4558/5608/4558
f 4577/5639/4577 4559/5609/4559 4563/5617/4563
f 701/5636/701 4578/5640/4578 707/5641/707
f 4443/5480/4443 4422/5458/4422 4421/5457/4421
f 4420/5456/4420 4447/5484/4447 4421/5457/4421
f 4435/5471/4435 708/5642/708 697/5643/697
f 4418/5454/4418 4545/5591/4545 4540/5586/4540
f 4545/5591/4545 4579/5644/4579 4461/5499/4461
f 4520/5564/4520 4496/5537/4496 4470/5510/4470
f 4496/5537/4496 4520/5564/4520 4546/5592/4546
f 4579/5644/4579 4462/5500/4462 4461/5499/4461
f 4426/5462/4426 4488/5529/4488 4450/5487/4450
f 4545/5591/4545 4418/5454/4418 4490/5531/4490
f 4455/5492/4455 4470/5510/4470 4496/5537/4496
f 1635/5538/1635 4496/5537/4496 4546/5592/4546
f 4492/5533/4492 4495/5536/4495 4493/5534/4493
f 4547/5593/4547 4495/5536/4495 4469/5509/4469
f 4419/5455/4419 4464/5502/4464 4474/5514/4474
f 4487/5528/4487 4449/5486/4449 4451/5488/4451
f 4580/5645/4580 4493/5534/4493 4495/5536/4495
f 4474/5514/4474 4428/5464/4428 4475/5515/4475
f 4427/5463/4427 4581/5646/4581 4475/5515/4475
f 4541/5587/4541 4476/5516/4476 4582/5647/4582
f 4582/5647/4582 4476/5516/4476 4583/5648/4583
f 4583/5648/4583 4584/5649/4584 4582/5647/4582
f 4585/5650/4585 4476/5516/4476 4586/5651/4586
f 4583/5648/4583 4585/5650/4585 4587/5652/4587
f 4588/5653/4588 4586/5651/4586 4589/5654/4589
f 4512/5554/4512 4590/5655/4590 4444/5481/4444
f 4584/5649/4584 4591/5656/4591 4512/5554/4512
f 4512/5554/4512 4591/5656/4591 4590/5655/4590
f 4592/5657/4592 4587/5652/4587 4593/5658/4593
f 4593/5658/4593 4588/5653/4588 4594/5659/4594
f 4595/5660/4595 4444/5481/4444 4590/5655/4590
f 4584/5649/4584 4592/5657/4592 4591/5656/4591
f 4591/5656/4591 4596/5661/4596 4590/5655/4590
f 4592/5657/4592 4593/5658/4593 4594/5659/4594
f 4588/5653/4588 4597/5662/4597 4594/5659/4594
f 4596/5661/4596 4595/5660/4595 4590/5655/4590
f 4591/5656/4591 4592/5657/4592 4596/5661/4596
f 4597/5662/4597 4598/5663/4598 4594/5659/4594
f 4599/5664/4599 4598/5663/4598 4600/5665/4600
f 4595/5660/4595 4601/5666/4601 4602/5667/4602
f 4603/5668/4603 4604/5669/4604 4600/5665/4600
f 4587/5652/4587 4592/5657/4592 4584/5649/4584
f 4604/5669/4604 4599/5664/4599 4600/5665/4600
f 4595/5660/4595 4596/5661/4596 4605/5670/4605
f 4596/5661/4596 4592/5657/4592 4606/5671/4606
f 4606/5671/4606 4594/5659/4594 4598/5663/4598
f 4597/5662/4597 4600/5665/4600 4598/5663/4598
f 4601/5666/4601 4607/5672/4607 4602/5667/4602
f 4608/5673/4608 4601/5666/4601 4595/5660/4595
f 4609/5674/4609 4610/5675/4610 4611/5676/4611
f 4599/5664/4599 4612/5677/4612 4613/5678/4613
f 4476/5516/4476 4585/5650/4585 4583/5648/4583
f 4610/5675/4610 4609/5674/4609 4614/5679/4614
f 4595/5660/4595 4605/5670/4605 4608/5673/4608
f 4615/5680/4615 4616/5681/4616 4617/5682/4617
f 4604/5669/4604 4603/5668/4603 4618/5683/4618
f 4596/5661/4596 4606/5671/4606 4605/5670/4605
f 4582/5647/4582 4584/5649/4584 4619/5684/4619
f 4615/5680/4615 4611/5676/4611 4620/5685/4620
f 4608/5673/4608 4605/5670/4605 4610/5675/4610
f 4594/5659/4594 4606/5671/4606 4592/5657/4592
f 4607/5672/4607 4614/5679/4614 4621/5686/4621
f 4585/5650/4585 4593/5658/4593 4587/5652/4587
f 4614/5679/4614 4607/5672/4607 4610/5675/4610
f 4610/5675/4610 4607/5672/4607 4608/5673/4608
f 4616/5681/4616 4620/5685/4620 4622/5687/4622
f 4608/5673/4608 4607/5672/4607 4601/5666/4601
f 4612/5677/4612 4623/5688/4623 4624/5689/4624
f 4612/5677/4612 4625/5690/4625 4626/5691/4626
f 4589/5654/4589 4586/5651/4586 4476/5516/4476
f 4621/5686/4621 4614/5679/4614 4609/5674/4609
f 4622/5687/4622 4620/5685/4620 4623/5688/4623
f 4612/5677/4612 4627/5692/4627 4623/5688/4623
f 4613/5678/4613 4612/5677/4612 4624/5689/4624
f 4588/5653/4588 4593/5658/4593 4586/5651/4586
f 4617/5682/4617 4628/5693/4628 4629/5694/4629
f 4613/5678/4613 4610/5675/4610 4605/5670/4605
f 4613/5678/4613 4605/5670/4605 4606/5671/4606
f 4630/5695/4630 4617/5682/4617 4616/5681/4616
f 4609/5674/4609 4615/5680/4615 4631/5696/4631
f 4610/5675/4610 4613/5678/4613 4611/5676/4611
f 4584/5649/4584 4583/5648/4583 4587/5652/4587
f 4623/5688/4623 4620/5685/4620 4611/5676/4611
f 4615/5680/4615 4617/5682/4617 4629/5694/4629
f 4611/5676/4611 4615/5680/4615 4609/5674/4609
f 4622/5687/4622 4623/5688/4623 4627/5692/4627
f 4624/5689/4624 4623/5688/4623 4611/5676/4611
f 4619/5684/4619 4584/5649/4584 4512/5554/4512
f 4626/5691/4626 4616/5681/4616 4627/5692/4627
f 4585/5650/4585 4586/5651/4586 4593/5658/4593
f 4604/5669/4604 4618/5683/4618 4612/5677/4612
f 4598/5663/4598 4599/5664/4599 4613/5678/4613
f 4627/5692/4627 4612/5677/4612 4626/5691/4626
f 4627/5692/4627 4616/5681/4616 4622/5687/4622
f 4631/5696/4631 4615/5680/4615 4629/5694/4629
f 4620/5685/4620 4616/5681/4616 4615/5680/4615
f 4630/5695/4630 4616/5681/4616 4626/5691/4626
f 4612/5677/4612 4599/5664/4599 4604/5669/4604
f 4618/5683/4618 4625/5690/4625 4612/5677/4612
f 4611/5676/4611 4613/5678/4613 4624/5689/4624
f 4632/5697/4632 4629/5694/4629 4628/5693/4628
f 4606/5671/4606 4598/5663/4598 4613/5678/4613
f 4541/5587/4541 4582/5647/4582 4619/5684/4619
f 4630/5695/4630 4628/5693/4628 4617/5682/4617
f 4541/5587/4541 4417/5453/4417 4419/5455/4419
f 1640/5600/1640 4455/5492/4455 1635/5538/1635
f 4524/5568/4524 4523/5567/4523 4433/5469/4433
f 4580/5645/4580 4491/5532/4491 4493/5534/4493
f 4451/5488/4451 4450/5487/4450 4488/5529/4488
f 4574/5633/4574 4552/5602/4552 1632/5698/1632
f 4577/5639/4577 4552/5602/4552 4559/5609/4559
f 1652/5601/1652 4553/5603/4553 1619/5638/1619
f 4563/5617/4563 4562/5616/4562 4554/5604/4554
f 4577/5639/4577 4563/5617/4563 4554/5604/4554
f 4553/5603/4553 4552/5602/4552 4577/5639/4577
f 4633/5699/4633 4446/5483/4446 4445/5482/4445
f 4456/5493/4456 1621/5626/1621 1619/5638/1619
f 4554/5604/4554 4508/5550/4508 4577/5639/4577
f 4634/5700/4634 4635/5701/4635 4636/5702/4636
f 4553/5603/4553 4577/5639/4577 4508/5550/4508
f 4543/5589/4543 1619/5638/1619 4547/5593/4547
f 4456/5493/4456 1619/5638/1619 4543/5589/4543
f 4634/5700/4634 4636/5702/4636 3661/5703/3661
f 4634/5700/4634 730/5704/730 4635/5701/4635
f 4556/5606/4556 4508/5550/4508 4573/5632/4573
f 709/5705/709 4635/5701/4635 730/5704/730
f 4573/5632/4573 4554/5604/4554 4556/5606/4556
f 4637/5706/4637 4509/5551/4509 4508/5550/4508
f 4556/5606/4556 4575/5635/4575 4637/5706/4637
f 4637/5706/4637 4638/5707/4638 4509/5551/4509
f 4637/5706/4637 4575/5635/4575 4638/5707/4638
f 4509/5551/4509 4638/5707/4638 4580/5645/4580
f 4580/5645/4580 4495/5536/4495 4509/5551/4509
f 3661/5703/3661 731/5708/731 4634/5700/4634
f 4424/5460/4424 4639/5709/4639 4425/5461/4425
f 4424/5460/4424 4447/5484/4447 4420/5456/4420
f 4634/5700/4634 731/5708/731 730/5704/730
f 4639/5709/4639 4424/5460/4424 4633/5699/4633
f 704/5599/704 4550/5596/4550 4443/5480/4443
f 4416/5452/4416 4481/5522/4481 4494/5535/4494
f 4635/5701/4635 4640/5710/4640 4636/5702/4636
f 4539/5585/4539 4544/5590/4544 4530/5576/4530
f 4514/5556/4514 4517/5559/4517 4506/5548/4506
f 708/5642/708 4548/5594/4548 4640/5710/4640
f 4424/5460/4424 4549/5595/4549 4633/5699/4633
f 4540/5586/4540 4544/5590/4544 4418/5454/4418
f 4435/5471/4435 718/5598/718 4443/5480/4443
f 4448/5485/4448 4425/5461/4425 4440/5476/4440
f 4641/5711/4641 4490/5531/4490 4430/5466/4430
f 4517/5559/4517 4482/5523/4482 4522/5566/4522
f 4471/5511/4471 4434/5470/4434 4472/5512/4472
f 4549/5595/4549 4420/5456/4420 4437/5473/4437
f 4517/5559/4517 4454/5491/4454 4506/5548/4506
f 4578/5640/4578 4435/5471/4435 707/5641/707
f 4550/5596/4550 704/5599/704 703/5712/703
f 4452/5489/4452 4516/5558/4516 1066/5561/1066
f 4540/5586/4540 4530/5576/4530 4544/5590/4544
f 4640/5710/4640 4548/5594/4548 4636/5702/4636
f 1299/5569/1299 4441/5478/4441 1300/5497/1300
f 701/5636/701 4435/5471/4435 4578/5640/4578
f 4640/5710/4640 4635/5701/4635 708/5642/708
f 4464/5502/4464 4428/5464/4428 4474/5514/4474
f 4472/5512/4472 4434/5470/4434 4412/5448/4412
f 697/5643/697 707/5641/707 4435/5471/4435
f 4642/5713/4642 4639/5709/4639 4633/5699/4633
f 4420/5456/4420 4550/5596/4550 4436/5472/4436
f 4522/5566/4522 4516/5558/4516 4517/5559/4517
f 4574/5633/4574 4559/5609/4559 4552/5602/4552
f 4643/5714/4643 4549/5595/4549 4437/5473/4437
f 4548/5594/4548 708/5642/708 4435/5471/4435
f 4446/5483/4446 4633/5699/4633 4549/5595/4549
f 1645/5715/1645 4566/5620/4566 4567/5621/4567
f 4436/5472/4436 4550/5596/4550 4560/5610/4560
f 4571/5629/4571 4559/5609/4559 4574/5633/4574
f 4446/5483/4446 4549/5595/4549 4511/5553/4511
f 4550/5596/4550 703/5712/703 713/5611/713
f 4572/5631/4572 4576/5637/4576 4558/5608/4558
f 4566/5620/4566 2756/5716/2756 4564/5618/4564
f 4560/5610/4560 4561/5612/4561 4644/5717/4644
f 708/5642/708 4635/5701/4635 709/5705/709
f 1038/5718/1038 4561/5612/4561 732/5719/732
f 4571/5629/4571 4570/5627/4570 4557/5607/4557
f 4431/5467/4431 4430/5466/4430 4437/5473/4437
f 4436/5472/4436 4429/5465/4429 4437/5473/4437
f 4430/5466/4430 4643/5714/4643 4437/5473/4437
f 4571/5629/4571 4574/5633/4574 1648/5630/1648
f 4643/5714/4643 4511/5553/4511 4549/5595/4549
f 4566/5620/4566 1645/5715/1645 2756/5716/2756
f 4431/5467/4431 4437/5473/4437 4429/5465/4429
f 4425/5461/4425 4448/5485/4448 4423/5459/4423
f 4633/5699/4633 4645/5720/4645 4642/5713/4642
f 4436/5472/4436 4560/5610/4560 4429/5465/4429
f 4641/5711/4641 4560/5610/4560 4462/5500/4462
f 4560/5610/4560 4550/5596/4550 713/5611/713
f 4643/5714/4643 4430/5466/4430 4439/5475/4439
f 4512/5554/4512 4511/5553/4511 4551/5597/4551
f 4643/5714/4643 4551/5597/4551 4511/5553/4511
f 4445/5482/4445 4645/5720/4645 4633/5699/4633
f 4641/5711/4641 4579/5644/4579 4545/5591/4545
f 4446/5483/4446 4511/5553/4511 4444/5481/4444
f 4444/5481/4444 4645/5720/4645 4445/5482/4445
f 4469/5509/4469 4543/5589/4543 4547/5593/4547
f 4560/5610/4560 4641/5711/4641 4429/5465/4429
f 4565/5619/4565 4567/5621/4567 4566/5620/4566
f 4552/5602/4552 1652/5601/1652 1632/5698/1632
f 4508/5550/4508 4556/5606/4556 4637/5706/4637
f 4423/5459/4423 4447/5484/4447 4424/5460/4424
f 4439/5475/4439 4551/5597/4551 4643/5714/4643
f 4505/5547/4505 4569/5625/4569 4503/5545/4503
f 4641/5711/4641 4430/5466/4430 4429/5465/4429
f 713/5611/713 732/5719/732 4561/5612/4561
f 4504/5546/4504 4503/5545/4503 4557/5607/4557
f 4572/5631/4572 4503/5545/4503 4569/5625/4569
f 4560/5610/4560 4644/5717/4644 4462/5500/4462
f 4551/5597/4551 4439/5475/4439 4438/5474/4438
f 4561/5612/4561 1038/5718/1038 4644/5717/4644
f 4430/5466/4430 4490/5531/4490 4438/5474/4438
f 4462/5500/4462 4579/5644/4579 4641/5711/4641
f 4567/5621/4567 1644/5622/1644 1645/5715/1645
f 4559/5609/4559 4571/5629/4571 4557/5607/4557
f 3524/5721/3524 3536/5722/3536 4646/5723/4646
f 4574/5633/4574 1632/5698/1632 1631/5634/1631
f 3524/5721/3524 4646/5723/4646 3651/5614/3651
f 4417/5453/4417 4438/5474/4438 4490/5531/4490
f 4512/5554/4512 4438/5474/4438 4619/5684/4619
f 4545/5591/4545 4490/5531/4490 4641/5711/4641
f 4644/5717/4644 4479/5520/4479 4462/5500/4462
f 4417/5453/4417 4619/5684/4619 4438/5474/4438
f 1038/5718/1038 1037/5724/1037 4644/5717/4644
f 4479/5520/4479 4644/5717/4644 1037/5724/1037
f 4541/5587/4541 4619/5684/4619 4417/5453/4417
f 1037/5724/1037 1045/5570/1045 4479/5520/4479
f 4502/5544/4502 4491/5532/4491 4535/5581/4535
f 4535/5581/4535 4491/5532/4491 4580/5645/4580
f 4531/5577/4531 4533/5579/4533 4647/5725/4647
f 4533/5579/4533 4535/5581/4535 4580/5645/4580
f 4575/5635/4575 4555/5605/4555 4648/5726/4648
f 4649/5727/4649 4533/5579/4533 4650/5728/4650
f 4533/5579/4533 4580/5645/4580 4638/5707/4638
f 4650/5728/4650 4533/5579/4533 4638/5707/4638
f 4648/5726/4648 4638/5707/4638 4575/5635/4575
f 4648/5726/4648 4649/5727/4649 4650/5728/4650
f 4649/5727/4649 4647/5725/4647 4533/5579/4533
f 4638/5707/4638 4648/5726/4648 4650/5728/4650
f 4651/5729/4651 3591/5730/3591 3593/5731/3593
f 4652/5732/4652 4653/5733/4653 4654/5734/4654
f 3578/5735/3578 4655/5736/4655 4656/5737/4656
f 4657/5738/4657 4632/5697/4632 4658/5739/4658
f 3591/5730/3591 4651/5729/4651 4632/5697/4632
f 4651/5729/4651 3593/5731/3593 3624/5740/3624
f 4631/5696/4631 4659/5741/4659 4660/5742/4660
f 4607/5672/4607 4661/5743/4661 4602/5667/4602
f 4662/5744/4662 3578/5735/3578 4663/5745/4663
f 4607/5672/4607 4621/5686/4621 4660/5742/4660
f 4660/5742/4660 4661/5743/4661 4607/5672/4607
f 3578/5735/3578 4664/5746/4664 4663/5745/4663
f 4665/5747/4665 4666/5748/4666 4655/5736/4655
f 4658/5739/4658 3576/5749/3576 4662/5744/4662
f 4663/5745/4663 4629/5694/4629 4657/5738/4657
f 4667/5750/4667 4668/5751/4668 4669/5752/4669
f 4631/5696/4631 4660/5742/4660 4621/5686/4621
f 3653/5753/3653 4667/5750/4667 4665/5747/4665
f 4657/5738/4657 4658/5739/4658 4662/5744/4662
f 4670/5754/4670 4671/5755/4671 4672/5756/4672
f 4673/5757/4673 4674/5758/4674 4675/5759/4675
f 4631/5696/4631 4629/5694/4629 4663/5745/4663
f 4663/5745/4663 4659/5741/4659 4631/5696/4631
f 4670/5754/4670 4668/5751/4668 4440/5476/4440
f 4659/5741/4659 4663/5745/4663 4664/5746/4664
f 4632/5697/4632 4651/5729/4651 4658/5739/4658
f 4664/5746/4664 3578/5735/3578 4656/5737/4656
f 4654/5734/4654 4642/5713/4642 4652/5732/4652
f 3576/5749/3576 4658/5739/4658 3624/5740/3624
f 4670/5754/4670 4672/5756/4672 4669/5752/4669
f 4676/5760/4676 4664/5746/4664 4677/5761/4677
f 4663/5745/4663 4657/5738/4657 4662/5744/4662
f 4659/5741/4659 4676/5760/4676 4660/5742/4660
f 4675/5759/4675 4678/5762/4678 4671/5755/4671
f 4653/5733/4653 4652/5732/4652 4602/5667/4602
f 4676/5760/4676 4659/5741/4659 4664/5746/4664
f 4548/5594/4548 4440/5476/4440 4668/5751/4668
f 4677/5761/4677 4664/5746/4664 4656/5737/4656
f 4679/5763/4679 4680/5764/4680 4676/5760/4676
f 4681/5765/4681 3591/5730/3591 4632/5697/4632
f 4621/5686/4621 4609/5674/4609 4631/5696/4631
f 4677/5761/4677 4656/5737/4656 4678/5762/4678
f 4682/5766/4682 4668/5751/4668 4667/5750/4667
f 4658/5739/4658 4651/5729/4651 3624/5740/3624
f 4595/5660/4595 4645/5720/4645 4444/5481/4444
f 4677/5761/4677 4678/5762/4678 4675/5759/4675
f 4676/5760/4676 4661/5743/4661 4660/5742/4660
f 4636/5702/4636 4668/5751/4668 4682/5766/4682
f 3650/5767/3650 4655/5736/4655 3578/5735/3578
f 3576/5749/3576 3578/5735/3578 4662/5744/4662
f 4669/5752/4669 4671/5755/4671 4667/5750/4667
f 4665/5747/4665 3650/5767/3650 3583/5768/3583
f 4680/5764/4680 4661/5743/4661 4676/5760/4676
f 4655/5736/4655 3650/5767/3650 4665/5747/4665
f 4666/5748/4666 4678/5762/4678 4655/5736/4655
f 4679/5763/4679 4676/5760/4676 4677/5761/4677
f 4629/5694/4629 4632/5697/4632 4657/5738/4657
f 4656/5737/4656 4655/5736/4655 4678/5762/4678
f 4680/5764/4680 4653/5733/4653 4661/5743/4661
f 4677/5761/4677 4675/5759/4675 4679/5763/4679
f 4675/5759/4675 4670/5754/4670 4673/5757/4673
f 4666/5748/4666 4671/5755/4671 4678/5762/4678
f 4671/5755/4671 4666/5748/4666 4667/5750/4667
f 4661/5743/4661 4653/5733/4653 4602/5667/4602
f 4653/5733/4653 4680/5764/4680 4642/5713/4642
f 4674/5758/4674 4680/5764/4680 4679/5763/4679
f 4679/5763/4679 4675/5759/4675 4674/5758/4674
f 4667/5750/4667 4666/5748/4666 4665/5747/4665
f 3654/5769/3654 4665/5747/4665 3583/5768/3583
f 4670/5754/4670 4675/5759/4675 4671/5755/4671
f 4683/5770/4683 3591/5730/3591 4681/5765/4681
f 4653/5733/4653 4642/5713/4642 4654/5734/4654
f 4680/5764/4680 4674/5758/4674 4642/5713/4642
f 3661/5703/3661 1247/5771/1247 731/5708/731
f 4665/5747/4665 3654/5769/3654 3653/5753/3653
f 4642/5713/4642 4645/5720/4645 4652/5732/4652
f 4652/5732/4652 4645/5720/4645 4602/5667/4602
f 4639/5709/4639 4642/5713/4642 4674/5758/4674
f 4673/5757/4673 4425/5461/4425 4674/5758/4674
f 4667/5750/4667 3653/5753/3653 4682/5766/4682
f 4669/5752/4669 4672/5756/4672 4671/5755/4671
f 4673/5757/4673 4670/5754/4670 4425/5461/4425
f 4645/5720/4645 4595/5660/4595 4602/5667/4602
f 4425/5461/4425 4639/5709/4639 4674/5758/4674
f 3661/5703/3661 4682/5766/4682 3653/5753/3653
f 4670/5754/4670 4669/5752/4669 4668/5751/4668
f 4670/5754/4670 4440/5476/4440 4425/5461/4425
f 3661/5703/3661 4636/5702/4636 4682/5766/4682
f 4548/5594/4548 4668/5751/4668 4636/5702/4636
f 3555/5772/3555 3591/5730/3591 4683/5770/4683
f 4684/5773/4684 4685/5774/4685 4686/5775/4686
f 4628/5693/4628 4686/5775/4686 4683/5770/4683
f 4628/5693/4628 4630/5695/4630 4686/5775/4686
f 4687/5776/4687 4685/5774/4685 4688/5777/4688
f 4686/5775/4686 4685/5774/4685 4687/5776/4687
f 4683/5770/4683 4681/5765/4681 4628/5693/4628
f 4689/5778/4689 4630/5695/4630 4626/5691/4626
f 4687/5776/4687 4683/5770/4683 4686/5775/4686
f 4687/5776/4687 3555/5772/3555 4683/5770/4683
f 4689/5778/4689 4684/5773/4684 4686/5775/4686
f 4689/5778/4689 4686/5775/4686 4630/5695/4630
f 4681/5765/4681 4632/5697/4632 4628/5693/4628
f 4687/5776/4687 4688/5777/4688 3555/5772/3555
f 4688/5777/4688 4685/5774/4685 3536/5722/3536
f 3536/5722/3536 3555/5772/3555 4688/5777/4688
f 4690/5779/4690 4581/5646/4581 4691/5780/4691
f 4692/5781/4692 4693/5782/4693 4694/5783/4694
f 4647/5725/4647 4695/5784/4695 4696/5785/4696
f 4697/5786/4697 4685/5774/4685 4684/5773/4684
f 4698/5787/4698 4581/5646/4581 4426/5462/4426
f 4699/5788/4699 4694/5783/4694 4693/5782/4693
f 4700/5789/4700 4701/5790/4701 4702/5791/4702
f 4703/5792/4703 4704/5793/4704 4705/5794/4705
f 4704/5793/4704 4706/5795/4706 4705/5794/4705
f 4700/5789/4700 4707/5796/4707 4701/5790/4701
f 4532/5578/4532 4531/5577/4531 4698/5787/4698
f 4707/5796/4707 4702/5791/4702 4708/5797/4708
f 4709/5798/4709 4697/5786/4697 4684/5773/4684
f 4647/5725/4647 4710/5799/4710 4531/5577/4531
f 4711/5800/4711 4712/5801/4712 4646/5723/4646
f 4713/5802/4713 4714/5803/4714 4715/5804/4715
f 4618/5683/4618 4603/5668/4603 4716/5805/4716
f 4597/5662/4597 4717/5806/4717 4718/5807/4718
f 4719/5808/4719 4720/5809/4720 4715/5804/4715
f 4721/5810/4721 4722/5811/4722 4723/5812/4723
f 4724/5813/4724 4717/5806/4717 4695/5784/4695
f 4709/5798/4709 4725/5814/4725 4726/5815/4726
f 4698/5787/4698 4710/5799/4710 4581/5646/4581
f 4691/5780/4691 4581/5646/4581 4710/5799/4710
f 4727/5816/4727 4589/5654/4589 4690/5779/4690
f 4723/5812/4723 4728/5817/4728 4649/5727/4649
f 4696/5785/4696 4691/5780/4691 4710/5799/4710
f 2754/5818/2754 4729/5819/4729 4730/5820/4730
f 4704/5793/4704 4693/5782/4693 4692/5781/4692
f 4696/5785/4696 4710/5799/4710 4647/5725/4647
f 4690/5779/4690 4691/5780/4691 4717/5806/4717
f 4569/5625/4569 4731/5821/4731 4572/5631/4572
f 4603/5668/4603 4718/5807/4718 4716/5805/4716
f 4647/5725/4647 4728/5817/4728 4695/5784/4695
f 4712/5801/4712 4732/5822/4732 4729/5819/4729
f 4733/5823/4733 4734/5824/4734 4722/5811/4722
f 4588/5653/4588 4727/5816/4727 4717/5806/4717
f 4717/5806/4717 4696/5785/4696 4695/5784/4695
f 4698/5787/4698 4426/5462/4426 4532/5578/4532
f 4735/5825/4735 4705/5794/4705 4736/5826/4736
f 4728/5817/4728 4737/5827/4737 4738/5828/4738
f 4718/5807/4718 4717/5806/4717 4724/5813/4724
f 4588/5653/4588 4717/5806/4717 4597/5662/4597
f 4737/5827/4737 4739/5829/4739 4738/5828/4738
f 4697/5786/4697 4646/5723/4646 4685/5774/4685
f 4722/5811/4722 4740/5830/4740 4723/5812/4723
f 4741/5831/4741 4721/5810/4721 4555/5605/4555
f 4730/5820/4730 2756/5716/2756 2754/5818/2754
f 4723/5812/4723 4649/5727/4649 4721/5810/4721
f 4734/5824/4734 4733/5823/4733 4719/5808/4719
f 4740/5830/4740 4728/5817/4728 4723/5812/4723
f 4711/5800/4711 4701/5790/4701 4742/5832/4742
f 4565/5619/4565 4743/5833/4743 4732/5822/4732
f 4737/5827/4737 4728/5817/4728 4740/5830/4740
f 4744/5834/4744 4703/5792/4703 4735/5825/4735
f 4718/5807/4718 4724/5813/4724 4716/5805/4716
f 4713/5802/4713 4745/5835/4745 4737/5827/4737
f 4426/5462/4426 4450/5487/4450 4532/5578/4532
f 4746/5836/4746 4569/5625/4569 4568/5623/4568
f 4746/5836/4746 4747/5837/4747 4720/5809/4720
f 4737/5827/4737 4740/5830/4740 4714/5803/4714
f 4597/5662/4597 4718/5807/4718 4603/5668/4603
f 4701/5790/4701 4711/5800/4711 4726/5815/4726
f 4737/5827/4737 4745/5835/4745 4739/5829/4739
f 4721/5810/4721 4648/5726/4648 4555/5605/4555
f 4647/5725/4647 4649/5727/4649 4728/5817/4728
f 4717/5806/4717 4691/5780/4691 4696/5785/4696
f 4589/5654/4589 4727/5816/4727 4588/5653/4588
f 4717/5806/4717 4727/5816/4727 4690/5779/4690
f 4733/5823/4733 4576/5637/4576 4731/5821/4731
f 4564/5618/4564 4743/5833/4743 4565/5619/4565
f 4734/5824/4734 4740/5830/4740 4722/5811/4722
f 4713/5802/4713 4737/5827/4737 4714/5803/4714
f 4565/5619/4565 4732/5822/4732 4742/5832/4742
f 4722/5811/4722 4721/5810/4721 4748/5838/4748
f 4740/5830/4740 4734/5824/4734 4714/5803/4714
f 4716/5805/4716 4736/5826/4736 4618/5683/4618
f 4603/5668/4603 4600/5665/4600 4597/5662/4597
f 4724/5813/4724 4695/5784/4695 4739/5829/4739
f 4715/5804/4715 4745/5835/4745 4713/5802/4713
f 4748/5838/4748 4721/5810/4721 4562/5616/4562
f 4731/5821/4731 4720/5809/4720 4733/5823/4733
f 4719/5808/4719 4714/5803/4714 4734/5824/4734
f 4748/5838/4748 4576/5637/4576 4733/5823/4733
f 4625/5690/4625 4694/5783/4694 4626/5691/4626
f 4712/5801/4712 4729/5819/4729 3651/5614/3651
f 4703/5792/4703 4744/5834/4744 4704/5793/4704
f 3651/5614/3651 4646/5723/4646 4712/5801/4712
f 4562/5616/4562 4721/5810/4721 4741/5831/4741
f 4562/5616/4562 4576/5637/4576 4748/5838/4748
f 4720/5809/4720 4747/5837/4747 4715/5804/4715
f 4554/5604/4554 4741/5831/4741 4555/5605/4555
f 4724/5813/4724 4736/5826/4736 4716/5805/4716
f 4714/5803/4714 4719/5808/4719 4715/5804/4715
f 4702/5791/4702 4707/5796/4707 4700/5789/4700
f 4697/5786/4697 4709/5798/4709 4726/5815/4726
f 4741/5831/4741 4554/5604/4554 4562/5616/4562
f 4745/5835/4745 4715/5804/4715 4744/5834/4744
f 4746/5836/4746 4568/5623/4568 4708/5797/4708
f 4695/5784/4695 4728/5817/4728 4738/5828/4738
f 4726/5815/4726 4711/5800/4711 4697/5786/4697
f 4720/5809/4720 4719/5808/4719 4733/5823/4733
f 4735/5825/4735 4745/5835/4745 4744/5834/4744
f 4739/5829/4739 4745/5835/4745 4736/5826/4736
f 4744/5834/4744 4715/5804/4715 4747/5837/4747
f 4572/5631/4572 4731/5821/4731 4576/5637/4576
f 4745/5835/4745 4735/5825/4735 4736/5826/4736
f 4722/5811/4722 4748/5838/4748 4733/5823/4733
f 4747/5837/4747 4693/5782/4693 4744/5834/4744
f 4731/5821/4731 4746/5836/4746 4720/5809/4720
f 4703/5792/4703 4705/5794/4705 4735/5825/4735
f 4708/5797/4708 4693/5782/4693 4747/5837/4747
f 4704/5793/4704 4744/5834/4744 4693/5782/4693
f 4721/5810/4721 4649/5727/4649 4648/5726/4648
f 4702/5791/4702 4699/5788/4699 4693/5782/4693
f 4731/5821/4731 4569/5625/4569 4746/5836/4746
f 4708/5797/4708 4747/5837/4747 4746/5836/4746
f 4702/5791/4702 4693/5782/4693 4708/5797/4708
f 4475/5515/4475 4581/5646/4581 4690/5779/4690
f 4704/5793/4704 4692/5781/4692 4694/5783/4694
f 4531/5577/4531 4710/5799/4710 4698/5787/4698
f 4708/5797/4708 4749/5839/4749 4707/5796/4707
f 4749/5839/4749 4708/5797/4708 4568/5623/4568
f 4705/5794/4705 4706/5795/4706 4618/5683/4618
f 4625/5690/4625 4706/5795/4706 4704/5793/4704
f 4699/5788/4699 4702/5791/4702 4725/5814/4725
f 4738/5828/4738 4739/5829/4739 4695/5784/4695
f 4704/5793/4704 4694/5783/4694 4625/5690/4625
f 4749/5839/4749 4568/5623/4568 4567/5621/4567
f 4618/5683/4618 4706/5795/4706 4625/5690/4625
f 4689/5778/4689 4694/5783/4694 4699/5788/4699
f 4699/5788/4699 4725/5814/4725 4689/5778/4689
f 4702/5791/4702 4726/5815/4726 4725/5814/4725
f 4749/5839/4749 4750/5840/4750 4707/5796/4707
f 4565/5619/4565 4749/5839/4749 4567/5621/4567
f 4626/5691/4626 4694/5783/4694 4689/5778/4689
f 4684/5773/4684 4689/5778/4689 4725/5814/4725
f 4726/5815/4726 4702/5791/4702 4701/5790/4701
f 4750/5840/4750 4701/5790/4701 4707/5796/4707
f 4750/5840/4750 4749/5839/4749 4565/5619/4565
f 4684/5773/4684 4725/5814/4725 4709/5798/4709
f 4750/5840/4750 4742/5832/4742 4701/5790/4701
f 4750/5840/4750 4565/5619/4565 4742/5832/4742
f 4646/5723/4646 4697/5786/4697 4711/5800/4711
f 4742/5832/4742 4732/5822/4732 4711/5800/4711
f 4711/5800/4711 4732/5822/4732 4712/5801/4712
f 4743/5833/4743 4729/5819/4729 4732/5822/4732
f 3536/5722/3536 4685/5774/4685 4646/5723/4646
f 4730/5820/4730 4729/5819/4729 4743/5833/4743
f 4564/5618/4564 4730/5820/4730 4743/5833/4743
f 4564/5618/4564 2756/5716/2756 4730/5820/4730
f 2755/5615/2755 3651/5614/3651 4729/5819/4729
f 2755/5615/2755 4729/5819/4729 2754/5818/2754
f 4581/5646/4581 4427/5463/4427 4426/5462/4426
f 4739/5829/4739 4736/5826/4736 4724/5813/4724
f 4705/5794/4705 4618/5683/4618 4736/5826/4736
f 4475/5515/4475 4690/5779/4690 4589/5654/4589
f 4589/5654/4589 4476/5516/4476 4475/5515/4475
f 4751/5841/4751 4752/5842/4752 1582/5843/1582
f 1333/5844/1333 4753/5845/4753 4754/5846/4754
f 4518/5562/4518 4755/5847/4755 4521/5565/4521
f 4756/5848/4756 4757/5849/4757 4758/5850/4758
f 4759/5851/4759 4760/5852/4760 4761/5853/4761
f 1635/5538/1635 4546/5592/4546 1613/5854/1613
f 4752/5842/4752 4762/5855/4762 1582/5843/1582
f 4763/5856/4763 4758/5850/4758 4764/5857/4764
f 4765/5858/4765 4766/5859/4766 4767/5860/4767
f 4542/5588/4542 4525/5571/4525 4755/5847/4755
f 1611/5861/1611 4764/5857/4764 1609/5862/1609
f 4764/5857/4764 1611/5861/1611 4763/5856/4763
f 4768/5863/4768 4769/5864/4769 4752/5842/4752
f 1609/5862/1609 4770/5865/4770 14/5866/14
f 4770/5865/4770 1609/5862/1609 4764/5857/4764
f 4752/5842/4752 4756/5848/4756 4762/5855/4762
f 4497/5539/4497 4765/5858/4765 4767/5860/4767
f 4768/5863/4768 4759/5851/4759 4761/5853/4761
f 547/5867/547 14/5866/14 4770/5865/4770
f 4771/5868/4771 4752/5842/4752 4751/5841/4751
f 4768/5863/4768 4766/5859/4766 4753/5845/4753
f 4772/5869/4772 547/5867/547 4764/5857/4764
f 4757/5849/4757 4772/5869/4772 4758/5850/4758
f 4546/5592/4546 4542/5588/4542 4773/5870/4773
f 4774/5871/4774 4756/5848/4756 4769/5864/4769
f 4762/5855/4762 4758/5850/4758 1582/5843/1582
f 1604/5872/1604 4771/5868/4771 4751/5841/4751
f 4772/5869/4772 549/5873/549 547/5867/547
f 547/5867/547 4770/5865/4770 4764/5857/4764
f 4518/5562/4518 4497/5539/4497 4542/5588/4542
f 4760/5852/4760 4752/5842/4752 4771/5868/4771
f 4775/5874/4775 4761/5853/4761 4776/5875/4776
f 1604/5872/1604 4751/5841/4751 1570/5876/1570
f 1604/5872/1604 1612/5877/1612 4771/5868/4771
f 4774/5871/4774 4757/5849/4757 4756/5848/4756
f 4774/5871/4774 530/5878/530 4757/5849/4757
f 1570/5876/1570 4751/5841/4751 1582/5843/1582
f 4772/5869/4772 4757/5849/4757 549/5873/549
f 4766/5859/4766 4754/5846/4754 4753/5845/4753
f 4760/5852/4760 4771/5868/4771 1612/5877/1612
f 1582/5843/1582 4763/5856/4763 1611/5861/1611
f 4768/5863/4768 4753/5845/4753 4777/5879/4777
f 4757/5849/4757 530/5878/530 549/5873/549
f 4772/5869/4772 4764/5857/4764 4758/5850/4758
f 4768/5863/4768 4752/5842/4752 4759/5851/4759
f 4769/5864/4769 4777/5879/4777 4774/5871/4774
f 4777/5879/4777 530/5878/530 4774/5871/4774
f 4756/5848/4756 4752/5842/4752 4769/5864/4769
f 4756/5848/4756 4758/5850/4758 4762/5855/4762
f 4776/5875/4776 4773/5870/4773 4542/5588/4542
f 4765/5858/4765 4497/5539/4497 4460/5498/4460
f 4760/5852/4760 4773/5870/4773 4761/5853/4761
f 1613/5854/1613 4773/5870/4773 1612/5877/1612
f 539/5880/539 530/5878/530 4777/5879/4777
f 4763/5856/4763 1582/5843/1582 4758/5850/4758
f 4773/5870/4773 4760/5852/4760 1612/5877/1612
f 4778/5881/4778 1308/5882/1308 539/5880/539
f 4761/5853/4761 4766/5859/4766 4768/5863/4768
f 4776/5875/4776 4761/5853/4761 4773/5870/4773
f 4755/5847/4755 4525/5571/4525 4521/5565/4521
f 4769/5864/4769 4768/5863/4768 4777/5879/4777
f 1333/5844/1333 4754/5846/4754 1334/5883/1334
f 4777/5879/4777 4753/5845/4753 4778/5881/4778
f 4766/5859/4766 4761/5853/4761 4775/5874/4775
f 4777/5879/4777 4778/5881/4778 539/5880/539
f 4753/5845/4753 1308/5882/1308 4778/5881/4778
f 1308/5882/1308 4753/5845/4753 1333/5844/1333
f 4766/5859/4766 4775/5874/4775 4767/5860/4767
f 1613/5854/1613 4546/5592/4546 4773/5870/4773
f 4542/5588/4542 4775/5874/4775 4776/5875/4776
f 4754/5846/4754 4766/5859/4766 4765/5858/4765
f 4767/5860/4767 4775/5874/4775 4542/5588/4542
f 4759/5851/4759 4752/5842/4752 4760/5852/4760
f 1334/5883/1334 4779/5884/4779 4780/5885/4780
f 4754/5846/4754 4765/5858/4765 4779/5884/4779
f 4779/5884/4779 4765/5858/4765 4460/5498/4460
f 4542/5588/4542 4497/5539/4497 4767/5860/4767
f 4754/5846/4754 4779/5884/4779 1334/5883/1334
f 4780/5885/4780 4779/5884/4779 4460/5498/4460
f 4755/5847/4755 4518/5562/4518 4542/5588/4542
f 4460/5498/4460 1299/5569/1299 4780/5885/4780
f 1334/5883/1334 4780/5885/4780 1299/5569/1299
s off