# USDConverter OBJ File: sunglasses.obj
mtllib sunglasses.mtl
g submesh
v 0.0406816 0.0311469 0.0606495
v 0.0415412 0.0272817 0.0609882
v 0.0423494 0.0272916 0.0605083
v -0.0562106 0.0209657 -0.0513149
v -0.0566923 0.0215718 -0.0524526
v -0.0549362 0.0189797 -0.0542145
v -0.0547748 0.018991 -0.0556362
v -0.0580418 0.0227148 -0.0493929
v 0.0681678 0.0334833 0.0259418
v 0.0674376 0.0321389 0.0311802
v 0.0667669 0.0313941 0.0261244
v 0.0632204 0.0305455 -0.0276939
v 0.0624083 0.0297604 -0.0341145
v 0.0646478 0.0294248 -0.0292141
v 0.0634233 0.033345 0.0331202
v 0.06441 0.0323652 0.0308735
v 0.0647117 0.0322739 0.0345525
v 0.0631933 0.0333002 0.0382511
v 0.0433338 0.0241424 0.0607468
v 0.0435895 0.0212401 0.0608638
v 0.0454757 0.0209002 0.0601271
v 0.0450609 0.0195127 0.0602249
v 0.0457679 0.0185616 0.0596108
v 0.0440591 0.0248134 0.0599468
v 0.0442701 0.0235477 0.0601714
v 0.0452972 0.0220051 0.0597904
v 0.0418081 0.0287761 0.0603145
v 0.0409778 0.0314957 0.0607894
v -0.0415581 0.00311971 0.0635077
v -0.0371051 0.00245349 0.0641717
v -0.037124 0.00332709 0.0653505
v 0.0404222 0.0341161 0.0612857
v 0.0396567 0.0347403 0.0613796
v 0.0614626 0.0122453 0.0555661
v 0.063846 0.0122658 0.0553594
v 0.0621512 0.0129324 0.0556168
v 0.065715 0.0314859 0.0304254
v 0.0667053 0.0315986 0.036688
v 0.0450512 0.0209918 0.0598901
v 0.0461654 0.0206538 0.0594759
v 0.0454623 0.0216553 0.0594809
v 0.0568294 0.0141597 0.0560978
v 0.0584052 0.0126824 0.0562352
v 0.0563792 0.0133609 0.0571949
v 0.0609392 0.0139001 0.0551817
v 0.0632452 0.0130218 0.0544459
v 0.0570103 0.0104636 0.0583504
v 0.0560471 0.0117029 0.0575415
v 0.0602949 0.0242719 -0.0448726
v 0.058035 0.0210052 -0.0494862
v 0.0598372 0.0222276 -0.0485097
v -0.0580185 0.024294 -0.0471263
v -0.0600343 0.0263548 -0.0426901
v -0.0591963 0.0245708 -0.0458079
v -0.0535867 0.0185469 -0.0549715
v -0.0561848 0.0213154 -0.0541203
v -0.0576589 0.0234167 -0.0525705
v -0.0594923 0.0261666 -0.0486897
v -0.0588749 0.0236847 -0.0505422
v -0.0640668 0.0446752 0.0556575
v -0.0641773 0.0436095 0.0541533
v -0.0655569 0.0441204 0.0548251
v -0.065545 0.0441251 0.0565492
v 0.0583379 0.0139229 0.0563815
v 0.0571162 0.0142368 0.0573135
v 0.0577037 0.0137775 0.0573744
v 0.0671374 0.0323578 0.021331
v 0.0652717 0.0313152 0.0219031
v 0.0618985 0.0314034 -0.0330939
v 0.061159 0.0312406 -0.0352252
v 0.0611164 0.0299999 -0.0369088
v 0.0632777 0.0329573 0.0287109
v 0.0645927 0.0317079 0.0280642
v 0.0422418 0.0241012 0.0612782
v 0.0407543 0.0333269 0.060553
v 0.0400427 0.00100605 0.0604887
v 0.0384687 0.000502788 0.0609941
v 0.0386887 0.00126391 0.0607914
v 0.0423453 0.000823536 0.0610957
v 0.0463094 0.020057 0.0593658
v 0.0463751 0.0194716 0.0589915
v 0.0642864 0.0120279 0.0547152
v 0.0640503 0.0133132 0.0551755
v -0.0352293 0.00146578 0.0614306
v -0.0374662 0.00174353 0.0627133
v -0.0402821 0.00131747 0.0604693
v -0.0362093 0.00254593 0.0610966
v 0.0652985 0.0308069 0.0262989
v 0.00727971 0.0198881 0.0702241
v 0.008448 0.01721 0.0696001
v 0.00852702 0.0190076 0.0706839
v 0.00929783 0.017418 0.0704252
v -0.0655453 0.0334026 0.0320726
v -0.0648793 0.0352445 0.0327303
v -0.0654225 0.0342788 0.0351831
v -0.0659786 0.0330495 0.0345009
v 0.0620662 0.0314065 -0.0305793
v 0.0615059 0.032266 -0.0316632
v 0.0372961 0.0361676 0.0598398
v 0.0359181 0.0371711 0.0609987
v 0.0357931 0.0384355 0.0602241
v 0.0378604 0.0347358 0.0605689
v 0.0375805 0.0368538 0.059063
v 0.0397829 0.0341948 0.0597168
v 0.0401207 0.0319579 0.0604194
v 0.0428453 0.0243755 0.0604139
v -0.0543453 0.0206718 -0.0537211
v -0.0554758 0.021582 -0.0517121
v -0.0532541 0.0205153 -0.0553437
v 0.0631469 0.0132852 0.055092
v 0.0606204 0.0292032 -0.038989
v 0.0600858 0.0278129 -0.0412052
v 0.0610781 0.0286475 -0.0381915
v 0.0606098 0.0305729 -0.0384098
v 0.0605433 0.0308811 -0.0367656
v 0.0606955 0.0319631 -0.0368066
v -0.0553032 0.0226071 -0.0522354
v -0.0545981 0.024052 -0.0525594
v -0.0536506 0.0228617 -0.0551291
v 0.0125223 0.0169707 0.0693415
v 0.0123067 0.0175282 0.068301
v 0.0117905 0.0188484 0.0694057
v 0.0115295 0.0183778 0.070445
v 0.0103848 0.0174696 0.0707704
v 0.0125341 0.0159078 0.0702727
v 0.0118551 0.0167543 0.067338
v 0.0126795 0.0158179 0.0675698
v 0.012257 0.0152043 0.0661506
v 0.0137503 0.0151816 0.0681919
v 0.0130469 0.0143653 0.0672576
v 0.0433892 0.00413194 0.0636376
v 0.0449872 0.00486984 0.0632633
v 0.0427225 0.00499202 0.063421
v 0.0438848 0.00360241 0.0643351
v 0.0470986 0.00521291 0.0634091
v 0.0469575 0.0058971 0.0627448
v -0.0583023 0.0228642 -0.0502235
v -0.059488 0.0247129 -0.0478225
v 0.0454278 0.0020281 0.0604908
v 0.0458232 0.00302623 0.0601671
v 0.0479794 0.00327078 0.0600644
v 0.045372 0.00256989 0.063399
v 0.0437655 0.00120031 0.0623689
v 0.0462715 0.00254618 0.0614488
v 0.0311104 0.000339291 0.0651295
v 0.0293412 0.00177089 0.0664132
v 0.0272982 0.00115173 0.0655799
v 0.0348448 -7.82723e-09 0.0635347
v 0.0348794 0.000819958 0.0653332
v 0.0288614 0.000519997 0.0636829
v 0.051391 0.013891 -0.0608814
v 0.0508728 0.0129284 -0.0620734
v 0.0504376 0.0116596 -0.0620218
v 0.0518047 0.0131651 -0.0594837
v 0.0513425 0.014539 -0.0622961
v 0.0505749 0.0123116 -0.0637034
v 0.0640815 0.0324593 -0.0380655
v 0.0629672 0.0324511 -0.03794
v 0.0642189 0.0330194 -0.036395
v 0.0631793 0.0317224 -0.0404101
v 0.0631087 0.030158 -0.0425562
v 0.0642386 0.0314056 -0.0388303
v 0.0638998 0.0299867 -0.0397783
v 0.0104653 0.0197426 0.0711039
v 0.00903279 0.0209366 0.0712706
v 0.0100744 0.02122 0.0712976
v 0.00949366 0.0231518 0.0711806
v 0.0393245 0.0334262 0.0607789
v 0.0382324 0.0352646 0.0614197
v 0.0598236 0.0120861 0.0564934
v 0.0580336 0.0119076 0.0573317
v 0.0589516 0.0130124 0.0568025
v 0.0638712 0.0316946 0.0251904
v 0.0627964 0.033072 0.0254322
v 0.038663 0.03464 0.0597891
v 0.0132237 0.0151967 0.0692596
v 0.0134408 0.0146442 0.0696974
v 0.0142123 0.0136442 0.0690016
v 0.0440869 0.023721 0.0598938
v 0.0587076 0.0137399 0.0554388
v 0.0667246 0.0316398 -0.0250157
v 0.0672675 0.0333413 -0.0248275
v 0.0672549 0.0327176 -0.0218679
v 0.0672759 0.0346253 -0.0245404
v 0.0673855 0.0342061 -0.0224386
v 0.0664518 0.0351928 -0.0228303
v 0.0677937 0.0338057 -0.0193836
v 0.0665052 0.0326521 -0.0280572
v 0.0669066 0.0343625 -0.0268109
v -0.0476169 0.00465704 -0.0660704
v -0.0478083 0.00771492 -0.0645677
v -0.0482913 0.00557123 -0.0645837
v -0.0492691 0.00431411 -0.0645763
v -0.048303 0.0028352 -0.0666909
v -0.0471857 0.0032209 -0.0680648
v -0.050058 0.00247757 -0.0668803
v -0.0485786 0.00251352 -0.0685761
v -0.050915 0.0043886 -0.0658385
v -0.0571673 0.0246304 -0.0489839
v -0.057666 0.0224921 -0.0486626
v 0.0528176 0.00699935 0.0612944
v 0.0553622 0.0095179 0.0611893
v 0.0551582 0.0126804 0.0581898
v 0.05491 0.0114812 0.0581232
v 0.0540702 0.0116889 0.0589788
v 0.0540408 0.00975094 0.0586515
v 0.0532319 0.00786121 0.0597577
v 0.0466398 0.0198712 0.0595726
v 0.0463228 0.0203719 0.059134
v -0.0597794 0.0279139 -0.048495
v -0.0602937 0.0278056 -0.0470375
v -0.0601893 0.0275271 -0.0463308
v -0.0611328 0.0277377 -0.0446465
v -0.0591913 0.0272569 -0.0501026
v -0.0609479 0.0286594 -0.0453526
v -0.0604334 0.0266892 -0.043839
v -0.0672201 0.0302711 -0.0128254
v -0.0664795 0.0294187 -0.0149273
v -0.0668666 0.0291211 -0.0109516
v -0.0672461 0.0289394 -0.00812373
v -0.0667383 0.0282893 -0.00911722
v -0.0674206 0.0299506 -0.00997748
v -0.0673975 0.0319333 -0.0107975
v -0.0676225 0.030177 -0.00694525
v -0.067796 0.0327852 -0.00607685
v -0.0679712 0.0351488 -0.00927576
v -0.0526096 0.0208895 -0.0568593
v -0.0515881 0.0186658 -0.0585531
v -0.0517019 0.0199005 -0.0590225
v -0.0535036 0.0161621 -0.0564887
v -0.0516545 0.0171604 -0.0581986
v -0.0512738 0.0142945 -0.0588155
v 0.0680084 0.0314581 -0.00873323
v 0.0678315 0.0306992 -0.0116229
v 0.0683669 0.032275 -0.0118535
v 0.0677873 0.0315155 -0.0147397
v 0.0672582 0.0300864 -0.0142883
v 0.0668946 0.0296303 -0.00879864
v 0.0682031 0.0334003 -0.0153172
v 0.0686009 0.0343582 -0.0112096
v 0.0659069 0.0290901 -0.01538
v 0.0680906 0.034821 -0.0143405
v 0.0589261 0.0236631 -0.0555108
v 0.0599915 0.0244967 -0.052983
v 0.0588256 0.0224139 -0.0557716
v 0.0580892 0.0220354 -0.057467
v 0.0588825 0.0251791 -0.0544111
v 0.0577303 0.0236907 -0.0567714
v 0.0582922 0.020425 -0.0555761
v 0.0605365 0.0224723 -0.0514659
v 0.0598057 0.0260175 -0.0527175
v 0.0590048 0.0265964 -0.0525769
v -0.0644613 0.0313379 -0.0136758
v -0.0650494 0.029901 -0.0122427
v -0.0645631 0.0303905 -0.0173868
v -0.0640176 0.0319269 -0.0176051
v -0.0640346 0.0328404 -0.0150962
v -0.0657463 0.0285202 -0.0115256
v -0.0650524 0.0292017 -0.0158386
v -0.0652636 0.0295482 -0.00580255
v -0.0646172 0.0309561 -0.00901433
v -0.06422 0.033055 -0.0109666
v -0.0652109 0.0371666 0.00713572
v -0.0652328 0.0378613 0.0101487
v -0.0650894 0.0356681 0.00963509
v -0.0655682 0.0386033 0.00729482
v -0.0653588 0.0375775 0.00375232
v -0.0658568 0.0388296 0.00506025
v -0.066551 0.0394679 0.00642857
v -0.065951 0.0391855 0.00677197
v -0.0650549 0.0355373 0.00457241
v -0.0650663 0.0333234 0.00658206
v -0.0486787 0.00319212 -0.0701261
v -0.0501388 0.00285057 -0.0692759
v -0.0474744 0.00312838 -0.0696499
v -0.0484442 0.00421498 -0.0705711
v -0.0484168 0.00547054 -0.0710179
v -0.0476103 0.0044983 -0.0700467
v -0.0497838 0.00440827 -0.0707748
v -0.0479431 0.00365457 -0.0704251
v 0.0504286 0.00506032 0.0605357
v 0.0519108 0.00682529 0.0592966
v 0.050071 0.00490891 0.0595348
v 0.0495641 0.00685897 0.0599385
v 0.0484568 0.00483311 0.0597451
v 0.0464922 0.00462511 0.0604667
v 0.0504848 0.00630393 0.0593996
v 0.0518965 0.00823816 0.0595323
v 0.0547593 0.0112373 -0.0589345
v 0.0538989 0.0118251 -0.0583987
v 0.0529766 0.00787993 -0.061492
v 0.0525392 0.0115694 -0.0590989
v 0.0553434 0.0142524 -0.0565424
v 0.0527622 0.014718 -0.0572667
v 0.0539391 0.0144863 -0.0562013
v 0.0549256 0.00975079 -0.0613637
v 0.0505379 0.00994769 -0.061457
v 0.0515427 0.00895253 -0.0611652
v -0.0656503 0.0334157 0.0286969
v -0.0655093 0.0346912 0.0291028
v -0.0656721 0.0353755 0.029167
v -0.0653866 0.0354453 0.0302143
v -0.065568 0.0322894 0.0244362
v -0.0664154 0.0318807 0.028517
v -0.0655127 0.0364177 0.0244977
v -0.0658439 0.0355922 0.0274149
v -0.0654998 0.0341585 0.0256774
v 0.0650947 0.0296098 -0.0222011
v 0.0662125 0.0300745 -0.0251836
v 0.0660489 0.031207 -0.0307942
v 0.066104 0.0326384 -0.0304671
v 0.0666509 0.0310083 -0.021212
v 0.067768 0.0321533 -0.0184387
v 0.0660962 0.0306229 -0.0283263
v 0.0656177 0.0297164 -0.0315061
v 0.0638295 0.0299271 -0.0174526
v 0.0673167 0.0307966 -0.0173056
v 0.0667097 0.0297837 -0.0180031
v 0.0678137 0.0351204 -0.0172676
v 0.0611841 0.0269783 -0.0399111
v 0.058845 0.025037 -0.0450995
v 0.0580892 0.0276816 -0.0464073
v 0.0581049 0.0264209 -0.045744
v 0.0586368 0.0281751 -0.0444658
v 0.0620938 0.0264796 -0.0413695
v 0.0638134 0.0284273 -0.0360007
v 0.0589594 0.0272312 -0.0436723
v 0.061243 0.0250964 -0.0451791
v 0.0561922 0.0199735 -0.0509518
v 0.0557242 0.0174739 -0.0534352
v 0.0585631 0.0179633 -0.0547772
v 0.0605509 0.0233094 -0.0486557
v 0.0601242 0.0207924 -0.0509263
v 0.0588006 0.0194408 -0.0515133
v 0.0571738 0.0171868 -0.0539013
v 0.0552186 0.0191368 -0.0529084
v 0.054225 0.0176854 -0.0554541
v 0.0627982 0.0279149 -0.041287
v 0.0627926 0.0285889 -0.0432694
v 0.0642957 0.0297453 -0.0372103
v 0.0615762 0.0260628 -0.0465825
v 0.0623401 0.027965 -0.0463402
v 0.0620066 0.0295351 -0.0461896
v 0.0624665 0.0307093 -0.0430696
v -0.0430881 0.0456436 0.0666228
v -0.0405865 0.0444868 0.066834
v -0.0405372 0.0460819 0.0670921
v -0.0427899 0.0438647 0.066324
v -0.0454246 0.0442525 0.0656143
v -0.0441516 0.0427444 0.0656871
v -0.0450379 0.0454834 0.0658385
v -0.0448411 0.0462836 0.0657587
v -0.04677 0.0460041 0.0649656
v -0.0436411 0.0470214 0.0658678
v -0.0452206 0.0471321 0.0649257
v -0.0382726 0.0453521 0.0670727
v -0.0418948 0.0468041 0.0665987
v 0.0655744 0.0320684 -0.0332419
v 0.0649673 0.031059 -0.0364414
v 0.0651228 0.0323384 -0.036161
v 0.0653732 0.0302233 -0.0340694
v -0.0365834 0.00498243 0.0629388
v -0.0386702 0.0054393 0.063254
v -0.0365536 0.00531736 0.0642354
v -0.0347251 0.00508531 0.0640635
v -0.0392041 0.00545761 0.0642659
v -0.0351621 0.00527381 0.0644911
v -0.0348258 0.00533526 0.0649926
v -0.0394795 0.00464638 0.0655884
v -0.0374385 0.00517315 0.0650275
v -0.0397699 0.00510565 0.0647629
v -0.0381383 0.0040343 0.0616047
v -0.0397484 0.00499633 0.0622599
v -0.0353023 0.00477697 0.0661606
v 0.0638139 0.0323563 0.0217773
v 0.0628912 0.0333558 0.0226164
v 0.0633611 0.033298 0.0189539
v 0.064144 0.0321813 0.017584
v 0.0633301 0.0324737 0.0237825
v 0.0633256 0.0330825 0.0150092
v 0.0657218 0.0318574 0.0153737
v 0.06364 0.0321083 0.0116686
v 0.0672429 0.0333391 0.0170552
v 0.068214 0.0341627 0.0199812
v -0.0435862 0.047184 0.0648012
v -0.0445027 0.0470762 0.0635557
v -0.0419857 0.0473421 0.0655252
v -0.0400693 0.0472355 0.0654647
v -0.041972 0.0471692 0.0642991
v -0.0468037 0.0468606 0.0626106
v -0.0465083 0.0469677 0.0639874
v -0.0403099 0.0471938 0.0664751
v -0.0396129 0.0471083 0.064157
v -0.0419213 0.0473712 0.0628247
v -0.0390234 0.0474035 0.0628097
v 0.056642 0.0147186 0.0621012
v 0.0557474 0.0118556 0.0622952
v 0.0572025 0.0151889 0.0606438
v 0.0579891 0.0174559 0.0623953
v 0.0560341 0.0148303 0.0630879
v 0.0537667 0.0121593 0.063146
v 0.0543617 0.0145193 0.0627045
v 0.0556936 0.0167939 0.063021
v 0.0570636 0.0176195 0.0632475
v 0.0588392 0.018614 0.0608683
v 0.0574287 0.0164324 0.0589029
v 0.0580251 0.0170978 0.0597994
v 0.0572239 0.0152724 0.0591373
v 0.0584589 0.0183437 0.0589215
v 0.0574772 0.0171248 0.0586154
v 0.0565755 0.0166066 0.0589662
v -0.0432669 0.0414395 0.0651467
v -0.0413539 0.0428451 0.0662664
v -0.0466235 0.0412659 0.0628453
v -0.0416862 0.0417204 0.0640501
v -0.0385514 0.0435798 0.0666012
v -0.0393858 0.0419869 0.0658242
v -0.0364453 0.042572 0.0655743
v -0.0367857 0.0428747 0.0666637
v -0.0430103 0.042555 0.0626819
v -0.0387211 0.0429131 0.0639989
v -0.0389969 0.0422392 0.0648597
v 0.0687911 0.037703 0.0198527
v 0.0686897 0.0373715 0.0247344
v 0.0688981 0.035838 0.0218946
v 0.0682746 0.033884 0.0316904
v 0.0683101 0.0354851 0.0318449
v 0.0684335 0.0352208 0.0336461
v 0.0687279 0.0345258 0.0287731
v 0.0688372 0.0354304 0.0262249
v 0.0685513 0.0348975 0.0304238
v 0.0690793 0.0364007 0.0290285
v 0.0678846 0.0389091 0.0208851
v 0.068406 0.0384428 0.0226294
v 0.0685328 0.0326105 -0.00601737
v 0.0684684 0.032891 -0.00887816
v 0.0688356 0.0343629 -0.00681769
v 0.0681167 0.0326092 -0.00305808
v 0.0675735 0.0319062 -0.000770771
v 0.0677351 0.0310903 -0.00455489
v 0.0685395 0.0354303 -0.00839931
v 0.0673266 0.0363448 -0.0118163
v 0.0672496 0.0361584 -0.0139143
v 0.0660686 0.0360651 -0.0137809
v 0.0683644 0.0359328 -0.0103863
v 0.0680871 0.0356833 -0.0127888
v 0.0676719 0.0356182 -0.0149567
v 0.0559233 0.0228158 -0.0578247
v 0.055535 0.0228391 -0.055778
v 0.0572925 0.0246124 -0.055128
v 0.0540301 0.019953 -0.0568914
v 0.0543447 0.0200271 -0.0552335
v 0.0545708 0.0214332 -0.0558764
v 0.0547112 0.0211791 -0.0573458
v 0.0551605 0.0221386 -0.0575955
v 0.0544742 0.0211957 -0.0547841
v 0.054709 0.0224254 -0.0540956
v 0.05551 0.0210445 -0.0515767
v 0.0547793 0.019723 -0.0537063
v 0.0547402 0.0211649 -0.0536541
v -0.0278581 0.00386036 0.0665789
v -0.0299706 0.0041094 0.0661015
v -0.0322615 0.00287236 0.0650983
v -0.0303591 0.00188595 0.0631897
v -0.0280907 0.00565143 0.0667173
v -0.0310473 0.00493564 0.0661165
v -0.0331702 0.00394306 0.0658842
v -0.0251398 0.00521088 0.0676492
v -0.0257309 0.00702693 0.067316
v -0.0315533 0.00382826 0.065952
v -0.0315222 0.00257173 0.0619372
v -0.026809 0.00257999 0.0654025
v 0.0520032 0.0104202 0.0622363
v 0.0526824 0.012394 0.0620485
v 0.0512356 0.0126038 0.0618235
v 0.0531048 0.0146553 0.0621609
v 0.0538773 0.0171428 0.0623064
v 0.052978 0.0159394 0.0621105
v 0.0556162 0.0190765 0.0623862
v 0.0545933 0.0161666 0.0623222
v 0.0521392 0.0140623 0.0617687
v 0.0530997 0.0166418 0.0613789
v 0.0536746 0.0183867 0.061759
v 0.0525314 0.0150026 0.0615255
v 0.0524941 0.00956392 0.0632256
v 0.0533976 0.00821052 0.0628552
v 0.054251 0.0184815 0.0606928
v 0.067743 0.033385 0.0353628
v 0.0679946 0.0346945 0.0349885
v 0.0680498 0.0356087 0.0375377
v 0.0672858 0.0348238 0.0430026
v 0.0661969 0.0335936 0.0447524
v 0.0663384 0.0331156 0.0412724
v 0.0674632 0.0343344 0.0394261
v 0.0646912 0.0323003 0.0394011
v 0.0635685 0.0333321 0.0434174
v 0.0679342 0.0363952 0.0416064
v 0.0658255 0.0317855 0.0402492
v 0.0680583 0.0361362 0.0395745
v 0.0650574 0.0326145 0.043534
v -0.06837 0.0345046 0.0176779
v -0.067956 0.0326306 0.0171395
v -0.0678888 0.0325472 0.0199186
v -0.0681044 0.0336714 0.0116307
v -0.0685485 0.0359002 0.0143582
v -0.0677005 0.0316659 0.0222935
v -0.0674231 0.0302814 0.0197743
v -0.0676294 0.0312044 0.0250687
v -0.0676111 0.0305706 0.0149631
v -0.0675639 0.0316717 0.0162402
v -0.0676937 0.0314031 0.0122882
v -0.0675062 0.031525 0.00775112
v -0.0679133 0.0326892 0.0149293
v -0.0684067 0.0365599 0.00933998
v -0.0687426 0.0370209 0.0173626
v -0.0677442 0.0311353 0.0187214
v -0.067551 0.0334451 0.00652494
v -0.0669924 0.030795 0.0240239
v -0.0676778 0.0325321 0.0292331
v -0.0513208 0.00708675 -0.0689299
v -0.0520371 0.00922382 -0.0680278
v -0.0511611 0.00658324 -0.0704214
v -0.0507152 0.00420583 -0.067964
v -0.0513184 0.00699982 -0.0676578
v -0.0509784 0.00962731 -0.0703715
v -0.0508075 0.00547766 -0.0679187
v -0.0510195 0.00575734 -0.0688586
v -0.0509055 0.00580592 -0.0667795
v -0.0509177 0.00439429 -0.0696592
v -0.0497498 0.00610274 -0.0714116
v -0.0501869 0.0076226 -0.0713932
v -0.049366 0.00921699 -0.071286
v 0.0568911 0.0257415 -0.0496685
v 0.0580676 0.027199 -0.0482605
v 0.0575603 0.0262603 -0.0506216
v 0.0594802 0.0285754 -0.047866
v 0.0596855 0.0282593 -0.0494185
v 0.0587581 0.0274948 -0.0491866
v 0.0571986 0.0260388 -0.0478789
v 0.058456 0.0265989 -0.0522688
v 0.0586814 0.0271103 -0.0515704
v 0.0587328 0.0273166 -0.05043
v 0.058102 0.0263125 -0.0517786
v 0.057996 0.0257902 -0.0531799
v 0.0594436 0.0276012 -0.0509802
v 0.0570506 0.0245385 -0.0477785
v 0.0582721 0.0257189 -0.0539293
v 0.0587997 0.0286094 -0.04683
v 0.0178961 0.00794215 0.0653811
v 0.0169434 0.00862501 0.0652375
v 0.0172914 0.00869041 0.0663517
v 0.0156609 0.0117214 0.0686187
v 0.0170276 0.00979302 0.0675805
v 0.0158777 0.0108316 0.0671419
v 0.0139464 0.0133902 0.0673229
v 0.0149458 0.0128972 0.0677274
v 0.0189992 0.00782233 0.0663601
v 0.0190539 0.00730716 0.0655014
v 0.0133472 0.0132001 0.0663599
v 0.0181212 0.00859038 0.0669632
v 0.0166749 0.00834808 0.0645935
v 0.0180842 0.00729035 0.0647157
v 0.0166575 0.00762694 0.0644702
v 0.014533 0.0118275 0.0665044
v 0.0156464 0.00999545 0.065854
v 0.0625282 0.0327798 0.00124732
v 0.062723 0.0341472 0.00350156
v 0.0633391 0.03463 0.000836374
v 0.0631161 0.0330931 0.0125192
v 0.0666183 0.0303436 -0.000440575
v 0.0642768 0.0355168 -0.00161082
v 0.0629776 0.0332182 -0.00244465
v 0.0631837 0.0328021 -0.00629746
v 0.0633198 0.0312055 -0.00517096
v 0.0622565 0.0334991 0.0100198
v 0.062749 0.0324324 0.00685334
v 0.0623393 0.0338755 0.00646489
v 0.0625095 0.0327565 0.00404215
v 0.0647059 0.030036 -0.00477753
v 0.0644775 0.0307921 0.00249561
v 0.0631237 0.0316867 0.00313264
v 0.0632398 0.0312378 -0.000933974
v 0.0642475 0.0350506 -0.00479604
v 0.0534989 0.015891 -0.0649186
v 0.0536563 0.014254 -0.0665858
v 0.0522086 0.0135827 -0.0667798
v 0.0532964 0.0124575 -0.0679721
v 0.0512367 0.0139031 -0.0644111
v 0.0508876 0.0132194 -0.0664374
v 0.0509337 0.0122362 -0.0653654
v 0.0501994 0.0105645 -0.065828
v 0.0498047 0.0106367 -0.0641932
v 0.0514415 0.0146094 -0.0664541
v 0.0522318 0.0154264 -0.0657493
v 0.0507484 0.0118372 -0.0684573
v 0.0505954 0.0114431 -0.066633
v 0.0503002 0.00998883 -0.0676967
v 0.055001 0.0134623 -0.0671111
v 0.0505135 0.0116246 -0.0674434
v 0.0520569 0.0118475 -0.0683325
v 0.0515296 0.0151073 -0.0651268
v 0.0505642 0.00985554 -0.0689266
v -0.0684861 0.0378445 0.00619015
v -0.0683501 0.0380377 0.00288632
v -0.0681974 0.0360768 0.00352653
v -0.0679349 0.0389951 0.0042754
v -0.0684389 0.0387882 0.00538972
v -0.0679448 0.0393165 0.00620198
v -0.0678092 0.0386994 0.00226666
v -0.066552 0.0390677 0.00416182
v -0.0671895 0.0389903 0.00327714
v -0.0672788 0.0393145 0.00525159
v -0.0674161 0.0396075 0.00715674
v -0.0684324 0.0385995 0.00884114
v -0.0682646 0.0390364 0.00726245
v -0.067932 0.0394761 0.00743307
v -0.0659356 0.0385775 0.00272348
v -0.0665196 0.0388893 0.0024024
v -0.0678703 0.034859 0.00522345
v -0.0490922 0.00713633 -0.0630884
v -0.0505363 0.0101173 -0.0611286
v -0.0526082 0.0117974 -0.0604679
v -0.0515891 0.00905582 -0.062296
v -0.0513482 0.00700576 -0.0663853
v -0.0518896 0.00865464 -0.0655709
v -0.0504118 0.00690184 -0.0629133
v -0.0511203 0.00722542 -0.0636611
v -0.0489933 0.0088016 -0.0626691
v -0.0507701 0.0056491 -0.0642637
v -0.0510722 0.00674654 -0.0651797
v -0.0517334 0.00840859 -0.0638747
v -0.0525146 0.0107599 -0.0629383
v 0.0369677 0.00154693 0.0613132
v 0.0351265 0.000869431 0.061841
v 0.0352176 0.00174058 0.0616619
v 0.0410318 0.00362562 0.0642321
v 0.0402021 0.00140712 0.0648635
v 0.0377326 0.000333465 0.0643618
v 0.0406334 0.00270452 0.064632
v 0.0404061 0.000459485 0.063248
v 0.0381882 4.28037e-05 0.0621135
v 0.0406564 0.0045357 0.0640773
v 0.0385823 0.0040961 0.06456
v 0.0368476 0.00250643 0.0651246
v -0.0671864 0.029748 0.0141785
v -0.0654186 0.0323021 0.0191397
v -0.0654305 0.0322205 0.016941
v -0.0654054 0.0323672 0.018448
v -0.065224 0.0346605 0.0212929
v -0.0653445 0.0329212 0.0216688
v -0.0653149 0.0330165 0.0192056
v -0.0662613 0.0309019 0.0210557
v -0.0658324 0.0308061 0.0154218
v -0.0656511 0.0317615 0.0200758
v -0.0665939 0.0301136 0.0166054
v -0.065204 0.0343179 0.0164067
v -0.065259 0.0375353 0.0201024
v -0.0657018 0.038944 0.0243483
v -0.0656062 0.0397241 0.0214238
v -0.0661174 0.0299939 -0.0200676
v -0.0670649 0.0308974 -0.0163544
v -0.0666588 0.0317689 -0.0206202
v -0.0672388 0.032724 -0.0172988
v -0.0676749 0.0338789 -0.0138113
v -0.0674582 0.0347512 -0.0174157
v -0.0672541 0.0314016 -0.0137946
v -0.0672115 0.0321573 -0.0152169
v -0.0677027 0.0358196 -0.014669
v -0.0678377 0.0361773 -0.0118673
v -0.0673132 0.0322686 -0.0133698
v -0.0656614 0.0287234 -0.0176396
v -0.0646894 0.0293601 -0.020269
v -0.0670041 0.0334416 -0.0198674
v 0.0654286 0.0342822 0.057731
v 0.0655182 0.0368265 0.0595762
v 0.0641095 0.0328822 0.0604085
v 0.0638194 0.0312301 0.0588446
v 0.0618355 0.0288344 0.0604549
v 0.0621781 0.0287965 0.0586567
v 0.0641466 0.0358275 0.0610333
v 0.0632772 0.0336639 0.0615375
v 0.0644242 0.0385545 0.0609295
v 0.0629492 0.0399453 0.062294
v 0.0633754 0.0376316 0.0617348
v 0.0628435 0.0356029 0.0616644
v 0.0620414 0.0332538 0.0620644
v 0.0617383 0.0352162 0.0618216
v 0.06233 0.0308165 0.061673
v 0.0613654 0.0341868 0.0622041
v 0.0608662 0.0326739 0.0624313
v 0.0608638 0.0302685 0.062362
v 0.0620059 0.0374671 0.0623941
v 0.0641809 0.0320831 0.0567916
v 0.0630196 0.0309507 0.0562753
v 0.0617865 0.0294182 0.0579247
v -0.0301934 0.00443867 0.0630767
v -0.0334008 0.00471167 0.0633131
v -0.0312214 0.00514707 0.0639493
v -0.038105 0.00327482 0.0608223
v -0.035602 0.00360418 0.0615568
v -0.0289845 0.00347564 0.0623511
v -0.0326671 0.00333674 0.0619728
v -0.0353617 0.00413633 0.0623202
v -0.0332757 0.00391865 0.0624094
v -0.0274708 0.00516211 0.0636129
v -0.0251141 0.0057465 0.0638832
v -0.0262755 0.00451039 0.0628709
v -0.0264345 0.00288347 0.0620777
v -0.0290504 0.00558278 0.0642894
v -0.0267612 0.00366566 0.062364
v -0.0258182 0.00389402 0.062373
v -0.0480537 0.00864202 -0.0711836
v -0.0478217 0.00713379 -0.0704877
v -0.0487527 0.00727229 -0.0717297
v -0.0474359 0.00710538 -0.0687526
v -0.0476831 0.00585413 -0.0698602
v -0.0468322 0.00397475 -0.0690869
v -0.0471803 0.00531867 -0.0688532
v -0.0467721 0.00446897 -0.0678349
v -0.0471226 0.00609095 -0.0671884
v -0.0473622 0.00837561 -0.0668971
v -0.0474164 0.00860366 -0.0682049
v -0.0475056 0.00906953 -0.0695185
v 0.0599152 0.0270174 -0.051716
v 0.0604237 0.027765 -0.0503588
v 0.0604483 0.0265709 -0.0515255
v 0.0613339 0.0272413 -0.0496132
v 0.060178 0.0290108 -0.0483382
v 0.0606408 0.029816 -0.0471106
v 0.0608813 0.0288917 -0.0487057
v 0.0616281 0.0255708 -0.0496123
v 0.0556515 0.0154704 0.0589966
v 0.0550878 0.016622 0.0597193
v 0.0574005 0.0182849 0.0586113
v 0.0538698 0.0163159 0.0603187
v 0.0549328 0.0142248 0.0579222
v 0.0539132 0.0135237 0.0590388
v 0.0550121 0.0151843 0.0589576
v 0.0541554 0.0151075 0.0594474
v 0.056514 0.0184866 0.0595888
v 0.0530271 0.0146917 0.0603826
v 0.0554043 0.0189369 0.0600094
v 0.0529341 0.0102778 0.0594571
v 0.0527286 0.0121758 0.0598816
v 0.0513146 0.00960843 0.0599137
v 0.0549924 0.0205322 0.0602971
v 0.053367 0.0368584 0.061486
v 0.0537358 0.0381564 0.0607631
v 0.0549786 0.0353794 0.0607406
v 0.0578103 0.0414833 0.0582051
v 0.0581872 0.039691 0.057752
v 0.0566181 0.0400529 0.0592027
v 0.0573538 0.0388787 0.0587426
v 0.0580205 0.0376776 0.0580513
v 0.0565838 0.0380194 0.0599542
v 0.0593655 0.0409483 0.0566178
v 0.0593988 0.0423007 0.0570189
v 0.0582741 0.0427819 0.0579966
v 0.0592985 0.0434434 0.0578038
v 0.0594873 0.0386189 0.0559053
v 0.0590914 0.0364364 0.0566281
v 0.0598961 0.0360895 0.055073
v 0.0597684 0.0347833 0.0566791
v 0.0506947 0.0387132 0.0618751
v 0.0507833 0.0382925 0.0625467
v 0.0608105 0.0339502 0.055038
v 0.0527191 0.0380056 0.0623708
v 0.0583695 0.0350954 0.057895
v 0.0566984 0.0357864 0.0599746
v 0.0575237 0.0361645 0.0591567
v 0.0575613 0.0343082 0.0595207
v 0.0556879 0.0362827 0.0604158
v 0.0574093 0.0319749 0.0619981
v 0.0572456 0.0335762 0.0619254
v 0.0564999 0.0336181 0.0615315
v 0.058499 0.0331874 0.0619974
v 0.0565724 0.0355175 0.0620852
v 0.0574467 0.0385029 0.063313
v 0.056485 0.0403474 0.063851
v 0.0553689 0.0389352 0.0632975
v 0.0613877 0.0393573 0.0628142
v 0.0585973 0.0370053 0.0628597
v 0.0570071 0.0372571 0.0627361
v 0.0581965 0.0355644 0.0624914
v 0.059482 0.0388194 0.0632393
v 0.0604694 0.0408394 0.0630993
v 0.0578584 0.0414133 0.0638164
v 0.0602021 0.0352824 0.0622484
v 0.0598924 0.0325301 0.0621482
v 0.0612838 0.0422603 0.0626165
v 0.0633683 0.0415662 0.0615174
v 0.0630103 0.0428082 0.061199
v 0.0630586 0.0311965 -0.00802582
v 0.0629931 0.0319125 -0.00798396
v 0.0646692 0.0293197 -0.011409
v 0.0634521 0.0334149 -0.0105542
v 0.0627849 0.0322061 -0.0106729
v 0.0632856 0.032669 -0.00878024
v 0.0628848 0.0316406 -0.00915241
v 0.0627856 0.0310589 -0.0108971
v 0.0638031 0.0303761 -0.00876735
v 0.0633944 0.0302619 -0.0133774
v 0.0638938 0.0347259 -0.0119096
v 0.0625255 0.0330691 -0.0129141
v 0.064136 0.03463 -0.00842708
v 0.0621201 0.0319395 -0.0121384
v 0.0622531 0.0316341 -0.014135
v -0.0328381 0.00530334 0.0645611
v -0.0292545 0.00593831 0.065609
v -0.0277244 0.0063071 0.0651952
v -0.0281323 0.00634019 0.0659455
v -0.0328256 0.00537756 0.0656573
v -0.0310529 0.00552736 0.0650493
v -0.0267012 0.00615309 0.0643247
v -0.0269072 0.00701174 0.066175
v -0.0260411 0.0070588 0.0650984
v -0.0252765 0.00763342 0.0660734
v -0.0247611 0.00681548 0.0645228
v -0.0329736 0.00474276 0.0662401
v 0.0539735 0.00509909 -0.0661454
v 0.0542044 0.00678163 -0.0638606
v 0.0533478 0.0050698 -0.064584
v 0.0510344 0.00554322 -0.063147
v 0.0519988 0.00443767 -0.0646504
v 0.0494405 0.00736264 -0.0639741
v 0.0498781 0.00561619 -0.0642172
v 0.0502224 0.00656867 -0.0630588
v 0.0494853 0.00949635 -0.0638398
v 0.0511935 0.00722665 -0.0619388
v 0.0546097 0.0082426 -0.0638018
v 0.0547957 0.0070602 -0.066268
v 0.0552955 0.0105074 -0.0630628
v 0.0530349 0.00363288 -0.0671128
v 0.0504956 0.00795321 -0.0621701
v 0.0501897 0.00431446 -0.0655048
v 0.0493811 0.00558614 -0.065496
v 0.051297 0.00342907 -0.0671592
v -0.0622101 0.0291122 -0.0402479
v -0.0629456 0.0312821 -0.0393893
v -0.0623243 0.0304857 -0.0420145
v -0.0615588 0.0307292 -0.0446347
v -0.0622445 0.0314425 -0.0429756
v -0.0608064 0.0318187 -0.0433458
v -0.0633588 0.0295656 -0.0362544
v -0.0638194 0.0301303 -0.0371873
v -0.0639989 0.0310451 -0.036552
v -0.0631678 0.0307141 -0.0381708
v -0.0644204 0.0319977 -0.0348163
v -0.0643496 0.0306204 -0.0356978
v -0.0643266 0.0310536 -0.0340352
v -0.0616726 0.0297565 -0.0439737
v -0.061466 0.0276868 -0.039993
v -0.06324 0.0291815 -0.0336257
v -0.064292 0.0310066 -0.0318148
v -0.0628765 0.0321473 -0.0406589
v -0.0618621 0.0285153 -0.0375165
v -0.0646302 0.032128 -0.0328041
v -0.0626418 0.0318675 -0.0417858
v -0.0637815 0.0319838 -0.0370318
v -0.0605961 0.031095 -0.0454312
v -0.0515401 0.0435339 0.0632318
v -0.0493072 0.0424822 0.0631719
v -0.0479349 0.0435125 0.0640411
v -0.0466481 0.0420844 0.0642115
v -0.0491488 0.0415156 0.0629316
v -0.0459621 0.0430319 0.0649744
v -0.0517067 0.0416019 0.0624701
v -0.0542159 0.0419593 0.0624885
v -0.0476974 0.0447461 0.0644535
v -0.0494815 0.0445793 0.063841
v -0.0546718 0.043496 0.0626099
v -0.0543041 0.040268 0.0618087
v -0.054352 0.0394337 0.0606959
v -0.0512634 0.0403979 0.0621207
v -0.0571745 0.043607 0.0617673
v -0.057352 0.0414433 0.0616932
v -0.0560868 0.0421598 0.0621897
v -0.0470663 0.0425715 0.0613668
v -0.0507827 0.0410924 0.0608575
v -0.0506303 0.042684 0.0597088
v -0.0563191 0.0406435 0.0618873
v 0.0569372 0.0248098 -0.0531164
v 0.0561455 0.0244964 -0.0516053
v 0.0557327 0.0234772 -0.0513552
v 0.0564079 0.0244456 -0.0498065
v 0.0555324 0.0237596 -0.053676
v 0.0552571 0.0232923 -0.0527402
v 0.0552357 0.0222939 -0.0524149
v 0.0560218 0.022968 -0.050221
v 0.0567796 0.0222895 -0.0490246
v 0.0513655 0.0113157 0.0606434
v 0.0522015 0.0133662 0.0611049
v 0.0501506 0.0100568 0.0611903
v 0.050435 0.00963501 0.0603644
v 0.0491761 0.00835278 0.060629
v 0.045673 0.00530317 0.0606963
v 0.0461723 0.00608578 0.0610215
v 0.0477351 0.00672154 0.0603822
v 0.0476171 0.00731341 0.0611413
v 0.0489683 0.00848291 0.0611842
v 0.0497459 0.00820757 0.0601344
v 0.0455772 0.0063384 0.0618392
v 0.0457483 0.0060929 0.0627095
v 0.0474338 0.00716495 0.0621818
v 0.0482479 0.00797304 0.0615757
v 0.0493789 0.00872617 0.0619448
v 0.0509093 0.0106447 0.0619986
v -0.0574867 0.0437265 0.0566584
v -0.0544371 0.0448727 0.0574005
v -0.0545578 0.042771 0.0579049
v -0.0573867 0.0422321 0.0572045
v -0.0588091 0.0450795 0.0558854
v -0.056849 0.0453058 0.0566824
v -0.0623154 0.0448077 0.055583
v -0.0606374 0.0449883 0.0560941
v -0.0610105 0.0442031 0.0552091
v -0.0600354 0.0433561 0.0556391
v -0.0578204 0.0454796 0.0564129
v -0.0577463 0.0455497 0.0570579
v -0.0592951 0.042029 0.056516
v -0.0611414 0.0451686 0.056652
v -0.0596976 0.0453554 0.0569738
v -0.0624776 0.0435581 0.0542755
v -0.0613025 0.0417168 0.0552879
v -0.0615985 0.0428434 0.0545591
v -0.0620756 0.0413228 0.0535235
v -0.0617908 0.0451937 0.0578818
v -0.0555607 0.0459452 0.0576826
v -0.0578399 0.0456074 0.0583976
v -0.0623224 0.0425959 0.053387
v -0.0545088 0.0460772 0.0595559
v 0.049035 0.00885602 -0.0669104
v 0.0487029 0.00654665 -0.0668656
v 0.0489639 0.00827168 -0.0655509
v 0.0496276 0.00785584 -0.0681361
v 0.0502762 0.00868668 -0.0687573
v 0.049896 0.00415248 -0.0676182
v 0.0509236 0.00461144 -0.0688093
v 0.0519896 0.0037911 -0.0688411
v 0.0518782 0.00525295 -0.069743
v 0.051051 0.00605393 -0.0692094
v 0.0498535 0.00576392 -0.0684753
v 0.049342 0.00479472 -0.066647
v 0.0491635 0.00955211 -0.0653814
v 0.0517899 0.0074721 -0.0700832
v 0.0507767 0.00738954 -0.0687281
v 0.0491695 0.00517813 -0.067595
v 0.0510032 0.00865809 -0.0691785
v -0.0611474 0.0380061 0.0604357
v -0.0625814 0.0386721 0.059752
v -0.0625802 0.035827 0.0603997
v -0.0628398 0.0337154 0.060462
v -0.0611944 0.0333024 0.0604952
v -0.0585584 0.0365082 0.06042
v -0.0600111 0.036676 0.0603665
v -0.0597913 0.0348936 0.0601817
v -0.0625624 0.031606 0.0605273
v -0.0642139 0.0338164 0.0603063
v -0.0649398 0.0370525 0.0592653
v -0.0591729 0.0347658 0.0598639
v -0.0580202 0.0368973 0.0597285
v -0.0592357 0.0357935 0.0591472
v -0.05981 0.0331879 0.0591003
v -0.0602365 0.0350444 0.0582733
v -0.0605078 0.0334173 0.057907
v -0.0592151 0.0328911 0.0598172
v -0.0659284 0.0394623 0.058177
v -0.0642402 0.0392954 0.0589015
v -0.065905 0.0345504 0.0589056
v -0.0639246 0.0309017 0.0596544
v -0.0672171 0.0377601 0.0577018
v -0.064912 0.0409459 0.0584771
v -0.0660898 0.0325011 0.0581414
v -0.06746 0.0353554 0.0576871
v -0.0597352 0.0331657 0.0603509
v -0.0674595 0.0344724 0.0568192
v -0.0614563 0.0325443 0.0574521
v -0.0612398 0.034512 0.0571651
v -0.066803 0.03297 0.0568186
v -0.0653148 0.0307105 0.0569386
v 0.0562863 0.0112553 0.0600305
v 0.0570891 0.0122325 0.0582857
v 0.0572745 0.0137383 0.0586359
v 0.0565375 0.0127695 0.0599344
v 0.0558442 0.0140073 0.057207
v 0.0559927 0.01423 0.0576603
v 0.0571096 0.0144113 0.0581592
v 0.055543 0.014765 0.0584555
v 0.0565119 0.0150668 0.0584518
v 0.0560053 0.0141866 0.0572099
v 0.0353223 0.00464437 0.0639372
v 0.0353547 0.00454212 0.0631835
v 0.0337694 0.00424185 0.0636976
v 0.0365069 0.00492198 0.0628782
v 0.0369599 0.00523769 0.0634632
v 0.0333049 0.00183753 0.065998
v 0.0343501 0.00405607 0.0644294
v 0.0322448 0.00434608 0.0643403
v 0.0330336 0.00332699 0.0651055
v 0.0305948 0.00442887 0.0650697
v 0.029569 0.00389232 0.065679
v 0.0298373 0.00482672 0.064618
v 0.0307106 0.00486386 0.0641871
v 0.0367754 0.00463741 0.064396
v 0.0287283 0.00477353 0.065165
v 0.0335648 0.00241331 0.0656194
v 0.03582 0.00365742 0.0648097
v 0.027156 0.0038344 0.0664429
v 0.0309485 0.00266819 0.0659053
v 0.0340112 0.00343525 0.0629494
v 0.0324306 0.00381818 0.0635472
v 0.0312933 0.00413708 0.0637615
v 0.0300985 0.004195 0.0638676
v 0.0299088 0.00475893 0.0642038
v 0.0491376 0.00435253 0.0620342
v 0.0501239 0.00540214 0.0631696
v 0.0489323 0.00685372 0.0627054
v 0.0513323 0.00740325 0.0634143
v 0.0506373 0.00768251 0.0630636
v 0.0494121 0.00613947 0.0633516
v 0.0507301 0.00867128 0.0624211
v 0.050662 0.00947367 0.0621045
v 0.0473616 0.00436942 0.0638812
v -0.0653663 0.0307656 0.00989368
v -0.0653481 0.0311112 0.00973196
v -0.0653066 0.0311887 0.0106695
v -0.0651279 0.0327878 0.0113738
v -0.064976 0.0312489 0.00373563
v -0.0652874 0.031471 0.00828487
v -0.0651467 0.0349468 0.0130203
v -0.0652903 0.0314793 0.0130516
v -0.0662173 0.0292839 0.0023811
v -0.0654603 0.0305354 0.00935696
v -0.0675664 0.0300423 0.00967
v -0.0652662 0.0325361 0.014554
v -0.0652789 0.0370254 0.0142544
v -0.0664795 0.0299708 0.0110032
v -0.0676993 0.0298026 0.00482287
v -0.0653236 0.0308257 0.00911719
v 0.0606545 0.0334915 -0.0288104
v 0.0612972 0.0323863 -0.0296262
v 0.0617168 0.0322237 -0.0268334
v 0.0653454 0.0347473 -0.0266428
v 0.0638623 0.0350937 -0.0267227
v 0.0647324 0.0351295 -0.0240669
v 0.0629927 0.0352826 -0.0283625
v 0.0624257 0.0350596 -0.0293674
v 0.062388 0.0354698 -0.0285099
v 0.0636709 0.0347181 -0.0286589
v 0.0611678 0.0345303 -0.0258192
v 0.0617758 0.0353184 -0.0265498
v 0.0609951 0.0346354 -0.0275083
v 0.0627214 0.035674 -0.0270101
v 0.0665618 0.0349238 -0.0252715
v 0.0616378 0.0352012 -0.0285275
v 0.0626839 0.0354974 -0.0249267
v 0.0618787 0.0349921 -0.0247966
v 0.0611276 0.0334099 -0.0253305
v 0.0606824 0.0336536 -0.0268229
v 0.0612542 0.0343312 -0.030331
v 0.0608198 0.0330136 -0.0305887
v 0.0636343 0.0355182 -0.0251863
v 0.0608827 0.034534 -0.028881
v -0.0156025 0.0159036 0.0663719
v -0.0159944 0.014963 0.0659578
v -0.0159154 0.0146711 0.0667665
v -0.0149717 0.0161465 0.0672644
v -0.0150618 0.0169264 0.066386
v -0.0142971 0.0177812 0.0658885
v -0.0150591 0.0160142 0.0654337
v -0.0119742 0.0178365 0.0614408
v -0.0109594 0.0198428 0.0616052
v -0.0108554 0.0188687 0.0622935
v -0.0144385 0.0172231 0.0678331
v -0.0143234 0.0179341 0.0670842
v -0.0164272 0.0135229 0.067441
v -0.0156945 0.0145654 0.0675739
v -0.0162172 0.0140349 0.0672161
v -0.0140178 0.0177351 0.064091
v -0.0135226 0.0189109 0.0656921
v -0.0123401 0.0194408 0.0615302
v -0.0151938 0.0153361 0.0641441
v -0.0129152 0.019468 0.0629028
v -0.0135177 0.0175348 0.0621229
v -0.0128263 0.0203595 0.0649567
v -0.0147976 0.0155885 0.0628927
v -0.0140845 0.0190061 0.0665054
v -0.0140125 0.0156568 0.062068
v -0.0113518 0.02062 0.0618069
v -0.0120684 0.0206079 0.0621996
v -0.0131956 0.016359 0.0618061
v -0.0120924 0.0213119 0.0633903
v -0.012751 0.0161732 0.062003
v -0.0118395 0.0172247 0.0623474
v -0.0165367 0.0135694 0.0667988
v -0.0113248 0.0179079 0.0635784
v -0.056652 0.0451746 0.0618995
v -0.0579785 0.0451594 0.0612519
v -0.0533926 0.0451585 0.0630501
v -0.0554661 0.0450899 0.0624434
v -0.0569288 0.0457162 0.0599013
v -0.0593373 0.0452356 0.0599857
v -0.0551906 0.0459536 0.0613366
v -0.0541313 0.0461153 0.0627589
v -0.0507015 0.0464213 0.0620819
v -0.0486574 0.0466724 0.0634893
v -0.0488133 0.0465329 0.061976
v -0.0499393 0.046347 0.06395
v -0.0507519 0.046694 0.0632954
v -0.0511199 0.0456717 0.0636863
v -0.0528172 0.0462604 0.0635157
v -0.0526775 0.046509 0.0624275
v -0.0489546 0.0456753 0.0641628
v -0.0527231 0.0463472 0.061101
v -0.0518481 0.0467917 0.0635744
v -0.0218309 0.00615369 0.0628981
v -0.0238443 0.00483039 0.0624029
v -0.0234442 0.00567986 0.0633318
v -0.0234573 0.00316738 0.0640907
v -0.0213284 0.00560914 0.0625614
v -0.0212326 0.00707135 0.0636265
v -0.0223989 0.00490783 0.0678171
v -0.0249382 0.00358269 0.0672026
v -0.0234806 0.00329212 0.0661758
v -0.0236479 0.0075476 0.0647514
v -0.0222581 0.00808665 0.0649784
v -0.0228148 0.00680582 0.0643973
v -0.0227469 0.00437065 0.0627478
v -0.0196542 0.00603932 0.0634531
v -0.0246019 0.00755812 0.0651232
v -0.0231519 0.00722446 0.0668858
v -0.0239528 0.00652659 0.0672887
v -0.0223963 0.00658928 0.0675782
v -0.0240413 0.00760266 0.0667512
v -0.0202732 0.00462209 0.064688
v -0.0234648 0.00590599 0.0679358
v -0.0235333 0.00792597 0.0655844
v -0.0207142 0.00420507 0.0660848
v 0.0577718 0.0219271 0.063216
v 0.0574247 0.0223593 0.0625697
v 0.0569383 0.0210453 0.0626316
v 0.0568011 0.0193667 0.0631202
v 0.0583114 0.020294 0.0630454
v 0.0601631 0.0280632 0.0624771
v 0.0598328 0.0265803 0.0626939
v 0.0609008 0.0276114 0.0621257
v 0.0580372 0.0240494 0.0627186
v 0.0577472 0.026289 0.0623476
v 0.056594 0.0226175 0.062259
v 0.0601887 0.031025 0.0623643
v 0.0593269 0.0308165 0.0618175
v 0.0594184 0.0240416 0.0628807
v 0.0564895 0.0273061 0.0622318
v 0.0563758 0.0250326 0.0623921
v 0.0606404 0.0252355 0.0614636
v 0.0595582 0.027449 0.062678
v 0.0597277 0.029053 0.0623698
v 0.0590134 0.0275187 0.0622362
v 0.0589557 0.0260194 0.0628101
v 0.0574219 0.029471 0.0619576
v 0.0583478 0.0307974 0.0617651
v 0.0586824 0.0288988 0.0618522
v 0.0210225 0.00489303 0.0668728
v 0.0190078 0.0067301 0.0672282
v 0.0182701 0.00625985 0.0672793
v 0.0179851 0.00833372 0.0675771
v 0.0191675 0.00802461 0.0669417
v 0.0155361 0.00714112 0.0675861
v 0.0200617 0.00393303 0.0671842
v 0.0128984 0.00926784 0.0661102
v 0.0152302 0.00667465 0.065907
v 0.020157 0.00682946 0.0668681
v 0.0135546 0.01363 0.0700649
v 0.0146111 0.0126506 0.0694681
v 0.0160937 0.00995742 0.0687118
v 0.014387 0.0099762 0.0688129
v 0.0167604 0.00802348 0.0678495
v 0.0118499 0.0147243 0.0703823
v 0.020714 0.00586132 0.0669743
v 0.0119763 0.0109044 0.0684602
v 0.020067 0.00746996 0.0665508
v 0.0205104 0.00718459 0.0658864
v 0.0145091 0.0116046 0.0693457
v 0.0125928 0.0123548 0.0698717
v 0.0102602 0.0142939 0.070099
v 0.0181514 0.00454537 0.065903
v 0.016762 0.00588012 0.0647558
v -0.0352854 0.0472066 0.0625477
v -0.0376965 0.0472533 0.0622011
v -0.0364589 0.0474521 0.0631638
v -0.0351329 0.0477842 0.0633039
v -0.0336816 0.0476805 0.0636327
v -0.0333065 0.0468668 0.0628969
v -0.0352725 0.0475175 0.0641417
v -0.0376446 0.0459566 0.0623447
v -0.0343358 0.044607 0.063404
v -0.0395768 0.0441744 0.0626955
v -0.0372455 0.0471462 0.0642639
v -0.0404774 0.0468512 0.0616682
v -0.0357819 0.0443173 0.0670067
v -0.0378763 0.0470885 0.0656026
v -0.0357076 0.0472196 0.0653856
v -0.0342346 0.0429772 0.0671344
v -0.0341289 0.0454801 0.0673259
v -0.0348074 0.0466285 0.0673085
v -0.0362444 0.045959 0.0671887
v -0.0368779 0.0436917 0.0635494
v -0.0361696 0.047038 0.0667732
v -0.0377085 0.046703 0.0669509
v -0.0344046 0.046151 0.0626575
v -0.0390868 0.0465597 0.0669795
v -0.0390375 0.047069 0.066346
v -0.0343426 0.0472204 0.0664255
v -0.0348998 0.0433212 0.0647041
v 0.0611934 0.0309078 -0.0404449
v 0.0604663 0.0303856 -0.0416362
v 0.0602078 0.0308154 -0.0400691
v 0.0620665 0.0315068 -0.0401765
v 0.0613102 0.0307876 -0.0419838
v 0.05964 0.028579 -0.0426352
v 0.0598872 0.0296962 -0.0422786
v 0.0592723 0.0292803 -0.0436628
v 0.0612552 0.0305125 -0.0444529
v 0.0621341 0.0311176 -0.0420207
v 0.0599271 0.02947 -0.0459103
v 0.0613565 0.0316961 -0.0386183
v 0.0588777 0.0291408 -0.0452258
v 0.0602015 0.0299767 -0.0436541
v 0.060127 0.0301002 -0.0411457
v 0.0603128 0.0295228 -0.0406506
v 0.0619563 0.0328016 -0.0364587
v 0.0528781 0.00591057 -0.0703733
v 0.0546694 0.00607271 -0.0694703
v 0.0535173 0.00735529 -0.0706714
v 0.0544803 0.00769076 -0.0698848
v 0.0517412 0.0101888 -0.0695082
v 0.0532596 0.0044289 -0.0694598
v 0.0538201 0.00973149 -0.0694391
v 0.0528542 0.00907243 -0.0701621
v 0.0531027 0.0107198 -0.069157
v 0.0541571 0.00478609 -0.0678769
v 0.0525096 0.0113961 -0.0688931
v 0.0542341 0.0111418 -0.0683245
v 0.0548624 0.00824248 -0.0681706
v 0.0539128 0.00856631 -0.0701135
v 0.0549951 0.0104215 -0.0675763
v 0.0546003 0.00935214 -0.0691244
v 0.0549975 0.0119396 -0.0672525
v 0.0553828 0.0100801 -0.0658649
v 0.05648 0.0214408 0.0598966
v 0.0592891 0.0192447 0.0597565
v 0.0600701 0.021232 0.0603173
v 0.0597082 0.0210433 0.0589226
v 0.0575681 0.020425 0.0589717
v 0.06065 0.0230893 0.059466
v 0.0606698 0.0236855 0.0605264
v 0.0588422 0.0220286 0.0587151
v 0.0579577 0.022903 0.0593495
v 0.0598589 0.0214298 0.0618661
v 0.0610022 0.0254485 0.0593942
v 0.0598324 0.024304 0.0588722
v 0.0607909 0.027245 0.0589309
v 0.0609825 0.02639 0.0600672
v 0.0588261 0.0235765 0.059014
v 0.0586383 0.0249541 0.0590653
v 0.0595655 0.0269436 0.0588705
v 0.0584459 0.0199644 0.0584795
v 0.0607711 0.0289556 0.0584187
v -0.0642747 0.0443799 0.0588673
v -0.0593818 0.0390746 0.0608638
v -0.0573546 0.0385574 0.0612453
v -0.0580205 0.0401332 0.0617026
v -0.060275 0.0434002 0.0608054
v -0.0599231 0.0449391 0.0607426
v -0.0607139 0.0451358 0.0601714
v -0.0660571 0.0433123 0.057999
v -0.0630767 0.0428536 0.0595129
v -0.0620396 0.0409392 0.0596869
v -0.0647662 0.0426187 0.0586623
v -0.0662457 0.0415605 0.0579001
v -0.062944 0.0398879 0.0590531
v -0.063396 0.0410005 0.0588311
v -0.0641215 0.0418608 0.0587462
v -0.0587488 0.0412347 0.0610502
v -0.0622636 0.0446669 0.0600302
v -0.0594003 0.0450809 0.0609241
v -0.0606336 0.040305 0.0604851
v -0.0600119 0.0451081 0.0603253
v 0.0647835 0.0342427 -0.0294385
v 0.065909 0.0346129 -0.0281178
v 0.0629614 0.0334892 -0.0336333
v 0.0623709 0.0332114 -0.034698
v 0.0622523 0.033418 -0.0327112
v 0.0630046 0.0343287 -0.0306425
v 0.0661439 0.033544 -0.0301205
v 0.0655776 0.0333109 -0.0318014
v 0.0654234 0.0338969 -0.0305785
v 0.0640513 0.0336572 -0.0322672
v 0.0648961 0.0332609 -0.0342127
v 0.0633681 0.0332182 -0.0351377
v 0.0611935 0.0320825 -0.033497
v 0.0611663 0.0328093 -0.0345805
v 0.0609756 0.0330639 -0.0324134
v 0.0663705 0.034053 -0.0290952
v 0.0665214 0.0332438 -0.0294485
v 0.0663897 0.0336596 -0.0295535
v -0.0644151 0.0336175 -0.00478693
v -0.0648976 0.0358836 -0.000369956
v -0.06481 0.0334534 0.00145637
v -0.0672998 0.0303515 -0.00339041
v -0.0672698 0.0289484 -0.00402766
v -0.0647656 0.0311974 -0.00477978
v -0.0645111 0.0319957 -0.00733299
v -0.0664986 0.0284037 -0.00542379
v -0.0667395 0.0285321 -0.0019445
v -0.0648196 0.03186 -0.00107211
v -0.0651387 0.0303804 -0.000887191
v -0.0654014 0.0376957 0.000313637
v -0.0662113 0.0385692 0.000748196
v -0.0678549 0.0292341 0.00205322
v -0.067383 0.0289329 -0.000798488
v -0.0673895 0.0312209 0.0029111
v -0.0673795 0.0323094 -0.0013193
v -0.0673498 0.030114 -0.000137423
v -0.06772 0.0336733 0.00231469
v -0.0673146 0.0289132 -0.006344
v -0.0680129 0.0349267 -0.000744776
v -0.0668489 0.0363745 -0.0191323
v -0.0661195 0.0366604 -0.020106
v -0.0665481 0.0360945 -0.0211663
v -0.0641283 0.0360877 -0.0273326
v -0.0652712 0.0366014 -0.0246347
v -0.0644617 0.0364985 -0.0244281
v -0.0654783 0.0365551 -0.0213969
v -0.0646695 0.036575 -0.021596
v -0.0668736 0.0356832 -0.020293
v -0.063691 0.0358411 -0.0244943
v -0.065384 0.0371313 -0.0187167
v -0.0648473 0.0360401 -0.0281302
v -0.0656774 0.0359237 -0.0274332
v -0.0660407 0.0364066 -0.0223653
v -0.0664501 0.0370998 -0.0178742
v -0.0631412 0.0354759 -0.0283527
v -0.0671559 0.0355879 -0.0187467
v -0.0673187 0.0363824 -0.0168852
v -0.0669896 0.0347427 -0.0202406
v -0.0666792 0.0336396 -0.0227099
v -0.0660826 0.031632 -0.0246405
v -0.0661172 0.0307185 -0.0222601
v -0.0656646 0.0349253 -0.0297403
v -0.0650029 0.0355587 -0.0300954
v -0.0662845 0.0360792 -0.0248224
v -0.0661618 0.0350745 -0.0270175
v -0.0665507 0.0349788 -0.0244932
v -0.066464 0.0358725 -0.0230434
v -0.0660642 0.0334929 -0.0267364
v -0.0666943 0.0351677 -0.0220372
v -0.0672357 0.0368208 -0.0148098
v -0.066631 0.037313 -0.0155255
v -0.0658932 0.0342987 -0.0285204
v -0.0629211 0.0346161 -0.0268457
v 0.0631233 0.0322209 0.0537397
v 0.0648573 0.0335931 0.050661
v 0.0645217 0.0329709 0.0540263
v 0.0672703 0.0364441 0.0480352
v 0.0675303 0.0366113 0.0446259
v 0.0676808 0.0384006 0.046363
v 0.06578 0.0342902 0.054933
v 0.0665622 0.0364414 0.0525224
v 0.0665464 0.0361593 0.0556008
v 0.0670615 0.0380198 0.0554891
v 0.0665843 0.0369349 0.0576177
v 0.0656527 0.0344174 0.0522844
v 0.0668101 0.0369393 0.0547577
v 0.0672231 0.0381089 0.0497582
v 0.0672703 0.0397028 0.0483616
v 0.0671014 0.0395853 0.0507889
v 0.0670099 0.0387926 0.052634
v 0.0671427 0.0397522 0.0548532
v 0.0636823 0.0331953 0.050351
v 0.0634098 0.0331431 0.0478818
v 0.0649857 0.033161 0.0474596
v 0.0668019 0.0391249 0.0582531
v 0.0663877 0.0348043 0.0494382
v 0.0668807 0.0349785 0.0461356
v 0.0659372 0.0338984 0.0475524
v 0.0652521 0.0396777 0.0597776
v 0.0677434 0.038817 0.0428577
v 0.0674978 0.0404949 0.0458732
v 0.0670634 0.0399533 0.056482
v -0.0520007 0.00619851 0.0617448
v -0.0500586 0.00407656 0.0600779
v -0.0475064 0.00412299 0.0624098
v -0.0447269 0.00229004 0.061019
v -0.0482494 0.00271581 0.059375
v -0.0548413 0.00777036 0.0605914
v -0.0538827 0.00661285 0.0592774
v -0.0561962 0.00920963 0.0594502
v -0.0523271 0.00800778 0.0632379
v -0.0546581 0.00883724 0.0619571
v -0.0563486 0.00968795 0.060779
v -0.0548336 0.011124 0.0631948
v -0.0566389 0.0110751 0.061622
v -0.0522594 0.0051724 0.0580202
v -0.0527272 0.0103355 0.0645001
v -0.0546589 0.013107 0.0639089
v -0.0528166 0.0113474 0.0635564
v -0.052531 0.0093177 0.0639296
v -0.0502914 0.00783113 0.0642793
v -0.0508092 0.00949314 0.0637847
v -0.049543 0.00595638 0.0633093
v -0.0459604 0.00511554 0.0640608
v -0.0544629 0.012987 0.0624169
v -0.0483197 0.00728379 0.0636799
v -0.0530675 0.00701216 0.058295
v -0.0524611 0.00798887 0.0586664
v -0.051446 0.00652953 0.0587251
v -0.0496382 0.00467767 0.0584038
v -0.0514767 0.00793937 0.0593041
v -0.0498964 0.00655465 0.0595067
v -0.0539592 0.00931999 0.058425
v -0.0526396 0.00896485 0.0591372
v -0.0521441 0.00945059 0.0600189
v -0.0505615 0.00814124 0.060168
v -0.0511544 0.00925629 0.0612464
v -0.0544373 0.0076496 0.0576408
v -0.0535821 0.00642526 0.0580928
v -0.0556821 0.00861268 0.0583434
v -0.0554802 0.00951693 0.0577958
v -0.043112 0.0474897 0.0612879
v -0.0409506 0.0475948 0.0620297
v -0.0485007 0.0468542 0.0599837
v -0.049616 0.0461016 0.0592608
v -0.0502507 0.0464691 0.0594035
v -0.0453504 0.0454955 0.0605368
v -0.043769 0.0464381 0.0608664
v -0.0424391 0.0453172 0.0614592
v -0.046883 0.0461997 0.0600245
v -0.0459204 0.0473805 0.0606187
v -0.0448116 0.0469949 0.0605242
v -0.0506373 0.0465115 0.0603585
v -0.0521093 0.0462548 0.0585483
v -0.0467589 0.0442373 0.0605607
v -0.0438501 0.0436579 0.0616406
v -0.047547 0.0470361 0.0612173
v -0.0449101 0.0473593 0.0620249
v -0.047254 0.0452322 0.0599826
v -0.0503065 0.0448099 0.0590483
v -0.0134596 0.0202828 0.0666616
v -0.0128273 0.0220771 0.0664589
v -0.0114097 0.0246929 0.0657172
v -0.0118756 0.0226656 0.0649503
v -0.0119606 0.0234869 0.0663272
v -0.0101727 0.0294681 0.0662454
v -0.0100902 0.0309673 0.0670432
v -0.00965777 0.031475 0.0663503
v -0.0111509 0.0263958 0.0662278
v -0.0119183 0.0249107 0.0668046
v -0.0108413 0.028009 0.0668519
v -0.0104056 0.0283326 0.0678321
v -0.0104488 0.0294389 0.0671833
v -0.0115112 0.0248576 0.067711
v -0.0110594 0.026417 0.0672887
v -0.0104292 0.0278039 0.0660257
v -0.0113331 0.0230341 0.063194
v -0.0111572 0.0248701 0.064042
v -0.0110699 0.0259047 0.0651943
v -0.0105428 0.0270115 0.0654225
v -0.0139109 0.0183583 0.0681332
v -0.0101104 0.0283742 0.0647571
v -0.0105492 0.0267034 0.0642101
v -0.01361 0.0191239 0.0673677
v -0.0130436 0.0204208 0.0682639
v -0.0126185 0.0218266 0.0681615
v -0.0129916 0.0211487 0.068003
v -0.0128852 0.0212956 0.0675527
v -0.0121802 0.0234617 0.0672051
v -0.0124729 0.0223084 0.0674945
v -0.00963151 0.0304154 0.0653331
v -0.0108415 0.0264494 0.0682744
v -0.0101465 0.0303693 0.0678773
v -0.0117785 0.0232942 0.0681791
v -0.0110941 0.0249474 0.0686076
v 0.0260116 0.0032995 0.0629276
v 0.0260415 0.0040643 0.0637965
v 0.0279597 0.0034714 0.0628556
v 0.022996 0.00458047 0.0643397
v 0.0249655 0.0052368 0.0647269
v 0.0218181 0.00669365 0.0657484
v 0.0210692 0.0060535 0.065311
v 0.0226504 0.00556113 0.0649949
v 0.0233722 0.00546915 0.0650483
v 0.0204711 0.00382344 0.0636258
v 0.0178026 0.00625651 0.0641762
v 0.0231456 0.00204048 0.0653771
v 0.0248603 0.00192212 0.0634655
v 0.0278115 0.00153514 0.0629219
v 0.02877 0.00234497 0.0623613
v 0.0319049 0.00167929 0.0620103
v 0.0299002 0.0011841 0.0625973
v 0.0260157 0.00231326 0.062646
v 0.0200078 0.0056384 0.0644273
v 0.0155007 0.00770091 0.0642547
v 0.023873 0.00309066 0.0629796
v 0.0322027 0.000614412 0.06263
v 0.0337114 0.0021993 0.061972
v 0.0194979 0.00652837 0.0649246
v 0.0308803 0.00322432 0.0628305
v 0.0265012 0.00457587 0.0644154
v 0.0226263 0.00610637 0.0654544
v 0.0284122 0.00411046 0.0637877
v 0.0238533 0.00580608 0.0654435
v -0.0501631 0.0135672 -0.0682985
v -0.048488 0.0128019 -0.0685379
v -0.0497054 0.0113536 -0.069859
v -0.0536015 0.0153736 -0.0602664
v -0.0535042 0.0155067 -0.0587067
v -0.0540037 0.0170039 -0.0597276
v -0.0535513 0.0153278 -0.0617208
v -0.0534469 0.0134617 -0.0609374
v -0.0522723 0.0147742 -0.0649772
v -0.0525735 0.0157482 -0.0644711
v -0.0518977 0.0151386 -0.0657303
v -0.0527458 0.0144623 -0.0647593
v -0.0533445 0.01579 -0.0632652
v -0.0531087 0.0128506 -0.0628081
v -0.0529127 0.0136487 -0.0638289
v -0.0524336 0.0112976 -0.0648749
v -0.0521911 0.0137952 -0.065949
v -0.0492728 0.0145373 -0.0671914
v -0.0518066 0.0168433 -0.065073
v -0.051431 0.0138887 -0.0671878
v -0.0523381 0.0123417 -0.0661868
v -0.0484517 0.0115928 -0.0697042
v -0.051789 0.0127601 -0.067296
v -0.0509686 0.012447 -0.0686571
v -0.0476167 0.0121293 -0.0671903
v -0.0476239 0.0111424 -0.0690294
v -0.0508638 0.0152543 -0.0668691
v -0.0517503 0.0111881 -0.0685751
v -0.0508883 0.0111846 -0.0695825
v -0.0482517 0.0103093 -0.07041
v -0.0473556 0.0100555 -0.0676982
v -0.0480959 0.013857 -0.067041
v -0.0606841 0.030118 -0.0461585
v -0.0597125 0.0303494 -0.0468392
v -0.0599375 0.0296626 -0.0474808
v -0.0583436 0.0285846 -0.0501241
v -0.0583759 0.0273977 -0.0517879
v -0.0592386 0.0282081 -0.0499417
v -0.0610368 0.0296215 -0.0455019
v -0.060391 0.0289441 -0.0470074
v -0.0589437 0.0294832 -0.0483741
v -0.0595789 0.0289471 -0.0486188
v -0.0614413 0.0296269 -0.0446834
v -0.0586201 0.0300431 -0.0474952
v -0.0578078 0.0290684 -0.0492229
v -0.0573474 0.0277237 -0.0517409
v -0.0604882 0.0276649 -0.0418603
v -0.0594635 0.0310865 -0.045622
v -0.0561917 0.0254524 -0.0497939
v -0.0569872 0.0280701 -0.0479145
v -0.0582307 0.027902 -0.0458507
v -0.059006 0.0267397 -0.0452515
v -0.0567976 0.0280592 -0.0499883
v -0.0565975 0.0280406 -0.049182
v -0.0559265 0.0266218 -0.0505992
v -0.0562965 0.0271277 -0.0525557
v -0.057004 0.0280677 -0.0509565
v -0.056203 0.0270946 -0.0515626
v -0.057331 0.0290718 -0.0482385
v -0.058346 0.0301595 -0.0464709
v -0.0576682 0.0293328 -0.0470202
v -0.0549866 0.0255037 -0.0535052
v -0.058291 0.0297256 -0.04557
v -0.0654969 0.0303644 -0.0238964
v -0.0651768 0.0290952 -0.0234257
v -0.0642723 0.0304783 -0.0215241
v -0.0638639 0.0310989 -0.0198751
v -0.0639688 0.0310479 -0.0248358
v -0.0631256 0.0317905 -0.0287051
v -0.0632441 0.0324975 -0.0245092
v -0.0636992 0.0294992 -0.0289734
v -0.0645017 0.030173 -0.0282529
v -0.0636044 0.0313771 -0.0222757
v -0.0653437 0.0317208 -0.0278205
v -0.0628244 0.0336069 -0.0258858
v -0.0633638 0.0342005 -0.0229387
v -0.0627662 0.0328236 -0.0268109
v -0.0634844 0.0324984 -0.0208749
v -0.0624936 0.0333578 -0.0288092
v -0.0620427 0.0324067 -0.0317017
v -0.0636999 0.0339396 -0.0182389
v -0.0632076 0.0301714 -0.0324502
v -0.0619592 0.029927 -0.0370722
v -0.064264 0.0298949 -0.0245036
v -0.0624278 0.0313462 -0.033386
v -0.0628375 0.0292945 -0.0332036
v -0.0650185 0.0309966 -0.0260591
v -0.0639302 0.0305138 -0.0279555
v -0.0654124 0.0331412 -0.0305651
v -0.0639238 0.0356579 -0.0204148
v -0.0580471 0.0194444 0.0619058
v -0.0592838 0.0211537 0.0616571
v -0.0586215 0.0178705 0.0621148
v -0.0608424 0.0220137 0.0608403
v -0.0615415 0.025422 0.0577946
v -0.0599738 0.0256253 0.0578448
v -0.0605173 0.0237486 0.0577886
v -0.0602639 0.0253467 0.061067
v -0.061592 0.0239181 0.0574441
v -0.0587904 0.0223366 0.0615199
v -0.0575402 0.0193964 0.0613517
v -0.0570433 0.0181227 0.0619726
v -0.0567755 0.0173252 0.06115
v -0.0582671 0.021067 0.0612815
v -0.0625109 0.0280876 0.0574495
v -0.061614 0.0271793 0.0577638
v -0.0627085 0.0271018 0.0573031
v -0.0566957 0.0143965 0.0629856
v -0.0560338 0.0160728 0.0628614
v -0.0635663 0.0294591 0.0564289
v -0.0637327 0.0280258 0.0558652
v -0.0627111 0.0259078 0.0570339
v -0.0557557 0.0150655 0.0615996
v -0.0599349 0.0210269 0.0579476
v -0.0594421 0.0230815 0.0578861
v -0.0586602 0.0213173 0.0583093
v -0.0577575 0.0197468 0.0601708
v -0.0583612 0.0216059 0.0594575
v -0.0587697 0.0235152 0.0586015
v -0.061914 0.02375 0.0571668
v -0.0632522 0.0263449 0.0563168
v -0.0620354 0.0266313 0.059998
v -0.0611229 0.0216589 0.0575077
v -0.0618065 0.0235108 0.0577574
v -0.0610348 0.0210097 0.0593472
v -0.0607643 0.0198276 0.0584197
v -0.0601721 0.0186279 0.0576812
v -0.0594241 0.0162719 0.0590377
v -0.0622646 0.0251378 0.0588409
v -0.0650972 0.0301916 0.0532518
v -0.0643901 0.0288785 0.0566888
v -0.0653661 0.0302865 0.0549316
v -0.0629635 0.0270346 0.0569604
v -0.0637155 0.0279384 0.0576853
v -0.0602664 0.018631 0.0592835
v -0.0595881 0.0176258 0.0604253
v -0.0579169 0.0140081 0.0617228
v -0.0557247 0.0262768 -0.0543047
v -0.0568947 0.0269121 -0.053085
v -0.0553979 0.0252828 -0.055963
v -0.0564747 0.0261362 -0.0547748
v -0.0546016 0.0184879 -0.0578213
v -0.0547913 0.0196202 -0.0587047
v -0.0546625 0.023727 -0.0576317
v -0.0538008 0.023514 -0.057358
v -0.0530811 0.0222186 -0.0589059
v -0.0559437 0.0210269 -0.055919
v -0.0574249 0.0238477 -0.0544654
v -0.0561675 0.022267 -0.0572868
v -0.0540391 0.0219983 -0.059367
v -0.0533203 0.020593 -0.06104
v -0.0546625 0.0207955 -0.0600305
v -0.0584631 0.0257976 -0.0519059
v -0.0573587 0.0265206 -0.0535444
v -0.0528429 0.0218824 -0.0572286
v -0.0522399 0.0212236 -0.0589398
v -0.0572089 0.025838 -0.0548769
v -0.0578927 0.0258923 -0.0537098
v -0.0570352 0.0243989 -0.055975
v -0.0561664 0.0250302 -0.0563454
v -0.051957 0.020921 -0.0601855
v -0.0524557 0.0207693 -0.0608386
v -0.0540075 0.0180363 -0.0614649
v -0.0539226 0.0238894 -0.0560173
v -0.0531386 0.0226089 -0.0576723
v -0.0548216 0.0252209 -0.0552855
v -0.0557377 0.0232181 -0.0581275
v -0.0544144 0.0245001 -0.0565622
v -0.0523 0.0131098 -0.0585574
v -0.0510914 0.0195076 -0.060896
v -0.0496873 0.0176432 -0.062973
v -0.0509563 0.019374 -0.0624756
v -0.0531292 0.0175956 -0.0635818
v -0.0534859 0.0193685 -0.0621706
v -0.05218 0.0196203 -0.062479
v -0.0522763 0.0183886 -0.0636693
v -0.0491601 0.011372 -0.0622826
v -0.048919 0.0164185 -0.0638759
v -0.0494464 0.0168001 -0.0646079
v -0.0480939 0.0138239 -0.0651863
v -0.0490965 0.0155971 -0.0628966
v -0.0486226 0.0131114 -0.0633118
v -0.0509539 0.0179005 -0.0641569
v -0.0504609 0.0179077 -0.0608645
v -0.0486616 0.0155095 -0.0646895
v -0.0486217 0.0152461 -0.0659601
v -0.0500782 0.0179537 -0.0636964
v -0.0504069 0.0166347 -0.0603829
v -0.0499341 0.0145489 -0.0610555
v -0.0500999 0.0161326 -0.0657159
v -0.0476164 0.0108157 -0.0652535
v -0.0514599 0.0202957 -0.061146
v 0.0646638 0.0365944 -0.00596742
v 0.065134 0.0363455 -0.00813618
v 0.0644148 0.0367481 0.00113412
v 0.0648771 0.0371291 -0.00104026
v 0.0675396 0.0374802 -0.00304432
v 0.0666612 0.0373771 -0.00500398
v 0.066046 0.037979 -0.00177967
v 0.0687472 0.0356842 -0.00586682
v 0.0677093 0.0369176 -0.0063797
v 0.066673 0.0369421 -0.00785212
v 0.0654138 0.0366214 -0.0124013
v 0.0664277 0.0367559 -0.0106637
v 0.0658551 0.0366713 -0.00918411
v 0.0657715 0.0370701 -0.00689198
v 0.0684272 0.0361952 -0.00669629
v 0.0648304 0.0367619 -0.00351723
v 0.0684197 0.0366603 -0.00409298
v 0.0680818 0.0372741 -0.00189859
v 0.0684233 0.0366533 -0.00111006
v 0.0649385 0.0360124 -0.0106601
v 0.0684887 0.0340026 -0.00321309
v 0.0684445 0.0353731 -0.000554421
v 0.0686056 0.0355357 -0.00355781
v 0.0681927 0.0336478 -0.000375284
v 0.0680922 0.0366696 0.00181405
v 0.0655447 0.0375076 -0.00457622
v 0.0681826 0.0362565 -0.00833495
v 0.0642927 0.0359235 -0.0138788
v 0.0675271 0.037586 7.21012e-05
v 0.0656586 0.0366624 -0.0107521
v 0.0675431 0.0367164 -0.00941038
v 0.0646857 0.0361594 -0.00483118
v 0.0680517 0.0349393 0.00253484
v 0.0661846 0.0379876 0.0023183
v 0.0649422 0.0380273 0.00218697
v 0.0652502 0.0379913 0.000622195
v 0.0674862 0.0349953 -0.0203718
v 0.0652872 0.0354679 -0.0202218
v 0.0630645 0.0309624 -0.0229554
v 0.0618655 0.0324672 -0.0233559
v 0.0615504 0.0340038 -0.0235404
v 0.0665466 0.0356983 -0.0164999
v 0.0624613 0.0314149 -0.020136
v 0.0668029 0.0355536 -0.0194869
v 0.0622714 0.0351601 -0.0229227
v 0.0617658 0.0328592 -0.0211261
v 0.0625049 0.0311009 -0.0168641
v 0.0620281 0.0340616 -0.0210698
v 0.0620802 0.0321077 -0.0189985
v 0.0636503 0.0356558 -0.022364
v 0.0627336 0.035144 -0.0204618
v 0.0619775 0.0331091 -0.0193912
v 0.0639023 0.0359486 -0.0190383
v 0.0620137 0.0323633 -0.0172998
v 0.06318 0.0351496 -0.0180294
v 0.0650671 0.0360046 -0.0165537
v 0.0639557 0.0358027 -0.0164417
v 0.0624243 0.0339449 -0.0182182
v 0.0622738 0.0332524 -0.0156262
v 0.0644673 0.0363496 -0.0154863
v 0.0651165 0.0364577 -0.0143727
v 0.0631389 0.0345523 -0.0153984
v 0.0319919 0.0439084 0.0631337
v 0.034491 0.0437823 0.0613624
v 0.0334436 0.0425188 0.0611345
v 0.0353427 0.0424349 0.0596161
v 0.0355094 0.0400811 0.0593003
v 0.0335211 0.0409301 0.061687
v 0.0313826 0.0417277 0.063581
v 0.032198 0.0405497 0.063611
v 0.0303729 0.0429371 0.0633207
v 0.030356 0.0467205 0.0669721
v 0.0334779 0.04667 0.0663222
v 0.0316443 0.0460784 0.0652975
v 0.0345042 0.0393093 0.0618359
v 0.0335969 0.0460765 0.0689438
v 0.030751 0.0466338 0.0688452
v 0.0313426 0.0454005 0.0694655
v 0.0359705 0.0469409 0.0671333
v 0.0358074 0.0467331 0.0657218
v 0.0392432 0.0454485 0.0636752
v 0.0393645 0.045003 0.0635321
v 0.0381903 0.0452858 0.0632778
v 0.0338429 0.0389876 0.0636544
v 0.0295897 0.0410004 0.0664431
v 0.0345831 0.0448584 0.0623283
v 0.0331472 0.0446429 0.0628167
v 0.0328505 0.045882 0.0631491
v 0.0323447 0.0460006 0.0642812
v 0.0339895 0.046265 0.0646067
v 0.0396534 0.0440051 0.0633823
v 0.034145 0.04681 0.06838
v 0.0329054 0.0471591 0.0676067
v 0.0362641 0.0451295 0.0626517
v 0.0346819 0.0460051 0.0631904
v 0.0364786 0.0461352 0.0640979
v 0.039387 0.0461168 0.064275
v 0.0379679 0.0468811 0.0653603
v 0.0377779 0.043575 0.0610477
v 0.0377642 0.0441272 0.0622456
v 0.0394014 0.0428239 0.062029
v 0.036293 0.0463403 0.0680858
v 0.0362499 0.0443195 0.0613967
v 0.0319201 0.0449988 0.0634747
v 0.0310541 0.0458901 0.0639324
v 0.0405649 0.0451975 0.0638155
v 0.038717 0.0470345 0.0663911
v 0.0371812 0.0469707 0.0662064
v 0.0306046 0.0448916 0.0638878
v 0.0371315 0.0432157 0.0593734
v 0.0326207 0.0415655 0.0665364
v 0.0368147 0.0411884 0.0586016
v 0.0385225 0.0426722 0.0607063
v -0.0599304 0.031293 0.0605612
v -0.0597365 0.0295136 0.0605989
v -0.0607237 0.0295428 0.0606842
v -0.0594273 0.0273088 0.06072
v -0.0588432 0.0275934 0.0600374
v -0.0591384 0.0288004 0.0603709
v -0.0589918 0.024644 0.0610334
v -0.058745 0.0258263 0.0604286
v -0.0602512 0.0317014 0.058176
v -0.0608818 0.030132 0.0576979
v -0.0599901 0.0299123 0.0585982
v -0.0597767 0.0306614 0.0593148
v -0.0607438 0.0281247 0.0575529
v -0.0597767 0.028189 0.0581744
v -0.0583174 0.0216892 0.0605248
v -0.0585469 0.0236472 0.059734
v -0.0583984 0.0239124 0.0605015
v -0.0586183 0.022682 0.0609747
v -0.0586179 0.0261813 0.059936
v -0.0590948 0.0260606 0.0592971
v -0.0596215 0.0285386 0.0593238
v -0.0585301 0.0251925 0.0600336
v -0.0593309 0.0291787 0.0598944
v -0.0592966 0.0303809 0.0601577
v -0.0594041 0.0317191 0.0597082
v -0.0593115 0.0317848 0.0602778
v -0.0640037 0.0288224 0.0587237
v -0.0619402 0.0287855 0.0604368
v -0.0677696 0.0394487 0.00855698
v -0.0683524 0.04056 0.0217947
v -0.0681682 0.0403006 0.0191536
v -0.0687248 0.0390804 0.0182703
v -0.0670861 0.0397189 0.0103194
v -0.0677594 0.0395432 0.012049
v -0.0670204 0.0397696 0.0131045
v -0.068058 0.0393407 0.0104217
v -0.0682561 0.0392101 0.0118985
v -0.0685594 0.0385938 0.0132883
v -0.0682445 0.0394538 0.0132161
v -0.0683936 0.039692 0.0151596
v -0.0678523 0.0398368 0.0136508
v -0.0676795 0.0406379 0.0207828
v -0.0674681 0.040402 0.0192532
v -0.0676128 0.0401661 0.0156388
v -0.0686624 0.037536 0.0146901
v -0.0684727 0.0385554 0.0108123
v -0.068271 0.0400377 0.0170805
v -0.0677495 0.040351 0.0177367
v -0.0687246 0.0394964 0.022358
v -0.0669885 0.0396694 0.00827467
v -0.0668583 0.0403122 0.0178086
v -0.0667268 0.0405864 0.0207228
v -0.068754 0.0374976 0.021617
v -0.06601 0.0400326 0.0190928
v -0.0656142 0.0392349 0.0195257
v -0.0656492 0.038934 0.0169877
v -0.0657338 0.0389212 0.0131626
v -0.0661455 0.0395235 0.00858792
v -0.0656553 0.0389996 0.0100206
v -0.0662302 0.0395884 0.0113817
v -0.0662397 0.0396154 0.0135259
v -0.0660206 0.0395432 0.0152378
v -0.0665777 0.0399905 0.0153775
v -0.0661862 0.0398991 0.0169729
v 0.0103775 0.0214586 0.0614071
v 0.0112663 0.0201834 0.0621855
v 0.0109836 0.0191804 0.061474
v 0.00946842 0.023034 0.0611675
v 0.00897135 0.0218997 0.0609014
v 0.0111556 0.0185635 0.067505
v 0.0113249 0.0200657 0.0686344
v 0.0105298 0.0231456 0.0640289
v 0.0100225 0.0224231 0.0658556
v 0.0109702 0.0213433 0.0645141
v 0.00888849 0.0242951 0.0668729
v 0.00933172 0.0242511 0.0650163
v 0.0118595 0.0177493 0.0618912
v 0.0107506 0.0173011 0.0613963
v 0.00792337 0.0214923 0.0617555
v 0.00797072 0.0226637 0.0611123
v 0.00881399 0.0244684 0.0616272
v 0.0102976 0.0236469 0.0618842
v 0.0106656 0.0234654 0.0629417
v 0.00998243 0.0244286 0.0634756
v 0.0119674 0.0170049 0.0647761
v 0.0113896 0.0174028 0.066246
v 0.0107048 0.0231001 0.0685313
v 0.00962293 0.0252539 0.0686367
v 0.0103726 0.0237589 0.0693279
v 0.0105161 0.0206444 0.067159
v 0.0105662 0.0207476 0.0657108
v 0.0110771 0.0198071 0.0650364
v 0.0107857 0.0191719 0.0661903
v 0.0114737 0.0185896 0.0652736
v 0.0109644 0.0216671 0.068139
v 0.00998338 0.0227623 0.0676217
v 0.0122001 0.0172878 0.0631054
v 0.0115903 0.0194431 0.063698
v 0.0110452 0.0219176 0.0628526
v 0.0118767 0.0187665 0.0623901
v 0.0110688 0.0220909 0.0692819
v 0.0103071 0.0231383 0.0701611
v 0.0107483 0.0208543 0.0702303
v 0.00908107 0.0252883 0.0628988
v 0.0101904 0.018795 0.0611307
v 0.00820439 0.0236052 0.0609297
v 0.00921407 0.018823 0.0618853
v 0.00958274 0.0201469 0.0608564
v 0.00766743 0.0205248 0.0635573
v -0.0522202 0.0105055 0.0624656
v -0.0584504 0.0188159 0.0582944
v -0.0584087 0.0164479 0.0583113
v -0.0592542 0.0180877 0.0580664
v -0.0579062 0.019738 0.059033
v -0.0571541 0.0182467 0.0597133
v -0.0584891 0.0136259 0.0584533
v -0.0590148 0.0158488 0.057756
v -0.0573437 0.0138305 0.0583207
v -0.0535183 0.0112627 0.0605746
v -0.0533381 0.0102181 0.0592888
v -0.0552773 0.0136072 0.0605415
v -0.0557392 0.0140046 0.0592259
v -0.0560644 0.0151766 0.0597813
v -0.0575368 0.0181745 0.0587419
v -0.0574294 0.0163123 0.0585867
v -0.056561 0.0154611 0.0590449
v -0.0568313 0.0169986 0.059087
v -0.0571648 0.0109163 0.0581185
v -0.0564577 0.0165798 0.059932
v -0.0565088 0.0160461 0.0594268
v -0.054527 0.0112874 0.0589772
v -0.0579474 0.0121474 0.0599899
v -0.0560434 0.0153954 0.0607206
v -0.055807 0.0112114 0.0583288
v -0.0589354 0.0150299 0.0602703
v -0.0565884 0.0143884 0.0586222
v -0.0549619 0.012673 0.0594712
v -0.0558041 0.0128762 0.0585981
v -0.0410694 0.00446814 0.0611387
v -0.0430678 0.00413141 0.0603094
v -0.0429623 0.00462385 0.0609997
v -0.0406712 0.00521344 0.0641719
v -0.0490563 0.00707215 0.0610447
v -0.048028 0.0067149 0.0626967
v -0.0477193 0.00620243 0.0619185
v -0.0463527 0.0021174 0.0593747
v -0.0443296 0.00198475 0.0597683
v -0.0461224 0.00568956 0.0636626
v -0.0462754 0.00564167 0.0625322
v -0.0428977 0.00239861 0.0598957
v -0.0404119 0.00273241 0.0603101
v -0.0465675 0.00523394 0.0602514
v -0.0456246 0.00418465 0.0596802
v -0.0481789 0.00501862 0.0596538
v -0.0452972 0.00280585 0.0595267
v -0.0472434 0.00361246 0.0589102
v -0.0487359 0.00613766 0.0599548
v -0.0498495 0.00830536 0.062714
v -0.0419784 0.0048357 0.0641382
v -0.0444585 0.00502639 0.0635438
v -0.0456242 0.00339623 0.0593984
v -0.0435041 0.00327933 0.0597874
v -0.0438085 0.00488643 0.0626965
v -0.0415372 0.00400235 0.0648447
v -0.0455018 0.0051602 0.061364
v -0.0473509 0.00590901 0.0612139
v -0.0410088 0.0050769 0.0632958
v -0.0406377 0.00371035 0.0604228
v -0.0446175 0.00473415 0.0605994
v -0.0438648 0.00479351 0.0614984
v -0.0432305 0.00496861 0.0644714
v -0.0421612 0.00478129 0.0619087
v -0.0479929 0.00592724 0.0602519
v -0.0627556 0.0356922 0.0542035
v -0.0621251 0.0356025 0.0560539
v -0.0633726 0.0342835 0.0553291
v -0.0600493 0.0383789 0.0577962
v -0.060913 0.0364761 0.0572804
v -0.0616044 0.0380396 0.0564663
v -0.056458 0.039012 0.0594387
v -0.0538804 0.0409882 0.0593439
v -0.0627406 0.0375913 0.0536846
v -0.0626881 0.037914 0.0522507
v -0.0623056 0.0392789 0.0532914
v -0.0620038 0.0403472 0.0546457
v -0.0611077 0.0401142 0.0563802
v -0.0625204 0.0337805 0.056673
v -0.0629636 0.0360219 0.0516271
v -0.0628517 0.0364135 0.0527778
v -0.0622378 0.0371018 0.0552622
v -0.0621768 0.038819 0.0550883
v -0.058488 0.0404537 0.0578965
v -0.0584821 0.0381398 0.058858
v -0.0636745 0.032907 0.056494
v -0.0642117 0.0329236 0.055197
v -0.0598909 0.0367127 0.058356
v -0.0565109 0.0376217 0.0604159
v -0.0566603 0.0416758 0.0576894
v -0.0632722 0.033926 0.0531008
v -0.056177 0.0407125 0.0582957
v -0.0628703 0.035384 0.0527967
v -0.0632542 0.0317183 0.0570379
v -0.0627386 0.0324649 0.0570865
v -0.0616222 0.0368723 0.0563724
v -0.0631392 0.030482 0.0571665
v -0.0621116 0.0291745 0.0575248
v -0.0623608 0.0311768 0.0574518
v -0.0632626 0.0385011 0.0507639
v -0.0572981 0.0396455 0.0585873
v -0.06392 0.031451 0.0562365
v -0.0624436 0.040031 0.0518316
v -0.0642242 0.0317602 0.0545332
v -0.00849739 0.0223048 0.0664269
v -0.00692307 0.0259419 0.0658836
v -0.00689344 0.025 0.0681151
v -0.0100038 0.0190787 0.0653182
v -0.0099802 0.0207537 0.0636298
v -0.00578404 0.0292523 0.0663175
v -0.00523802 0.0277576 0.0672161
v -0.00410444 0.0280495 0.0686418
v -0.00563172 0.0268022 0.0694708
v -0.00606504 0.0276709 0.0700613
v -0.00418695 0.0291044 0.069934
v -0.00695774 0.0284035 0.0650214
v -0.00989749 0.0207745 0.062263
v -0.00927018 0.0223752 0.0626417
v -0.00935693 0.0212827 0.0649868
v -0.00885871 0.0235759 0.0643771
v -0.0101117 0.0262803 0.0690466
v -0.0080347 0.0263074 0.0641554
v -0.00724516 0.0293914 0.0646814
v -0.00784399 0.0283363 0.0640529
v -0.00797494 0.0303102 0.0647854
v -0.00963909 0.0252167 0.061746
v -0.0106284 0.0244559 0.0624661
v -0.0102998 0.0264265 0.0628193
v -0.0096715 0.0191999 0.067225
v -0.0103839 0.021728 0.0622042
v -0.0101479 0.0274404 0.0636916
v -0.0095677 0.0280447 0.0633965
v -0.00347423 0.0306421 0.06785
v -0.0093663 0.0234688 0.0615478
v -0.008808 0.0247372 0.062793
v -0.00907158 0.0215031 0.0683008
v -0.0112727 0.0216261 0.0624556
v -0.00775776 0.0251384 0.0696599
v -0.00887937 0.030754 0.0649384
v -0.00925969 0.0293933 0.064357
v -0.0116346 0.0203742 0.0690079
v -0.0102515 0.0237693 0.0690598
v -0.0119622 0.0218935 0.0686662
v -0.00867034 0.0298107 0.0645115
v -0.00864524 0.0287901 0.0639025
v -0.00861618 0.0235339 0.0689135
v -0.00871976 0.0269338 0.0628946
v -0.0100837 0.0241533 0.0618132
v -0.00840719 0.0268515 0.0694843
v -0.00978659 0.0214249 0.0697501
v -0.00733495 0.0268737 0.0701299
v -0.00687865 0.0303134 0.0654791
v -0.00103765 0.0298245 0.0692641
v -0.0106091 0.0230295 0.0621198
v -0.0677338 0.03287 0.0237285
v -0.0682421 0.0349858 0.0233878
v -0.0662823 0.0375039 0.0270668
v -0.0676525 0.0323472 0.0257152
v -0.0679852 0.033622 0.0268692
v -0.0662912 0.0394299 0.0292124
v -0.0659687 0.0385021 0.0307108
v -0.0662841 0.0383432 0.0286839
v -0.0690792 0.0393564 0.0250747
v -0.0689012 0.0372096 0.0253012
v -0.0662051 0.0395766 0.0274156
v -0.0662807 0.0406027 0.0292952
v -0.0683159 0.0414009 0.0284638
v -0.0682219 0.0416138 0.0304424
v -0.0672446 0.0413372 0.0286585
v -0.0689224 0.0384775 0.0277331
v -0.0689315 0.0400281 0.0271383
v -0.0661984 0.0407774 0.0236843
v -0.0661659 0.0404988 0.0259337
v -0.0685227 0.0402341 0.0291524
v -0.0686408 0.0404116 0.0241062
v -0.0685664 0.0406952 0.0258828
v -0.0679992 0.0409367 0.0244818
v -0.0661495 0.039833 0.0300069
v -0.0663789 0.0408149 0.0275586
v -0.066879 0.0410998 0.0265284
v -0.0673202 0.0408997 0.0228205
v -0.067108 0.0410923 0.0250136
v -0.0652969 0.0365561 0.0312166
v -0.0652856 0.0378366 0.0332312
v -0.0681638 0.0386206 0.0293224
v -0.0684629 0.038151 0.0287117
v -0.0684322 0.0375768 0.0292771
v -0.0678098 0.0412317 0.0267038
v -0.0661271 0.040257 0.0311059
v -0.0660186 0.0395165 0.0328616
v -0.0679966 0.039264 0.0307549
v -0.0683727 0.0405828 0.0317217
v -0.0665108 0.0410217 0.0253169
v -0.066183 0.0366077 0.0292691
v -0.0685238 0.0408919 0.0275349
v -0.0687102 0.0364681 0.0318551
v -0.0686395 0.0359516 0.0279375
v -0.0683787 0.034264 0.0306676
v -0.0668884 0.0413208 0.0311683
v -0.0685734 0.0381715 0.0308493
v 0.00769469 0.0198175 0.0655953
v 0.00791578 0.0178728 0.0667521
v 0.00702247 0.0201877 0.0675714
v 0.00963275 0.0135661 0.0678678
v 0.0109185 0.0113486 0.0669766
v 0.00951344 0.0164972 0.0703454
v 0.01045 0.0121649 0.0655242
v 0.00853469 0.0161748 0.0674607
v 0.00913116 0.0145603 0.0662088
v 0.00770734 0.0181924 0.0681073
v 0.0118879 0.0151644 0.062719
v 0.0114953 0.0144043 0.0631274
v 0.0109326 0.0156018 0.0623603
v 0.012462 0.0150531 0.0637412
v 0.0120898 0.0162103 0.062312
v 0.0121679 0.0135817 0.0634292
v 0.0115573 0.012806 0.0639386
v 0.0124939 0.0125753 0.0637882
v 0.0128248 0.0114126 0.0639503
v 0.0139601 0.00987313 0.064008
v 0.0124427 0.010734 0.06466
v 0.012872 0.0132293 0.0639689
v 0.0137263 0.011667 0.0643973
v 0.0156704 0.00886795 0.0643211
v 0.0149264 0.0100969 0.0643484
v 0.0131886 0.0133608 0.0648971
v 0.0068014 0.0202597 0.0691013
v 0.00882419 0.0161245 0.0659954
v 0.0100586 0.0153119 0.0643047
v 0.00886211 0.0174027 0.0653291
v 0.0100057 0.016879 0.0626029
v 0.00887506 0.0179956 0.0638198
v 0.0158814 0.00953773 0.0647849
v 0.0149836 0.0108068 0.064845
v 0.0146574 0.0112056 0.0655179
v 0.0144117 0.0114464 0.0649289
v 0.0141535 0.012218 0.0652908
v 0.0145906 0.0075402 0.0650345
v 0.0137588 0.00883914 0.0646208
v 0.00579659 0.0230934 0.0693444
v 0.00622362 0.022199 0.0683552
v 0.00707774 0.024 0.0619008
v 0.00677876 0.0274705 0.0632253
v 0.00666612 0.0263815 0.0625465
v 0.00574428 0.0285392 0.0640257
v 0.00756427 0.024188 0.0613395
v 0.0021319 0.0320878 0.06865
v 0.00359988 0.0322679 0.0677886
v 0.00361769 0.0308208 0.0683512
v 0.00402328 0.0302419 0.0673559
v 0.00410779 0.0292976 0.0678137
v 0.00608955 0.0260275 0.0637076
v 0.00545257 0.0275662 0.0650166
v 0.00765412 0.0249985 0.0615153
v 0.00605322 0.025462 0.0653214
v 0.00477267 0.0276644 0.0668549
v 0.00539532 0.0250207 0.0668951
v 0.00240251 0.0288333 0.069096
v 0.00183679 0.0303962 0.069026
v 0.00328921 0.0294196 0.0687913
v 0.00424521 0.0313174 0.0662678
v 0.00467456 0.0292562 0.0655772
v 0.00709034 0.027931 0.0640457
v 0.00773477 0.0262399 0.0626704
v 0.00472797 0.025481 0.0698181
v 0.00305284 0.028048 0.069651
v 0.0040561 0.0261645 0.0690368
v 0.00671809 0.0233395 0.0634176
v 0.0041315 0.0268675 0.0684203
v 0.00523812 0.0245653 0.0684829
v 0.00616302 0.0222918 0.067059
v 0.00670194 0.0228651 0.0653849
v 0.00413525 0.0283424 0.068616
v 0.00417433 0.0295895 0.0667803
v 0.00420969 0.0335073 0.0659018
v 0.00516045 0.0324698 0.065716
v 0.00365842 0.0329838 0.0668315
v 0.00807558 0.0266051 0.0638678
v 0.00744745 0.027595 0.0649182
v 0.00906806 0.0256137 0.0642086
v 0.00825038 0.025951 0.0659808
v 0.00771555 0.0278285 0.0663866
v 0.008226 0.026781 0.064997
v 0.00848522 0.0273153 0.0679168
v 0.00481611 0.0302122 0.0650102
v 0.00642679 0.0296083 0.0649496
v 0.00559108 0.0309376 0.0651642
v 0.00657079 0.0309757 0.0656148
v 0.00695619 0.0289869 0.0656249
v 0.00604971 0.032367 0.0658927
v 0.0072943 0.0293528 0.0669627
v 0.00671926 0.0300394 0.0656836
v 0.00714397 0.0309053 0.0670176
v 0.049073 0.0433973 0.0653432
v 0.0502304 0.0440675 0.0654433
v 0.046827 0.0439058 0.0660895
v 0.0609942 0.0435872 0.0619202
v 0.0583498 0.0437678 0.0631008
v 0.05405 0.0445496 0.0642971
v 0.0566635 0.043135 0.0640182
v 0.0483812 0.042786 0.0656117
v 0.0357536 0.0424419 0.0666185
v 0.0357648 0.0398183 0.0642178
v 0.0461074 0.0425365 0.0659562
v 0.0439283 0.0434716 0.0669615
v 0.0431284 0.0423351 0.0662564
v 0.054304 0.0425767 0.0644865
v 0.0400627 0.0398954 0.0615218
v 0.039175 0.0394838 0.0603009
v 0.0394295 0.0413114 0.0611448
v 0.0539299 0.0408579 0.0642068
v 0.0589743 0.0424395 0.0634521
v 0.0455823 0.0407981 0.0650411
v 0.0397566 0.0436518 0.0670647
v 0.0381715 0.0405804 0.0650436
v 0.0380603 0.0374514 0.0625906
v 0.0410887 0.0408254 0.0654265
v 0.0365008 0.0368709 0.0623522
v 0.0511083 0.0422265 0.064787
v 0.0488987 0.0414495 0.0648617
v 0.0489911 0.0395948 0.0635308
v 0.0523161 0.0400225 0.0636487
v 0.0419836 0.0441999 0.0635635
v 0.0415395 0.0429141 0.0628967
v 0.0399939 0.0382184 0.0633298
v 0.0413676 0.041085 0.0623103
v 0.0380393 0.0409173 0.059372
v 0.0385038 0.0416746 0.0600596
v 0.0383193 0.0384339 0.0589886
v 0.0433052 0.0420861 0.0624075
v 0.0427 0.0397954 0.0626931
v 0.0441297 0.0408899 0.0626749
v 0.0448568 0.039585 0.0628323
v 0.0409987 0.0389236 0.0622793
v 0.042857 0.0390012 0.0627314
v 0.0398437 0.0365698 0.0604152
v 0.0413263 0.0379232 0.0626312
v 0.0399495 0.0382871 0.0611657
v 0.0424951 0.0397162 0.0645371
v 0.0429489 0.04108 0.065484
v 0.0402693 0.0372597 0.061641
v 0.0447889 0.0391371 0.0636346
v 0.0403587 0.0356572 0.061379
v 0.0402531 0.0359784 0.0619297
v 0.0561179 0.044732 0.0629114
v -0.0619621 0.0327956 -0.0413943
v -0.0629035 0.0333426 -0.0399577
v -0.06209 0.0338163 -0.0395101
v -0.0630988 0.0339805 -0.0385468
v -0.0636496 0.0330143 -0.0384434
v -0.0637052 0.0339315 -0.0379736
v -0.0640299 0.0338079 -0.0371857
v -0.0643398 0.035086 -0.0340235
v -0.0639257 0.0356021 -0.0314438
v -0.0630096 0.0349735 -0.0348414
v -0.0636657 0.0344845 -0.036575
v -0.0643862 0.0335639 -0.0355889
v -0.0650833 0.0344298 -0.0323366
v -0.0647422 0.0352938 -0.0320005
v -0.0651624 0.0351305 -0.0311567
v -0.0648088 0.0331668 -0.033075
v -0.0603682 0.0298651 -0.0407669
v -0.0612435 0.033712 -0.0366415
v -0.0611422 0.0320172 -0.0368014
v -0.060415 0.0320266 -0.0396368
v -0.0616546 0.0319606 -0.0344097
v -0.0622227 0.0346017 -0.0374414
v -0.06198 0.0347646 -0.0358992
v -0.0621552 0.0348475 -0.0341835
v -0.0629021 0.0352614 -0.0334008
v -0.0593539 0.0307513 -0.0427072
v -0.0618107 0.0340379 -0.0332811
v -0.0615318 0.0329287 -0.0340482
v -0.0619312 0.0334336 -0.0316247
v -0.061559 0.0311088 -0.036396
v -0.062195 0.0348507 -0.0323655
v -0.062372 0.0345019 -0.0303496
v -0.0627875 0.0354218 -0.0321826
v -0.0626617 0.0352923 -0.0307982
v -0.0632878 0.0357524 -0.0301999
v -0.0606162 0.0332583 -0.0396491
v -0.0601801 0.0323218 -0.0413902
v -0.060347 0.0324104 -0.0422217
v -0.0598339 0.0318735 -0.0429057
v -0.0589183 0.030911 -0.045139
v -0.0596041 0.031527 -0.0441273
v -0.0608258 0.0328567 -0.0413955
v -0.0612736 0.0340976 -0.0388589
v -0.059128 0.0310648 -0.0440742
v -0.0612768 0.0336192 -0.0403281
v 0.0524167 0.0149996 -0.0581217
v 0.0523804 0.016458 -0.0644219
v 0.053281 0.0184375 -0.0580004
v 0.0538732 0.0190374 -0.056482
v 0.0525024 0.0177205 -0.0602163
v 0.0524004 0.0168416 -0.0590842
v 0.0529516 0.0163006 -0.0577967
v 0.0526633 0.0183514 -0.061406
v 0.0532204 0.0197218 -0.0600559
v 0.053741 0.0183783 -0.0617251
v 0.0518651 0.0159029 -0.0634019
v 0.0522189 0.0151104 -0.0591774
v 0.0576068 0.0168243 -0.0582757
v 0.057121 0.0148 -0.0583373
v 0.0561378 0.0138062 -0.060731
v 0.0580272 0.0207481 -0.0573874
v 0.0517724 0.015815 -0.0604879
v 0.05739 0.0200781 -0.059354
v 0.0577416 0.0185072 -0.0590736
v 0.0565581 0.0174994 -0.0619855
v 0.0533329 0.017253 -0.0633317
v 0.0526165 0.0174127 -0.0627501
v 0.0540038 0.0200973 -0.0584085
v 0.0567658 0.01577 -0.0611206
v 0.0548279 0.0151898 -0.065356
v 0.055077 0.0168708 -0.0638402
v 0.0561938 0.0194648 -0.060996
v 0.0566819 0.0213992 -0.0588583
v 0.0544976 0.021264 -0.0588166
v 0.0558037 0.0145197 -0.0655346
v 0.0555888 0.012616 -0.0657746
v 0.0564585 0.0135516 -0.057629
v 0.0553165 0.0209145 -0.0593605
v 0.0543836 0.0206889 -0.0599447
v 0.0555147 0.0182622 -0.0623924
v 0.0543026 0.0176779 -0.0631021
v 0.054593 0.0197944 -0.0604731
v 0.0549966 0.0189611 -0.0614457
v 0.0555616 0.0202569 -0.0603989
v 0.0558833 0.0159377 -0.0641269
v 0.0558596 0.0128241 -0.0634826
v 0.0559943 0.0123264 -0.0602593
v 0.0563229 0.0148521 -0.0637052
v 0.0519877 0.0168979 -0.0618477
v 0.0393224 0.00206857 0.0608596
v 0.035629 0.00254763 0.0620963
v 0.0378336 0.00289943 0.0616908
v 0.0397114 0.00525012 0.0637546
v 0.0400754 0.00536012 0.0624516
v 0.0385892 0.00551447 0.0629313
v 0.0421746 0.0055042 0.062712
v 0.0366676 0.0039471 0.0626629
v 0.0243174 0.002362 0.0666354
v 0.0214509 0.00674995 0.0664598
v 0.0230788 0.00611391 0.0661106
v 0.0223855 0.00368961 0.0668602
v 0.0245555 0.00353495 0.0667883
v 0.0228629 0.00540302 0.0668005
v 0.0253123 0.00532848 0.0658783
v 0.0262497 0.00524422 0.0649143
v 0.0275735 0.00465055 0.0658706
v 0.0269432 0.00505388 0.0653625
v 0.0289267 0.00474816 0.064235
v 0.0276513 0.00488513 0.0645523
v 0.0446126 0.00561226 0.0631052
v 0.044165 0.00586934 0.0627247
v 0.0384762 0.00499465 0.0624816
v 0.0392879 0.00418409 0.0620045
v 0.0437269 0.00558581 0.0620969
v 0.0418829 0.00483426 0.0620046
v 0.0441631 0.00515681 0.0613804
v 0.0395354 0.00314689 0.0612324
v 0.0407883 0.00378036 0.0615231
v 0.042582 0.00397106 0.0611152
v 0.0448704 0.00206312 0.0601772
v 0.0438101 0.00196979 0.0603731
v 0.0444392 0.00438076 0.0608468
v 0.0436444 0.00309097 0.0606832
v 0.0412363 0.00285076 0.0610724
v 0.0417838 0.00182345 0.0607481
v 0.0441264 0.001531 0.0604075
v 0.0374009 0.00511951 0.0627669
v 0.0553948 0.0335235 0.0604187
v 0.054925 0.0339279 0.0609822
v 0.0557376 0.0245765 0.0608741
v 0.0559575 0.026385 0.0609028
v 0.0561592 0.0252751 0.0602682
v 0.0581285 0.030058 0.0592653
v 0.0595383 0.0290897 0.0587251
v 0.0579589 0.027277 0.0593341
v 0.0560396 0.0237383 0.0602366
v 0.0571218 0.0246487 0.0597603
v 0.0559381 0.0296497 0.0612195
v 0.0560466 0.0290524 0.0609891
v 0.0558931 0.028021 0.0614808
v 0.0558076 0.0314688 0.0610975
v 0.0558532 0.0304727 0.0603732
v 0.0550416 0.035743 0.0612449
v 0.0546529 0.037875 0.0622155
v 0.0563339 0.0283759 0.0606365
v 0.0550509 0.0321114 0.0604038
v 0.0553266 0.0235636 0.0614286
v 0.0553932 0.0225482 0.0605689
v 0.0549468 0.0219299 0.0612785
v 0.0618377 0.0306969 0.0568055
v 0.0549979 0.0214246 0.0607584
v 0.0546011 0.0205963 0.0608921
v 0.0557953 0.0373362 0.0627486
v 0.0555045 0.0253846 0.0618529
v 0.0566657 0.0268056 0.0600486
v 0.0564775 0.03155 0.0618301
v 0.0563091 0.0294595 0.0618127
v 0.0559371 0.0323106 0.0605208
v 0.0558223 0.0331723 0.0611994
v 0.0562709 0.0341901 0.0603917
v 0.0568075 0.0298126 0.0600807
v 0.0570418 0.0284046 0.0597987
v 0.0571536 0.0318854 0.0601411
v 0.0586301 0.032714 0.0585839
v 0.0607497 0.030451 0.0577183
v 0.0551924 0.022975 0.0622281
v 0.0599035 0.0312365 0.0582131
v 0.0601955 0.033213 0.0571895
v 0.0591534 0.0338104 0.0574984
v 0.0613926 0.0321074 0.055917
v 0.0551855 0.0208052 0.062326
v 0.0542082 0.0204331 0.0617814
v 0.0543721 0.019096 0.0623102
v -0.0109295 0.0359761 0.0674754
v -0.011773 0.0371586 0.0682185
v -0.0117302 0.0374003 0.0667129
v -0.0149212 0.0417412 0.0648164
v -0.0134351 0.0406582 0.0654126
v -0.0150706 0.040449 0.0658112
v -0.00848122 0.0324095 0.0651868
v -0.00797356 0.0341085 0.0655166
v -0.00721066 0.0321803 0.0653691
v -0.0055256 0.0320373 0.0658904
v -0.00161109 0.032849 0.0676782
v -0.00371154 0.0332441 0.0667155
v -0.0103395 0.0424191 0.0648727
v -0.0101534 0.0431657 0.065767
v -0.00871433 0.0428384 0.0653159
v -0.0114781 0.0387607 0.0651712
v -0.0126176 0.0391368 0.0656917
v -0.011553 0.0400887 0.0650686
v -0.00999933 0.0354814 0.0668735
v -0.00996601 0.0325347 0.0670111
v -0.0101542 0.0341906 0.0674701
v -0.00954496 0.033444 0.066659
v -0.0092783 0.0343724 0.0653327
v -0.00996231 0.0359819 0.0652452
v -0.00904915 0.0356987 0.0654501
v -0.000551565 0.034259 0.0673707
v -0.00224572 0.0345188 0.0670523
v 0.00197452 0.034291 0.0671849
v 0.00267334 0.0333119 0.0675411
v 0.000798219 0.0333362 0.0677196
v -0.0147167 0.0431479 0.0646867
v -0.013352 0.0434524 0.0651716
v -0.0123829 0.0428142 0.0649713
v -0.00941722 0.0343763 0.0661276
v -0.00676081 0.0350885 0.0662147
v -0.00661647 0.0335775 0.0655904
v -0.0118032 0.0416591 0.064765
v -0.0130311 0.0412793 0.0650119
v -0.0133688 0.042126 0.0648097
v -0.00818136 0.0356911 0.066116
v -0.0105482 0.0432437 0.0672416
v -0.012044 0.0433834 0.065759
v -0.013081 0.043829 0.0666472
v -0.00909065 0.0393985 0.065479
v -0.00817238 0.0414587 0.0650643
v -0.00629645 0.0397036 0.0657876
v -0.00854516 0.043065 0.0662269
v -0.00908834 0.0372178 0.0657986
v -0.00718876 0.0371719 0.0662761
v -0.00528021 0.0340003 0.0658651
v -0.000219797 0.031619 0.0685534
v -0.00985046 0.0368857 0.0649544
v -0.0102809 0.0383328 0.0651284
v -0.00982902 0.032267 0.0679134
v -0.00926671 0.0324991 0.0656392
v -0.00494035 0.0373314 0.0664134
v -0.0141412 0.044278 0.0680131
v -0.00293955 0.0390702 0.0661104
v -0.00244295 0.0365007 0.0669967
v -0.0111655 0.0430946 0.0653299
v -0.0108767 0.0376044 0.0655616
v -0.00985217 0.0361031 0.0660734
v -0.0142606 0.0388683 0.0662664
v -0.000785205 0.0355799 0.0673746
v -0.00436092 0.0351792 0.0669458
v -0.00568929 0.0349519 0.0664525
v -0.0170412 0.0398855 0.0673391
v -0.00576935 0.0358477 0.0665467
v -0.0130555 0.0434787 0.069506
v -0.0107658 0.0431936 0.0689056
v 0.000797422 0.0350473 0.0673616
v -0.0101971 0.041042 0.0648747
v -0.0139554 0.038105 0.0673334
v -0.0138924 0.0439131 0.0656787
v -0.0657888 0.0379947 -0.0116963
v -0.0664959 0.0381004 -0.00982819
v -0.0655058 0.0379098 -0.0098387
v -0.0674573 0.0367273 -0.0132867
v -0.0669429 0.0373248 -0.0134941
v -0.0641774 0.0358838 -0.0163323
v -0.067982 0.0375173 -0.00241591
v -0.0679264 0.0382596 -0.00120958
v -0.067796 0.0379554 -0.00322963
v -0.0641121 0.0353487 -0.0126967
v -0.0647236 0.0368651 -0.0108535
v -0.0642868 0.0351615 -0.00900035
v -0.0665564 0.0376826 -0.0120165
v -0.066117 0.0375665 -0.0135372
v -0.0658808 0.0382124 -0.00605963
v -0.0653512 0.0376603 -0.0079571
v -0.0659757 0.0381881 -0.00815003
v -0.0672457 0.0373253 -0.0113452
v -0.067261 0.0378395 -0.00919813
v -0.0644606 0.0366597 -0.0136932
v -0.064861 0.0370979 -0.0153096
v -0.0658966 0.0373865 -0.016774
v -0.0668738 0.0382577 -0.00662757
v -0.0652563 0.0376505 -0.0113981
v -0.064989 0.037051 -0.00364901
v -0.0639934 0.0341821 -0.014786
v -0.0670784 0.0387764 0.0014242
v -0.0651116 0.0375905 -0.0130567
v -0.0656288 0.0374987 -0.0151213
v -0.0681879 0.0369809 -0.000215147
v -0.0657325 0.0384069 -0.00162092
v -0.0679732 0.0343678 -0.00383545
v -0.0682048 0.0355137 -0.00587748
v -0.0677358 0.0375535 -0.00806645
v -0.0680071 0.0366924 -0.0084195
v -0.068269 0.0367873 -0.00698403
v -0.0679506 0.0374211 -0.00385098
v -0.0681283 0.0363018 -0.003287
v -0.0668495 0.0386268 -0.000777227
v -0.0677347 0.0386096 0.000568128
v -0.0646069 0.0354791 -0.003825
v -0.0646075 0.0356133 -0.00599032
v -0.0675401 0.0372941 -0.00973044
v -0.0676685 0.036948 -0.0108141
v -0.0678686 0.0367163 -0.00968292
v -0.068147 0.0369571 -0.00525612
v -0.068015 0.0382962 0.00164285
v -0.0663641 0.038391 -0.00458682
v -0.0670974 0.0383497 -0.00346176
v -0.0663255 0.0385099 -0.00276364
v -0.0656276 0.0381954 -0.00387601
v -0.0653468 0.0376381 -0.00587366
v -0.0648756 0.0366541 -0.0072534
v -0.0677255 0.0378012 -0.0053
v -0.0680828 0.0380189 0.000689685
v -0.0645157 0.0366331 -0.0187255
v -0.0648291 0.0368731 -0.0169787
v -0.0653189 0.0372562 -0.0164775
v 0.0669664 0.0322433 0.00585546
v 0.0674727 0.0317065 0.00225478
v 0.0661578 0.032058 0.0101524
v 0.0648175 0.0309004 0.00850845
v 0.0658218 0.0310697 0.00528862
v 0.0679592 0.0375018 0.0109666
v 0.067799 0.0356303 0.0100957
v 0.0679181 0.036787 0.00590357
v 0.0676185 0.0342536 0.00572835
v 0.0683323 0.036191 0.0162701
v 0.067875 0.0329929 0.0022258
v 0.0671246 0.0333632 0.0110767
v 0.0678279 0.0347512 0.0130155
v 0.0675052 0.0338064 0.0143838
v 0.0674519 0.034084 0.00905706
v 0.0678092 0.0345868 0.0163345
v 0.0675305 0.0325758 0.00389409
v 0.0666529 0.0387545 0.0156591
v 0.0665315 0.039358 0.0187246
v 0.0676519 0.0385702 0.0173793
v 0.0670242 0.0394868 0.0218298
v 0.0666863 0.0329895 0.0138119
v 0.0681608 0.0378946 0.0152047
v 0.068773 0.0366071 0.0194494
v 0.066138 0.0396973 0.0211971
v 0.0644257 0.0390127 0.0184038
v 0.0642904 0.039225 0.0218538
v 0.0653702 0.0394987 0.0197525
v 0.0653222 0.0392666 0.0171843
v 0.064697 0.0387594 0.0161007
v 0.0673235 0.0385519 0.0145788
v 0.0663055 0.0386422 0.0129662
v 0.0660783 0.0385336 0.0100451
v 0.0672065 0.0381846 0.0122705
v 0.0669774 0.0380411 0.00812178
v 0.0669633 0.0380766 0.0101716
v 0.0658158 0.0384716 0.00705663
v 0.0667442 0.0380535 0.00519328
v 0.065798 0.0383741 0.00481497
v 0.0674197 0.0376649 0.00311211
v 0.065199 0.038942 0.015387
v 0.0646103 0.0382664 0.0142173
v 0.0640329 0.0380722 0.0167592
v 0.0655988 0.0389038 0.0141905
v 0.0658586 0.0389865 0.0159795
v 0.063382 0.0370839 0.00956062
v 0.0634914 0.0369593 0.00684463
v 0.062671 0.035482 0.00879973
v 0.0636833 0.0369326 0.0145296
v 0.0638826 0.0377561 0.0116951
v 0.063113 0.0364119 0.0116189
v 0.0651295 0.0381575 0.0038598
v 0.0650021 0.0381825 0.00594471
v 0.0651003 0.0386869 0.011926
v 0.0644833 0.038195 0.00869218
v 0.0642277 0.037805 0.00658965
v 0.0643023 0.0375551 0.00503221
v 0.0634608 0.0361328 0.00371762
v 0.06449 0.0374598 0.00310148
v 0.0627757 0.0353447 0.00580049
v 0.0636232 0.0380387 0.0197805
v 0.0627578 0.0349824 0.0114925
v 0.0629975 0.0339988 0.0131617
v 0.063173 0.0353477 0.0137963
v 0.0632489 0.0343317 0.0162532
v 0.0633232 0.0357304 0.0165295
v 0.0631744 0.0349593 0.0197537
v 0.0634593 0.0367647 0.0181263
v 0.0630182 0.0365155 0.0219052
v 0.0636929 0.0313851 0.00648169
v 0.0507789 0.0400399 0.0613686
v 0.0499711 0.0413762 0.0616193
v 0.0483311 0.0412405 0.0618516
v 0.0482851 0.0421869 0.0623145
v 0.0478806 0.0448894 0.0631439
v 0.050204 0.0444221 0.0625673
v 0.0494728 0.04345 0.062239
v 0.0517185 0.0444914 0.0622569
v 0.0531287 0.0447048 0.0625488
v 0.0528228 0.0437673 0.0615897
v 0.0511163 0.0438375 0.0618956
v 0.0516373 0.04275 0.0614404
v 0.0459097 0.0419291 0.0623004
v 0.0466724 0.0433907 0.062775
v 0.0557574 0.0415821 0.059688
v 0.0540005 0.0422165 0.060748
v 0.0555552 0.0428278 0.0601112
v 0.04799 0.038977 0.0627073
v 0.0474002 0.0401782 0.0624019
v 0.0546459 0.0402733 0.0604588
v 0.0508356 0.0450475 0.0630381
v 0.0502578 0.0421938 0.0618246
v 0.0562449 0.0435936 0.0602436
v 0.0575579 0.043875 0.0598383
v 0.0569513 0.0428909 0.0590998
v 0.0424318 0.0459958 0.0644094
v 0.0547226 0.0413281 0.0602966
v 0.0547647 0.0438241 0.0610766
v 0.058907 0.0438205 0.0589676
v 0.0581364 0.0435271 0.0585459
v 0.0457515 0.0450935 0.0633562
v 0.0458692 0.045689 0.0638174
v 0.0444862 0.045913 0.0641447
v 0.043969 0.0451723 0.0634077
v 0.0455456 0.0443729 0.0630701
v 0.0488857 0.0463577 0.0648684
v 0.0465058 0.0455623 0.0660464
v 0.0503996 0.0455145 0.0650658
v 0.0440273 0.0434184 0.0630236
v 0.050472 0.0460643 0.0648518
v 0.0515299 0.0461779 0.0643724
v 0.0337179 0.0450779 0.0691113
v 0.0353623 0.0441419 0.0683931
v 0.036317 0.0452889 0.0685895
v 0.0422784 0.0451736 0.063738
v 0.0418756 0.0457093 0.0669922
v 0.0437048 0.044657 0.0669065
v 0.0323681 0.0437959 0.0690226
v 0.0387104 0.0456158 0.0676211
v 0.0520954 0.0412344 0.0613642
v 0.0528927 0.0398614 0.0608888
v 0.0389726 0.046461 0.0671718
v 0.0405328 0.0467559 0.065463
v 0.0412852 0.0468441 0.0665092
v 0.045478 0.0463612 0.0650084
v 0.0476446 0.0459281 0.0641852
v 0.0428123 0.0464697 0.0655889
v 0.0499473 0.0456975 0.0639549
v 0.0438033 0.0465241 0.0662556
v 0.0552444 0.0447006 0.0622483
v 0.0538824 0.0455306 0.0632886
v 0.0519211 0.045548 0.0635159
v 0.0564111 0.044108 0.0611045
v 0.0575992 0.0441116 0.0610858
v 0.0589282 0.0439127 0.0602154
v 0.0567524 0.0443798 0.0619424
v 0.0583092 0.0442064 0.0617883
v 0.0619355 0.0328255 0.052366
v 0.0665227 0.0410357 0.0576167
v 0.0667872 0.0405963 0.0532052
v 0.0668595 0.0410599 0.0556849
v 0.0666149 0.0407878 0.0504519
v 0.0664396 0.0409307 0.0482209
v 0.0635108 0.0409119 0.0469846
v 0.0636384 0.0414575 0.0479088
v 0.0641257 0.0412666 0.0456318
v 0.0605634 0.0387958 0.0511233
v 0.0607218 0.0375443 0.0513557
v 0.0605411 0.0387129 0.0524051
v 0.0628882 0.0409496 0.0494145
v 0.0602783 0.0348579 0.0541209
v 0.0602174 0.0357756 0.0532028
v 0.0607473 0.0341856 0.0528295
v 0.0599154 0.037737 0.053947
v 0.0606332 0.0374127 0.0527025
v 0.0599772 0.0395066 0.0535766
v 0.0605293 0.0419803 0.0554816
v 0.0608376 0.0348976 0.051853
v 0.0607796 0.0361995 0.051674
v 0.0602112 0.0383433 0.0532113
v 0.061089 0.0427592 0.0565755
v 0.0601778 0.0408333 0.0547456
v 0.0621548 0.0341471 0.0505859
v 0.060731 0.0408553 0.0531772
v 0.0616601 0.0353156 0.0509884
v 0.0615268 0.0363197 0.0504305
v 0.0609972 0.0397919 0.0521542
v 0.06195 0.040906 0.0517545
v 0.061404 0.041641 0.0534994
v 0.062504 0.0353298 0.0496052
v 0.0614408 0.0393988 0.0507511
v 0.0614583 0.0378979 0.0501719
v 0.062333 0.0364828 0.0486892
v 0.061695 0.0401038 0.051426
v 0.0633357 0.04184 0.0510144
v 0.0629975 0.0343476 0.0473849
v 0.0625814 0.0351744 0.0481131
v 0.0624144 0.0384267 0.0487375
v 0.0621871 0.0400685 0.050104
v 0.0626055 0.0352444 0.0461657
v 0.0646613 0.041569 0.0447475
v 0.0646773 0.041393 0.0434068
v 0.062532 0.0368866 0.0465039
v 0.0655072 0.0415803 0.0441052
v 0.0628963 0.0400282 0.0478264
v 0.0647048 0.0416995 0.046613
v 0.0630009 0.0342095 0.0450025
v 0.0629008 0.0369975 0.0448213
v 0.0629263 0.0385763 0.0457357
v 0.0627832 0.0343982 0.0426643
v 0.0626956 0.0357579 0.0440903
v 0.0619858 0.0421273 0.0543269
v 0.063233 0.0365363 0.043766
v 0.0633822 0.037643 0.0439732
v 0.0636903 0.0402644 0.0445497
v 0.0636709 0.0389409 0.0437269
v 0.0659603 0.0412993 0.0457932
v 0.0602912 0.0437517 0.0585417
v 0.0643063 0.0404123 0.0610195
v 0.0596521 0.0440213 0.0619769
v 0.0609542 0.0439332 0.0603426
v 0.0644514 0.0416045 0.0599635
v 0.0657236 0.0407814 0.0588577
v 0.0622339 0.0433172 0.0574736
v 0.0622611 0.043489 0.0607619
v 0.0636235 0.0430807 0.0588398
v 0.0661525 0.0418817 0.0566427
v 0.0654451 0.042 0.0581504
v 0.0652844 0.0425839 0.0563316
v 0.0641534 0.0426636 0.0554557
v 0.0662749 0.0418736 0.0549656
v 0.062945 0.0424033 0.0546176
v 0.0664499 0.0411568 0.0468571
v 0.0657177 0.041995 0.0531884
v 0.0645772 0.0422557 0.0520795
v 0.0653545 0.0417088 0.0485043
v 0.0658564 0.0415951 0.0504023
v -0.0194529 0.00605943 0.0674902
v -0.0160156 0.0108209 0.068687
v -0.018435 0.00794158 0.0686223
v -0.0168802 0.00819376 0.0673737
v -0.0149847 0.0105509 0.0671834
v -0.0157654 0.00896722 0.0658227
v -0.0141393 0.0113063 0.065972
v -0.0210385 0.00772156 0.067471
v -0.020698 0.00677389 0.0685957
v -0.0199693 0.00838906 0.0686988
v -0.0131034 0.0185161 0.0686398
v -0.0132224 0.0174412 0.0693256
v -0.0142304 0.016274 0.068238
v -0.0187501 0.0107159 0.066461
v -0.0178747 0.0117086 0.0667146
v -0.0183774 0.0117752 0.0661186
v -0.0161647 0.0140027 0.06509
v -0.0162966 0.0135347 0.063386
v -0.0167887 0.0141325 0.0661778
v -0.0158285 0.0131848 0.0680229
v -0.0171923 0.0132574 0.0664753
v -0.0172748 0.0131718 0.0657566
v -0.0175407 0.0120668 0.0636373
v -0.0173929 0.0119121 0.0628573
v -0.0179053 0.0108725 0.0675793
v -0.0171601 0.0126651 0.0671154
v -0.0178543 0.0125893 0.0664472
v -0.0173999 0.01225 0.0647438
v -0.0180399 0.0122514 0.0656469
v -0.0187211 0.0111229 0.065361
v -0.0184498 0.0107321 0.0637538
v -0.0194985 0.00919001 0.0639196
v -0.0195938 0.00964691 0.0648547
v -0.0210011 0.00894641 0.0656331
v -0.0198056 0.010103 0.0658295
v -0.0222472 0.00807031 0.0657642
v -0.0197686 0.00923895 0.0670741
v -0.0207406 0.0080951 0.0645046
v -0.0211426 0.00835118 0.0665771
v -0.0215287 0.00818072 0.0660689
v -0.0220717 0.00776366 0.0666476
v -0.0230282 0.00759918 0.0663007
v -0.0145752 0.0149947 0.0688675
v -0.0108595 0.0180424 0.0685546
v -0.0111179 0.0166987 0.0666722
v -0.0160158 0.00977721 0.0633189
v -0.0166181 0.00880003 0.0633211
v -0.0176051 0.00855014 0.0628829
v -0.0182065 0.00637794 0.0656133
v -0.0167705 0.00826371 0.0640595
v -0.0148152 0.0105658 0.0645658
v -0.0135707 0.0149679 0.0619081
v -0.013185 0.0152821 0.0632253
v -0.0132774 0.0133858 0.0650275
v -0.0147725 0.0122013 0.0632556
v -0.0142868 0.0136585 0.0624247
v -0.013169 0.0137471 0.0672211
v -0.0118072 0.0161544 0.0649282
v -0.0120538 0.0147618 0.0659932
v -0.0151159 0.0140693 0.0622437
v -0.0155472 0.0124376 0.0623923
v -0.0162135 0.0108382 0.0627204
v -0.0166394 0.0116461 0.0625332
v -0.0163513 0.012767 0.0624202
v -0.0175816 0.0104252 0.062864
v -0.018736 0.0080709 0.0629383
v -0.0188859 0.00742756 0.0628976
v -0.0187671 0.00894435 0.0632332
v -0.0199948 0.00714065 0.0631341
v -0.01998 0.00813355 0.0636039
v -0.0178115 0.010417 0.06889
v -0.0183648 0.00925951 0.0693727
v -0.0188921 0.00951401 0.0683807
v -0.0168057 0.0116391 0.0687046
v -0.0135996 0.0152771 0.0687158
v -0.0154823 0.013095 0.0688999
v -0.0116905 0.0183516 0.0699282
v -0.0278106 0.046927 0.0672695
v -0.0285532 0.046635 0.0683432
v -0.0271517 0.0467512 0.0685839
v -0.0278428 0.0450499 0.0693774
v -0.0260827 0.0457134 0.0693333
v -0.0280774 0.0461594 0.0689018
v -0.0300576 0.0463815 0.06794
v -0.0321211 0.0456244 0.0675399
v -0.0308057 0.0447688 0.0682295
v -0.0261382 0.0440409 0.0695326
v -0.0303336 0.0463815 0.063499
v -0.0291231 0.0464418 0.0637201
v -0.0283366 0.0458494 0.0632744
v -0.0210227 0.0456132 0.0641653
v -0.018971 0.0449851 0.0640503
v -0.0212497 0.0446528 0.0639726
v -0.0241104 0.0463547 0.0646828
v -0.0260879 0.0467029 0.0647593
v -0.0250723 0.0465345 0.0660229
v -0.0332408 0.0465 0.0671321
v -0.0316105 0.0464419 0.0670765
v -0.0277231 0.046658 0.0640499
v -0.025512 0.0462114 0.0637057
v -0.0330082 0.0443992 0.0674591
v -0.0218067 0.0457544 0.0668077
v -0.0248174 0.0467044 0.0680823
v -0.0219478 0.0457821 0.0683112
v -0.0298625 0.0422298 0.0670228
v -0.0328601 0.0425557 0.0662921
v -0.0306841 0.0431881 0.0650868
v -0.0166673 0.0428931 0.0644333
v -0.0242545 0.0448124 0.0697273
v -0.0256991 0.0448827 0.0696315
v -0.0322911 0.0468167 0.0660098
v -0.0290734 0.044169 0.0690541
v -0.0312333 0.0430622 0.0680154
v -0.0290581 0.0462033 0.0685613
v -0.0200631 0.0451893 0.0651542
v -0.0307213 0.0467474 0.0652802
v -0.0302281 0.0468241 0.0665273
v -0.0284471 0.0467119 0.0652617
v -0.0293014 0.0455 0.0688911
v -0.0225925 0.0459772 0.0655286
v -0.0220812 0.0460367 0.0645657
v -0.0316612 0.04593 0.0631528
v -0.0294353 0.0445322 0.0639537
v -0.0318696 0.0468436 0.0635528
v -0.0250101 0.0447093 0.0641383
v -0.0322003 0.0470817 0.0646121
v -0.0302844 0.0466309 0.0642634
v -0.0183876 0.044822 0.0690783
v -0.0178192 0.0441801 0.0697298
v -0.0166054 0.0443889 0.0694052
v -0.0163307 0.0446894 0.0687759
v -0.0184495 0.0450854 0.0678382
v -0.0204477 0.0454216 0.0688772
v -0.0149614 0.044072 0.0692117
v -0.0152243 0.0433012 0.0699046
v -0.0289081 0.0466375 0.0642279
v -0.0229734 0.0439628 0.0698124
v -0.0243819 0.0440025 0.0697502
v -0.0237521 0.0431595 0.0694596
v -0.0235261 0.0458193 0.0692298
v -0.0211257 0.0429229 0.0698018
v -0.0210588 0.044651 0.0695597
v -0.0161886 0.0422518 0.0702874
v -0.0182923 0.0432163 0.0701099
v -0.0218493 0.0454754 0.0690315
v -0.0181975 0.0417609 0.069685
v -0.0147209 0.0407204 0.0699017
v -0.0230838 0.0458621 0.0635993
v -0.0281009 0.0423376 0.0685215
v -0.0338707 0.0472545 0.0651062
v -0.0170016 0.044021 0.0640479
v -0.0188341 0.0435442 0.06407
v -0.0177866 0.0421145 0.0653764
v -0.0213302 0.0434628 0.0649504
v -0.021438 0.0420441 0.0663782
v -0.0218987 0.040947 0.0680653
v -0.0240275 0.0431267 0.0654055
v -0.0261468 0.0419642 0.0666649
v -0.0270576 0.0432625 0.0649132
v -0.0250419 0.0420655 0.0689003
v -0.0169283 0.0405804 0.069001
v -0.0190406 0.0409008 0.0686458
v -0.0207404 0.0418856 0.068933
v -0.0227055 0.0421114 0.0691149
v -0.0157556 0.0445425 0.0646536
v -0.0143808 0.0438812 0.0649633
v -0.0159277 0.0444643 0.0661148
v -0.0147665 0.0442606 0.0653058
v -0.0179894 0.044846 0.065698
v -0.0175492 0.0448879 0.064952
v -0.017161 0.0447446 0.0641503
v -0.0187654 0.0449278 0.0663608
v 0.0646425 0.0406941 0.0392423
v 0.0645669 0.0401534 0.0384664
v 0.0643827 0.0399392 0.0398844
v 0.0641059 0.035726 0.0343203
v 0.063743 0.0356071 0.0324649
v 0.0632598 0.0352995 0.0345778
v 0.0627604 0.0340624 0.0354069
v 0.0633418 0.0354956 0.0366179
v 0.0627691 0.035036 0.0375348
v 0.0631222 0.0356298 0.0387321
v 0.0622518 0.0340831 0.0311674
v 0.0626297 0.0341574 0.0333498
v 0.0627195 0.0348826 0.0328101
v 0.0625028 0.0348593 0.0299918
v 0.0620968 0.03409 0.0290829
v 0.0644026 0.0374725 0.0356333
v 0.0645692 0.0382916 0.0338292
v 0.0643785 0.036778 0.0335069
v 0.0625593 0.0347475 0.034489
v 0.0659078 0.0413431 0.0412432
v 0.064604 0.0408043 0.0413814
v 0.0623564 0.0341055 0.0273046
v 0.0625248 0.0350412 0.0285306
v 0.0624751 0.0352652 0.0267359
v 0.0640354 0.0382214 0.0426535
v 0.0642739 0.0394457 0.0419767
v 0.0646342 0.0393985 0.0340291
v 0.0650285 0.0392237 0.0320568
v 0.0650399 0.0406593 0.0373955
v 0.0673312 0.0397042 0.0369544
v 0.0664304 0.0405719 0.0368148
v 0.0669736 0.0404753 0.0391147
v 0.0671643 0.0401055 0.035657
v 0.0651852 0.0413702 0.0394917
v 0.0673572 0.0403381 0.0413067
v 0.0642391 0.038493 0.0414857
v 0.0642548 0.0385843 0.0401951
v 0.0660801 0.0405714 0.0294575
v 0.0652024 0.0396662 0.0298535
v 0.0653845 0.040283 0.0312282
v 0.0626075 0.0349061 0.0361072
v 0.0680526 0.0391735 0.0391569
v 0.0662795 0.041037 0.0390216
v 0.0624324 0.0347632 0.0241478
v 0.0628027 0.0363594 0.025163
v 0.0640011 0.0367453 0.039554
v 0.0633778 0.0355475 0.0403998
v 0.0639457 0.0360463 0.0416513
v 0.063965 0.0368043 0.0427608
v 0.0642164 0.0374641 0.0414677
v 0.064266 0.0362249 0.0358941
v 0.0627208 0.0346905 0.0397516
v 0.0626599 0.0348563 0.0384885
v 0.0645353 0.0395399 0.0372206
v 0.0643884 0.0393469 0.0386828
v 0.0673801 0.0394864 0.0351459
v 0.0669015 0.0401245 0.0342438
v 0.0660252 0.0407172 0.0316199
v 0.0650802 0.0404396 0.0332347
v 0.066036 0.0405544 0.0331452
v 0.0656703 0.0408027 0.0349584
v 0.0655849 0.0407022 0.0337082
v 0.0677228 0.0383839 0.0360071
v 0.065809 0.0404434 0.0276345
v 0.0653264 0.0400816 0.0262923
v 0.0653541 0.0399556 0.0281451
v 0.0632009 0.0351942 0.0419755
v 0.0647592 0.037781 0.0316332
v 0.0642242 0.0369107 0.0375596
v 0.0638329 0.036008 0.0374975
v 0.0626186 0.0343314 0.0376673
v 0.0658301 0.0414653 0.0394724
v 0.0635607 0.0357916 0.0429711
v 0.0648329 0.0400095 0.0354854
v 0.0657142 0.041085 0.0380892
v 0.0666317 0.0406051 0.0434443
v 0.0678423 0.0386966 0.033238
v 0.0634162 0.0379841 0.0232532
v 0.0643388 0.0391212 0.0253331
v 0.0643674 0.0382476 0.03806
v 0.0638302 0.0356463 0.0353612
v 0.0635515 0.035499 0.0299258
v 0.0629832 0.0349295 0.0311677
v 0.0646227 0.0389031 0.0280579
v 0.0648685 0.0385655 0.0301699
v 0.0637513 0.0362802 0.0385135
v 0.0636158 0.0376098 0.026505
v 0.0643576 0.0371677 0.0292899
v 0.063224 0.0360995 0.027718
v 0.0657846 0.0410319 0.0367572
v 0.0648099 0.0396215 0.0269258
v 0.064568 0.0386848 0.0359051
v 0.0642799 0.0378403 0.0368087
v 0.0654912 0.0397597 0.0225137
v 0.0682586 0.0382325 0.0308171
v 0.0682263 0.0370591 0.0321199
v 0.0682478 0.0386168 0.0282204
v 0.0673012 0.0398159 0.0280875
v 0.0678011 0.039406 0.0246785
v 0.0680411 0.0374259 0.0340483
v 0.0684259 0.0362721 0.0334844
v 0.0671968 0.0397796 0.0310941
v 0.067938 0.0366286 0.0388114
v 0.0678891 0.0375997 0.0400587
v 0.06818 0.0363289 0.0355183
v 0.068011 0.0373077 0.0378587
v 0.0644289 0.036404 0.031296
v 0.0664519 0.0401828 0.0264406
v 0.0649726 0.0397984 0.0239424
v 0.0657047 0.0401656 0.0246632
v 0.0664934 0.0399143 0.0236156
v -0.0668459 0.0322599 0.0513399
v -0.067715 0.0338308 0.052894
v -0.0677343 0.0417927 0.0519806
v -0.0679905 0.0426027 0.0529879
v -0.0665859 0.042616 0.0517801
v -0.0677405 0.0400476 0.0523411
v -0.0676766 0.0413401 0.0512295
v -0.067733 0.0387903 0.0490446
v -0.0675604 0.0401838 0.0501738
v -0.0678297 0.0404351 0.0490189
v -0.0678512 0.0342563 0.0506795
v -0.0678641 0.0341748 0.0484177
v -0.0679115 0.0370155 0.0531768
v -0.0675023 0.0378587 0.0521301
v -0.0673344 0.0361742 0.051604
v -0.0674885 0.0386591 0.0510621
v -0.0674827 0.0366259 0.0498579
v -0.067924 0.0370121 0.055854
v -0.0682669 0.0387986 0.0547889
v -0.0682955 0.0374989 0.054372
v -0.0665711 0.0425181 0.0507769
v -0.0674783 0.0422853 0.0505791
v -0.0665063 0.0427054 0.0458137
v -0.0675006 0.0426932 0.0453452
v -0.0670842 0.0428945 0.0474742
v -0.0675799 0.042086 0.039595
v -0.0683916 0.0413135 0.0395684
v -0.068143 0.0420841 0.0404656
v -0.0684064 0.042048 0.0426563
v -0.0682284 0.0405115 0.0410195
v -0.0682973 0.0406036 0.0433184
v -0.0683871 0.0402221 0.0465056
v -0.0681702 0.0415156 0.0487575
v -0.0684201 0.0422755 0.0478341
v -0.06731 0.0427215 0.0495307
v -0.0683446 0.0398493 0.0538254
v -0.0678011 0.0399236 0.0555639
v -0.0683708 0.0416736 0.0410686
v -0.0684019 0.0423506 0.0461987
v -0.0677888 0.0423092 0.0413935
v -0.0669097 0.0424899 0.0433897
v -0.0669372 0.0421377 0.0411297
v -0.0675954 0.0342051 0.0552896
v -0.0681254 0.0425753 0.0450554
v -0.0648972 0.0426504 0.0508575
v -0.0679518 0.0424645 0.0441719
v -0.0680063 0.0421014 0.0548091
v -0.0669709 0.043583 0.0545561
v -0.0658175 0.0426713 0.0500648
v -0.0663389 0.0429261 0.0525336
v -0.0648011 0.0429055 0.0522843
v -0.0678514 0.0353069 0.0455741
v -0.0682648 0.0373578 0.0440906
v -0.0679174 0.0350607 0.0428645
v -0.0677609 0.0366908 0.0475994
v -0.0676391 0.0352963 0.0494162
v -0.0660984 0.0434122 0.053473
v -0.0673102 0.0423403 0.0566465
v -0.0671295 0.0431834 0.0556845
v -0.0670328 0.0401868 0.0570201
v -0.0669343 0.0419759 0.0360456
v -0.0678202 0.0420672 0.0370649
v -0.0666985 0.0420101 0.0379606
v -0.067699 0.041523 0.0500712
v -0.0684111 0.0417488 0.0445288
v -0.0657618 0.0428836 0.0488507
v -0.0683244 0.0391403 0.0434259
v -0.0678211 0.0335957 0.0454911
v -0.0680914 0.0395552 0.0418613
v -0.0653664 0.041347 0.0465357
v -0.0652383 0.0426274 0.0474513
v -0.0652742 0.0402878 0.0480982
v -0.0653787 0.0360669 0.0431248
v -0.0653639 0.0384889 0.0428894
v -0.0653325 0.0381045 0.0462901
v -0.0674485 0.0353305 0.0505545
v -0.0655031 0.0418273 0.0432642
v -0.065413 0.0424184 0.0452169
v -0.0653023 0.0405586 0.0447731
v -0.064869 0.0407086 0.0495289
v -0.0651658 0.0418845 0.0487922
v -0.0665892 0.0420173 0.0397804
v -0.0665009 0.0328918 0.0466693
v -0.0673039 0.0326317 0.0482256
v -0.0674425 0.0327542 0.0432522
v -0.0663946 0.0315262 0.0498974
v -0.0632661 0.0430012 0.0528193
v -0.0648754 0.0392692 0.0495314
v -0.0651008 0.0378866 0.048885
v -0.0632125 0.0428129 0.0510628
v -0.062608 0.0418389 0.0521995
v -0.0656325 0.0341317 0.0484715
v -0.0659172 0.0343895 0.0449284
v -0.0679685 0.0333269 0.033882
v -0.0681466 0.0397236 0.0360644
v -0.0686016 0.041025 0.0361375
v -0.0684093 0.0404898 0.0341969
v -0.0684082 0.0346355 0.0338365
v -0.0680237 0.0339539 0.0348366
v -0.06852 0.0414934 0.0332064
v -0.0685188 0.0415322 0.0349404
v -0.0685137 0.0376538 0.0381125
v -0.0686096 0.0360657 0.0379709
v -0.0684594 0.0370516 0.0397752
v -0.0684301 0.0382603 0.0343641
v -0.0686041 0.0363532 0.0356975
v -0.0685669 0.0383322 0.0365686
v -0.0680806 0.0392994 0.0328215
v -0.0684934 0.0380924 0.0322364
v -0.0680513 0.0394078 0.0344232
v -0.067721 0.0337911 0.0405652
v -0.0681021 0.0353806 0.0398176
v -0.0660935 0.0405505 0.0342588
v -0.0658604 0.0392536 0.0351991
v -0.0681923 0.0419585 0.0356384
v -0.0684809 0.0418417 0.0362327
v -0.0679372 0.0395565 0.0385072
v -0.0683868 0.0409152 0.0378375
v -0.0671324 0.0320089 0.0339407
v -0.0660872 0.0409032 0.0326058
v -0.0678095 0.0418832 0.0346494
v -0.0678039 0.0416822 0.032441
v -0.0685043 0.0416767 0.037193
v -0.0684857 0.0386984 0.0401067
v -0.0681548 0.0344366 0.0366921
v -0.0676733 0.0328976 0.0374724
v -0.0681045 0.0386469 0.0317112
v -0.067833 0.0336891 0.0429689
v -0.0685795 0.038142 0.0417986
v -0.0683831 0.0418429 0.038372
v -0.0684484 0.0365185 0.0415561
v -0.0683393 0.0415067 0.0318595
v -0.0671561 0.0326475 0.040629
v -0.0663747 0.0330491 0.0387244
v -0.065512 0.0347288 0.0388525
v -0.0667063 0.041556 0.0339605
v -0.0654176 0.0378787 0.0369168
v -0.0650693 0.0356972 0.0367827
v -0.0664401 0.0332643 0.0427352
v -0.0647085 0.0422525 0.0496499
v -0.0639934 0.0421363 0.0503266
v -0.0642789 0.0427618 0.0513744
v -0.0629289 0.041164 0.0510537
v -0.063575 0.0414384 0.0506127
v -0.0658824 0.0342778 0.0417436
v -0.0630098 0.0399381 0.0509491
v -0.0634786 0.0403121 0.0504674
v -0.0647087 0.0364656 0.0498673
v -0.0651428 0.0360209 0.0485849
v -0.063857 0.0365967 0.0505503
v -0.0641037 0.034869 0.0503773
v -0.0644626 0.0327329 0.0517829
v -0.0647366 0.0306225 0.0538834
v -0.064268 0.0410769 0.0502777
v -0.0641586 0.0396491 0.0500694
v -0.0655263 0.0319807 0.0507522
v -0.0654157 0.0356613 0.0463158
v -0.0642748 0.0378329 0.0500122
v -0.0653125 0.0369317 0.0399977
v -0.065349 0.0401141 0.0466611
v -0.0661385 0.0409311 0.0365106
v -0.0659902 0.0417804 0.0409815
v -0.0660427 0.0395599 0.0369627
v -0.0659888 0.0415845 0.0389369
v -0.0655931 0.0404009 0.0419256
v -0.0658224 0.0388073 0.0402162
v -0.0659614 0.040074 0.0389872
v -0.0067907 0.0429911 0.0671407
v 0.00164938 0.0411393 0.0656943
v 0.000695551 0.042157 0.0663406
v 0.00289824 0.0420751 0.0656368
v -0.00872947 0.0338355 0.0693569
v -0.00852306 0.0358612 0.069758
v -0.00991138 0.03568 0.0689563
v -0.0064465 0.0423837 0.0658756
v -0.00664194 0.0362892 0.07039
v -0.00904202 0.0381488 0.0702973
v -0.0123602 0.0389931 0.0693993
v -0.010315 0.037124 0.0693904
v -0.00811174 0.0289661 0.0698608
v -0.00827218 0.031302 0.0701276
v -0.00924895 0.0292473 0.0695126
v -0.00951811 0.0322171 0.0689597
v -0.00921025 0.0277749 0.0693992
v -0.0069356 0.0282626 0.0701757
v -0.00682042 0.0300906 0.0708138
v -0.0105212 0.0354645 0.0681477
v -0.00974278 0.0339719 0.0684976
v -0.00176069 0.0422145 0.0667769
v -0.000169622 0.0426216 0.0675625
v -0.0043008 0.0423922 0.0697381
v -0.00319722 0.0421182 0.0700295
v -0.00449744 0.0426956 0.0693026
v -0.00627244 0.0424687 0.0692259
v -0.00525417 0.0420628 0.0698505
v -0.00519674 0.0428826 0.0682783
v -0.00293874 0.0426519 0.0674849
v -0.00482735 0.0428555 0.0672922
v -0.00441187 0.0412339 0.0704553
v -0.00441628 0.0426252 0.0667405
v -6.48468e-05 0.0405203 0.0706957
v -0.00150468 0.0413993 0.070418
v -0.00242092 0.0404505 0.0707228
v -0.00695265 0.0422126 0.0698122
v -0.00752298 0.0423971 0.0694504
v -0.00808284 0.0427924 0.0684906
v -0.00672154 0.0413905 0.0704631
v -0.0087222 0.042339 0.0697861
v -0.00502487 0.0399136 0.0707438
v -0.00795969 0.0399461 0.0707229
v -0.00593816 0.0381659 0.0707002
v -0.00960427 0.041618 0.070474
v -0.000797019 0.0419863 0.069852
v -0.00220129 0.0425277 0.068687
v -0.0109302 0.0426381 0.0697791
v -0.0123627 0.042252 0.0700887
v 0.00604884 0.0366645 0.0656135
v 0.00735347 0.0352788 0.0658923
v 0.00574993 0.0342761 0.0657242
v -0.0114586 0.0405201 0.0703966
v -0.015014 0.0398121 0.068767
v -0.0140296 0.0419015 0.0702172
v 0.0254101 0.0435286 0.0704973
v 0.0282881 0.0452075 0.0701047
v 0.025578 0.0453132 0.0703918
v 0.0230149 0.0443626 0.0708235
v 0.0205599 0.0416043 0.0702858
v 0.0206734 0.0457422 0.0678197
v 0.0209813 0.0457143 0.066756
v 0.0193892 0.0455596 0.0684636
v 0.0214539 0.0456453 0.0692973
v 0.0240817 0.0457422 0.0696383
v 0.0229743 0.0461447 0.0681928
v 0.0300772 0.0444212 0.0700599
v 0.0273967 0.0464112 0.0691945
v 0.0189525 0.0446584 0.0705132
v 0.0109298 0.0395105 0.0659399
v 0.00831498 0.0373501 0.0660213
v 0.00821248 0.039244 0.0655314
v 0.0257611 0.0466587 0.0680267
v 0.0275037 0.0469571 0.0684454
v 0.0289928 0.0431029 0.0691845
v 0.0190722 0.044982 0.0657199
v 0.0185952 0.0451244 0.0668851
v 0.0212064 0.0458686 0.0682031
v 0.021805 0.0449526 0.070483
v 0.0205752 0.0437056 0.070864
v 0.0193223 0.0426149 0.0707502
v 0.0162513 0.0443141 0.0661939
v 0.0164643 0.0447877 0.0677101
v 0.0186816 0.0431793 0.0710675
v 0.016996 0.0411648 0.0705429
v -0.0100989 0.028035 0.0689626
v -0.00998498 0.0301154 0.0690143
v -0.00236647 0.0316854 0.0703882
v -0.00463402 0.0330274 0.0711234
v -0.00496201 0.0310137 0.0707425
v 0.00153366 0.0302786 0.0698784
v 0.00266567 0.0301526 0.070676
v 1.33225e-05 0.0308489 0.0699132
v 0.0013819 0.0296571 0.0694101
v 0.00698166 0.0258668 0.0710374
v 0.00772397 0.0238902 0.071313
v 0.00805254 0.0264319 0.0714149
v 0.00475038 0.0416214 0.0649817
v 0.00620464 0.040818 0.0647588
v 0.00398309 0.0393473 0.0652946
v -0.010085 0.0313378 0.0685026
v -0.00691839 0.0340008 0.0704653
v 0.00637283 0.021797 0.070044
v -0.00644553 0.0319616 0.0708321
v -0.00193517 0.0344216 0.0717297
v 0.00313152 0.0342538 0.0665209
v -0.00577843 0.0292502 0.0704944
v 0.00669789 0.0383455 0.0652391
v 0.0143059 0.0402716 0.0656434
v 0.0134208 0.0382081 0.0667999
v 0.000610085 0.0320834 0.0705606
v -0.0139686 0.0387697 0.0682695
v 0.00598304 0.0253258 0.0707432
v 0.00572402 0.0234535 0.0703221
v 0.00717817 0.022065 0.0708386
v 0.00221501 0.0354459 0.0667618
v 0.00380638 0.0358444 0.0660738
v 0.00665838 0.0397148 0.0651155
v 0.00217102 0.0330385 0.0710159
v 0.0020579 0.0315883 0.0706418
v 0.00438277 0.0277873 0.0705619
v -0.00466929 0.0351585 0.0711268
v 0.00625471 0.0278873 0.0709144
v 0.00466837 0.0302591 0.0705447
v 0.00303533 0.0314507 0.0707467
v 0.000573174 0.0372448 0.0665562
v 0.00395651 0.0327394 0.0701832
v 0.0113732 0.0418495 0.0647981
v 0.00958299 0.0426283 0.0641566
v 0.0119166 0.0430509 0.0649487
v 0.00336633 0.0411141 0.0652772
v 0.0175018 0.0404446 0.065838
v -0.00478964 0.0410437 0.0658489
v 0.0197064 0.0447358 0.064781
v 0.0210928 0.0450672 0.0643832
v 0.0198507 0.0438896 0.0645785
v 0.00531398 0.0384838 0.0695069
v 0.00637111 0.0385627 0.0694768
v 0.00660367 0.0398447 0.0696281
v 0.0072992 0.0343717 0.0703366
v 0.00694708 0.0358144 0.0702262
v 0.00568483 0.0342525 0.0700672
v 0.00851984 0.0367414 0.0701351
v 0.00883554 0.0393155 0.0701897
v 0.00753367 0.0373953 0.069928
v 0.00734913 0.0387358 0.0697337
v 0.00790187 0.040398 0.0698819
v 0.00372774 0.0386101 0.0701696
v 0.00226028 0.0367274 0.0701725
v 0.00404639 0.0365426 0.069726
v 0.0091081 0.0415585 0.0701024
v 0.0131512 0.0368813 0.0693835
v 0.0100203 0.0354182 0.0700267
v 0.0114002 0.0339559 0.0691855
v 0.005912 0.0323987 0.0702829
v 0.00592731 0.0366454 0.0694743
v 0.00718522 0.0417813 0.0698987
v 0.0107667 0.0388036 0.0702778
v 0.00446524 0.0347377 0.0697993
v 0.0107444 0.0412475 0.0707354
v 0.00511697 0.0405172 0.0700953
v 0.00339396 0.0404306 0.070498
v 0.0132498 0.0390897 0.0701327
v 0.0130167 0.0414781 0.0707461
v 0.00776738 0.0327221 0.0701244
v 0.00388365 0.0417014 0.0706362
v 0.00535388 0.0420183 0.0702011
v 0.00923066 0.0283977 0.0695337
v 0.00971745 0.0285683 0.0687173
v 0.00985618 0.0307241 0.069235
v 0.0163838 0.0374605 0.0684665
v 0.0151814 0.0386667 0.0697029
v 0.00817696 0.0299118 0.070485
v 0.0085452 0.0281045 0.0704722
v 0.00894926 0.0298252 0.0699379
v 0.00889032 0.0318225 0.0698359
v 0.00721009 0.0423766 0.0644205
v 0.00860707 0.0431347 0.0651889
v 0.00942517 0.0295089 0.068338
v 0.0083121 0.0300339 0.0680948
v 0.0110898 0.0322386 0.0681542
v 0.00864126 0.0355784 0.0666032
v 0.0103326 0.0368018 0.0668551
v 0.00758312 0.0286 0.0711199
v 0.00688595 0.0305429 0.0704219
v 0.0173246 0.0397393 0.0700368
v 0.00191358 0.0394262 0.0704917
v 0.00162296 0.0349983 0.070898
v 0.00114194 0.0361243 0.0706576
v 0.000495731 0.0377537 0.0707395
v -0.00333521 0.0381808 0.0709231
v -0.00122493 0.0386919 0.07083
v -0.00474089 0.0368348 0.0709925
v 0.000221258 0.0356853 0.0713265
v -0.00132596 0.0369467 0.0712949
v -0.00312755 0.0362449 0.0715163
v 0.00940606 0.025559 0.0700214
v 0.000564233 0.0340255 0.0712451
v 0.00306861 0.0345375 0.0703633
v -0.000905886 0.0414701 0.0662325
v -9.54257e-05 0.0399243 0.0659545
v 0.0133258 0.0426422 0.0644193
v -0.00651829 0.0413148 0.0654938
v 0.0116061 0.0353764 0.0678664
v 0.00239101 0.0428739 0.0666782
v -0.00256691 0.0408464 0.0660437
v 0.0152186 0.0416544 0.0707754
v 0.0155123 0.0434306 0.0708967
v 0.0111113 0.043561 0.067625
v 0.0130872 0.0440747 0.0678863
v 0.0125797 0.0436305 0.0663069
v 0.00574461 0.0427318 0.068047
v 0.00407343 0.0429458 0.0687764
v 0.0059993 0.0428091 0.069386
v 0.0142808 0.0438663 0.0699043
v 0.0125809 0.0427372 0.0702569
v 0.0138199 0.0430175 0.0706016
v 0.004327 0.0425584 0.0698242
v 0.00893954 0.0432251 0.0688061
v 0.00948031 0.0429706 0.0666091
v 0.00750028 0.0424289 0.0673588
v 0.00223815 0.0429208 0.068169
v 0.0170779 0.0429639 0.0708564
v 0.0147459 0.0442895 0.0671322
v 0.0109207 0.0427301 0.0696222
v 0.0165388 0.0449163 0.0694608
v 0.0127607 0.0436413 0.0691929
v 0.0147203 0.0443986 0.0687221
v 0.00580048 0.0425517 0.0664956
v 0.0112538 0.0435985 0.0687101
v 0.0146924 0.0443787 0.0678002
v 0.00734668 0.0427712 0.0658382
v 0.00233241 0.0413687 0.0706781
v 0.00253343 0.0426664 0.0698704
v 0.000910214 0.0419322 0.0703678
v 0.00743135 0.0428046 0.0693608
v 0.000479413 0.0425142 0.0690485
v 0.0071672 0.0426544 0.0685734
v 0.00133243 0.0408792 0.0706241
v 0.0104982 0.0431941 0.0654446
v 0.00401131 0.0429709 0.0672812
v 0.00428949 0.0426052 0.0659204
v 0.0205416 0.0398502 0.0664231
v 0.0230644 0.0402069 0.0676082
v 0.024549 0.0413544 0.0656
v 0.0271804 0.0409574 0.0662829
v 0.0277777 0.0418134 0.0652219
v 0.0270918 0.0428179 0.0646803
v 0.0294947 0.0422969 0.0643622
v 0.029708 0.0412417 0.0649507
v 0.00846353 0.0409141 0.0649005
v 0.00920351 0.034716 0.0672842
v 0.0069014 0.0335259 0.0662991
v 0.0273829 0.0440493 0.0645475
v 0.0294127 0.0443849 0.0643342
v 0.0214104 0.0417447 0.0653982
v -0.00352319 0.0418292 0.0662829
v 0.0252101 0.0437595 0.0648167
v 0.0240761 0.0427326 0.0649195
v 0.00790917 0.0345038 0.066711
v 0.00583789 0.0426382 0.0653612
v 0.0288856 0.047099 0.0684181
v 0.0279159 0.0467073 0.0675474
v 0.0270816 0.0449333 0.0641535
v 0.0270632 0.0457686 0.0646157
v 0.0283606 0.0453516 0.0642606
v 0.0207226 0.0455123 0.0651507
v 0.0292694 0.0459075 0.0650014
v 0.0221063 0.0461093 0.0650219
v 0.0238449 0.0462756 0.0663441
v 0.0226244 0.0438943 0.0646337
v 0.0267247 0.0463886 0.0659553
v 0.00902292 0.0326817 0.0679642
v 0.00752513 0.0331952 0.0674154
v 0.00675214 0.0321739 0.0664121
v 0.0256411 0.0461656 0.0644451
v 0.0241129 0.046444 0.0644897
v 0.0135346 0.0416151 0.065208
v 0.0158622 0.0418437 0.0653241
v 0.025184 0.0445602 0.0642368
v 0.0175728 0.0439544 0.0648984
v 0.0170997 0.0430211 0.0647332
v 0.0154814 0.0428191 0.0645658
v 0.0295892 0.045349 0.0640857
v 0.0146577 0.0434859 0.0652221
v 0.0197331 0.0424813 0.0651184
v 0.0180773 0.0425948 0.0651297
v 0.0181134 0.0434318 0.0646875
v 0.0214663 0.0444936 0.0642723
v 0.0225107 0.0452498 0.0638548
v 0.0247234 0.0458782 0.0640749
v 0.0239797 0.0451532 0.0636338
v 0.0255529 0.0454318 0.0640569
v 0.00975345 0.0268982 0.0693009
v 0.0290498 0.040854 0.0658735
v 0.026298 0.0409704 0.0674559
v 0.0247571 0.0416879 0.0688742
v 0.0212401 0.0404625 0.0689145
vn -0.267316 -0.142961 0.952945
vn -0.605296 -0.134857 0.784493
vn 0.568866 0.201696 0.797315
vn -0.105218 -0.856674 0.505013
vn -0.816508 -0.558723 -0.14541
vn -0.64837 -0.707686 0.280707
vn -0.900282 -0.433236 -0.0424032
vn -0.708387 -0.702935 0.0637995
vn 0.886058 -0.462435 -0.0324855
vn 0.752424 -0.658318 0.0218122
vn 0.601739 -0.798255 -0.0264454
vn -0.670986 -0.734111 0.104204
vn -0.777648 -0.556897 0.291769
vn 0.0399199 -0.996035 0.0795027
vn -0.67901 -0.733261 0.0356913
vn -0.594641 -0.799653 0.0834102
vn -0.511107 -0.859239 0.0218879
vn -0.734187 -0.678548 0.0232816
vn 0.474182 0.162166 0.865363
vn -0.579601 -0.498784 0.64442
vn 0.462687 0.032194 0.885937
vn -0.470343 -0.657759 0.588329
vn -0.144391 -0.982082 -0.121105
vn 0.884015 0.466339 0.0323527
vn 0.630268 0.258747 0.731992
vn 0.782105 0.33988 0.522296
vn -0.0635411 -0.00595397 -0.997961
vn 0.517803 0.0420309 0.854467
vn -0.224295 -0.80339 0.551594
vn -0.111841 -0.845465 0.522189
vn -0.115895 -0.655145 0.746561
vn 0.619734 -0.114964 0.776346
vn -0.148811 -0.359406 0.92124
vn -0.187125 -0.705637 -0.683419
vn 0.261518 -0.297823 0.918101
vn 0.251636 0.276727 0.927417
vn -0.130402 -0.98637 0.100345
vn 0.491197 -0.866904 0.0848717
vn -0.539475 -0.144703 -0.829474
vn 0.809922 0.466117 0.356036
vn -0.260904 0.0215188 -0.965125
vn -0.359408 0.393564 -0.846128
vn -0.290738 -0.483524 -0.825637
vn -0.576634 -0.240444 -0.78082
vn -0.0680573 0.753382 -0.654052
vn -0.110398 -0.0101608 -0.993836
vn 0.544018 -0.838784 -0.0220444
vn -0.337982 -0.225422 -0.913758
vn 0.138289 -0.864137 0.483885
vn -0.0962282 -0.736068 0.670033
vn 0.55862 -0.719457 0.412706
vn 0.840021 -0.174221 0.513822
vn 0.73937 -0.4482 0.502443
vn -0.559518 -0.792422 0.242913
vn 0.722135 -0.244646 0.647047
vn -0.865913 -0.487882 -0.1103
vn -0.905292 -0.335069 -0.261103
vn -0.946062 -0.107948 -0.305475
vn -0.908112 -0.256532 -0.330944
vn -0.165462 0.957925 -0.234525
vn 0.0269977 0.864905 -0.501209
vn -0.169028 0.940215 -0.295679
vn -0.467933 0.865828 0.177146
vn 0.292534 0.919499 0.262577
vn 0.282154 0.935979 -0.210553
vn 0.640041 0.720834 0.265981
vn 0.711817 -0.697473 -0.0827463
vn -0.0706778 -0.99249 -0.0998406
vn -0.863253 -0.46885 0.187012
vn -0.901767 -0.312459 0.29864
vn -0.872955 -0.376343 0.310346
vn -0.697613 -0.71186 0.0811845
vn -0.595726 -0.786724 0.161791
vn -0.61983 -0.225615 0.751604
vn 0.936151 0.21821 -0.275692
vn 0.0261119 -0.163826 -0.986144
vn -0.142966 -0.735083 -0.662732
vn -0.249871 0.0531861 -0.966817
vn 0.193381 -0.93964 -0.282276
vn -0.275628 -0.0384362 -0.960496
vn 0.164443 -0.709629 -0.685117
vn 0.182049 -0.6954 -0.695181
vn 0.599698 0.625428 0.499201
vn 0.148062 -0.893121 -0.424751
vn -0.0826544 -0.918631 0.386375
vn 0.0500235 -0.899804 -0.433416
vn 0.188465 0.0627026 -0.980076
vn -0.140208 -0.989689 0.0292976
vn -0.723744 -0.373398 0.580318
vn -0.813993 -0.424541 0.39646
vn -0.414966 -0.290638 0.862167
vn -0.46485 -0.295203 0.834727
vn 0.899158 -0.436961 0.0240765
vn 0.998395 -0.053526 -0.0184866
vn 0.92436 -0.374445 0.0731452
vn 0.797204 -0.597793 0.0843175
vn -0.831772 -0.549856 0.0762534
vn -0.828518 -0.558464 0.0409398
vn -0.696144 -0.46193 -0.54955
vn -0.79149 -0.558768 -0.247635
vn -0.765352 -0.407671 -0.498037
vn -0.772114 -0.635205 0.0188165
vn -0.344466 -0.252422 -0.904227
vn 0.352437 -0.0150107 -0.935715
vn -0.764241 -0.42386 -0.486085
vn -0.607743 -0.202114 -0.767983
vn 0.854438 0.0112089 0.519432
vn 0.846096 -0.054982 0.530187
vn 0.872654 0.00154173 0.488337
vn 0.180367 0.953529 0.24135
vn -0.957824 -0.116316 0.262762
vn -0.919073 -0.129639 0.372155
vn -0.853507 -0.363175 0.373671
vn -0.993962 0.0613554 0.0909721
vn -0.953758 -0.215401 0.209636
vn -0.869069 0.488617 -0.0772879
vn 0.810986 -0.133612 0.569605
vn 0.913018 0.0849133 0.398984
vn 0.929671 0.270519 0.250064
vn 0.884596 0.374747 0.277586
vn 0.820592 0.431411 -0.374852
vn 0.914629 0.364136 0.175667
vn 0.699399 0.194997 0.687617
vn -0.023155 -0.157892 0.987185
vn 0.584351 0.227996 0.778814
vn 0.819382 0.41068 -0.399944
vn 0.721219 0.412884 -0.55621
vn 0.915674 0.39489 -0.0748497
vn 0.83926 0.484358 -0.247065
vn 0.738503 0.408124 -0.536701
vn 0.0248329 0.563806 0.825534
vn -0.0183075 0.517309 0.855603
vn 0.0838086 0.507651 0.857477
vn 0.0799727 0.249169 0.965152
vn -0.16429 0.608845 0.77609
vn -0.130051 0.525875 0.84056
vn -0.753368 -0.65754 -0.00880194
vn -0.892566 -0.449681 -0.0333529
vn 0.415697 -0.864304 -0.28315
vn -0.131795 0.0669489 -0.989014
vn 0.372193 -0.763463 -0.527823
vn 0.394651 -0.730566 0.557247
vn 0.379826 -0.905819 0.187682
vn 0.479333 -0.868226 0.128156
vn -0.0399007 -0.906645 0.420004
vn 0.0497326 -0.309994 0.949437
vn -0.152215 -0.893899 0.421633
vn -0.0235787 -0.99967 -0.0102353
vn 0.111283 -0.602919 0.790003
vn -0.197297 -0.962991 -0.183636
vn -0.940163 0.210338 0.26805
vn -0.94623 0.307058 0.101805
vn -0.940738 0.22485 0.253879
vn -0.899138 0.0275026 0.4368
vn -0.957844 0.286402 0.0225579
vn -0.929272 0.362765 -0.069678
vn 0.472098 0.789034 -0.393128
vn -0.164953 0.943076 -0.288787
vn 0.221053 0.940805 -0.256948
vn 0.313994 0.868687 -0.383132
vn 0.924711 0.213138 -0.315408
vn 0.908994 0.204208 -0.363358
vn 0.947948 -0.226889 -0.22342
vn 0.455658 0.0019552 0.890153
vn -0.151487 -0.120999 0.981025
vn 0.518692 0.128786 0.845206
vn 0.524481 0.189965 0.82996
vn -0.448283 -0.412716 0.792911
vn -0.214581 -0.531289 0.819565
vn 0.409796 0.133997 0.902281
vn 0.549381 0.0863 0.831103
vn 0.536935 0.271901 0.798606
vn -0.62731 -0.778734 0.00742794
vn -0.88868 -0.458506 0.004552
vn -0.490693 -0.47381 -0.731248
vn 0.844263 0.402644 0.353692
vn 0.827953 0.384628 0.40811
vn 0.813598 0.462297 0.352618
vn -0.391773 -0.0984687 -0.914777
vn -0.210182 0.103285 -0.972191
vn 0.954131 -0.287417 -0.0838154
vn 0.98123 -0.15444 -0.115478
vn 0.965625 -0.236986 -0.106804
vn 0.869746 0.489639 -0.0616035
vn 0.971837 0.216423 -0.093246
vn 0.287766 0.951591 -0.108004
vn 0.993033 0.00736075 -0.117607
vn 0.981409 -0.129146 -0.141978
vn 0.809057 0.533914 -0.24569
vn 0.815742 -0.286553 0.502447
vn 0.909922 -0.0415685 0.412691
vn 0.722615 -0.31196 0.616853
vn 0.0984354 -0.66541 0.739959
vn 0.442785 -0.762039 0.472481
vn 0.72771 -0.643134 0.238364
vn -0.482187 -0.830831 0.277876
vn 0.1515 -0.982789 -0.105705
vn -0.890567 -0.389215 0.235374
vn 0.845652 -0.117402 0.520662
vn 0.0623971 -0.819199 0.570105
vn 0.647892 -0.754477 0.104887
vn 0.784115 -0.502868 0.363713
vn -0.594452 -0.0469274 -0.802761
vn -0.585762 0.0965955 -0.804706
vn -0.586083 0.0841414 -0.80587
vn -0.291896 -0.109136 -0.950203
vn 0.489776 -0.715115 -0.498728
vn 0.675217 -0.0829014 0.732946
vn 0.472586 0.268808 -0.839288
vn -0.93747 -0.023813 -0.34725
vn -0.944687 -0.201152 -0.259046
vn -0.937644 -0.103106 -0.331952
vn -0.93591 -0.281718 -0.211441
vn -0.933992 -0.0431698 -0.354677
vn -0.920587 -0.186872 -0.342926
vn -0.863715 -0.502816 -0.0342382
vn -0.967003 -0.241482 -0.0811868
vn -0.801902 -0.588271 -0.104357
vn -0.784987 -0.598143 -0.16131
vn -0.869571 -0.491358 -0.0491284
vn -0.444521 -0.891618 -0.0861292
vn -0.978434 -0.187444 -0.0867817
vn -0.992461 -0.105182 -0.0629187
vn -0.996024 -0.0890824 -0.000428753
vn -0.990418 -0.137822 0.0087391
vn -0.994676 -0.081393 -0.0632095
vn 0.922963 0.19257 0.333251
vn 0.907739 0.139256 0.395749
vn 0.918782 0.297806 0.259135
vn -0.425298 -0.675682 0.602142
vn 0.86945 0.0204071 0.493599
vn 0.743673 -0.175019 0.645228
vn 0.90766 -0.419289 0.0187188
vn 0.884309 -0.46661 -0.0165003
vn 0.974153 -0.220703 -0.0481254
vn 0.945292 -0.314905 -0.0851935
vn 0.790481 -0.610647 -0.0474341
vn 0.464605 -0.882921 0.0677699
vn 0.994649 -0.0438247 -0.0935518
vn 0.995838 0.0451042 -0.0792031
vn 0.100292 -0.994739 -0.0208564
vn 0.962697 0.246411 -0.111788
vn 0.810505 0.278745 -0.515153
vn 0.903135 0.0297042 -0.428327
vn 0.94553 -0.156439 -0.285482
vn 0.778717 0.246332 -0.576993
vn 0.501593 0.596577 -0.626499
vn 0.298221 0.665058 -0.684663
vn 0.946665 -0.075067 -0.313354
vn 0.9567 -0.193056 -0.21784
vn 0.653371 0.437027 -0.618153
vn 0.0245977 0.819484 -0.572574
vn 0.963724 -0.262884 0.0461325
vn 0.924178 -0.380605 0.0321807
vn 0.933048 -0.352553 0.0716109
vn 0.97352 -0.204006 0.103156
vn 0.988497 -0.137373 0.0632596
vn 0.366398 -0.930314 -0.0163917
vn 0.855603 -0.5154 0.0480238
vn 0.853793 -0.518736 0.0441621
vn 0.962389 -0.27078 0.0220237
vn 0.99531 -0.0872474 0.0417849
vn 0.98915 0.145986 -0.0164587
vn 0.981449 0.19113 0.015053
vn 0.999439 0.0310979 0.0124613
vn 0.920529 0.388842 -0.0377934
vn 0.956959 0.289771 -0.0161807
vn 0.740567 0.662396 -0.1131
vn 0.262926 0.955542 -0.133449
vn 0.698333 0.71098 -0.0827003
vn 0.996627 0.0796117 0.0199025
vn 0.999218 -0.0224165 0.0325669
vn -0.0826411 -0.748648 -0.657797
vn -0.575985 -0.74665 -0.332798
vn 0.611387 -0.683912 -0.398084
vn 0.230925 -0.258938 -0.937883
vn 0.516254 -0.211209 -0.829984
vn 0.788104 0.0478955 -0.613676
vn -0.350574 -0.414232 -0.839947
vn 0.445477 -0.313366 -0.838661
vn 0.623055 -0.782162 0.00504482
vn 0.344147 -0.42972 -0.834808
vn 0.303725 -0.527272 -0.793559
vn -0.299117 0.21002 -0.930817
vn -0.238962 0.0916092 -0.966698
vn -0.269016 0.216147 -0.938569
vn -0.223016 0.146806 -0.963697
vn -0.3487 0.187301 -0.918328
vn 0.371364 -0.67322 0.639424
vn -0.0830395 -0.614205 0.784765
vn 0.221059 -0.645087 0.731434
vn -0.531732 -0.421506 0.73457
vn 0.129885 -0.674151 0.727083
vn -0.797641 -0.0986894 0.595003
vn -0.452619 -0.434628 0.778611
vn 0.813247 -0.521504 0.258192
vn -0.809223 -0.0949954 0.57977
vn -0.380214 -0.397758 0.835
vn 0.964976 -0.262321 -0.00298778
vn 0.979257 0.161386 -0.12252
vn 0.931159 0.338965 -0.134337
vn 0.934847 0.247634 -0.254436
vn 0.931057 -0.35632 0.0785439
vn 0.535256 -0.835292 0.125654
vn 0.988528 0.0947752 0.117598
vn 0.966395 0.250924 0.0558361
vn 0.998838 0.0147851 0.0458652
vn -0.0362023 -0.998749 -0.0345087
vn 0.729397 -0.6837 -0.0230986
vn 0.983665 -0.114956 -0.138521
vn 0.969891 0.0208908 -0.242642
vn 0.864617 -0.489413 -0.113631
vn 0.954826 -0.26802 -0.128345
vn 0.904782 -0.42049 -0.0675087
vn 0.771681 -0.635243 -0.0312324
vn -0.533305 -0.844682 -0.0458158
vn 0.903723 -0.411101 -0.119504
vn 0.688117 -0.710388 -0.147797
vn 0.850677 0.516783 -0.0963494
vn -0.454564 -0.74787 0.4838
vn -0.726835 -0.404279 0.555221
vn -0.917836 0.390133 0.0733012
vn -0.91081 -0.0112939 0.412672
vn -0.931141 0.176692 0.318993
vn 0.61813 -0.770193 0.157218
vn 0.483738 -0.870806 0.0877161
vn -0.895188 -0.0896544 0.436579
vn 0.850349 -0.523286 0.0554875
vn -0.587216 -0.460275 0.665826
vn -0.418428 -0.565322 0.710865
vn 0.920298 -0.38899 -0.0416934
vn 0.903619 -0.410109 0.123623
vn 0.851365 -0.499044 0.161656
vn 0.399633 -0.774631 0.490142
vn 0.324478 -0.741322 0.5875
vn -0.825937 -0.276855 0.4911
vn -0.901198 0.0157974 0.433119
vn 0.913842 -0.389451 -0.114979
vn 0.954323 -0.264168 -0.139582
vn 0.898396 -0.397977 -0.185739
vn 0.929835 -0.367951 -0.00428001
vn 0.980176 -0.0570307 -0.189745
vn 0.711985 0.580521 -0.395061
vn 0.443356 0.807753 -0.388549
vn -0.263785 0.0228111 0.964312
vn -0.0919805 -0.219805 0.971198
vn -0.0993662 0.117916 0.98804
vn -0.21785 -0.226467 0.949344
vn -0.398821 -0.1553 0.903783
vn -0.279605 -0.389438 0.877587
vn -0.405691 0.0516369 0.912551
vn -0.37008 0.388031 0.844081
vn -0.417795 0.32685 0.847713
vn -0.236266 0.725484 0.646414
vn -0.278567 0.899962 0.335363
vn -0.0272719 -0.0897044 0.995595
vn -0.196546 0.588547 0.784208
vn 0.974974 0.115052 -0.190232
vn 0.962767 -0.145528 -0.227821
vn 0.905114 0.337543 -0.258521
vn 0.935776 -0.293721 -0.195067
vn 0.13654 0.851868 -0.505647
vn 0.0145212 0.972055 -0.234305
vn 0.0572444 0.993307 -0.100322
vn 0.058734 0.960539 -0.271873
vn -0.0520837 0.992297 0.112405
vn 0.0989137 0.96357 -0.248492
vn -0.0173487 0.994464 0.103632
vn -0.175203 0.32397 0.929703
vn -0.0483874 0.916914 0.396141
vn -0.166632 0.832032 0.529109
vn 0.16882 0.734743 -0.657003
vn 0.0520469 0.885371 -0.461963
vn -0.123826 0.343714 0.930875
vn -0.708318 -0.69999 -0.0911031
vn -0.934125 -0.335138 -0.122853
vn -0.944034 -0.328178 -0.0331459
vn -0.598866 -0.800843 0.00311297
vn -0.783343 -0.613834 -0.0978859
vn -0.931677 -0.357176 0.0663566
vn 0.36601 -0.930597 0.00501432
vn -0.639367 -0.761872 0.103731
vn 0.802383 -0.590958 -0.0833648
vn 0.907312 -0.411414 -0.0867412
vn -0.0553077 0.998468 -0.00157536
vn -0.0708572 0.996543 0.043379
vn -0.0577986 0.988855 0.137203
vn 0.0581094 0.997961 -0.0264043
vn -0.00665024 0.999737 -0.021956
vn -0.151555 0.985303 0.0787947
vn -0.207153 0.953648 0.218274
vn -0.0410255 0.831153 0.554528
vn 0.0107483 0.996991 0.0767683
vn -0.035655 0.985063 0.168463
vn 0.0204087 0.999601 -0.0195421
vn 0.863495 -0.352094 0.361118
vn 0.750164 -0.300633 0.58896
vn 0.925202 -0.355485 0.132786
vn 0.819867 -0.369178 0.437636
vn 0.2995 -0.182911 0.936399
vn -0.201362 0.0924134 0.975148
vn -0.420249 0.176095 0.890158
vn -0.398884 0.11727 0.909472
vn 0.240449 -0.103542 0.965123
vn 0.894851 -0.427203 0.129379
vn 0.581509 -0.25732 -0.771773
vn 0.886582 -0.436775 -0.152312
vn 0.936164 -0.0635553 -0.34577
vn 0.680326 -0.322982 -0.657905
vn 0.11753 -0.152682 -0.981262
vn -0.396564 0.183481 -0.899484
vn -0.0980947 -0.861692 0.497861
vn -0.0897175 -0.415208 0.905292
vn 0.164039 -0.96724 -0.193748
vn 0.208173 -0.899774 -0.383498
vn -0.0623516 -0.304597 0.950438
vn 0.054598 -0.861905 0.504122
vn 0.139978 -0.979252 -0.146535
vn -0.0729686 -0.550988 0.831317
vn 0.252078 -0.638185 -0.727445
vn 0.235431 -0.744989 -0.624151
vn 0.251477 -0.896979 -0.363576
vn 0.948462 0.310154 -0.0650019
vn 0.968221 0.24975 0.013199
vn 0.984989 -0.170168 -0.0289608
vn 0.947791 -0.309569 0.0765502
vn 0.994122 -0.0394108 0.10084
vn 0.988175 -0.129031 0.082829
vn 0.953314 -0.301558 0.0159513
vn 0.98758 -0.152479 -0.0379041
vn 0.976404 -0.129094 0.173117
vn 0.992056 0.102462 0.0729862
vn 0.628249 0.770477 -0.10802
vn 0.875925 0.482354 0.0094755
vn 0.957123 -0.285972 0.046207
vn 0.977 -0.211504 -0.0271591
vn 0.998442 -0.0557922 0.000642185
vn 0.942944 -0.313364 0.112518
vn 0.916065 -0.394726 0.0708277
vn 0.854477 -0.513401 0.0793042
vn 0.960706 0.268729 -0.0694893
vn 0.334195 0.928889 -0.15962
vn 0.261608 0.952864 -0.153663
vn 0.182746 0.969964 -0.160542
vn 0.84214 0.526379 -0.117159
vn 0.839831 0.527488 -0.128221
vn 0.661197 0.728638 -0.17862
vn -0.279138 0.809341 -0.516768
vn -0.729244 0.658289 -0.186707
vn -0.452108 0.810304 -0.372836
vn -0.927747 0.363435 0.0848534
vn -0.975046 0.0874241 0.204065
vn -0.925218 0.3675 -0.0944248
vn -0.880866 0.473323 0.0063676
vn -0.807424 0.589221 -0.0297565
vn -0.990156 0.108404 0.0885437
vn -0.933869 0.357333 0.0141846
vn -0.899902 -0.0955553 0.425494
vn -0.939789 -0.0500833 0.338066
vn -0.953478 0.0101932 0.301289
vn -0.205145 -0.412698 0.887466
vn -0.147361 -0.280463 0.948486
vn -0.0448373 -0.775653 0.629564
vn 0.0976882 -0.993457 0.0591553
vn -0.334288 0.292018 0.89609
vn -0.110215 0.360641 0.92617
vn -0.0197343 -0.457164 0.889164
vn -0.215547 -0.0395461 0.975692
vn -0.241776 0.507786 0.82686
vn -0.0394527 -0.423422 0.905073
vn 0.150529 -0.253084 -0.955662
vn 0.0171933 -0.93933 0.342583
vn -0.497669 0.308098 0.810803
vn -0.393759 0.150613 0.906791
vn -0.829197 0.373391 0.415946
vn -0.373775 0.101678 0.921929
vn -0.406289 0.132606 0.904071
vn -0.74562 0.242435 0.620706
vn -0.297556 0.119536 0.947191
vn -0.352653 0.134918 0.925977
vn -0.862569 0.484167 0.146825
vn -0.9087 0.348505 -0.229801
vn -0.954016 0.257517 0.153423
vn -0.947589 0.319492 -0.000373254
vn -0.12251 0.199292 0.972252
vn 0.599309 -0.431256 0.674424
vn -0.733363 0.194004 -0.651568
vn 0.93118 -0.347616 0.109855
vn 0.976822 -0.18038 0.11525
vn 0.989555 -0.131714 0.0585903
vn 0.898743 -0.421975 0.119158
vn 0.721504 -0.680902 0.125714
vn 0.787472 -0.582416 0.201691
vn 0.916877 -0.377227 0.130522
vn -0.469649 -0.882235 0.0330389
vn -0.699421 -0.714353 0.022574
vn 0.986535 -0.127007 0.103043
vn 0.24329 -0.949229 0.199434
vn 0.991565 -0.113584 0.062433
vn 0.106108 -0.982032 0.156059
vn -0.9837 -0.179646 0.00782158
vn -0.962222 -0.272249 -0.00302753
vn -0.981937 -0.188355 0.0179529
vn -0.985235 -0.164459 -0.0475992
vn -0.991334 -0.127515 -0.0315726
vn -0.990421 -0.135378 0.027174
vn -0.522496 -0.848027 0.0885931
vn -0.77088 -0.619537 0.148046
vn -0.979912 -0.199365 0.0051552
vn -0.98954 -0.144069 -0.00742224
vn -0.98947 -0.14474 0.000293868
vn -0.998747 -0.0360196 -0.0347567
vn -0.970014 -0.243047 0.0011463
vn -0.992626 -0.116327 -0.0340768
vn -0.99716 -0.0751202 -0.00544614
vn -0.989423 -0.144969 -0.00519828
vn -0.989423 -0.139175 -0.0408969
vn 0.226861 -0.962325 0.149881
vn -0.864937 -0.499233 0.0514841
vn -0.960252 -0.278848 -0.012631
vn -0.981008 -0.103215 -0.164224
vn -0.875014 -0.120098 -0.468963
vn -0.972142 -0.23394 0.0145583
vn -0.95077 -0.309839 0.00598987
vn -0.702377 0.211772 -0.679573
vn -0.974458 -0.216816 0.0585016
vn -0.980388 -0.189827 0.0529696
vn -0.981604 -0.189172 -0.0258287
vn -0.906233 -0.329647 -0.264716
vn -0.300436 -0.266361 -0.915855
vn -0.488096 0.0757679 -0.869495
vn -0.107813 0.399526 -0.91036
vn -0.833091 0.553094 -0.00682762
vn -0.714034 0.679493 -0.168657
vn -0.673875 0.715267 -0.18516
vn -0.610073 0.748246 -0.260651
vn -0.406766 0.847695 -0.34052
vn -0.6312 0.754786 -0.178563
vn -0.924942 0.329522 0.189468
vn -0.560074 0.74144 -0.369572
vn -0.516704 0.808157 -0.282666
vn -0.632577 0.759466 -0.151851
vn -0.695155 0.68727 -0.210758
vn -0.597296 0.755055 -0.270423
vn -0.120258 0.903096 -0.412256
vn -0.887242 -0.0498022 0.458609
vn -0.16775 0.829577 -0.5326
vn -0.634629 0.726171 -0.264426
vn 0.521655 0.756444 -0.394548
vn 0.632872 0.697563 -0.335975
vn 0.562441 0.722857 -0.40142
vn 0.837378 0.417425 0.352923
vn 0.778706 0.62698 0.0226387
vn 0.708422 0.5694 -0.417038
vn 0.574369 0.495246 -0.651791
vn 0.805629 0.501367 -0.315583
vn 0.3657 0.847649 -0.384389
vn 0.370754 0.745425 -0.553971
vn 0.805015 0.554518 -0.210858
vn 0.556224 0.815328 -0.160795
vn 0.471417 0.43405 -0.767703
vn 0.398386 0.554902 -0.730324
vn 0.23967 0.240431 -0.940612
vn 0.721449 0.554734 -0.414466
vn 0.712499 0.638471 -0.291032
vn -0.99615 -0.0201207 -0.0853206
vn -0.953202 0.277591 -0.119788
vn -0.889947 0.432794 -0.143819
vn -0.891402 -0.425719 0.155454
vn 0.420577 -0.899653 0.117213
vn -0.88723 0.451404 -0.0951654
vn -0.964841 0.246165 -0.09211
vn -0.96183 0.273614 -0.00420083
vn -0.906594 -0.419422 0.046617
vn -0.977139 -0.195033 0.0846204
vn -0.846519 -0.529211 0.057806
vn -0.997601 0.0580651 -0.0376844
vn -0.981493 -0.190878 -0.01538
vn -0.33168 -0.939385 0.0868572
vn -0.285376 -0.956603 0.0589201
vn -0.746395 -0.664896 0.0284021
vn -0.815327 -0.578981 -0.0047532
vn -0.906539 0.420861 -0.0325939
vn 0.0617241 0.693659 -0.717654
vn -0.0187833 0.676903 -0.735833
vn -0.075892 0.614649 -0.785141
vn 0.0771316 0.598404 -0.797473
vn -0.959624 0.281044 -0.0116505
vn -0.919102 0.363342 -0.15243
vn -0.959807 0.277663 -0.0409134
vn -0.830544 0.523426 -0.190322
vn -0.893603 0.448501 -0.0178962
vn -0.504187 0.521631 -0.688256
vn -0.0411816 0.707428 -0.705585
vn -0.570527 0.51575 -0.639141
vn -0.973962 0.222948 0.0411267
vn -0.918744 0.307567 -0.247614
vn 0.5256 0.423148 -0.738031
vn -0.980183 0.193954 -0.0402974
vn -0.0700579 0.639734 -0.765397
vn -0.877481 0.471173 -0.0895698
vn -0.734335 0.181752 -0.654002
vn -0.999775 -0.0194911 -0.00833418
vn -0.980811 0.179747 -0.0755043
vn -0.988323 -0.151565 -0.0156908
vn -0.515384 0.838776 -0.175598
vn -0.920212 0.385161 -0.0697174
vn -0.48743 0.863934 -0.126605
vn -0.555468 0.825285 -0.101784
vn 0.282159 0.950303 -0.131568
vn -0.0956725 0.985734 -0.138472
vn -0.0726695 0.983811 -0.163815
vn -0.109374 0.990755 -0.080256
vn -0.971061 0.238802 -0.00369711
vn -0.906361 0.421254 0.032469
vn -0.55884 0.829261 -0.00495758
vn 0.724596 0.685955 -0.0665282
vn 0.230687 0.966447 -0.112977
vn -0.971684 -0.236275 0.0021083
vn 0.549141 -0.334824 0.765726
vn 0.2819 -0.440204 0.852498
vn -0.736552 -0.526667 0.424397
vn -0.725224 -0.490497 0.48318
vn -0.935854 -0.34767 0.0574713
vn -0.956264 -0.292296 0.0110235
vn -0.278235 -0.532904 0.799124
vn -0.870294 -0.410897 0.271575
vn 0.737692 -0.114744 0.665316
vn -0.764311 -0.473404 0.437856
vn -0.959318 -0.273487 0.0700916
vn -0.916212 -0.381663 0.122017
vn -0.943327 -0.329931 0.0357713
vn -0.239321 0.21791 -0.946172
vn -0.200851 -0.563423 -0.801383
vn -0.156993 0.194317 -0.968295
vn 0.110317 0.389385 0.914445
vn 0.220742 -0.42055 0.880006
vn 0.116634 -0.879595 0.461204
vn 0.0696122 0.24891 0.966022
vn 0.224753 -0.931152 0.287127
vn 0.00669303 -0.984238 -0.17672
vn 0.162451 0.397478 0.903117
vn 0.0972606 0.336835 0.936527
vn 0.122227 0.23434 0.964441
vn -0.317208 -0.948037 0.0245742
vn 0.966824 -0.253966 0.0274484
vn 0.982194 -0.186177 0.0251778
vn 0.989628 -0.143654 -3.913e-05
vn 0.999409 -0.00193152 0.0343139
vn 0.989333 -0.139633 0.0415164
vn 0.995802 -0.0915226 0.00103048
vn 0.671747 -0.734956 0.0927107
vn 0.825469 -0.560566 0.0660756
vn 0.917404 -0.395988 0.0395418
vn 0.517485 -0.852241 0.0767698
vn 0.999597 -0.0230063 0.0166255
vn 0.996614 0.0807977 0.0152251
vn 0.987286 0.111869 0.112926
vn 0.915906 0.401322 0.00749735
vn -0.89291 -0.430151 -0.132972
vn -0.959158 -0.260003 -0.111418
vn -0.967023 -0.218682 -0.130554
vn -0.985397 -0.141293 -0.0950249
vn -0.991155 -0.123906 -0.047539
vn -0.993325 -0.0170475 -0.11408
vn -0.996826 -0.063187 -0.0484233
vn -0.987786 -0.151056 -0.0382276
vn -0.98647 0.141252 -0.0832154
vn -0.981326 0.173675 -0.082686
vn -0.984595 -0.167571 -0.0499299
vn -0.310108 -0.948059 -0.0708296
vn 0.824641 -0.564697 0.0329248
vn -0.986552 -0.099444 -0.129713
vn 0.897136 -0.395357 0.197079
vn 0.821011 -0.151471 0.550451
vn 0.846221 -0.309417 0.433787
vn 0.862871 -0.486686 0.136347
vn 0.886721 -0.395332 0.239662
vn 0.818733 -0.529871 -0.221164
vn 0.66055 -0.083888 0.746081
vn 0.572483 -0.0930306 0.814621
vn 0.722656 -0.016533 0.691011
vn 0.497243 0.0432255 0.866534
vn 0.525278 -0.103384 0.844627
vn 0.361481 -0.0627045 0.930269
vn 0.355183 0.00744221 0.934767
vn 0.210775 -0.0388004 0.976764
vn 0.677422 -0.235024 0.697039
vn 0.253066 0.142681 0.95687
vn 0.036891 0.0311338 0.998834
vn 0.268297 -0.0394774 0.962527
vn 0.290962 -0.179515 0.939742
vn 0.814917 -0.574572 -0.0760083
vn 0.421622 -0.788392 -0.447966
vn -0.0343866 -0.593466 -0.804124
vn -0.0112975 0.714299 -0.69975
vn 0.0537805 0.843771 -0.534003
vn -0.0512568 0.878408 -0.475154
vn 0.198755 0.438453 -0.876502
vn 0.1521 0.60082 -0.784781
vn 0.0060733 0.482069 -0.876112
vn 0.120174 0.493825 -0.861217
vn 0.129645 0.748686 -0.650124
vn 0.0825232 0.739212 -0.668398
vn -0.0830487 0.686888 -0.722003
vn -0.115417 0.645936 -0.754617
vn -0.115709 0.633293 -0.765213
vn 0.202072 -0.689857 -0.695172
vn -0.157159 0.85858 -0.487996
vn -0.052202 0.441767 -0.89561
vn -0.16606 0.445226 -0.879885
vn 0.716933 0.186509 -0.67173
vn 0.91258 -0.066122 -0.403517
vn 0.287404 -0.0402511 -0.956963
vn 0.985969 0.0529371 -0.158313
vn 0.909878 0.048141 -0.412074
vn 0.949931 -0.0806468 -0.301874
vn 0.937396 0.210543 -0.277417
vn 0.982675 -0.0106898 0.185031
vn 0.988719 0.0953461 0.11552
vn 0.99723 0.026694 0.0694294
vn 0.99838 -0.00697963 -0.0564742
vn 0.966804 0.0680113 -0.246303
vn 0.393485 0.697771 -0.598569
vn 0.420932 0.736523 -0.529481
vn 0.796593 0.323628 -0.510592
vn 0.865388 0.267819 -0.423529
vn -0.41608 0.824356 -0.383817
vn -0.195385 0.937408 -0.288255
vn 0.407355 0.73763 -0.538484
vn 0.966198 -0.131682 -0.221632
vn -0.316951 0.429331 -0.845705
vn -0.422003 0.29798 -0.856225
vn -0.35423 0.0861211 -0.931184
vn -0.62454 0.310435 -0.716645
vn -0.696945 0.235828 -0.677239
vn -0.689133 0.0926016 -0.718694
vn -0.269459 0.592359 -0.759277
vn -0.622234 0.409123 -0.667416
vn -0.516133 0.160311 -0.841372
vn -0.757543 0.266554 -0.595884
vn -0.405373 0.113217 -0.907113
vn -0.443276 0.16796 -0.880509
vn -0.600673 0.230635 -0.765506
vn -0.373412 0.243601 -0.89511
vn -0.5355 0.139555 -0.832925
vn -0.704732 -0.644955 -0.295612
vn -0.316514 -0.144775 -0.937475
vn -0.417004 -0.0822334 -0.905177
vn -0.639566 0.0831362 -0.764228
vn -0.743437 0.00359917 -0.668796
vn -0.630747 -0.137369 -0.763733
vn -0.751765 -0.130494 -0.64639
vn -0.812402 -0.0744403 -0.578326
vn -0.556168 -0.151697 -0.817108
vn -0.784543 0.181216 -0.593004
vn -0.570747 0.401852 -0.716075
vn -0.563386 0.286798 -0.774818
vn -0.20947 0.753084 -0.623688
vn -0.911433 0.0314626 -0.410243
vn -0.828966 -0.143243 -0.540645
vn -0.950336 -0.215482 -0.224565
vn -0.770337 -0.342539 -0.537818
vn -0.362408 -0.468744 -0.805568
vn -0.257735 -0.88327 0.391672
vn -0.887586 -0.41329 -0.203427
vn -0.0134652 -0.545127 0.838245
vn -0.792594 -0.171093 -0.585254
vn -0.563008 -0.0767632 -0.822879
vn -0.796403 -0.119848 -0.592773
vn -0.721043 -0.115416 -0.68321
vn -0.332087 -0.0989027 -0.938049
vn -0.10038 0.00883992 0.99491
vn -0.242778 -0.0811185 0.966684
vn -0.409978 -0.0618543 0.909996
vn -0.0641632 -0.104721 0.99243
vn -0.324025 -0.298227 0.897813
vn -0.0196315 -0.304996 0.952151
vn 0.06729 -0.243234 0.967631
vn -0.111783 -0.437072 0.892453
vn 0.283682 -0.0707045 0.956308
vn 0.00844052 -0.267646 0.96348
vn -0.102183 -0.331518 0.937899
vn -0.0709444 -0.244592 0.967027
vn 0.172079 -0.169008 0.970477
vn 0.290532 0.0250252 0.956538
vn 0.203762 -0.0475219 0.977866
vn 0.0913443 -0.115612 0.989085
vn -0.259879 -0.0218175 0.965395
vn 0.421088 0.312381 0.85153
vn 0.634668 0.315834 0.705299
vn 0.630131 0.576436 0.520247
vn -0.925117 -0.351563 0.143395
vn -0.984954 0.169398 0.034199
vn -0.307326 -0.950334 0.0491663
vn -0.887393 0.432347 0.160028
vn -0.932412 0.280995 0.227264
vn -0.928187 0.369934 0.04023
vn -0.987761 0.127822 0.0893816
vn -0.861128 -0.498252 0.10101
vn -0.669798 -0.737979 0.0821996
vn -0.687284 -0.72568 0.0320854
vn -0.83849 0.527348 0.137252
vn -0.880049 0.451183 0.148149
vn -0.900468 0.434761 -0.0118288
vn -0.988705 0.0209664 0.148403
vn -0.962893 -0.268693 0.0253142
vn -0.035696 0.961006 -0.274213
vn -0.326794 0.935638 0.133368
vn -0.332199 0.880445 -0.33832
vn -0.45261 0.853367 0.258667
vn -0.0411125 0.927636 0.371216
vn -0.113368 0.993552 0.00161701
vn -0.176278 0.701464 -0.690561
vn -0.43956 0.884557 0.156032
vn -0.319123 0.821443 -0.472644
vn -0.272172 0.960471 0.0584674
vn -0.13968 0.574566 -0.806451
vn 0.00445965 0.155181 0.987876
vn 0.842192 -0.492939 0.218457
vn 0.809764 -0.474536 0.345106
vn 0.53906 -0.676341 0.501974
vn -0.138926 -0.71839 0.681627
vn 0.139461 -0.824176 0.548893
vn -0.914223 -0.121619 0.386529
vn -0.754719 -0.458462 0.469268
vn -0.699883 -0.361324 0.616125
vn -0.945742 0.108792 0.306164
vn -0.284323 -0.455479 0.843623
vn 0.941134 -0.306258 0.143084
vn 0.960986 -0.261653 0.0896851
vn 0.963109 -0.265445 0.0442738
vn 0.440896 -0.888467 0.127427
vn -0.701917 -0.231259 0.67367
vn -0.461758 -0.801103 0.380806
vn -0.880758 -0.35124 0.31764
vn -0.191572 -0.9811 0.0272381
vn -0.918128 -0.330549 -0.218585
vn -0.947552 -0.23207 -0.219746
vn -0.956589 -0.225372 -0.184785
vn -0.82414 0.34644 -0.448076
vn -0.799058 0.361642 -0.480335
vn -0.147225 0.890722 -0.430046
vn -0.747987 -0.663441 -0.0190367
vn -0.890875 -0.31292 -0.329275
vn -0.921662 0.0953846 -0.376088
vn -0.918144 -0.0349835 -0.3947
vn -0.983947 -0.0407018 -0.173758
vn -0.940137 -0.33708 -0.0501934
vn -0.92413 -0.381459 0.0217402
vn -0.943027 -0.160839 -0.291258
vn -0.76709 -0.641125 -0.0230494
vn -0.703061 -0.710361 -0.0330567
vn -0.914421 -0.390329 -0.107131
vn -0.935295 0.0905911 -0.342077
vn 0.920385 -0.213251 0.327744
vn -0.956114 -0.271021 -0.111327
vn -0.918792 0.23019 -0.320677
vn -0.947558 -0.129006 -0.29239
vn -0.393433 0.788198 -0.473239
vn -0.182644 -0.23073 0.955722
vn -0.256096 -0.342053 0.90411
vn -0.350305 -0.263666 0.898759
vn -0.33992 -0.532866 0.774925
vn -0.171692 -0.494771 0.851894
vn -0.43136 -0.305757 0.848788
vn -0.108636 -0.336706 0.935322
vn -0.103539 -0.261843 0.959541
vn -0.385853 -0.141673 0.911617
vn -0.241655 -0.163255 0.956531
vn -0.245002 -0.0708916 0.966927
vn 0.0065232 -0.481518 0.876412
vn 0.450028 -0.882233 -0.138348
vn 0.0821366 -0.866579 0.492234
vn -0.350012 0.01101 0.93668
vn -0.325521 0.019108 0.945342
vn -0.264138 -0.0657018 0.962245
vn 0.293545 -0.56873 -0.76836
vn 0.343803 -0.702096 -0.623587
vn 0.356323 -0.457863 -0.814491
vn -0.108016 -0.208868 0.97196
vn -0.630717 0.743668 -0.221708
vn -0.803121 0.595759 -0.00820271
vn -0.931071 0.253372 0.262507
vn -0.943794 0.248653 0.21777
vn -0.686211 0.705125 -0.17864
vn -0.913487 0.363723 0.18234
vn -0.944972 0.0739265 0.31869
vn -0.925738 0.0160828 0.377823
vn -0.700251 -0.355212 0.619253
vn -0.642959 0.414948 -0.643756
vn -0.77327 0.344486 -0.532337
vn -0.823006 0.542235 -0.169243
vn -0.566154 0.445013 -0.693853
vn -0.605968 0.563704 -0.561285
vn -0.338359 0.31818 -0.885593
vn -0.467676 0.642331 -0.607199
vn -0.388229 0.368807 -0.844547
vn -0.5859 0.741721 -0.326453
vn -0.697832 0.710672 -0.0893102
vn -0.390727 0.314125 -0.86525
vn -0.422199 0.882792 -0.205977
vn -0.0637588 0.656204 0.751885
vn -0.379423 0.71189 0.590975
vn -0.636064 0.770613 0.0397323
vn -0.498192 0.531098 0.685376
vn -0.389835 0.245493 0.88756
vn 0.336529 -0.228365 -0.913563
vn 0.333137 0.0201001 -0.942664
vn 0.355583 -0.348769 -0.867134
vn 0.290603 -0.411011 -0.864071
vn 0.139054 0.426806 -0.893589
vn 0.355973 0.321226 -0.877552
vn -0.0555056 0.884543 -0.463145
vn -0.022721 0.877716 -0.478642
vn 0.237034 0.442542 -0.864854
vn 0.46724 -0.176637 -0.866306
vn 0.0681081 0.90314 -0.42391
vn -0.0855828 0.979168 -0.184134
vn 0.446921 -0.387256 -0.806408
vn -0.10785 0.977387 -0.18189
vn -0.0837312 0.981707 -0.170997
vn 0.322074 0.676357 -0.662427
vn 0.735887 -0.278511 -0.617173
vn 0.70038 0.116719 -0.704162
vn 0.947472 -0.026471 -0.318742
vn -0.193516 0.980061 0.0450891
vn 0.0225414 0.933776 -0.357149
vn -0.135949 0.990615 0.0141277
vn 0.755919 0.404733 -0.514565
vn -0.122751 0.992325 -0.0149285
vn -0.872754 0.369453 -0.319069
vn -0.995768 -0.042367 -0.0815537
vn -0.983878 0.0487388 0.17207
vn -0.750961 0.124933 -0.648421
vn -0.769923 0.0536349 -0.635879
vn -0.551241 -0.769084 -0.323486
vn -0.520282 -0.51823 -0.678782
vn -0.107031 -0.853918 -0.509283
vn -0.397979 -0.339901 -0.852104
vn -0.626771 -0.0546293 -0.777287
vn -0.65284 -0.0740593 -0.753867
vn -0.851943 -0.494537 0.172122
vn -0.903573 0.42764 -0.0260754
vn -0.544224 0.0264375 -0.838523
vn -0.628133 0.00726701 -0.778072
vn -0.863503 -0.303748 -0.402617
vn -0.602495 -0.00504066 -0.798107
vn -0.226719 0.0246832 0.973647
vn -0.417948 0.20832 0.884264
vn -0.174661 0.116929 0.977661
vn -0.057342 0.0299246 0.997906
vn 0.0451208 0.0504353 0.997708
vn 0.31827 -0.454992 0.831677
vn -0.0428662 -0.107486 0.993282
vn 0.236234 -0.0811816 0.968299
vn -0.210073 -0.0628145 0.975666
vn -0.461446 -0.00176347 0.887167
vn -0.433884 0.186053 0.881549
vn 0.943893 -0.287766 0.162037
vn 0.648821 -0.501564 -0.572246
vn 0.686888 -0.235184 -0.687658
vn 0.835117 -0.0612191 -0.546655
vn 0.75034 -0.0812024 -0.656046
vn 0.724211 -0.0356958 -0.688653
vn 0.99654 0.0120616 -0.0822318
vn -0.503884 0.130903 0.853795
vn -0.300384 0.217147 0.928772
vn -0.622836 -0.0603088 0.780025
vn -0.609116 -0.214967 0.763392
vn -0.746817 0.123962 0.653374
vn -0.311992 0.0150524 0.949965
vn -0.785195 -0.359549 0.504176
vn -0.84038 -0.0930543 0.533949
vn 0.358318 0.0968126 0.928566
vn -0.934161 -0.265456 0.238488
vn 0.379589 -0.130257 -0.915939
vn 0.637831 -0.138781 -0.75757
vn -0.859196 -0.484631 0.164059
vn -0.860913 -0.490672 0.134423
vn 0.923021 -0.155093 0.352106
vn 0.815619 -0.147697 0.559421
vn 0.936049 0.0363219 0.349989
vn 0.931561 -0.243447 0.270051
vn -0.0595255 0.99347 -0.0973364
vn -0.228056 0.868337 -0.440433
vn 0.819284 0.54947 -0.163881
vn -0.174117 0.708908 -0.683471
vn 0.0190922 0.55692 -0.830346
vn -0.611381 -0.494389 -0.617893
vn -0.252347 0.926052 0.280623
vn -0.332162 0.680376 -0.653267
vn -0.201061 0.911753 -0.358162
vn -0.312936 0.550707 -0.773817
vn -0.194636 0.95948 0.20375
vn 0.156247 0.0360823 0.987059
vn -0.0781625 0.769607 0.633715
vn 0.174367 0.980024 0.0956509
vn 0.143095 0.561912 0.814726
vn 0.239522 0.720447 0.650834
vn 0.23898 0.529388 0.814025
vn 0.0396479 0.979357 0.198211
vn 0.208596 0.92496 -0.317704
vn -0.0444536 0.65422 0.754997
vn 0.165882 0.918574 0.358755
vn 0.125708 0.526657 0.840732
vn 0.00883904 0.40374 0.914831
vn 0.196578 0.332212 0.922492
vn 0.183511 0.40559 0.895444
vn -0.133407 0.604422 -0.785415
vn -0.0404508 0.784144 -0.619259
vn 0.0969146 0.688893 -0.718355
vn -0.0314264 0.623501 -0.781191
vn -0.0663792 0.751815 -0.656025
vn 0.541004 -0.817577 0.197186
vn 0.513381 -0.635116 0.57712
vn -0.283731 0.495632 0.820881
vn 0.10055 -0.0377821 0.994214
vn -0.413579 0.434392 0.80016
vn -0.123538 0.307831 0.943387
vn -0.426405 0.454787 0.781887
vn -0.249472 0.224354 0.942035
vn 0.18889 -0.116993 0.975004
vn 0.98453 -0.172737 -0.029367
vn 0.990378 -0.13832 0.00440096
vn 0.989145 -0.146521 0.0111754
vn 0.998461 -0.0545065 0.0102492
vn 0.970259 -0.239202 0.0371577
vn 0.992204 -0.119197 0.0363773
vn 0.999551 0.021243 0.0211489
vn 0.970324 -0.235176 0.056246
vn 0.460427 -0.881862 0.101622
vn 0.735536 -0.676686 0.0329104
vn -0.828959 -0.559307 -0.00152631
vn 0.995417 -0.0840926 0.0455321
vn 0.99334 0.114358 0.0140691
vn 0.398307 -0.916097 0.0460091
vn -0.931989 -0.358639 0.0526829
vn 0.982185 -0.187838 -0.00548134
vn -0.98566 -0.168725 -0.00263546
vn -0.791805 -0.609427 0.040537
vn -0.784666 -0.615153 0.0767224
vn 0.142462 0.977602 -0.154914
vn 0.396899 0.903407 -0.162255
vn 0.218291 0.969675 -0.109908
vn 0.474165 0.842433 -0.25588
vn 0.12477 0.869562 -0.477802
vn -0.0278429 0.968146 -0.248834
vn 0.349377 0.900194 -0.259973
vn -0.872258 0.445204 0.202386
vn -0.549479 0.831476 0.0819791
vn -0.854195 0.517698 0.0483768
vn 0.0398076 0.998273 -0.0432089
vn 0.246382 0.953995 -0.170849
vn -0.478697 0.865342 -0.14843
vn -0.301645 0.950682 0.0722056
vn -0.702359 0.691584 0.168533
vn -0.944017 -0.268572 0.191576
vn -0.976116 -0.181609 0.119234
vn -0.557027 0.741951 -0.373135
vn -0.980391 -0.183511 -0.0718159
vn 0.277506 0.9585 -0.0653381
vn -0.849491 0.510563 -0.133003
vn -0.889325 0.453147 0.061311
vn -0.82612 0.535895 -0.174189
vn -0.812323 0.461775 0.356223
vn -0.829869 0.364478 0.422462
vn -0.869521 0.493511 -0.0195146
vn -0.865385 0.45336 -0.213479
vn -0.849213 0.460245 -0.258865
vn 0.234913 -0.188879 -0.953489
vn 0.379655 -0.0282497 -0.924697
vn 0.862666 -0.449735 -0.231399
vn -0.868949 0.248702 0.427872
vn -0.898976 0.404626 0.167689
vn -0.743544 0.386479 0.545688
vn -0.734261 0.428188 0.526797
vn -0.825545 0.509963 0.241688
vn -0.878523 0.445823 -0.171578
vn -0.871149 0.415489 -0.261664
vn -0.526377 0.247703 -0.81337
vn -0.859471 0.491414 -0.140787
vn -0.873526 0.420249 -0.245647
vn -0.743435 0.312519 -0.5913
vn -0.898115 0.37799 -0.22475
vn -0.808844 0.438894 -0.391336
vn -0.917244 0.388284 -0.0888711
vn -0.518028 0.183662 -0.835413
vn -0.214383 0.430176 -0.87692
vn -0.716102 0.513756 -0.472496
vn -0.213153 -0.00445192 -0.977009
vn -0.858225 0.425847 -0.286539
vn 0.724086 -0.538893 -0.430458
vn 0.811891 -0.549217 -0.197974
vn -0.730121 0.519856 0.443478
vn 0.84794 -0.487367 -0.2085
vn -0.369878 0.460768 0.806773
vn -0.302744 0.63128 0.714025
vn -0.269512 -0.114573 0.956157
vn -0.399529 0.253077 0.881095
vn -0.192604 0.975947 0.102135
vn -0.130643 0.976774 0.169839
vn -0.277143 0.944607 0.175812
vn -0.479895 0.640886 0.599138
vn -0.0252424 0.996765 -0.076307
vn -0.0906617 0.95368 0.286835
vn -0.143345 0.986854 0.0746429
vn -0.132945 0.496051 0.858056
vn -0.0270268 0.954113 0.298226
vn -0.1873 -0.0378121 0.981575
vn -0.374441 0.340615 0.862424
vn -0.145164 0.985828 -0.0840833
vn -0.23487 0.132773 0.962916
vn -0.0971661 0.993975 -0.0507253
vn -0.0946478 0.77089 0.629897
vn -0.262972 0.640552 -0.721484
vn -0.106987 0.405661 -0.90774
vn -0.282068 0.744449 -0.605171
vn 0.327847 -0.914987 -0.235193
vn 0.247162 -0.0891305 -0.964866
vn -0.398067 0.67707 -0.618966
vn 0.129456 -0.507127 0.852093
vn -0.0438008 -0.651949 0.756997
vn 0.244418 -0.910905 0.332432
vn -0.143992 0.665821 -0.732085
vn -0.246102 0.7813 -0.573589
vn -0.215983 0.612208 -0.760626
vn 0.396697 -0.644205 -0.653935
vn 0.53421 -0.64743 -0.543557
vn -0.252044 0.839335 -0.481654
vn -0.0649809 0.677492 0.732655
vn -0.0603869 0.481918 0.874133
vn -0.278825 0.501897 0.818753
vn -0.00285867 0.811172 0.5848
vn 0.559779 -0.768424 -0.310116
vn -0.0902903 0.22963 0.969081
vn -0.155109 0.987519 0.0273306
vn 0.458424 -0.843858 0.278838
vn -0.244655 0.137452 0.959818
vn -0.55491 0.179438 0.812328
vn -0.538795 0.226236 0.811491
vn -0.328667 0.12105 0.936656
vn 0.462327 -0.127289 0.877526
vn 0.241899 0.0494547 0.96904
vn 0.311634 0.0230002 0.949924
vn 0.732911 -0.16413 0.66023
vn -0.344194 0.137356 0.928797
vn -0.120899 0.123367 0.984969
vn -0.157082 0.04221 0.986683
vn -0.309945 0.0445925 0.949708
vn -0.291687 0.00871361 0.956474
vn 0.463359 -0.0761961 0.882889
vn -0.318088 0.121576 0.940234
vn -0.172236 0.043737 0.984084
vn 0.920474 -0.185057 0.344212
vn -0.195362 0.18821 0.962502
vn -0.332308 0.14573 0.931845
vn -0.365156 0.250147 0.896709
vn -0.216617 0.131538 0.967355
vn 0.0175868 0.072181 0.997236
vn 0.0759315 -0.0265981 0.996758
vn -0.118171 0.139916 0.983087
vn 0.107443 0.0376414 0.993498
vn 0.212357 -0.010497 0.977136
vn 0.136165 -0.0490961 0.989469
vn 0.506139 0.244949 0.826936
vn 0.559486 0.765878 0.316868
vn -0.444863 -0.624502 0.641946
vn -0.239709 -0.57989 0.778632
vn -0.745079 -0.666638 -0.0212294
vn -0.652503 -0.75375 0.0781132
vn 0.346585 0.339316 0.874496
vn 0.412741 0.0172927 0.910685
vn 0.67854 0.217135 0.701738
vn 0.411795 -0.0607505 0.909249
vn -0.0864943 -0.436221 0.895673
vn 0.131682 -0.283798 0.949799
vn 0.0215082 -0.146394 0.988993
vn 0.13071 0.0607984 0.989555
vn -0.590288 -0.630231 0.504349
vn 0.491548 0.838473 0.235253
vn 0.295704 0.811092 -0.504668
vn 0.288978 -0.191398 0.938008
vn -0.129947 -0.401669 0.906518
vn -0.521279 -0.437884 0.732479
vn -0.512047 -0.857329 0.0528589
vn -0.523281 -0.668042 -0.529053
vn 0.13919 0.448318 -0.88297
vn 0.100527 0.565431 -0.818647
vn -0.0843974 0.995426 -0.0447702
vn -0.0483958 0.980427 -0.190843
vn 0.22684 0.963718 -0.140682
vn 0.263563 0.429451 -0.863774
vn -0.102895 0.966636 0.234579
vn 0.167427 -0.235239 -0.957408
vn 0.128728 -0.541479 -0.8308
vn 0.209453 -0.499153 -0.840819
vn -0.0745821 0.987884 0.136095
vn 0.221822 0.235612 -0.946194
vn -0.112057 -0.134445 0.984565
vn -0.00132143 0.994032 0.109083
vn -0.0608617 0.992139 0.109341
vn -0.165444 -0.562836 0.809842
vn -0.076445 0.0185461 0.996901
vn -0.0092311 0.432703 0.901489
vn -0.0866892 0.0661575 0.994036
vn 0.173368 -0.694208 -0.698584
vn -0.0984253 0.863603 0.494472
vn -0.0186404 0.620997 0.783591
vn 0.129647 -0.227784 -0.965042
vn -0.00719098 0.417018 0.90887
vn 0.0925217 0.941608 0.323749
vn 0.0968154 0.952959 0.28722
vn 0.123695 -0.811156 -0.5716
vn -0.384722 0.888323 -0.25074
vn -0.552038 0.815293 -0.174787
vn -0.825496 0.563971 0.0221929
vn -0.357839 0.904955 -0.230233
vn -0.462507 0.879161 -0.114727
vn -0.921196 0.126341 0.368017
vn -0.905554 0.403258 0.131741
vn -0.84286 0.480723 0.241852
vn -0.188416 0.954604 -0.230716
vn -0.17832 0.958015 -0.224522
vn -0.496539 0.847892 -0.185817
vn -0.497581 0.830134 -0.251578
vn -0.719223 0.693964 -0.0336502
vn -0.541529 0.838196 -0.0646
vn -0.976554 0.212569 0.0340133
vn -0.977662 -0.009714 0.209957
vn -0.28563 0.9202 -0.267672
vn 0.038804 -0.315503 -0.948131
vn 0.883417 -0.315182 -0.346749
vn 0.162033 -0.0529009 -0.985366
vn 0.858476 0.0501572 -0.510396
vn -0.274318 0.338634 -0.900042
vn 0.403884 -0.71275 -0.573467
vn 0.394157 0.475419 -0.786522
vn -0.0474565 0.369777 -0.927908
vn 0.232884 0.493941 -0.837727
vn 0.860829 -0.508863 -0.00569438
vn -0.0274217 0.573282 -0.818899
vn 0.56276 0.357799 -0.745172
vn 0.986709 -0.0421045 -0.15695
vn 0.456179 0.357176 -0.815062
vn 0.925829 0.0773804 -0.369936
vn 0.835789 0.246967 -0.490371
vn 0.861987 0.075011 -0.50135
vn 0.987857 -0.139405 -0.068592
vn -0.438008 0.100153 -0.893375
vn 0.896089 -0.423032 -0.134417
vn 0.941547 -0.333779 0.0456198
vn 0.702926 -0.198522 -0.682997
vn -0.526943 0.172503 -0.83221
vn 0.886016 -0.206966 -0.414899
vn 0.969699 -0.163321 0.181687
vn -0.189868 0.123566 -0.974003
vn -0.415612 0.106092 -0.903334
vn 0.856089 -0.249298 0.452727
vn 0.848781 -0.26917 -0.455102
vn 0.173054 -0.0135473 -0.984819
vn 0.11923 -0.238778 -0.963727
vn 0.957867 -0.239565 0.158427
vn -0.309543 0.0917221 -0.946451
vn -0.309665 0.010108 -0.950792
vn -0.164676 -0.0544914 -0.984841
vn 0.0513645 -0.00171809 -0.998679
vn -0.264928 -0.340029 -0.902326
vn -0.482974 0.64264 0.594769
vn -0.296183 -0.0831796 0.951502
vn 0.0494121 -0.398571 0.915806
vn -0.300725 -0.0984922 0.948611
vn -0.343938 -0.00670393 0.938968
vn -0.261954 0.521235 0.812215
vn -0.435486 0.731094 0.525218
vn -0.685706 0.393718 0.612203
vn -0.429958 -0.122827 0.894455
vn -0.523946 -0.0194447 0.851529
vn -0.420366 -0.0454958 0.906213
vn -0.599577 0.0175426 0.800125
vn -0.451251 0.187234 0.872534
vn -0.372406 -0.0519405 0.926616
vn -0.331166 -0.183877 0.925483
vn -0.356433 -0.00291004 0.934316
vn -0.403904 0.552343 0.729231
vn -0.271763 0.504752 0.819372
vn -0.357768 0.0158313 0.933676
vn -0.0205932 0.936209 0.350839
vn 0.157616 0.956844 -0.244146
vn 0.186586 0.96296 -0.194664
vn -0.0867981 0.988809 -0.121338
vn -0.232321 0.95962 -0.158608
vn -0.166712 0.951181 -0.259736
vn 0.129086 0.925547 -0.35595
vn 0.819502 0.379756 -0.429188
vn 0.702469 0.638839 -0.313723
vn 0.304291 0.901261 -0.308441
vn 0.10512 0.971623 -0.211893
vn 0.521469 0.834911 -0.176052
vn -0.0127895 0.979335 -0.201841
vn -0.917355 -0.375062 0.133375
vn -0.769781 0.630146 -0.101745
vn -0.938695 0.312908 -0.14471
vn 0.683669 0.700924 -0.203227
vn 0.982326 -0.0810876 -0.1687
vn 0.8802 0.317949 -0.352359
vn 0.99841 -0.0163126 0.0539553
vn 0.987147 0.151967 0.0494691
vn 0.998696 0.0095844 0.0501359
vn -0.997558 -0.0589132 0.0375142
vn -0.907084 -0.420917 0.00519192
vn 0.976682 -0.20971 0.0459696
vn 0.988524 -0.144584 0.0437635
vn 0.119488 -0.99197 0.0414401
vn -0.171424 -0.981979 0.0795684
vn 0.989993 -0.136501 0.0358032
vn 0.917178 -0.395229 0.0507792
vn 0.893249 0.449245 0.0169008
vn 0.444282 0.893945 -0.0589502
vn -0.91156 -0.408884 0.0432643
vn -0.84258 -0.538571 -0.000162294
vn -0.999309 0.0314433 -0.0198252
vn -0.989415 -0.144127 0.0169257
vn -0.996468 0.0631239 -0.0553864
vn -0.982826 -0.184134 0.0121809
vn -0.843201 -0.537586 -0.00369998
vn -0.986635 -0.162927 0.00244692
vn -0.812022 0.554175 -0.18306
vn -0.415561 0.892141 -0.177184
vn -0.838725 0.5231 -0.151352
vn 0.328662 0.942471 -0.0610683
vn -0.14124 0.985423 -0.0948297
vn 0.435853 0.899327 -0.0352746
vn -0.161746 0.982173 -0.0957833
vn 0.480639 0.876578 -0.0244452
vn -0.960194 0.22463 -0.166037
vn 0.83002 0.553678 0.0671416
vn 0.159641 0.977856 -0.135324
vn -0.140471 0.97528 -0.170578
vn -0.644375 0.735103 -0.210723
vn -0.512039 0.855475 -0.0773191
vn -0.489447 0.854518 -0.173897
vn 0.779756 0.619409 0.0911797
vn -0.971747 0.171649 -0.162
vn -0.898899 0.418586 -0.129483
vn -0.987489 0.045796 -0.150891
vn -0.987845 -0.0881229 -0.128048
vn -0.927801 -0.319121 -0.193253
vn -0.904649 -0.398965 -0.149788
vn -0.94776 0.230642 -0.220351
vn -0.508877 0.834641 -0.210756
vn -0.792553 0.592958 -0.142339
vn -0.979735 0.11556 -0.1636
vn -0.992386 0.0374324 -0.117339
vn -0.92457 0.37405 -0.0725109
vn -0.974204 -0.166753 -0.152053
vn -0.983759 0.141362 -0.110614
vn -0.821642 0.561717 -0.0968409
vn -0.458639 0.882998 -0.0998258
vn -0.983137 -0.0752532 -0.16667
vn 0.95233 0.277784 0.126112
vn 0.040299 -0.933546 -0.356185
vn 0.590992 -0.806012 0.0327552
vn 0.683276 -0.718515 -0.129883
vn 0.963069 -0.243507 0.114902
vn 0.981843 -0.167513 0.0890162
vn 0.997043 -0.0121866 0.0758756
vn 0.863294 -0.504698 -0.00192875
vn 0.953034 -0.298735 0.049827
vn 0.929076 -0.36522 0.058585
vn 0.990046 -0.136458 0.0344621
vn 0.924011 -0.280487 0.259866
vn 0.821253 -0.570188 0.020731
vn 0.963259 -0.267855 -0.0196208
vn 0.991648 -0.0582418 0.115073
vn 0.952353 0.285295 0.107844
vn 0.982489 0.177731 0.0559189
vn 0.99922 -0.0374417 0.0125712
vn 0.995355 0.0868622 -0.0415246
vn 0.158974 -0.984439 -0.0748742
vn -0.50367 -0.857374 -0.105955
vn 0.350291 -0.929291 0.117106
vn 0.90261 -0.00436091 0.430438
vn 0.835469 -0.531396 0.140034
vn 0.893454 -0.4353 0.1107
vn 0.717969 -0.682008 0.139233
vn 0.768667 0.125331 0.627251
vn 0.984564 0.166333 0.0544755
vn 0.863288 0.504347 -0.0191684
vn 0.986938 0.0937245 0.131029
vn -0.50551 -0.715455 0.48227
vn -0.477345 -0.842398 0.250016
vn -0.323508 -0.774355 0.543798
vn -0.235613 -0.849397 0.472242
vn -0.454479 -0.878519 -0.147149
vn -0.65144 -0.683189 0.329967
vn -0.660433 -0.74001 0.127335
vn -0.807491 -0.589395 0.0239285
vn -0.50884 -0.527405 0.680386
vn -0.578913 -0.515998 0.631352
vn -0.769722 -0.528373 0.358259
vn -0.592485 -0.356204 0.722552
vn -0.705937 -0.383844 0.595246
vn -0.212634 -0.644196 -0.734709
vn -0.0641847 0.0605234 0.996101
vn 0.142705 0.349567 0.92598
vn 0.692439 0.701209 0.169807
vn -0.514921 -0.475326 0.713387
vn -0.125131 -0.250513 0.959993
vn 0.647206 0.702388 0.296269
vn -0.378398 -0.627736 0.680266
vn -0.240817 -0.43302 0.86862
vn 0.808287 0.572704 -0.136683
vn 0.598803 0.771782 0.213979
vn 0.34898 0.192493 -0.917147
vn 0.425464 0.301075 -0.853425
vn 0.351881 0.340006 -0.87211
vn 0.145319 -0.0239426 -0.989095
vn 0.514783 0.457949 -0.724763
vn 0.505072 0.520742 -0.68828
vn 0.439371 0.321252 -0.838898
vn 0.551995 0.45918 -0.696028
vn 0.615057 0.586926 -0.52652
vn 0.618157 0.593363 -0.51556
vn 0.670074 0.696936 -0.255501
vn -0.219757 -0.261146 -0.939952
vn -0.51612 -0.553834 -0.653367
vn -0.740311 -0.593973 -0.314859
vn 0.0379269 0.126536 -0.991237
vn 0.118675 0.876647 -0.466268
vn 0.122661 0.953433 -0.275535
vn -0.0120316 0.87459 -0.484714
vn 0.261909 0.268053 -0.92712
vn -0.0119548 0.933061 -0.359518
vn 0.284226 -0.216252 -0.934051
vn 0.277566 -0.0379562 -0.959956
vn 0.25199 -0.271672 -0.928814
vn 0.236387 0.115203 -0.964805
vn -0.035263 0.909024 -0.415249
vn 0.223833 0.264404 -0.938077
vn -0.125482 0.992026 0.0117644
vn 0.0993489 0.745602 -0.658945
vn 0.29827 -0.370608 -0.879594
vn 0.258067 -0.44177 -0.859209
vn -0.195956 0.969693 0.145932
vn -0.106422 0.981637 0.158311
vn 0.309115 -0.232427 -0.922185
vn 0.326203 -0.16693 -0.930444
vn -0.930081 0.36414 -0.0484993
vn -0.916486 0.365171 -0.163413
vn -0.936641 0.251838 -0.243477
vn -0.910186 0.335372 -0.243077
vn -0.900172 0.322386 -0.292843
vn -0.92573 0.242002 -0.29062
vn -0.975964 0.17109 -0.134993
vn -0.910781 0.172539 -0.37511
vn -0.914079 0.32951 -0.236394
vn -0.947581 0.311741 -0.0700514
vn -0.965492 0.250694 -0.0705562
vn -0.949021 0.177701 0.260348
vn -0.977394 0.209849 0.0257762
vn -0.88581 0.287643 0.364146
vn -0.929853 0.303419 0.20811
vn -0.913018 0.258784 -0.315324
vn -0.880044 0.25887 -0.398132
vn -0.936139 0.253293 -0.243901
vn -0.927694 0.323707 -0.186006
vn -0.917383 0.356191 -0.177586
vn -0.81615 0.307519 0.489215
vn -0.902384 0.327883 -0.279635
vn -0.92477 0.332277 -0.185451
vn -0.900918 0.369518 0.227602
vn -0.797302 0.21816 0.562774
vn -0.798097 0.416974 0.434941
vn -0.942523 0.296299 0.154461
vn -0.926116 0.352381 0.134673
vn -0.932271 0.303419 0.196995
vn -0.893634 0.381819 0.235867
vn -0.822847 0.286446 -0.490787
vn -0.867798 0.246496 0.43147
vn -0.985967 0.13556 0.0974305
vn -0.748325 0.303107 0.590031
vn -0.677992 0.134038 0.722745
vn -0.0750575 0.54643 -0.834134
vn 0.00461948 0.742947 -0.669335
vn -0.007325 0.658805 -0.752278
vn 0.0433362 0.661031 -0.749106
vn 0.0661689 0.781516 -0.620367
vn 0.285365 0.822293 -0.492343
vn 0.201807 0.629562 -0.750283
vn 0.0606836 0.598352 -0.798932
vn 0.0402978 0.651276 -0.757771
vn -0.344738 -0.43548 -0.831572
vn 0.0416114 0.171744 -0.984262
vn -0.353835 -0.934846 0.0293829
vn -0.322096 -0.817211 -0.477934
vn -0.184192 -0.619481 -0.763096
vn -0.0733716 0.0780292 -0.994247
vn -0.11359 -0.0383296 -0.992788
vn -0.184375 -0.570068 -0.800643
vn -0.175206 -0.281599 -0.943401
vn 0.265328 0.536215 -0.801295
vn -0.225095 -0.279112 -0.933504
vn -0.175922 0.208111 -0.962154
vn -0.114219 -0.776536 -0.619633
vn -0.0933119 0.389554 -0.916265
vn 0.397703 0.646404 -0.651148
vn -0.00417159 0.636575 -0.771204
vn 0.0227944 0.693787 -0.71982
vn 0.173656 0.755445 -0.631781
vn -0.0237838 0.72778 -0.685398
vn 0.24834 0.904539 -0.346606
vn -0.109937 0.59948 -0.792803
vn 0.488107 0.606042 -0.628064
vn -0.111443 0.550554 -0.827327
vn -0.986209 -0.163594 0.025097
vn -0.933182 -0.338942 0.119539
vn -0.966321 -0.251258 -0.0556087
vn -0.982588 -0.130464 -0.132286
vn -0.966273 -0.250938 0.0578444
vn -0.808442 0.246264 -0.53458
vn -0.791964 0.136255 -0.59517
vn -0.809731 0.260031 -0.526041
vn -0.885336 0.134813 -0.444979
vn -0.94196 -0.0275962 -0.334589
vn -0.973067 -0.165821 -0.160136
vn -0.971054 -0.0993248 -0.217232
vn -0.982539 -0.1513 -0.108282
vn -0.847917 0.259206 -0.462439
vn 0.289171 0.688828 -0.664753
vn -0.42729 0.510041 -0.746512
vn -0.693719 0.390755 -0.605032
vn -0.961076 0.0438443 -0.272781
vn 0.351086 0.583362 -0.732412
vn -0.83769 0.29216 -0.46143
vn -0.552608 0.473851 -0.685631
vn 0.968978 0.234685 -0.0774911
vn 0.902262 0.294614 -0.314842
vn -0.254696 0.618307 -0.743523
vn -0.873607 0.205268 -0.441221
vn -0.500482 0.451067 -0.738957
vn 0.525331 0.421516 -0.739156
vn 0.997397 0.0710604 -0.0121988
vn 0.830722 0.454047 -0.32209
vn -0.755653 0.340279 -0.559642
vn -0.295466 0.773093 -0.561273
vn -0.656305 0.507523 -0.558287
vn -0.206983 0.829593 -0.518589
vn -0.649347 0.528566 -0.546778
vn -0.798277 0.370818 -0.474603
vn -0.905604 -0.0707224 -0.418187
vn -0.911988 0.0377447 -0.408477
vn -0.239609 0.804093 -0.544079
vn -0.723863 0.466652 -0.508191
vn -0.918227 -0.142925 -0.369367
vn 0.244948 0.88856 -0.387894
vn 0.29314 0.880535 -0.37246
vn -0.0530595 0.85621 -0.513897
vn 0.922424 -0.0669702 0.380328
vn 0.155635 0.920231 -0.3591
vn 0.840535 -0.139983 0.523361
vn 0.914604 0.0753102 0.397275
vn 0.862667 -0.15883 0.480186
vn 0.874063 -0.156389 0.459953
vn 0.737845 0.658654 -0.147511
vn 0.89598 0.436899 0.0796227
vn 0.931365 0.316696 0.17962
vn 0.520522 0.811378 -0.265938
vn 0.405313 0.860539 -0.308534
vn 0.790363 0.611827 -0.0315202
vn 0.727962 0.682062 -0.0697354
vn 0.702523 0.710576 -0.0392802
vn 0.879724 0.42549 0.212235
vn 0.862851 0.500991 0.06705
vn 0.922756 0.24243 0.29958
vn -0.893174 -0.393719 -0.217316
vn -0.462122 -0.876962 -0.131835
vn 0.896648 -0.441406 0.0344064
vn 0.92443 -0.367722 0.101046
vn 0.905538 -0.422074 0.0430688
vn 0.88568 -0.441166 0.144719
vn 0.961116 -0.258992 0.0958081
vn 0.779695 -0.605828 0.158268
vn -0.902348 -0.39855 -0.164094
vn 0.919824 -0.392242 0.00837913
vn -0.898091 -0.409421 -0.160644
vn 0.987457 0.0283444 0.155325
vn 0.98499 0.131906 0.111334
vn 0.943773 -0.314528 0.101804
vn 0.991696 -0.0870946 0.0946204
vn 0.983804 -0.0898654 0.155092
vn 0.910431 -0.355912 0.210815
vn 0.995611 0.0494157 0.079484
vn 0.958527 -0.186356 0.215633
vn 0.913922 -0.250271 0.31955
vn 0.929265 -0.361164 0.0776339
vn 0.85368 -0.471165 0.221889
vn 0.92226 -0.307863 0.233787
vn -0.866317 -0.460674 -0.193068
vn 0.96098 -0.244569 0.129239
vn -0.957979 -0.224237 -0.17887
vn 0.924222 0.379008 0.0465406
vn 0.354202 0.324201 0.877174
vn -0.260282 0.0746098 0.962646
vn -0.548404 -0.0782103 0.832548
vn -0.773888 -0.14348 0.616856
vn 0.307844 0.0792508 -0.94813
vn 0.41825 0.0533365 -0.906765
vn 0.154511 0.0205561 -0.987777
vn -0.234761 0.0684436 0.96964
vn 0.542319 0.120121 -0.831542
vn 0.387493 0.222811 0.894542
vn 0.90987 0.375934 0.175526
vn 0.870555 0.466149 0.157604
vn 0.92574 0.373763 -0.0575028
vn 0.879793 0.310337 0.360077
vn 0.516881 -0.0575027 -0.854124
vn 0.128622 -0.0417261 -0.990815
vn 0.678031 0.0874584 -0.729812
vn -0.508537 -0.102771 0.854885
vn 0.627976 0.46148 0.626644
vn 0.849425 0.062705 -0.523971
vn 0.890876 0.0937387 -0.444469
vn 0.754957 0.190298 -0.627556
vn 0.890956 0.418676 -0.175805
vn 0.286942 0.0119605 -0.957873
vn 0.378681 0.0188606 -0.925335
vn 0.68934 0.0838814 -0.719565
vn 0.941809 0.325786 -0.0828261
vn 0.966061 0.187955 -0.177197
vn 0.870917 0.1706 -0.460868
vn -0.426038 -0.399836 -0.811556
vn -0.757611 -0.556328 -0.341356
vn -0.681671 -0.173212 0.710861
vn -0.322702 -0.238168 -0.916046
vn -0.946555 -0.315686 0.066146
vn -0.941831 -0.270378 0.199626
vn -0.946518 -0.316803 -0.0611564
vn -0.505343 -0.230603 -0.831535
vn -0.941458 -0.337062 0.00683646
vn -0.926157 -0.333346 0.176389
vn -0.166081 -0.817739 -0.551107
vn -0.841643 -0.5381 0.0456661
vn -0.85714 -0.508713 0.0807586
vn -0.898437 -0.400958 0.179009
vn -0.866518 -0.49822 0.0303723
vn -0.926811 -0.327118 0.184432
vn -0.890938 -0.278751 0.358506
vn -0.758999 -0.282459 0.586632
vn 0.473423 0.836318 -0.276482
vn -0.0741215 0.876899 -0.474926
vn 0.234693 0.817561 -0.525845
vn -0.071968 0.859414 -0.50619
vn -0.933895 -0.351483 -0.0655779
vn -0.940976 -0.270283 -0.203746
vn 0.145841 0.739266 -0.657431
vn 0.631866 0.711246 -0.308016
vn 0.472402 0.779398 -0.411552
vn -0.894173 -0.430074 -0.124463
vn -0.936323 -0.260374 -0.235593
vn -0.914795 -0.243354 -0.322381
vn -0.0811146 0.705037 -0.704516
vn -0.250241 0.704673 -0.663939
vn -0.798421 0.162837 -0.579662
vn -0.94851 -0.1126 -0.296059
vn -0.391335 0.764511 -0.51223
vn 0.911446 0.369812 0.180291
vn 0.865143 0.49414 0.0857538
vn -0.569996 0.589513 -0.572345
vn -0.908802 0.14735 -0.390342
vn -0.865703 0.0943442 -0.491588
vn -0.256558 0.673906 -0.692841
vn 0.695905 0.704536 -0.139088
vn 0.154723 0.823191 -0.546276
vn -0.960073 -0.0732508 -0.269991
vn 0.870242 0.490208 0.0487392
vn 0.835737 0.548224 -0.0315382
vn 0.705236 0.694687 -0.141608
vn -0.520968 0.431931 -0.736226
vn 0.577969 0.734114 -0.35641
vn -0.291926 -0.622311 0.726298
vn 0.888945 0.432756 0.149994
vn 0.879629 0.460691 0.118394
vn 0.527605 0.752196 -0.394758
vn -0.792721 0.195873 -0.577259
vn -0.626163 0.438604 -0.644629
vn -0.0505923 0.749046 -0.660583
vn -0.283833 0.614953 -0.735711
vn 0.836767 -0.0324164 0.546599
vn 0.921704 0.379851 0.0785858
vn 0.604963 0.668801 -0.432118
vn 0.965838 0.207513 0.155226
vn 0.919286 0.154501 0.361999
vn 0.908161 0.0733424 0.412147
vn 0.140023 0.702039 -0.698237
vn 0.908408 0.264981 0.323388
vn 0.941403 0.336047 0.0288683
vn 0.720706 0.59159 -0.361392
vn 0.559381 0.698234 -0.446724
vn 0.892207 0.103931 0.439505
vn 0.874164 0.036998 0.484219
vn 0.205079 0.722852 -0.659869
vn 0.960726 0.060243 0.270881
vn 0.660658 0.723537 -0.200064
vn -0.84174 0.528508 -0.110239
vn -0.726995 0.674174 -0.130263
vn -0.860767 0.484489 -0.156046
vn -0.818849 0.56121 -0.120542
vn 0.36769 0.924301 -0.102331
vn 0.126627 0.979378 -0.157429
vn -0.145972 0.984899 -0.09309
vn 0.979353 0.201004 -0.0215792
vn 0.464171 0.87893 -0.109672
vn 0.0381806 0.993065 -0.111197
vn -0.26017 0.96454 -0.0444272
vn 0.0896003 0.988533 -0.12155
vn -0.397905 0.914504 -0.0731771
vn -0.302237 0.93638 -0.178453
vn 0.819776 0.5628 -0.105945
vn -0.863208 0.504843 -0.00250924
vn 0.843413 0.53448 -0.0546447
vn 0.695522 0.718426 -0.0106176
vn 0.949958 0.303353 0.0745408
vn -0.738319 0.670918 0.0689528
vn 0.985921 -0.14382 0.0852927
vn 0.994852 -0.0410144 0.0926675
vn 0.997509 0.0410741 0.0573569
vn 0.971337 -0.221501 0.0862704
vn 0.956543 0.28233 0.0729051
vn -0.418736 0.900949 -0.113801
vn 0.782474 0.619142 -0.0663168
vn -0.742975 0.657822 0.123523
vn 0.508577 0.860636 0.0255777
vn -0.44609 0.893735 0.0473473
vn 0.39242 0.912359 -0.116651
vn -0.955431 0.291762 0.0450223
vn 0.992062 -0.0771317 0.099321
vn 0.152102 0.986791 -0.055754
vn -0.546412 0.828604 -0.121859
vn -0.551455 0.826214 -0.115182
vn 0.83277 0.530706 -0.157625
vn 0.138828 0.98485 -0.10391
vn -0.687993 -0.725691 -0.00617329
vn -0.896419 -0.439274 0.0589139
vn -0.96131 0.204021 0.185089
vn 0.21245 0.969048 -0.125741
vn -0.801633 -0.596538 -0.0390809
vn 0.252211 0.964585 -0.0772314
vn -0.681324 0.720441 0.129472
vn -0.987944 -0.145422 0.0531014
vn -0.803023 -0.595907 -0.00698853
vn -0.91936 0.364851 0.147178
vn -0.952392 -0.304748 0.00880001
vn -0.0533061 0.998304 -0.0233943
vn -0.722079 0.683815 0.104879
vn -0.981729 0.1601 0.102838
vn -0.24423 0.96913 -0.0337558
vn -0.998523 0.000795296 0.0543152
vn -0.778967 0.616568 0.114257
vn 0.144622 0.978558 -0.146661
vn -0.642032 0.766335 0.022945
vn -0.898841 0.422648 0.115987
vn -0.943552 0.318593 0.0905929
vn -0.376429 0.922897 -0.0810142
vn 0.0151827 0.997485 -0.0692399
vn -0.821094 0.558172 0.119365
vn -0.400984 0.446348 -0.799991
vn -0.378178 0.622424 -0.685252
vn -0.600071 0.1805 -0.779317
vn -0.493937 0.330232 -0.804347
vn -0.594218 -0.19647 -0.779939
vn -0.708338 -0.446231 -0.546933
vn -0.57036 -0.506385 -0.646733
vn -0.60588 -0.603591 -0.518254
vn -0.464008 -0.0707399 -0.883002
vn -0.0303348 0.96758 -0.250737
vn -0.0671451 0.951394 -0.300569
vn -0.0753586 0.958087 -0.276388
vn -0.761655 -0.491134 -0.422692
vn 0.155861 0.399876 0.90322
vn 0.0336364 0.807384 0.589067
vn 0.193419 0.194889 0.961565
vn 0.0362076 0.991347 0.126176
vn -0.0931785 0.961238 -0.2595
vn 0.204934 0.540258 -0.816164
vn 0.222602 0.254199 -0.941186
vn 0.2031 0.56715 -0.79818
vn -0.377091 -0.867236 0.325122
vn 0.0386058 -0.935547 0.351086
vn -0.123794 0.62449 -0.77116
vn -0.427751 0.342567 -0.836467
vn -0.170642 0.718791 -0.673959
vn -0.0931495 0.985419 -0.14238
vn -0.0789708 0.971261 -0.224533
vn 0.243687 0.521528 -0.817695
vn 0.12636 0.818977 0.559741
vn -0.0428889 0.998972 -0.0146935
vn 0.163991 0.754253 -0.635775
vn 0.0548098 0.844852 -0.532185
vn 0.0407172 0.87543 -0.481627
vn 0.0788638 0.761665 -0.643154
vn -0.0103483 0.923598 -0.383223
vn 0.493835 0.786178 -0.371554
vn 0.402623 0.695696 -0.594896
vn 0.508207 0.557604 -0.656357
vn 0.242455 0.604339 0.75894
vn 0.0919432 0.851928 -0.515524
vn -0.374799 0.179511 -0.909561
vn -0.237847 0.775357 -0.585022
vn 0.0804286 0.39758 -0.914036
vn 0.0550596 0.990858 0.123166
vn -0.0753638 0.990116 -0.11828
vn -0.302263 0.138873 -0.943054
vn 0.171699 0.636961 -0.751532
vn 0.150121 -0.716711 0.68102
vn -0.0511782 0.0819691 -0.99532
vn 0.71245 0.469202 -0.521789
vn 0.229291 0.0529272 0.971918
vn 0.330029 0.0949772 0.939181
vn -0.0218839 0.0501859 0.9985
vn 0.406833 0.121041 0.905448
vn 0.97702 0.189088 -0.0983768
vn 0.828423 0.122655 0.546508
vn 0.520878 0.187125 0.832869
vn 0.827783 0.171139 0.534309
vn 0.763696 0.00546624 -0.645553
vn 0.403274 0.0449015 -0.913977
vn 0.870197 0.102493 -0.481925
vn 0.895597 0.0101731 -0.444751
vn 0.200103 -0.00790399 -0.979743
vn 0.811031 0.116975 -0.57319
vn 0.978443 0.200614 0.0490283
vn 0.967618 0.0959391 -0.233477
vn 0.952393 0.0938751 0.290061
vn 0.88859 0.161813 0.429213
vn 0.954912 0.124966 -0.269307
vn 0.869714 0.142626 -0.472499
vn 0.906865 0.159531 -0.390058
vn 0.961682 0.0848165 -0.260719
vn 0.884712 0.131077 -0.44733
vn 0.981662 0.0617586 0.180348
vn 0.877727 -0.0682574 -0.474275
vn 0.809251 0.030654 0.586662
vn -0.826016 -0.374487 0.421255
vn -0.398728 -0.0780855 0.913739
vn -0.545208 0.837441 0.0379524
vn -0.706002 0.702277 -0.0914796
vn -0.60929 0.788579 -0.0831233
vn -0.985496 0.168273 -0.0219457
vn -0.107407 0.993933 -0.0236922
vn -0.383018 0.918923 -0.0942229
vn 0.0577851 0.994117 -0.0916041
vn -0.674052 0.736237 -0.0600759
vn -0.833897 0.548238 -0.0636539
vn -0.987683 0.146984 -0.05365
vn -0.792818 0.595588 -0.129282
vn -0.820116 0.567211 -0.0753745
vn -0.318211 0.936562 -0.146945
vn -0.103688 0.986824 -0.124203
vn -0.0562768 0.994181 -0.0918514
vn -0.124705 0.984841 -0.120571
vn -0.999223 -0.00497868 -0.039095
vn -0.984504 0.169987 -0.04309
vn -0.734947 0.674234 -0.0725331
vn -0.148556 0.986137 -0.073932
vn -0.983073 0.170358 -0.0674223
vn -0.000927405 0.999479 -0.032276
vn 0.222652 0.970704 -0.090334
vn 0.340467 0.934609 -0.102901
vn -0.995393 -0.0936774 -0.0204323
vn 0.730168 0.678787 -0.0781291
vn 0.962196 0.266374 -0.0567764
vn 0.946655 0.320283 -0.0355376
vn 0.910472 0.413544 0.00471078
vn 0.520661 0.853201 -0.0309785
vn 0.861633 0.50753 0.000796009
vn 0.499571 0.86627 -0.00219778
vn 0.565709 0.821941 -0.0662306
vn 0.786945 0.615366 -0.0452039
vn 0.338464 0.935241 -0.10376
vn 0.708242 0.702615 -0.0687401
vn 0.642817 0.169157 -0.747109
vn 0.900289 0.269731 -0.341649
vn 0.577105 0.111284 -0.809052
vn 0.397126 0.250745 -0.882847
vn -0.0651517 -0.10002 -0.99285
vn 0.882176 0.308833 -0.355512
vn 0.948071 0.263133 -0.178668
vn 0.874677 0.371335 0.311531
vn 0.90408 0.374407 0.206057
vn 0.923608 0.257481 0.283993
vn 0.906186 0.376715 -0.192128
vn 0.842663 0.438593 0.31234
vn 0.752469 0.0362851 -0.657627
vn -0.124916 -0.357605 -0.925481
vn -0.793406 -0.352407 -0.496303
vn -0.627892 -0.209424 -0.749596
vn 0.414808 0.574063 -0.705965
vn 0.725045 0.449668 -0.521641
vn 0.920157 0.391464 -0.00811753
vn 0.811751 0.572623 0.114731
vn 0.955205 0.225939 0.191141
vn 0.936492 0.335084 0.103448
vn 0.858789 0.369889 -0.354492
vn 0.90824 0.219153 -0.356471
vn 0.898598 0.410573 0.15476
vn 0.945092 0.23311 -0.229042
vn 0.941447 0.225143 0.250973
vn 0.903987 0.252705 0.344889
vn 0.950206 0.278418 0.139974
vn 0.908741 0.276654 0.312493
vn 0.867642 0.208643 -0.451292
vn 0.839202 0.356277 -0.410862
vn 0.988025 0.154294 0.00069335
vn 0.958566 0.253804 0.129362
vn 0.966839 0.220843 -0.128258
vn 0.925502 0.282626 -0.252126
vn 0.960468 0.19473 0.198949
vn 0.816355 0.268381 0.511407
vn 0.868559 0.236668 0.435423
vn 0.642857 0.686438 -0.339909
vn -0.170807 -0.250844 -0.952839
vn -0.108718 0.15568 -0.981807
vn -0.756126 -0.422322 -0.499919
vn -0.166617 -0.122196 -0.978421
vn -0.900865 -0.377274 -0.214723
vn 0.696392 0.696586 -0.172643
vn 0.419285 0.0747364 -0.904773
vn 0.384573 0.0996087 -0.917705
vn 0.395709 0.0813171 -0.914769
vn 0.871955 0.269247 -0.408902
vn 0.914218 0.37255 -0.159409
vn -0.799057 -0.356598 -0.484094
vn -0.274223 -0.210445 -0.938358
vn 0.220503 0.0754395 -0.972465
vn 0.718968 0.614379 -0.324997
vn 0.610444 0.517247 -0.599845
vn 0.85359 0.48226 -0.197001
vn 0.813045 0.364612 -0.45389
vn 0.904383 0.329639 -0.270981
vn 0.708091 0.245552 -0.662051
vn 0.455058 0.117357 -0.882694
vn 0.752327 0.250926 -0.609131
vn 0.796534 0.260951 -0.545379
vn -0.683663 -0.302831 -0.664001
vn 0.935521 0.334737 -0.112919
vn 0.892383 0.226953 -0.390058
vn 0.63061 0.403094 -0.663209
vn -0.898051 -0.412177 0.153671
vn 0.926397 0.365599 -0.0901419
vn 0.30259 0.224737 -0.926246
vn -0.917552 -0.295894 0.265602
vn 0.500781 0.222583 -0.836466
vn 0.784867 0.456141 -0.419427
vn 0.517121 0.250174 -0.818534
vn 0.141767 0.828944 -0.541067
vn 0.166882 0.667713 -0.725472
vn 0.118411 0.921821 -0.369086
vn -0.222999 0.959968 0.169508
vn 0.608888 0.71815 -0.336921
vn 0.577524 0.775733 -0.254371
vn 0.531849 0.821938 -0.203852
vn -0.126019 -0.848581 -0.513838
vn -0.029145 -0.85682 -0.514791
vn 0.42495 0.904522 -0.0354627
vn 0.388843 0.909784 -0.145238
vn 0.15612 -0.089604 -0.983665
vn 0.181643 0.0181497 -0.983197
vn 0.319128 0.778067 -0.541081
vn 0.220031 0.545378 -0.808795
vn 0.354812 0.571566 -0.739879
vn 0.189181 -0.0979714 -0.977043
vn 0.165414 0.0856958 -0.982494
vn 0.454516 0.624437 -0.635211
vn 0.66569 0.718517 -0.201468
vn -0.0690585 0.987178 0.143913
vn 0.235973 0.965761 -0.107811
vn 0.239092 0.163299 -0.957167
vn 0.180596 0.201986 -0.962594
vn 0.118743 0.988847 -0.0898937
vn -0.242316 -0.60178 0.761015
vn 0.303965 0.932362 -0.195719
vn 0.464234 0.859178 -0.215175
vn -0.125154 0.987621 -0.0945594
vn 0.192898 0.519595 -0.832353
vn 0.213349 0.86946 -0.445559
vn 0.128487 0.979528 -0.154972
vn 0.00721397 0.851577 0.52418
vn 0.00516637 0.975593 -0.219525
vn 0.423287 0.697737 -0.57792
vn 0.966196 -0.206863 -0.15386
vn 0.788157 -0.274119 -0.55106
vn 0.824665 -0.514974 -0.233941
vn 0.592637 -0.238772 -0.769266
vn 0.733492 -0.0944812 -0.673099
vn 0.78631 -0.130674 -0.603854
vn 0.450634 -0.523729 -0.722936
vn 0.388745 -0.571656 -0.722556
vn 0.975904 -0.145208 -0.162867
vn 0.974186 -0.131952 -0.183166
vn 0.977491 -0.167457 -0.128332
vn 0.926174 -0.199878 -0.319767
vn 0.660313 -0.314109 -0.682146
vn 0.492411 -0.376302 -0.784811
vn 0.890458 -0.184307 -0.41607
vn 0.996004 -0.0656576 -0.0605364
vn 0.916212 -0.0900374 -0.390448
vn 0.926794 -0.181453 -0.328827
vn 0.372638 -0.421233 -0.826864
vn 0.468516 -0.336728 -0.816766
vn 0.716035 -0.345176 -0.606752
vn 0.961338 -0.273923 -0.0282181
vn 0.645801 -0.189512 -0.739612
vn 0.62855 -0.770495 0.10612
vn 0.251922 -0.424111 -0.869865
vn 0.891876 -0.431784 -0.134608
vn 0.325617 -0.48393 -0.812272
vn 0.978625 -0.178643 -0.101878
vn 0.577682 -0.0884203 -0.811459
vn 0.331532 -0.261149 -0.90658
vn 0.821709 -0.0800974 -0.56425
vn 0.618285 0.0978146 -0.779844
vn 0.316549 -0.00510284 -0.948562
vn 0.234706 -0.07393 -0.969251
vn 0.765439 -0.102294 -0.635326
vn 0.308004 -0.458192 -0.833783
vn 0.920116 0.0592667 -0.387136
vn 0.946275 -0.0480537 -0.319773
vn 0.974889 -0.163107 -0.151614
vn 0.905522 -0.385201 -0.177903
vn 0.823075 -0.33962 -0.455198
vn 0.797802 -0.597198 0.0828666
vn 0.876537 -0.417063 -0.240294
vn 0.915933 -0.375857 -0.140709
vn 0.655054 -0.130433 -0.744239
vn 0.745125 -0.399398 -0.534107
vn 0.71324 -0.670718 -0.203534
vn 0.591324 -0.591313 0.548347
vn 0.237261 -0.285305 0.928605
vn 0.349607 -0.40666 0.84404
vn 0.793755 -0.0789597 -0.60309
vn 0.845587 -0.281569 -0.453544
vn 0.920391 -0.294545 -0.257146
vn 0.902133 -0.295494 -0.314387
vn 0.903094 -0.322305 -0.283796
vn -0.444714 0.0400788 0.894776
vn 0.846793 -0.174342 -0.502539
vn 0.619122 0.237637 -0.748476
vn 0.617378 0.14277 -0.773603
vn 0.264716 0.316054 -0.911062
vn 0.0478724 0.375869 -0.925435
vn -0.819488 0.223438 -0.527745
vn -0.699145 0.360191 -0.617624
vn 0.898757 -0.4272 0.0986742
vn 0.071152 0.0295676 -0.997027
vn -0.845602 0.415573 -0.335046
vn -0.405079 0.538072 -0.739182
vn 0.479382 -0.306369 -0.822393
vn 0.483706 -0.201746 -0.851661
vn 0.930527 -0.100574 -0.352143
vn 0.850237 -0.414056 0.325045
vn -0.613804 0.375346 -0.694522
vn 0.277649 -0.326684 0.903432
vn -0.277304 0.319731 -0.906021
vn -0.47474 0.475339 -0.740725
vn -0.513693 0.259159 0.817897
vn -0.395359 0.117969 0.91092
vn -0.483097 0.214988 0.848762
vn -0.0351397 0.463004 -0.885659
vn 0.12601 0.470307 -0.873461
vn 0.788821 -0.443979 0.425023
vn 0.489569 0.254937 -0.833864
vn -0.536319 0.0945251 -0.838705
vn -0.317966 -0.0337044 0.947503
vn 0.345071 -0.175538 0.922016
vn -0.202196 -0.107503 0.973427
vn 0.551665 0.0753575 -0.830654
vn 0.0522228 -0.99863 -0.00346685
vn -0.619276 0.0545961 -0.783273
vn -0.981664 -0.189107 0.0239744
vn -0.97406 -0.226229 0.00524705
vn 0.986096 0.0900072 0.139694
vn -0.992649 -0.120983 0.00329953
vn -0.964228 -0.263598 -0.0279321
vn 0.996886 0.0389524 -0.0685632
vn 0.975085 0.147492 -0.165695
vn 0.998178 0.0169458 -0.0579058
vn -0.996083 0.0787511 -0.0402228
vn -0.98634 -0.16386 -0.0168049
vn 0.996476 0.0286012 0.0788568
vn 0.911264 0.409911 -0.0396314
vn -0.624588 0.779338 -0.0502147
vn -0.540209 0.836882 -0.0883337
vn 0.333005 0.942208 -0.0367843
vn -0.983807 -0.0244523 0.177558
vn -0.97542 0.208741 0.0705966
vn 0.730862 0.678572 -0.0733546
vn 0.922948 0.378533 0.0698625
vn -0.987455 0.0261397 0.155724
vn -0.873377 0.482035 -0.0696804
vn -0.794072 0.604462 -0.0638377
vn -0.362559 0.927949 -0.0863807
vn 0.99085 0.0689893 -0.116003
vn 0.83181 0.554199 0.0308971
vn 0.395258 0.918553 -0.00563219
vn -0.0168836 0.994676 -0.101662
vn 0.0573543 0.994577 -0.0867552
vn 0.944745 0.212202 -0.249856
vn 0.962382 0.266469 -0.0530677
vn -0.988023 0.0206792 0.152913
vn -0.889374 0.211106 0.405523
vn -0.977983 0.193771 0.0774708
vn -0.199469 0.974153 -0.106014
vn 0.9663 0.252479 -0.0501865
vn 0.978015 0.203404 -0.0459762
vn -0.996628 -0.0207399 0.0793874
vn -0.993409 -0.113301 -0.017383
vn 0.514543 0.85707 0.0259955
vn 0.96666 0.18983 -0.17185
vn -0.840269 0.542118 -0.00753655
vn -0.999903 -0.0129881 0.00502649
vn -0.988931 -0.148344 0.00312901
vn -0.966123 -0.257722 -0.0136071
vn 0.526973 0.844075 -0.0991763
vn -0.96279 0.268842 -0.0275762
vn -0.900311 -0.360142 -0.244416
vn -0.910524 -0.321889 -0.259489
vn -0.926713 -0.34638 -0.145685
vn -0.848005 -0.483125 0.217896
vn -0.764433 -0.632285 0.125932
vn -0.479243 -0.235894 0.845388
vn -0.794025 -0.49128 -0.358006
vn -0.929388 -0.3689 0.0122466
vn -0.895988 -0.360349 -0.259525
vn -0.918938 -0.393121 0.0317534
vn 0.482286 -0.487415 -0.727892
vn -0.185028 -0.484973 -0.854732
vn -0.452636 -0.541618 -0.708358
vn 0.956487 0.0846991 -0.279211
vn 0.684013 -0.211977 -0.697992
vn 0.266711 -0.145362 -0.952752
vn -0.573278 -0.400448 -0.714839
vn 0.208433 -0.162991 -0.96436
vn -0.0961226 -0.211154 -0.972715
vn -0.0901759 -0.0968493 -0.991206
vn -0.639759 -0.506843 -0.577771
vn 0.739476 0.125547 -0.661372
vn 0.58219 0.332467 -0.741971
vn 0.316318 0.187365 -0.929966
vn 0.433282 0.32871 -0.839176
vn 0.881769 0.442577 -0.163124
vn -0.918826 -0.391455 0.0502154
vn -0.881853 -0.276858 -0.381688
vn -0.805087 -0.374547 -0.459946
vn -0.871891 -0.348217 -0.344312
vn -0.768787 -0.457008 -0.447337
vn -0.866046 -0.428741 -0.257189
vn 0.676616 0.560945 -0.477002
vn 0.741684 0.576578 -0.342728
vn 0.820719 0.545988 -0.16828
vn 0.737586 0.555272 -0.384239
vn 0.789051 0.562543 -0.24687
vn -0.657645 -0.641527 -0.3949
vn -0.656782 -0.513039 -0.552656
vn -0.928231 -0.371928 0.007519
vn -0.932646 -0.357068 -0.0517118
vn -0.862926 -0.126551 -0.489227
vn 0.242086 0.639611 -0.729583
vn -0.547555 0.262135 -0.79465
vn -0.505678 0.273659 -0.818169
vn -0.636798 0.0711597 -0.76774
vn -0.130954 -0.401125 -0.906615
vn -0.731676 -0.348426 -0.585875
vn -0.691229 -0.241286 -0.681163
vn -0.961783 -0.122134 -0.245065
vn -0.912398 -0.212288 -0.349948
vn -0.944553 -0.157699 -0.288013
vn -0.916082 -0.245992 -0.316673
vn -0.158339 0.481444 -0.862056
vn -0.936424 -0.246579 -0.249617
vn -0.915469 -0.238914 -0.323784
vn -0.895318 -0.271655 -0.353001
vn -0.325944 -0.295328 -0.898077
vn -0.109741 -0.198182 -0.974002
vn -0.470517 -0.195437 -0.860476
vn -0.86898 -0.0351662 -0.493595
vn -0.901581 -0.202612 -0.38223
vn 0.650745 0.614754 -0.445654
vn 0.468227 0.645425 -0.603481
vn -0.799282 -0.415342 0.434326
vn -0.715121 -0.549937 0.431476
vn -0.858787 -0.496572 -0.1261
vn -0.943925 -0.267881 -0.192992
vn -0.805985 -0.295685 -0.512794
vn -0.901776 -0.417228 -0.11279
vn -0.914357 -0.338428 -0.222302
vn -0.928681 -0.287696 -0.234057
vn -0.715646 -0.063636 -0.695558
vn -0.945501 -0.184477 -0.268321
vn -0.427452 -0.0799675 -0.900494
vn -0.213097 0.0755036 -0.974109
vn -0.77413 -0.349716 -0.527656
vn 0.715336 0.655682 -0.241609
vn 0.811783 0.551152 -0.192979
vn 0.839984 0.527665 0.126475
vn 0.934453 0.354218 0.0364202
vn 0.862155 0.363681 -0.35274
vn 0.848609 0.528983 -0.00638386
vn 0.777936 0.146935 -0.610922
vn -0.682467 0.199278 -0.703226
vn 0.657936 0.391035 -0.643593
vn -0.0538427 0.404437 -0.912979
vn 0.738858 0.263814 -0.620074
vn 0.891846 0.326246 -0.313327
vn 0.439743 0.150527 -0.885419
vn 0.795705 0.260001 -0.547039
vn 0.892784 0.170899 -0.416809
vn 0.77242 0.0623552 -0.632043
vn 0.217567 -0.188151 0.957739
vn 0.21637 -0.0198268 0.97611
vn 0.24659 -0.0813165 0.965702
vn 0.3815 0.760155 0.525949
vn 0.324123 0.652188 0.68527
vn 0.308132 0.414362 0.856364
vn 0.246415 0.197968 0.94873
vn 0.218068 -0.239272 0.946148
vn 0.134777 -0.674333 0.726023
vn 0.0397647 -0.631314 0.774507
vn 0.174595 -0.419809 0.890661
vn 0.135597 -0.264474 0.954813
vn 0.0639641 -0.512469 0.85632
vn 0.161484 -0.0722903 0.984224
vn 0.671206 0.0446667 -0.739924
vn 0.77322 0.154109 -0.615127
vn 0.674203 0.24856 -0.695463
vn 0.0278391 -0.344797 0.938264
vn 0.313488 0.195016 0.929351
vn 0.117703 -0.580197 0.805926
vn 0.106196 -0.413795 0.904155
vn -0.0286687 -0.601529 0.798336
vn -0.0643106 -0.544428 0.836338
vn -0.0258907 -0.559748 0.828258
vn -0.284851 -0.668703 0.686802
vn 0.133441 -0.304007 0.943278
vn 0.142175 -0.491132 0.859404
vn 0.0399138 -0.63575 0.770863
vn 0.00697042 -0.524881 0.851147
vn -0.0662382 0.335381 -0.939751
vn 0.0725251 0.439938 -0.895095
vn 0.0412349 -0.576242 0.816239
vn 0.2781 0.0783352 -0.957353
vn 0.649659 0.197874 -0.734023
vn 0.729339 0.248234 -0.63753
vn 0.377035 0.0254285 -0.92585
vn -0.0251936 0.190751 -0.981315
vn 0.145623 -0.0791949 -0.986165
vn -0.0094741 -0.170398 -0.98533
vn -0.0155334 -0.385395 -0.922621
vn 0.478691 -0.0509944 -0.876502
vn 0.258787 -0.352118 -0.899468
vn 0.842286 0.174759 -0.509916
vn 0.677393 -0.735369 0.0192542
vn 0.794229 0.0852437 -0.60161
vn 0.0710786 -0.674223 0.735099
vn 0.0674767 -0.558901 0.826485
vn 0.785096 0.0661435 -0.615833
vn 0.108552 -0.894168 0.434374
vn 0.949282 0.0463782 -0.310986
vn 0.429533 -0.422083 0.79834
vn 0.296666 0.936774 0.185591
vn -0.393385 0.750301 -0.531315
vn -0.667357 0.564448 -0.485834
vn -0.182248 0.896032 -0.404861
vn -0.454052 0.785651 -0.420226
vn -0.943022 -0.019084 -0.332182
vn -0.726433 0.537001 -0.428865
vn -0.934821 0.275099 -0.224565
vn -0.585124 0.757776 -0.288798
vn -0.0767376 0.984089 -0.16025
vn 0.0195498 0.984602 -0.173712
vn -0.500565 0.829547 -0.24756
vn -0.972425 0.0612375 -0.225033
vn -0.958966 0.136035 -0.248754
vn -0.587758 0.77258 -0.240127
vn -0.80763 0.537776 -0.24193
vn -0.973883 -0.129263 -0.186661
vn 0.895402 -0.227655 0.38266
vn 0.918977 0.378648 0.110033
vn 0.968899 -0.108835 0.222236
vn 0.967773 0.045587 0.247662
vn 0.895285 -0.390196 0.214968
vn 0.135035 0.969415 -0.204939
vn 0.528034 0.845927 -0.0747498
vn 0.657782 0.752372 -0.0354932
vn 0.142561 0.973986 -0.176145
vn 0.943489 0.115568 0.3106
vn 0.95166 0.283883 0.117274
vn 0.987796 -0.0129186 0.155217
vn 0.982443 0.0616088 0.176098
vn 0.862659 -0.408604 0.298098
vn 0.862415 0.501187 0.0710768
vn 0.947254 0.279216 0.157317
vn 0.39872 0.91393 -0.0758531
vn 0.785046 0.612697 0.0911341
vn 0.344667 0.938358 -0.0262548
vn 0.864291 0.502987 -0.00237148
vn 0.861754 0.505844 0.0387537
vn 0.351885 0.873143 -0.337339
vn 0.639973 0.761229 -0.104716
vn 0.747122 0.663495 -0.0397947
vn 0.352333 0.916907 -0.187465
vn 0.28181 0.880973 -0.380091
vn 0.480922 0.871408 -0.0967594
vn 0.864891 0.479475 0.14855
vn 0.185015 0.887333 -0.422386
vn -0.935972 0.179334 0.302977
vn -0.440333 0.769631 -0.462358
vn -0.919853 0.272631 0.282032
vn -0.947243 0.109548 0.301214
vn -0.925767 0.345776 0.152951
vn -0.92069 0.211317 0.328138
vn -0.907476 0.195406 0.371893
vn -0.733472 0.616416 -0.286445
vn -0.810179 0.564863 -0.156649
vn -0.224034 0.776134 -0.589428
vn -0.912712 0.398919 -0.0884319
vn -0.931563 0.137302 0.336657
vn 0.964588 -0.174635 -0.197667
vn 0.94129 -0.308693 -0.13668
vn 0.959013 -0.247144 -0.138613
vn 0.962907 -0.0545383 -0.264265
vn -0.957135 0.21804 0.190661
vn 0.791728 0.291779 -0.536686
vn 0.966448 -0.0408516 -0.253593
vn 0.818739 0.276051 -0.503451
vn -0.130605 0.807178 -0.575679
vn -0.596997 0.705418 -0.382074
vn -0.872216 0.454105 0.181738
vn 0.968574 -0.180126 -0.17152
vn 0.236708 0.677046 -0.696834
vn 0.307629 0.64037 -0.703769
vn 0.392953 0.596552 -0.699795
vn 0.285402 0.632596 -0.719978
vn -0.704447 0.692139 -0.157155
vn 0.811798 0.283227 -0.510654
vn 0.963046 -0.0577831 -0.263065
vn 0.689824 -0.612326 0.386265
vn -0.0374627 0.724864 -0.687872
vn -0.196155 0.727863 -0.657069
vn 0.293663 0.657905 -0.693487
vn -0.10094 0.771056 -0.628715
vn -0.168254 0.682642 -0.711119
vn -0.132027 0.74545 -0.653355
vn -0.0494834 0.737896 -0.673098
vn 0.655044 0.492037 -0.573425
vn 0.975107 -0.21827 -0.039038
vn 0.946133 -0.314793 -0.0757508
vn 0.979265 -0.043809 -0.19779
vn -0.93157 0.360122 -0.049897
vn -0.141866 0.331757 -0.932637
vn -0.148399 0.496299 -0.855374
vn -0.25877 0.452328 -0.853486
vn 0.0457702 0.827222 0.560009
vn -0.0371526 0.818273 -0.573628
vn -0.0607659 0.985918 -0.155797
vn -0.113628 0.99171 -0.0599906
vn -0.228703 0.385364 -0.893974
vn -0.0851724 -0.603269 0.792976
vn 0.408852 0.772411 0.486026
vn 0.385836 0.884073 0.263714
vn 0.089812 0.0235593 0.99568
vn 0.0685578 0.00760491 0.997618
vn 0.213586 0.312168 0.925706
vn 0.272124 0.891084 0.363205
vn 0.0873573 0.93753 -0.336758
vn 0.241396 0.662329 0.709259
vn 0.21076 0.963644 0.164229
vn -0.0689879 0.853011 -0.517314
vn 0.0605712 0.888068 -0.455705
vn 0.0261765 0.490853 0.870849
vn -0.199919 0.926094 0.319972
vn -0.187082 0.408515 -0.893373
vn -0.183902 0.473338 -0.86147
vn -0.3033 0.81909 -0.486931
vn -0.185529 0.611437 -0.769236
vn -0.346598 0.60321 -0.718337
vn -0.155381 0.447922 -0.880467
vn -0.150692 0.489544 -0.858859
vn -0.234787 0.420247 -0.876509
vn 0.0791719 -0.245166 -0.966243
vn -0.226756 0.0115611 -0.973883
vn -0.250567 0.310848 -0.916837
vn -0.196816 0.240502 -0.950485
vn -0.117662 0.320071 -0.940059
vn -0.0541897 0.0743061 -0.995762
vn 0.0772455 -0.690357 -0.719333
vn -0.237744 0.576406 -0.781815
vn -0.275544 0.0639867 -0.959157
vn -0.865167 -0.298829 0.402725
vn -0.887171 0.158826 -0.433246
vn -0.877882 0.113589 -0.465211
vn -0.675826 0.0932986 -0.731132
vn -0.506435 -0.0151113 -0.862146
vn -0.369417 -0.125516 -0.920748
vn -0.387057 -0.00813024 -0.92202
vn -0.580206 0.0769776 -0.810824
vn -0.433506 0.0253654 -0.900793
vn -0.981481 -0.0127676 0.191133
vn -0.940189 -0.152833 -0.304444
vn -0.993666 0.0665543 0.090547
vn -0.805545 -0.125727 0.579043
vn -0.608758 -0.157829 -0.777499
vn -0.267362 -0.331873 0.904642
vn -0.22145 -0.504957 0.834253
vn -0.79023 -0.054556 -0.610377
vn -0.843443 -0.188087 -0.503217
vn -0.955275 0.192696 -0.224315
vn -0.722522 0.209551 -0.658825
vn -0.912072 0.30663 -0.272218
vn -0.377813 -0.633743 -0.675002
vn -0.857816 0.276313 -0.433362
vn -0.872482 0.244611 -0.423015
vn -0.298277 -0.410658 0.861621
vn -0.946603 0.18264 0.26568
vn -0.6261 0.0547784 -0.777816
vn -0.42518 0.0433499 0.90407
vn -0.559038 0.0771568 0.825545
vn -0.106493 0.020618 -0.9941
vn -0.454996 -0.0556751 0.888751
vn -0.37061 -0.0485278 -0.92752
vn -0.512661 0.0124212 -0.858501
vn -0.587285 0.0288773 -0.808865
vn -0.533604 -0.00202625 -0.845732
vn -0.655523 -0.211096 -0.725071
vn -0.534978 -0.375151 -0.757007
vn -0.626784 0.151125 0.764397
vn -0.606758 -0.219095 -0.764096
vn -0.73074 -0.325055 -0.600299
vn -0.613308 -0.32519 -0.719795
vn -0.734972 -0.486832 -0.472029
vn -0.214324 0.0761198 0.973792
vn -0.95276 0.270037 0.139024
vn -0.39007 0.123479 0.912468
vn -0.831038 -0.499666 -0.244358
vn -0.62696 -0.660772 0.412676
vn -0.534303 -0.700208 -0.473528
vn -0.0958769 -0.414124 -0.905157
vn -0.175464 -0.412604 -0.893851
vn -0.279077 -0.52138 -0.806399
vn -0.0482516 0.147339 -0.987908
vn 0.238893 0.223424 -0.944993
vn 0.26511 0.104466 -0.958542
vn 0.461194 -0.122419 -0.878814
vn 0.220591 -0.311268 -0.924366
vn 0.408434 -0.105979 -0.906614
vn 0.108569 0.341131 -0.933725
vn 0.114981 0.942338 -0.31429
vn 0.207673 0.639752 -0.739993
vn -0.311386 -0.26582 -0.912348
vn -0.332893 -0.415678 -0.8464
vn -0.0958494 -0.173575 -0.980145
vn -0.756339 -0.366649 -0.541774
vn -0.959481 0.0400488 -0.278914
vn -0.964614 -0.225326 -0.136922
vn -0.88395 0.00251353 -0.467576
vn -0.494914 -0.122434 -0.860273
vn -0.666853 -0.364744 -0.649822
vn 0.447085 0.118953 -0.886547
vn 0.101511 -0.158189 -0.982177
vn 0.171605 -0.0636988 -0.983105
vn -0.317706 -0.324945 -0.890771
vn -0.339164 -0.549003 -0.763913
vn 0.0072277 -0.396435 -0.918034
vn 0.197116 0.0730881 -0.977652
vn 0.300616 0.648143 -0.699672
vn 0.118547 0.449318 -0.885472
vn -0.949031 -0.135904 -0.284375
vn 0.205849 0.28077 -0.93744
vn 0.18279 0.16838 -0.968626
vn -0.0120821 -0.0552689 -0.998398
vn -0.0898007 -0.310132 -0.946443
vn 0.0235952 -0.0577315 -0.998053
vn 0.316632 0.167266 -0.933684
vn 0.162224 0.986369 -0.0275463
vn 0.204202 0.92068 -0.332641
vn 0.251735 0.958411 -0.134452
vn 0.169865 -0.17955 -0.968973
vn 0.19136 -0.020706 -0.981301
vn 0.119207 -0.189936 -0.974533
vn 0.152863 0.974315 -0.16536
vn 0.441766 0.0135502 -0.897028
vn 0.153106 -0.120524 -0.980833
vn 0.330589 0.234967 -0.914058
vn 0.170796 -0.39217 -0.903898
vn 0.163419 0.0465871 -0.985456
vn 0.129129 0.00410525 -0.991619
vn -0.982536 0.0590381 0.176457
vn -0.837863 0.0810566 -0.539829
vn 0.107971 -0.21237 -0.971206
vn 0.241784 0.968051 0.0664651
vn 0.0321472 -0.191655 -0.980936
vn 0.0691781 -0.239224 -0.968497
vn 0.10494 0.767112 -0.632872
vn -0.605619 -0.440234 -0.662887
vn -0.829695 -0.482107 -0.281389
vn -0.369327 -0.617458 -0.694509
vn 0.0493864 -0.208668 -0.976739
vn 0.195233 0.0850026 -0.977066
vn 0.254302 0.393338 -0.883525
vn -0.380831 -0.906463 -0.182465
vn 0.211758 -0.0282906 -0.976913
vn 0.170203 0.76254 0.624151
vn 0.21304 0.929851 0.299984
vn -0.142799 -0.26085 -0.954759
vn 0.0852883 -0.165442 -0.982525
vn -0.465043 -0.884684 -0.0327179
vn 0.314489 0.930617 -0.18721
vn 0.091156 0.989552 -0.111704
vn -0.222082 0.96851 -0.112554
vn 0.579377 0.815059 -0.000340742
vn -0.863907 0.496451 -0.084863
vn -0.566609 0.818221 -0.097306
vn 0.944246 0.328694 0.0189865
vn -0.981073 0.185883 -0.054256
vn -0.781132 0.618136 -0.0879825
vn -0.800524 0.591406 -0.0969533
vn 0.988481 0.143286 0.0487373
vn 0.900568 0.431649 0.0515509
vn 0.986377 0.156406 0.0509597
vn -0.403344 0.904088 -0.141203
vn -0.149262 0.980956 -0.124285
vn 0.428317 0.902252 -0.0498554
vn 0.798109 0.602273 0.0169943
vn 0.297891 0.953967 -0.0347611
vn -0.717992 0.681714 -0.140549
vn -0.572661 0.809587 -0.128953
vn 0.903557 0.428299 0.0120453
vn 0.715522 0.694665 -0.0739572
vn -0.0576316 0.993084 -0.102288
vn -0.28715 0.956021 -0.0597429
vn 0.72014 0.693557 0.019394
vn 0.939663 0.341318 0.0231548
vn 0.997361 0.0460426 0.056141
vn -0.0413362 0.993884 -0.1024
vn 0.57753 0.814136 -0.0603443
vn 0.121598 0.989649 -0.0762127
vn -0.998734 0.0261781 -0.0429495
vn 0.650606 0.759274 0.0146508
vn -0.98612 -0.161807 0.0372369
vn -0.995276 -0.097071 0.0016611
vn -0.794532 0.600136 -0.0925011
vn -0.974063 0.170289 -0.149006
vn -0.983742 0.170882 -0.0552445
vn -0.964688 0.263052 -0.0134029
vn -0.999835 0.0146773 0.0107198
vn -0.0484956 0.996168 -0.0727905
vn -0.510654 0.853156 -0.106571
vn 0.987628 0.150595 0.043735
vn 0.980645 0.192251 0.0370854
vn -0.826465 0.545517 -0.139163
vn -0.857245 0.495614 -0.139637
vn -0.97238 0.220338 -0.077
vn -0.980992 0.19165 0.0304218
vn -0.836193 0.541252 -0.0884744
vn 0.0852761 0.994689 -0.0576283
vn -0.335725 0.938676 -0.078587
vn 0.108 0.992429 -0.0584878
vn 0.668947 0.742651 -0.0313133
vn 0.846495 0.532045 -0.0193163
vn 0.930806 0.364626 0.025446
vn -0.754437 0.65337 -0.0627101
vn -0.93431 0.345685 -0.0869881
vn 0.743133 0.669095 -0.00808992
vn 0.708585 0.704779 -0.0345393
vn 0.428962 0.900287 -0.0740012
vn 0.845748 -0.516799 0.132776
vn 0.845924 -0.524588 0.096023
vn 0.708655 -0.701603 0.0745809
vn -0.0153241 -0.994049 0.10785
vn 0.428103 -0.895858 0.119022
vn 0.916141 0.39335 -0.0772101
vn 0.989158 -0.142443 -0.0357368
vn 0.968143 0.250134 0.0115096
vn 0.975803 -0.201835 0.084094
vn 0.98524 -0.142815 -0.0943772
vn 0.975102 -0.206683 0.0803689
vn 0.848077 -0.528837 0.0331387
vn 0.953133 -0.299964 -0.039495
vn 0.857317 -0.514422 -0.0194463
vn 0.956385 -0.292066 0.00510247
vn 0.924378 -0.376348 -0.0623433
vn 0.940149 -0.292418 0.174962
vn 0.264289 0.958349 -0.108253
vn 0.286074 0.949287 -0.130449
vn 0.564083 0.820718 -0.0907358
vn 0.405805 0.908099 -0.103341
vn 0.756826 -0.653613 0.00191071
vn 0.875292 0.473201 -0.0997267
vn 0.993043 -0.0562706 -0.103433
vn 0.0948553 0.989596 -0.108175
vn -0.648208 0.755578 -0.0944848
vn -0.663244 0.746837 -0.0483826
vn -0.20921 0.973467 -0.0926993
vn -0.164627 0.979665 -0.11469
vn -0.635628 0.757589 -0.148445
vn 0.447432 0.888335 -0.103274
vn 0.232932 0.968422 -0.0888953
vn 0.179009 0.981872 -0.0623169
vn 0.504203 0.856016 -0.114088
vn 0.559959 0.826285 -0.0608227
vn 0.501702 0.863123 -0.0575708
vn 0.0601776 0.997972 -0.0207518
vn 0.523183 0.851634 -0.0316065
vn 0.0407564 0.996002 -0.079498
vn 0.623838 0.781359 0.017451
vn -0.337572 0.926398 -0.166831
vn -0.684907 0.725782 -0.0643679
vn -0.871636 0.47621 -0.116077
vn -0.0893317 0.991309 -0.0965761
vn 0.13511 0.981179 -0.13796
vn -0.840009 0.541846 -0.0280835
vn -0.837356 0.540784 -0.0799262
vn -0.949699 0.313147 -0.00332088
vn -0.917411 0.397645 0.0153546
vn -0.756933 0.652508 0.0358649
vn -0.932151 0.351897 0.0852173
vn -0.407926 0.909856 -0.0758804
vn -0.428209 0.900874 -0.0711617
vn -0.321161 0.945434 -0.0548724
vn -0.510959 0.858628 -0.0409879
vn -0.660704 0.744293 -0.0974551
vn -0.723371 0.679445 -0.122836
vn -0.865692 0.475339 -0.156939
vn -0.796932 0.594613 -0.106468
vn -0.928867 0.357868 -0.0955879
vn -0.907377 0.413228 -0.0768735
vn -0.97467 0.181789 0.130276
vn -0.987354 -0.0385202 0.15378
vn -0.981062 0.169112 0.0944386
vn -0.99941 -0.0177734 0.0293986
vn -0.987569 0.157023 -0.00709285
vn -0.995541 0.0171931 -0.0927473
vn -0.974743 0.211691 -0.0711618
vn -0.973741 0.208988 -0.0902898
vn -0.600854 -0.796513 0.0673838
vn -0.239618 -0.0726971 -0.968142
vn -0.152311 0.229876 -0.961228
vn -0.204476 0.0511113 -0.977536
vn -0.139728 0.276048 -0.950933
vn -0.056685 0.550456 -0.832937
vn -0.165789 0.558762 -0.812588
vn -0.233136 0.278358 -0.931753
vn -0.079037 0.691892 -0.717662
vn -0.0714261 0.746384 -0.661672
vn -0.141417 0.50165 -0.853434
vn -0.208518 0.429806 -0.878514
vn -0.24061 0.159322 -0.957457
vn -0.0946903 0.135713 -0.986213
vn -0.105645 0.280645 -0.95398
vn -0.534165 0.050408 -0.843876
vn -0.373625 0.163479 -0.91306
vn -0.493024 0.357709 -0.793077
vn -0.192035 -0.921437 -0.337752
vn -0.210251 -0.246945 -0.945945
vn -0.400806 -0.029302 -0.915694
vn -0.0675561 0.747902 -0.660363
vn -0.22828 0.15367 -0.961391
vn -0.337191 0.701652 -0.627683
vn -0.213638 0.910607 -0.353771
vn -0.568173 0.396454 -0.721113
vn -0.00539859 0.789162 -0.614161
vn -0.529056 -0.0496056 -0.847136
vn -0.262629 0.639293 -0.722725
vn -0.0634655 0.973022 -0.22181
vn -0.428032 0.727151 -0.536694
vn -0.0224674 0.497808 -0.866996
vn 0.00844928 0.762549 -0.646876
vn -0.0270905 0.814559 -0.579447
vn -0.111716 0.448442 -0.886803
vn -0.0582626 0.262875 -0.963069
vn 0.0203242 0.981505 0.190357
vn 0.225915 0.412077 0.882698
vn 0.239254 0.314423 0.918638
vn -0.0777244 0.328592 -0.941268
vn 0.190774 0.535139 0.822941
vn 0.270262 0.94881 0.163458
vn 0.182631 -0.125003 0.975203
vn 0.206811 -0.535282 0.818964
vn 0.289525 0.00202666 0.957168
vn -0.103298 0.444814 -0.889646
vn 0.165385 0.18784 0.968176
vn 0.152625 0.104146 0.982781
vn 0.216502 -0.566504 0.795111
vn 0.277415 0.120334 0.953185
vn -0.237467 0.0994753 -0.966289
vn -0.232306 0.0657112 -0.97042
vn 0.159923 0.658166 0.735692
vn 0.085448 0.931562 -0.353398
vn 0.129713 0.902734 0.410178
vn 0.0356345 0.984835 -0.169793
vn 0.00420165 0.793389 -0.608701
vn 0.0621243 0.960747 -0.27038
vn -0.043992 0.773284 -0.632531
vn 0.223996 0.815715 0.533324
vn 0.0210422 0.867531 -0.496939
vn 0.220108 0.960689 -0.169204
vn -0.0643236 0.756315 -0.651038
vn -0.0900733 0.913056 -0.397764
vn 0.0261223 0.977769 -0.208049
vn 0.00371934 0.990774 -0.135474
vn 0.0865317 0.951439 -0.295425
vn 0.139115 0.990202 -0.0121319
vn -0.615282 -0.747722 -0.249678
vn 0.852198 0.398227 0.339374
vn 0.92257 0.38003 -0.066642
vn 0.91589 0.400969 0.0192106
vn 0.834835 0.550452 -0.00730636
vn 0.702706 0.708602 0.0639357
vn -0.843403 0.493861 -0.211595
vn -0.622302 0.763566 -0.172357
vn -0.692354 0.702881 -0.163109
vn -0.881436 0.224764 -0.415393
vn -0.937833 -0.1346 -0.319926
vn -0.968049 0.0116404 -0.250489
vn -0.802376 0.547605 -0.237322
vn -0.933151 -0.355678 -0.0521777
vn -0.958109 -0.0830105 -0.274109
vn -0.823514 -0.508658 -0.251179
vn -0.955757 -0.0596563 -0.288046
vn -0.948727 0.000323091 -0.316097
vn -0.933485 0.186769 -0.306141
vn -0.624741 0.645281 -0.439672
vn -0.829874 -0.248486 -0.499564
vn -0.896491 -0.105557 -0.430305
vn -0.897563 -0.102155 -0.428889
vn -0.235809 0.85185 -0.467703
vn -0.877678 0.366059 -0.309325
vn -0.879425 -0.225 -0.419508
vn -0.754921 0.488826 -0.4372
vn -0.777708 -0.225808 -0.586669
vn -0.836579 -0.25124 -0.486841
vn -0.773137 0.468449 -0.427567
vn -0.746517 0.51336 -0.42329
vn -0.587251 0.721388 -0.367064
vn -0.931358 -0.197929 -0.305608
vn -0.740165 0.430726 -0.516363
vn -0.824131 0.00574541 -0.566369
vn -0.969346 -0.123345 -0.212497
vn -0.770949 0.512347 -0.378337
vn -0.385681 0.900977 -0.198724
vn -0.952261 -0.290383 -0.0942129
vn -0.958212 -0.285275 -0.0211838
vn -0.941415 0.14259 -0.305625
vn -0.86293 0.358845 -0.355783
vn -0.981337 -0.191148 -0.0209548
vn -0.311752 0.946102 -0.0877572
vn -0.573563 0.79484 -0.198128
vn -0.988261 0.0921537 -0.121852
vn 0.319582 0.946898 -0.0353731
vn -0.930024 0.291368 -0.223966
vn -0.061373 0.996771 -0.0517764
vn -0.871917 -0.488448 0.0343486
vn -0.926329 0.234644 -0.294714
vn -0.951985 0.205286 -0.227115
vn -0.975402 -0.220142 -0.0113304
vn -0.937089 0.239371 -0.254099
vn -0.325 0.902195 -0.283582
vn -0.827816 0.259839 -0.497196
vn -0.904891 0.149868 -0.398387
vn -0.909679 0.352157 -0.220157
vn -0.936593 0.141327 -0.320656
vn 0.425938 0.902737 -0.0603592
vn 0.0555354 0.96603 -0.252391
vn 0.754641 0.17261 0.633027
vn 0.205822 0.945839 0.25105
vn 0.177243 0.9835 -0.0362359
vn 0.749444 0.448656 0.486869
vn 0.73757 0.334144 0.586803
vn 0.0865475 0.969218 -0.230492
vn 0.405223 0.892255 0.199186
vn 0.455273 0.883685 0.108752
vn 0.713354 0.684192 0.151685
vn 0.632509 0.676523 0.377159
vn 0.395653 0.918387 0.00495098
vn 0.131517 0.981662 -0.137995
vn 0.714427 0.693533 -0.092768
vn -0.145273 0.961163 -0.23465
vn 0.517996 0.85494 0.0275393
vn 0.539859 0.83533 -0.103811
vn 0.0720525 0.988944 -0.129606
vn 0.271914 0.960561 -0.0581842
vn 0.551509 0.831225 -0.0700236
vn 0.480021 -0.693311 0.537495
vn 0.534355 -0.341758 0.773089
vn 0.375573 -0.509844 0.773954
vn 0.662499 -0.622717 0.416316
vn 0.762195 -0.510169 0.398481
vn 0.769886 -0.637606 0.0271078
vn 0.872255 -0.486689 0.0480155
vn -0.595184 0.615642 0.516469
vn -0.193684 -0.131281 0.972241
vn -0.61781 0.37427 0.691544
vn -0.628738 0.249793 0.736404
vn -0.563827 0.218885 0.79636
vn -0.778421 0.306151 0.548025
vn -0.718019 0.582377 0.381163
vn -0.745403 0.393387 0.538165
vn -0.864598 0.425967 0.266501
vn -0.786467 0.557989 -0.264797
vn -0.776847 0.582278 -0.23971
vn -0.7841 0.619213 0.0419854
vn -0.730244 0.440762 0.521989
vn -0.712977 0.579439 0.394859
vn -0.749897 0.598867 -0.281093
vn -0.795094 0.596468 -0.10978
vn -0.697389 0.361009 -0.619129
vn -0.709414 0.585189 0.392792
vn -0.679314 0.448816 0.5806
vn -0.778911 0.537869 0.322482
vn -0.756263 0.609255 -0.238484
vn -0.754743 0.590424 -0.285942
vn -0.780889 0.59519 -0.189636
vn -0.779766 0.475141 -0.407684
vn -0.677625 0.483504 -0.554119
vn -0.706061 0.58596 -0.397655
vn -0.571341 0.820678 -0.00761805
vn -0.711806 0.693635 0.110469
vn -0.329771 0.871442 0.363098
vn -0.65381 0.657828 0.373891
vn -0.492908 0.636341 -0.59339
vn -0.562086 0.726586 0.395136
vn -0.487802 0.779179 0.393612
vn -0.356184 0.780887 0.513174
vn -0.0816839 0.889046 0.450473
vn -0.605641 0.246866 0.756476
vn 0.746457 -0.491868 0.448182
vn 0.87005 -0.491078 0.0430874
vn 0.69252 -0.416835 -0.588782
vn 0.596405 -0.572629 -0.562492
vn 0.260776 -0.272814 -0.92605
vn 0.695398 -0.718491 -0.0138788
vn 0.684304 -0.675142 -0.275521
vn 0.815461 -0.495144 -0.29976
vn 0.469658 -0.471369 -0.74648
vn 0.81435 -0.503974 -0.287827
vn 0.850567 -0.461378 -0.252322
vn 0.747113 -0.426141 -0.510124
vn 0.609358 -0.478154 -0.632496
vn 0.790549 -0.503701 0.348306
vn 0.830367 -0.453743 -0.323433
vn 0.847938 -0.527692 -0.0504255
vn -0.432635 0.195651 -0.880084
vn 0.274039 -0.282894 -0.91917
vn 0.304903 -0.277945 -0.910923
vn -0.170807 -0.105943 -0.979592
vn -0.477693 0.315826 -0.819795
vn -0.391574 0.041097 -0.919228
vn -0.233539 0.227491 -0.945361
vn 0.0581457 -0.269844 -0.961147
vn -0.435262 0.296535 -0.850067
vn -0.173486 0.251521 -0.952176
vn -0.548722 0.49673 -0.672431
vn -0.472963 0.563459 0.677363
vn -0.069083 0.00571018 0.997595
vn -0.659065 0.657528 0.365089
vn -0.543919 0.42858 0.721437
vn 0.420862 -0.372489 0.82712
vn -0.335719 0.177252 0.925135
vn 0.156169 -0.195952 0.968098
vn -0.0140223 0.999815 0.0132021
vn -0.188643 0.887992 0.419386
vn 0.0351348 0.860168 0.5088
vn -0.147288 0.139394 0.979222
vn -0.0357975 0.47273 0.88048
vn -0.150076 0.483906 0.862156
vn -0.325801 0.736843 0.592381
vn -0.205114 0.307954 0.929028
vn -0.388624 0.150277 0.909059
vn -0.155954 -0.206827 0.965868
vn 0.103712 0.754814 -0.647688
vn 0.0157531 0.836937 -0.547072
vn 0.105103 -0.00430835 -0.994452
vn 0.287733 0.76907 -0.570737
vn 0.104002 0.601297 -0.792228
vn -0.021582 -0.288106 -0.957355
vn 0.159059 0.977891 -0.135759
vn 0.0938726 0.988954 -0.114709
vn 0.156149 0.987401 -0.025639
vn 0.0873512 0.642428 0.761352
vn -0.111721 0.842648 0.526748
vn 0.0552066 0.917471 -0.393953
vn 0.107834 0.541335 -0.833864
vn -0.231596 0.0187812 0.972631
vn 0.250832 0.966497 -0.0544669
vn 0.173393 0.963883 0.202151
vn 0.216353 0.958483 0.185746
vn -0.117307 -0.99278 -0.0250351
vn -0.0180545 -0.996049 -0.0869478
vn -0.00073002 -0.806194 -0.591651
vn -0.00696274 -0.450697 -0.89265
vn -0.00577003 0.225823 0.974151
vn -0.151338 0.1219 0.980937
vn 0.102493 0.969257 0.223686
vn -0.279981 -0.196855 0.939606
vn -0.277268 -0.492109 0.825197
vn -0.306367 0.569985 0.762402
vn 0.24721 0.968318 0.0353048
vn 0.0742454 0.997196 -0.00937918
vn -0.040781 0.992151 0.118205
vn 0.0162305 0.997813 -0.0640853
vn -0.381721 0.259328 0.887152
vn 0.249541 0.965069 0.0798154
vn 0.247561 0.967597 -0.0496913
vn 0.118707 -0.0924117 -0.98862
vn 0.0506372 -0.541291 -0.83931
vn 0.293832 0.803052 -0.51843
vn 0.0233548 -0.489959 -0.871433
vn 0.219738 0.971282 0.0912518
vn 0.109583 0.975126 -0.192669
vn 0.115133 0.868241 0.4826
vn 0.0549537 0.523209 0.850431
vn 0.149961 0.711455 0.686545
vn 0.186566 0.954508 0.232612
vn 0.193286 0.981134 -0.00416876
vn 0.186882 0.863498 0.468451
vn 0.232896 0.80866 0.540211
vn 0.092714 0.421172 0.90223
vn -0.0239588 0.986444 -0.162341
vn 0.000156974 -0.0433241 0.999061
vn -0.0911007 -0.186135 0.978292
vn -0.113889 -0.365528 0.923807
vn 0.102408 0.713054 0.69359
vn -0.0934781 -0.279275 0.95565
vn 0.0561517 0.408406 0.911072
vn -0.0637141 -0.0861241 0.994245
vn -0.0608896 0.0842028 0.994587
vn 0.16959 0.787439 0.592604
vn -0.203276 -0.522072 0.828324
vn -0.192809 -0.505797 0.84083
vn 0.0773668 0.348982 -0.93393
vn -0.157856 -0.75091 0.641261
vn 0.0929505 0.976026 0.196806
vn 0.159463 -0.040582 -0.986369
vn -0.106936 -0.471066 -0.875592
vn -0.201133 -0.670064 -0.714534
vn -0.124305 -0.676406 -0.725964
vn -0.117651 -0.725649 -0.677932
vn -0.201743 -0.962906 0.179199
vn 0.00808062 -0.686766 -0.726834
vn -0.0790472 -0.94137 -0.327985
vn 0.0372062 -0.680361 -0.731932
vn -0.193037 -0.732122 0.653249
vn -0.2456 -0.793889 0.556256
vn -0.184568 -0.761871 0.620876
vn -0.150325 -0.638477 0.754818
vn -0.0656943 -0.591834 0.803378
vn 0.345108 0.802679 -0.486422
vn 0.432511 0.579658 -0.690602
vn 0.204259 0.978917 -0.00011668
vn 0.33394 0.942164 -0.0284873
vn 0.14903 0.983679 0.10083
vn 0.152424 0.988087 0.021252
vn 0.218741 0.767111 -0.60307
vn 0.200583 0.976056 -0.084151
vn -0.868679 0.485289 -0.0994568
vn -0.943073 0.305084 -0.132427
vn -0.982522 0.182954 -0.0343325
vn -0.787895 0.614112 0.0456974
vn -0.715746 0.698325 0.0070866
vn -0.542742 0.839325 -0.0310669
vn -0.900946 -0.433931 0.00107671
vn -0.627174 0.774024 -0.0868292
vn -0.85763 0.513707 -0.0239971
vn -0.792056 0.610253 -0.0154479
vn -0.962474 -0.254124 0.0952106
vn -0.929354 -0.363428 0.0649699
vn -0.767206 0.640609 -0.0318732
vn -0.732696 0.669308 0.123221
vn -0.970947 -0.237303 -0.0308087
vn -0.992107 0.111414 -0.05753
vn -0.98659 0.137562 -0.0878493
vn -0.965311 0.260268 -0.0208623
vn -0.950682 0.310141 -0.00409546
vn 0.318116 0.947593 0.0295005
vn -0.80831 0.583002 -0.0821188
vn -0.971434 -0.234629 -0.0355781
vn -0.837185 0.540531 0.0833461
vn -0.942832 0.329605 0.0492825
vn -0.956127 0.0485387 -0.288902
vn -0.984132 0.0763343 -0.160177
vn -0.976612 0.197956 -0.0839237
vn -0.969792 0.221205 -0.102817
vn -0.730197 0.663669 -0.162342
vn 0.841191 0.537579 -0.0583641
vn 0.561934 0.823622 -0.0766673
vn 0.689822 0.719959 -0.0761934
vn 0.742018 0.67024 -0.0137104
vn -0.486381 0.871274 -0.0656945
vn 0.780246 0.621389 0.0713636
vn -0.995428 0.0498016 -0.0814997
vn -0.995817 0.0875859 -0.0260373
vn -0.0058476 0.999723 -0.022802
vn -0.866357 0.499367 0.00766879
vn -0.813573 0.566601 -0.130623
vn -0.895357 0.445141 -0.0136271
vn 0.960901 0.275761 -0.0250171
vn 0.587325 0.802802 -0.102754
vn -0.994913 0.00796108 -0.100427
vn -0.929727 0.364906 0.0495178
vn -0.936046 0.351753 0.00937084
vn -0.815082 0.56752 0.116456
vn -0.910683 0.413103 0.001477
vn -0.931686 0.145211 -0.332979
vn -0.992956 0.111963 -0.0387685
vn -0.91436 0.392758 -0.0984258
vn -0.985607 0.144388 0.0879213
vn -0.940491 0.338287 0.0322332
vn -0.96986 0.21951 -0.105766
vn -0.991759 0.106299 -0.071517
vn 0.915244 0.402506 -0.0178042
vn 0.649685 0.75709 -0.0687378
vn 0.176546 0.984263 -0.00759517
vn -0.75778 0.643826 -0.106102
vn 0.315213 0.947351 -0.0562817
vn -0.0610505 0.996643 -0.0545457
vn -0.132525 0.978068 -0.160685
vn 0.970559 0.239227 -0.0280321
vn -0.309615 0.948056 -0.0730041
vn -0.490211 0.871197 -0.0266288
vn -0.7432 0.664082 0.0815403
vn -0.762462 0.638649 -0.103829
vn -0.974973 0.221762 -0.0157934
vn -0.971344 0.216539 -0.0979914
vn -0.777508 0.610643 -0.150323
vn -0.974875 -0.221769 0.0209241
vn 0.252706 0.962936 -0.0943106
vn -0.781528 0.510139 -0.359127
vn -0.90204 0.429959 -0.0381892
vn 0.0782293 0.975541 -0.205426
vn 0.697181 0.716505 -0.0236524
vn 0.926565 0.37358 0.04377
vn -0.889676 0.456267 0.0172429
vn -0.810364 0.582843 0.0600329
vn -0.989734 0.127577 -0.064432
vn -0.586883 0.801491 -0.114806
vn -0.735328 0.657264 0.165217
vn -0.679247 0.732986 0.0368078
vn -0.89519 0.415894 0.160207
vn -0.96036 0.266727 0.0810248
vn -0.809813 0.570173 -0.138222
vn -0.876198 0.445107 0.184815
vn -0.904033 0.370344 0.213471
vn -0.823788 0.521638 0.221961
vn 0.0248961 0.99562 -0.0901142
vn -0.781607 0.615786 0.0994871
vn -0.98706 0.152302 -0.0501607
vn -0.988814 0.137318 -0.0582306
vn -0.204591 0.971507 -0.119652
vn 0.918758 0.382773 0.096792
vn 0.979822 0.152229 0.129523
vn 0.88192 0.47065 0.0265616
vn 0.632915 0.774195 0.00636359
vn 0.709318 0.704597 -0.0202737
vn 0.97183 0.226863 0.0638668
vn 0.990661 0.13485 0.0201384
vn 0.719764 0.693868 0.0220649
vn 0.997973 0.0619114 0.0147227
vn 0.999354 0.0159599 0.032192
vn 0.993356 0.0758522 0.086544
vn 0.998997 0.0428052 0.0131123
vn -0.896265 0.44111 0.0461669
vn 0.26955 0.958838 -0.0892864
vn -0.549861 0.833832 -0.0487517
vn -0.089491 0.991853 -0.0906603
vn 0.253784 0.961326 -0.106984
vn -0.854171 -0.517609 0.0497388
vn -0.961815 -0.264091 0.0718905
vn -0.872455 0.309621 -0.378096
vn -0.837158 0.505459 -0.208993
vn -0.351616 0.868873 -0.348463
vn -0.966861 -0.0440786 -0.251469
vn -0.965743 0.246189 0.0820416
vn -0.984016 -0.0596243 0.167804
vn -0.994229 -0.0438417 0.0979144
vn -0.963653 -0.118208 0.239582
vn -0.996256 -0.0482841 0.0717072
vn -0.989462 -0.138499 0.042226
vn -0.966331 -0.0902381 -0.24096
vn -0.969681 -0.056415 -0.237774
vn -0.993201 0.0559618 -0.102077
vn -0.998289 -0.0566254 0.0145771
vn -0.993425 -0.0217396 0.112399
vn -0.967484 -0.0326319 0.250817
vn -0.958343 0.0579149 0.279688
vn -0.989009 -0.146684 -0.0185492
vn -0.291306 0.912511 0.287168
vn -0.731988 0.597304 0.327752
vn 0.130297 0.986933 -0.0947943
vn -0.125208 0.99032 -0.0599032
vn -0.131143 0.991352 -0.00467179
vn -0.21199 0.975425 -0.0600595
vn -0.994588 0.103359 -0.0105791
vn -0.680044 0.714344 -0.165085
vn -0.880494 0.472067 -0.0433972
vn -0.998421 -0.0551873 -0.0105096
vn -0.997096 -0.0621673 -0.0439931
vn -0.992261 -0.096221 0.0784801
vn -0.960833 0.031737 0.275306
vn -0.895333 0.427035 0.126568
vn -0.475682 0.864177 0.164084
vn -0.995844 0.0500095 -0.0761108
vn -0.928319 0.0724012 0.364668
vn -0.966885 0.255117 -0.00697821
vn -0.867887 0.489583 0.0841484
vn -0.268119 0.962516 -0.0409297
vn 0.118538 0.983235 -0.138553
vn 0.217033 0.970518 -0.104838
vn -0.934933 -0.353946 0.0249581
vn -0.668006 0.736428 -0.106962
vn 0.00352667 0.974649 -0.223711
vn -0.461321 0.871101 -0.168422
vn -0.949213 0.25522 0.184004
vn -0.562691 0.825326 -0.0470678
vn 0.101883 0.991601 0.0796746
vn -0.169957 0.909705 -0.378883
vn -0.0487529 0.959214 -0.278446
vn -0.997623 -0.0578749 0.0373956
vn -0.988187 -0.117142 0.0988188
vn -0.986673 -0.160771 0.0250905
vn -0.992064 -0.0449711 0.11742
vn -0.982125 0.147675 0.11672
vn -0.125365 0.903934 -0.408884
vn -0.845986 0.264353 0.463061
vn -0.717464 0.643723 0.266206
vn -0.785938 0.0890093 0.611865
vn 0.461717 0.882316 -0.0913002
vn -0.138082 0.990419 -0.00171678
vn 0.418367 0.90368 -0.0912803
vn -0.981344 0.100314 0.164016
vn -0.989953 0.138848 -0.0267351
vn 0.310333 0.950625 0.00228256
vn -0.99791 0.0619109 -0.0185296
vn -0.930569 -0.365146 0.0266235
vn -0.993293 0.114915 0.0127852
vn 0.999574 -0.00312008 -0.029005
vn 0.814778 0.578827 -0.0331204
vn 0.98982 0.0124086 -0.141782
vn 0.990717 -0.135212 0.0140612
vn 0.996806 0.0525699 -0.0601157
vn 0.999325 0.00140572 -0.0367194
vn -0.982204 0.17574 0.0662599
vn 0.871079 0.462002 -0.166662
vn 0.807586 0.563879 -0.172758
vn 0.998982 0.0221591 -0.0392926
vn 0.869178 0.0303812 -0.493565
vn 0.958349 0.159995 -0.236576
vn 0.303298 0.952177 -0.0370148
vn 0.508019 -0.834496 -0.213388
vn -0.776381 -0.62625 -0.0710117
vn -0.50347 -0.863515 0.0293415
vn -0.28338 -0.922644 -0.261578
vn 0.365765 0.858669 -0.359032
vn 0.856211 0.0229579 -0.516116
vn 0.960584 0.00816691 -0.277869
vn 0.557428 0.733424 -0.389054
vn 0.900892 0.288717 -0.324093
vn 0.907337 -0.302404 -0.292047
vn 0.932601 -0.359019 -0.0368864
vn -0.919175 -0.392472 0.0329017
vn -0.999097 -0.0408875 0.011592
vn -0.98876 -0.148092 0.0205545
vn -0.97519 -0.221016 -0.0125322
vn -0.973783 -0.223893 0.040225
vn -0.946745 -0.315955 0.062025
vn -0.89744 0.439351 -0.0396502
vn -0.912888 0.393726 -0.107773
vn -0.99218 0.12423 0.0120613
vn -0.985976 -0.154897 0.0621222
vn -0.996221 -0.0835083 0.0238828
vn -0.979064 0.202428 -0.0213657
vn -0.99861 -0.0519032 0.00917709
vn -0.984586 0.171988 0.0317805
vn -0.99845 0.029509 -0.0471884
vn -0.959757 0.280815 0.00321798
vn -0.999742 0.00770146 -0.0213563
vn -0.961257 -0.274637 0.0236551
vn -0.96918 -0.237407 0.0657837
vn 0.962858 0.270004 -0.00156867
vn 0.966751 0.255647 0.00618821
vn -0.343858 0.931141 -0.1214
vn -0.810286 0.585557 0.0236697
vn -0.997933 0.0632289 -0.0114913
vn -0.975628 -0.203917 0.0810428
vn -0.180287 -0.980194 0.0819518
vn 0.906763 0.416656 -0.0646438
vn -0.0773449 0.989375 -0.123102
vn 0.0388792 0.997256 -0.0629941
vn -0.918778 0.38768 0.0745086
vn -0.986366 0.159167 -0.0418156
vn -0.96213 -0.266986 0.054994
vn -0.750439 -0.657557 0.0667909
vn -0.918856 0.394574 0.00393771
vn -0.978122 -0.206133 -0.0280481
vn -0.997093 0.0647541 0.0401459
vn -0.808548 0.578933 0.10529
vn -0.979158 -0.196273 0.0522157
vn -0.865911 0.49501 -0.0718467
vn -0.208362 -0.978045 0.00356745
vn 0.677208 -0.73371 0.0553002
vn 0.945661 -0.3178 0.0687663
vn 0.573169 0.816937 -0.0639682
vn 0.973136 0.22956 0.0175728
vn 0.996424 -0.0566063 0.0627257
vn 0.751962 -0.658989 0.0169469
vn 0.734027 0.478588 -0.481828
vn 0.509795 0.361636 -0.780595
vn -0.0739638 0.982541 -0.170714
vn 0.820347 0.110764 -0.561036
vn 0.540039 0.0912637 -0.836677
vn 0.921195 -0.387178 0.0386434
vn 0.792925 -0.0331522 -0.608417
vn 0.548996 0.0430957 -0.834714
vn 0.828464 0.0047603 -0.560022
vn 0.965616 -0.0387958 -0.257063
vn 0.680761 -0.0913753 -0.726784
vn 0.819036 -0.242225 -0.520103
vn 0.810961 -0.448397 -0.375877
vn 0.898595 -0.195766 -0.392686
vn 0.615748 0.0485524 -0.786446
vn 0.593467 0.0311101 -0.804257
vn 0.814913 -0.435953 -0.381919
vn 0.98509 -0.162189 -0.057383
vn 0.695494 -0.0444161 -0.717158
vn 0.997328 0.0714867 0.015021
vn 0.999911 0.0110158 -0.00755636
vn 0.944886 0.320967 -0.0645822
vn 0.821431 0.563402 -0.0884901
vn 0.973649 0.226871 -0.0231822
vn 0.910471 0.402161 -0.0964795
vn 0.987683 0.0730427 -0.13837
vn 0.985606 0.160745 -0.0523572
vn 0.988932 0.133769 -0.0641833
vn 0.0712051 0.991601 -0.107972
vn -0.202286 0.130538 -0.970588
vn -0.169401 0.667827 -0.724783
vn -0.212433 0.525243 -0.82401
vn -0.580949 -0.00879783 0.813893
vn -0.406958 -0.186802 0.894142
vn -0.584371 -0.297664 0.754922
vn 0.229842 0.612395 -0.756402
vn -0.254538 -0.0403914 0.966219
vn -0.232112 -0.236959 0.943385
vn -0.354992 -0.535605 0.76623
vn -0.451795 -0.396007 0.799412
vn -0.365722 -0.143229 0.919637
vn -0.4946 0.0570982 0.867243
vn -0.439956 -0.0494728 0.896656
vn -0.754145 0.155727 0.637977
vn -0.330868 -0.0728943 0.940858
vn -0.2082 -0.173815 0.962518
vn -0.214448 -0.123514 0.968894
vn -0.804515 -0.445287 0.393034
vn -0.827782 -0.153599 0.539614
vn 0.0352056 0.779135 -0.625866
vn -0.0699301 0.988248 -0.135924
vn -0.0802659 0.705614 0.704036
vn 0.06122 0.65444 0.753632
vn 0.00268465 0.938921 0.344121
vn -0.0257205 0.896153 0.442999
vn -0.0480216 0.677559 0.733899
vn 0.0369505 0.989551 0.139371
vn 0.0900115 0.987224 -0.131481
vn 0.0974001 0.98846 -0.116019
vn 0.00106445 0.384044 0.923314
vn 0.126488 0.842831 -0.523104
vn 0.0198014 0.163236 0.986388
vn 0.0441621 0.456979 0.888381
vn -0.00906173 0.198213 0.980117
vn 0.0532172 0.769063 0.636954
vn 0.036705 0.926281 0.375043
vn 0.0691594 0.95253 0.296486
vn 0.0228141 0.403728 0.914595
vn 0.0844385 0.804279 0.588222
vn -0.0191016 0.105986 0.994184
vn -0.0577217 -0.00258891 0.998329
vn -0.113155 -0.0393229 0.992799
vn -0.0105216 0.325278 0.94556
vn 0.0028921 0.734434 0.678674
vn 0.0641639 0.970593 0.232019
vn 0.109011 0.676296 0.728519
vn 0.021677 0.330481 0.943564
vn 0.0284674 -0.12352 -0.991934
vn 0.348744 -0.185108 -0.918756
vn 0.0543199 -0.0160559 -0.998394
vn -0.135876 -0.147952 0.979616
vn -0.347417 -0.741251 0.574324
vn -0.0173452 0.0462085 0.998781
vn 0.186105 -0.387077 0.90307
vn 0.111808 0.186575 0.976058
vn 0.0425352 0.45463 0.889664
vn 0.0502229 0.118738 0.991655
vn 0.195334 -0.475841 0.857566
vn -0.17787 0.981043 -0.0769208
vn -0.231852 0.970198 -0.0704336
vn -0.213979 0.972495 0.0920117
vn -0.124551 0.914521 0.384888
vn -0.0930684 0.843145 0.52957
vn -0.147079 0.981912 0.119236
vn 0.156159 -0.275694 0.948476
vn -0.0509145 0.766063 0.640746
vn -0.11184 0.682169 0.722591
vn 0.121655 -0.380259 -0.916844
vn 0.273534 -0.229525 -0.934076
vn 0.193839 -0.262075 -0.94538
vn -0.161707 0.98479 0.0635637
vn -0.154051 0.979792 0.127576
vn 0.168009 -0.655482 0.736285
vn -0.30573 0.899965 -0.310792
vn -0.242211 0.950387 -0.195186
vn -0.137486 0.989425 0.0462149
vn -0.0426813 0.648969 0.759616
vn 0.0774704 -0.00522266 0.996981
vn 0.133963 -0.307759 0.941986
vn -0.216674 0.913191 -0.345158
vn -0.22121 0.965629 -0.136478
vn -0.0309906 0.0105635 0.999464
vn 0.0663397 -0.29855 0.952085
vn -0.734097 0.067428 0.675688
vn -0.795839 0.0701427 0.601431
vn 0.11366 -0.394166 0.911984
vn -0.0873906 -0.128176 0.987894
vn 0.153882 -0.197037 0.968244
vn -0.412369 -0.481923 0.773112
vn -0.231532 -0.264548 0.936166
vn -0.0665726 -0.48076 0.874322
vn -0.270541 -0.497791 0.824022
vn -0.301109 -0.0155924 0.953462
vn -0.195799 -0.060897 0.978752
vn 0.280456 0.116997 0.95271
vn -0.246196 0.223219 -0.943165
vn -0.0528987 -0.200343 -0.978297
vn -0.161792 -0.170708 -0.971947
vn -0.954173 0.188211 0.232659
vn -0.361547 0.0600409 0.930418
vn -0.828889 -0.359377 0.428708
vn -0.206783 0.0256509 0.978051
vn 0.00320365 -0.169282 0.985563
vn -0.515166 -0.281171 -0.809658
vn 0.168031 -0.271985 0.947518
vn 0.0959613 -0.1975 -0.975595
vn 0.0500782 -0.398785 -0.915676
vn 0.165349 -0.511199 -0.843407
vn -0.0892706 -0.352893 0.931395
vn -0.426179 -0.673319 0.604163
vn -0.403199 -0.10527 0.909038
vn -0.735974 -0.276916 0.617786
vn -0.44128 -0.197059 0.875466
vn -0.346035 -0.291517 -0.891783
vn -0.264758 -0.125632 -0.956096
vn 0.0541257 -0.235711 -0.970315
vn 0.180659 -0.0254284 0.983217
vn -0.110785 -0.134983 0.984635
vn -0.325933 -0.178332 0.928421
vn -0.271551 0.0190201 0.962236
vn -0.194672 0.0648172 0.978724
vn 0.0478519 0.0955842 0.994271
vn 0.166133 0.00912909 0.986061
vn -0.149671 -0.325738 -0.933538
vn 0.188706 0.150081 0.970498
vn 0.0892028 -0.358715 -0.929175
vn 0.0390661 0.260989 -0.964551
vn -0.0246704 0.727594 -0.685564
vn -0.22848 0.0312154 -0.973048
vn 0.0652278 -0.498602 -0.864374
vn 0.137378 0.0658837 -0.988325
vn -0.330831 0.608526 -0.721282
vn -0.339926 0.487063 -0.8045
vn -0.0649038 -0.187823 -0.980056
vn 0.22532 -0.125316 0.966192
vn -0.107638 -0.025027 0.993875
vn 0.00150546 -0.154392 0.988009
vn 0.027434 -0.000402986 0.999624
vn -0.228955 0.184076 0.955874
vn -0.177503 0.174155 0.968588
vn -0.0288599 0.0314831 0.999088
vn -0.21087 0.00640127 0.977493
vn -0.272985 0.132992 0.952781
vn -0.272377 0.029163 0.961749
vn -0.201556 -0.0243227 0.979175
vn 0.232949 -0.153771 0.960255
vn 0.249731 0.0445735 0.967289
vn 0.246475 0.0127018 0.969066
vn -0.171694 0.330272 0.928139
vn 0.292747 -0.317621 0.901896
vn 0.191087 -0.133685 0.972427
vn 0.409893 -0.285232 0.866389
vn -0.00486695 0.0726597 0.997345
vn -0.13711 0.148162 0.979413
vn 0.0888639 0.197459 0.976275
vn 0.0014041 -0.124625 0.992203
vn 0.125886 0.147257 0.981055
vn -0.161901 0.163841 0.973111
vn 0.239468 -0.179736 0.954123
vn 0.144966 -0.146657 0.978507
vn 0.116665 -0.265951 0.956901
vn -0.0546849 -0.0491335 0.997294
vn 0.136155 -0.0303418 0.990223
vn 0.108716 0.244431 0.963553
vn 0.198573 0.316762 0.927486
vn 0.792769 0.0459136 0.60779
vn 0.956955 -0.177953 -0.229283
vn 0.6653 -0.16499 0.728117
vn 0.529384 -0.843849 0.087589
vn 0.171326 -0.459375 0.871563
vn 0.378555 0.202647 0.903123
vn 0.697104 0.122337 0.706456
vn 0.648326 0.0291399 0.760805
vn 0.335443 -0.0290981 0.941611
vn -0.171245 0.390861 -0.90438
vn -0.142863 0.974612 -0.172402
vn 0.301004 -0.113577 -0.946835
vn 0.465268 0.00396541 -0.885161
vn 0.499795 -0.32158 -0.804233
vn 0.431197 -0.310692 -0.847077
vn 0.256164 -0.362956 -0.895904
vn 0.138357 0.218888 0.965891
vn 0.0645458 0.20202 0.977252
vn 0.183543 -0.503574 0.844231
vn 0.105995 -0.0775843 0.991335
vn 0.347691 0.18709 0.918754
vn 0.396274 0.2135 0.892964
vn 0.241715 0.102348 0.964935
vn -0.0576597 0.162657 0.984996
vn 0.0467593 0.126788 0.990827
vn -0.237601 0.103276 0.965857
vn 0.239903 0.145914 0.959769
vn 0.0809567 0.221226 0.971857
vn -0.120011 0.146031 0.981974
vn 0.859743 0.219255 0.461268
vn 0.150022 -0.118646 0.981538
vn 0.361921 0.15105 0.91989
vn -0.0561807 0.319033 -0.946077
vn -0.100405 -0.0670586 -0.992684
vn -0.0222929 0.0534159 -0.998324
vn 0.230932 0.0448672 -0.971935
vn 0.219655 -0.305475 -0.926519
vn -0.126654 0.929196 -0.347209
vn 0.0333881 0.101922 -0.994232
vn 0.0231251 -0.18245 0.982943
vn -0.118837 0.392858 0.911888
vn -0.224218 0.965673 -0.131153
vn -0.231751 0.97269 -0.0129104
vn -0.178771 0.951329 -0.251028
vn 0.123561 0.988679 -0.0851277
vn 0.0170229 0.992634 0.119952
vn 0.0606471 0.915188 0.398439
vn -0.304784 0.801996 0.513722
vn -0.277047 0.574173 0.770435
vn -0.290879 0.451311 0.843628
vn 0.0408953 0.800877 0.59743
vn -0.160324 0.939426 0.302944
vn -0.195307 0.980702 -0.00885856
vn -0.127112 0.991278 -0.0347861
vn -0.0948942 0.993152 0.0681545
vn -0.00719434 -0.00649005 0.999953
vn -0.20152 0.953888 -0.222458
vn -0.198658 0.663761 0.72108
vn -0.204774 0.918791 0.337478
vn -0.262274 0.857431 0.442747
vn -0.26685 0.954215 0.135146
vn 0.0573256 0.998083 -0.0233074
vn -0.171433 0.925219 0.338497
vn -0.209566 0.975264 -0.070299
vn -0.140059 0.989308 0.0406595
vn -0.00716799 0.153773 0.98808
vn -0.0778075 0.849233 0.522255
vn -0.154735 0.579497 0.80015
vn -0.00961824 0.834985 0.550189
vn -0.112137 0.949044 0.294519
vn -0.0920959 0.985198 -0.144577
vn -0.00886771 0.045829 0.99891
vn -0.0769702 0.97664 -0.200626
vn 0.069078 0.992792 -0.0979369
vn -0.0670117 0.882977 -0.464609
vn 0.123651 -0.728597 -0.673689
vn 0.287601 -0.950507 0.117567
vn 0.0294331 -0.677681 -0.734766
vn -0.0365258 -0.934788 -0.353324
vn -0.138954 -0.617846 -0.773924
vn -0.188901 -0.342882 -0.920189
vn -0.326078 -0.591561 -0.737379
vn -0.303256 -0.757336 -0.578341
vn 0.0935787 -0.372203 -0.923422
vn 0.341058 -0.381092 -0.85933
vn 0.597665 -0.236962 -0.765928
vn -0.15856 -0.118448 -0.980219
vn -0.179941 0.187369 -0.965668
vn 0.00557201 -0.399618 -0.916665
vn 0.120043 0.441759 -0.889066
vn -0.0254785 -0.271549 -0.962087
vn -0.0374581 -0.305826 -0.95135
vn 0.52851 -0.436199 -0.728291
vn -0.161229 0.913943 -0.372444
vn 0.0643486 0.989467 0.129668
vn -0.0723824 0.969838 -0.232755
vn 0.0423242 -0.0115584 -0.999037
vn 0.117164 0.739274 -0.663134
vn -0.0147966 0.422441 -0.90627
vn -0.373451 0.877411 -0.301139
vn -0.0513819 0.902233 -0.428176
vn -0.270484 0.92924 -0.251695
vn -0.132008 0.991169 0.0125421
vn 0.00213967 -0.429146 -0.903233
vn 0.0337212 0.977026 -0.210436
vn 0.252107 -0.143447 -0.957008
vn 0.531562 -0.202696 -0.822409
vn 0.788575 0.031463 -0.614133
vn 0.235794 0.790003 -0.565948
vn -0.116272 0.931485 -0.344697
vn 0.0842461 -0.457876 -0.885015
vn 0.0808194 -0.400874 -0.912562
vn 0.0443798 -0.479416 -0.876465
vn -0.198609 0.611931 -0.765569
vn 0.0829825 -0.306914 -0.948113
vn 0.0480174 -0.136446 -0.989483
vn -0.239632 0.313409 -0.918886
vn -0.128372 0.810448 -0.571572
vn -0.000800707 -0.34061 -0.940204
vn 0.0364743 -0.381319 -0.923724
vn -0.00219649 -0.168537 -0.985693
vn -0.0920421 -0.32146 -0.942439
vn -0.176418 0.229323 -0.957229
vn 0.103988 0.512426 -0.852412
vn -0.0404677 -0.06809 -0.996858
vn 0.199017 0.197165 -0.959957
vn 0.952582 0.032538 0.302538
vn 0.028077 -0.987135 -0.157408
vn 0.183289 -0.887998 0.421741
vn 0.224651 -0.734842 0.639952
vn 0.315366 -0.687725 0.653894
vt 0.985587 0.453469
vt 0.981471 0.408607
vt 0.988431 0.402784
vt 0.214671 0.991708
vt 0.214331 0.998432
vt 0.195812 0.991999
vt 0.041767 0.446303
vt 0.0480098 0.47236
vt 0.043254 0.533977
vt 0.149693 0.994316
vt 0.164131 0.989639
vt 0.166342 0.995312
vt 0.954431 0.542047
vt 0.974474 0.506167
vt 0.973168 0.542095
vt 0.722139 0.934901
vt 0.624514 0.932121
vt 0.695834 0.924466
vt 0.848123 0.0107365
vt 0.836257 0.00848152
vt 0.850302 0.000680188
vt 0.422661 0.00188734
vt 0.467324 4.74167e-05
vt 0.452886 0.00877459
vt 0.236095 0.0043786
vt 0.230434 0.00452951
vt 0.230563 0.000140946
vt 0.28304 0.000210559
vt 0.293055 0.00437274
vt 0.273629 0.00445986
vt 0.244888 0.000374727
vt 0.241358 0.00147331
vt 0.236171 8.34358e-05
vt 0.219475 0.00314835
vt 0.222399 0.00441984
vt 0.217663 0.00463568
vt 0.917537 0.999971
vt 0.929734 0.997434
vt 0.952209 0.9994
vt 0.702661 0.00110713
vt 0.727023 0.000239651
vt 0.72415 0.00702546
vt 0.926644 0.995081
vt 0.901748 0.998921
vt 0.893802 0.994333
vt 0.186929 0.990333
vt 0.201758 0.999807
vt 0.187092 0.997932
vt 0.734869 0.00330561
vt 0.749626 0.0101869
vt 0.725725 0.00994787
vt 0.312168 6.22922e-05
vt 0.303275 0.00460817
vt 0.292399 0.00035652
vt 0.223246 0.00131745
vt 0.227511 0.000120934
vt 0.228233 0.00143587
vt 0.258097 0.000351375
vt 0.271067 0.000178695
vt 0.27278 0.00137802
vt 0.855742 0.000748407
vt 0.868534 0.0091959
vt 0.851237 0.00963046
vt 0.137358 0.997221
vt 0.121075 0.997667
vt 0.131547 0.987284
vt 0.239081 0.995826
vt 0.217069 0.996202
vt 0.222438 0.985635
vt 0.238884 0.986219
vt 0.2593 0.986363
vt 0.253321 0.991985
vt 0.140945 0.995771
vt 0.137612 0.990699
vt 0.153514 0.987623
vt 0.612673 0.0195728
vt 0.545085 0.0187711
vt 0.590635 0.0157151
vt 0.86712 0.999338
vt 0.841235 0.999952
vt 0.859741 0.995897
vt 0.586889 0.00647901
vt 0.558195 0.00961981
vt 0.56675 0.00114279
vt 0.546479 0.000759
vt 0.962534 0.966033
vt 0.954398 0.921959
vt 0.967685 0.939587
vt 0.967761 0.90994
vt 0.024702 0.706578
vt 0.00382326 0.704711
vt 0.0140752 0.689944
vt 0.0356163 0.689374
vt 0.024286 0.893884
vt 0.0132304 0.890622
vt 0.0181837 0.86664
vt 0.0130778 0.923189
vt 0.116389 0.98505
vt 0.122045 0.991619
vt 0.116655 0.992117
vt 0.124919 0.985191
vt 0.0281914 0.759997
vt 0.00442143 0.745274
vt 0.0360913 0.744933
vt 0.00438615 0.759107
vt 0.964386 0.544377
vt 0.982301 0.545001
vt 0.972049 0.558374
vt 0.994099 0.555832
vt 0.664206 0.0107739
vt 0.675254 0.00207774
vt 0.6901 0.00276165
vt 0.660185 0.00064284
vt 0.24905 0.000260113
vt 0.254908 0.00395792
vt 0.246724 0.00356088
vt 0.255612 0.000193562
vt 0.868211 0.995939
vt 0.883186 0.994937
vt 0.874413 0.999472
vt 0.896709 0.999873
vt 0.605381 0.00280984
vt 0.588649 0.00966194
vt 0.591515 0.00279257
vt 0.626712 0.00672627
vt 0.184555 0.993718
vt 0.172288 0.992833
vt 0.182399 0.98812
vt 0.167806 0.990636
vt 0.697468 0.00215965
vt 0.713315 0.0100102
vt 0.697889 0.0108139
vt 0.683675 0.010336
vt 0.821364 9.48056e-05
vt 0.828697 0.00761207
vt 0.821046 0.0108029
vt 0.84268 0.000935093
vt 0.969623 0.0781782
vt 0.969384 0.0638254
vt 0.987544 0.0624725
vt 0.979293 0.0797174
vt 0.213361 0.984117
vt 0.205818 0.988457
vt 0.1989 0.985197
vt 0.216772 0.988898
vt 0.746374 0.00165937
vt 0.767151 0.0011745
vt 0.755257 0.0106935
vt 0.769454 0.0107611
vt 0.877732 0.0106482
vt 0.871316 0.00527347
vt 0.881257 0.00128753
vt 0.884263 0.00642958
vt 0.958018 0.0415571
vt 0.997353 0.0435872
vt 0.980268 0.0552017
vt 0.972933 0.0611933
vt 0.962036 0.0555638
vt 0.969518 0.15138
vt 0.986255 0.147751
vt 0.988899 0.15894
vt 0.965953 0.141725
vt 0.970334 0.159261
vt 0.920813 0.340532
vt 0.923748 0.331805
vt 0.94375 0.335079
vt 0.932432 0.344376
vt 0.95049 0.332562
vt 0.868095 0.00174424
vt 0.869094 0.00248552
vt 0.863251 0.00018873
vt 0.869136 0.00551962
vt 0.874164 0.000534136
vt 0.642167 5.44217e-05
vt 0.661101 0.0106908
vt 0.643391 0.00775639
vt 0.649028 0.0103441
vt 0.625355 0.0118812
vt 0.957688 0.340978
vt 0.95863 0.331156
vt 0.968618 0.334831
vt 0.940568 0.343987
vt 0.965869 0.343488
vt 0.277109 0.994196
vt 0.266623 0.993667
vt 0.271144 0.986084
vt 0.266553 0.986295
vt 0.256363 0.99396
vt 0.797095 0.0108413
vt 0.805076 0.00157209
vt 0.817474 0.0022577
vt 0.818728 0.010583
vt 0.796736 0.000575339
vt 0.786756 0.00588491
vt 0.771836 0.0108425
vt 0.777678 0.00213106
vt 0.788628 0.0108172
vt 0.794329 0.00710541
vt 0.0404554 0.012597
vt 0.05072 0.021624
vt 0.0359715 0.0187338
vt 0.0172614 0.0214038
vt 0.028642 0.0121135
vt 0.0350821 0.00743662
vt 0.983923 0.953642
vt 0.967322 0.957243
vt 0.977674 0.948216
vt 0.970376 0.942082
vt 0.991681 0.942513
vt 0.973162 0.721367
vt 0.977789 0.70978
vt 0.9884 0.708489
vt 0.979249 0.730017
vt 0.996734 0.721514
vt 0.969535 0.719457
vt 0.0120873 0.944318
vt 0.00523725 0.944742
vt 0.00701425 0.931568
vt 0.0138662 0.929758
vt 0.0253803 0.925509
vt 0.02445 0.945274
vt 0.99111 0.797355
vt 0.981565 0.800669
vt 0.980653 0.785178
vt 0.97048 0.804858
vt 0.970998 0.793402
vt 0.996308 0.804653
vt 0.357124 0.0347704
vt 0.377416 0.0412345
vt 0.351866 0.0445236
vt 0.359927 0.0224198
vt 0.401074 0.0337559
vt 0.403194 0.0438331
vt 0.517554 0.00395302
vt 0.501828 0.000749301
vt 0.519681 0.000624501
vt 0.543774 0.00163853
vt 0.520877 0.012349
vt 0.546433 0.012123
vt 0.0262442 0.560536
vt 0.0219158 0.565606
vt 0.0125951 0.555176
vt 0.0261822 0.545987
vt 0.0343942 0.545447
vt 0.0219064 0.552862
vt 0.0450074 0.553803
vt 0.427354 0.0585594
vt 0.420906 0.0363277
vt 0.439552 0.0328342
vt 0.4235 0.0863075
vt 0.421385 0.0870412
vt 0.449358 0.0512106
vt 0.01807 0.729989
vt 0.011134 0.71945
vt 0.0176407 0.711039
vt 0.0304645 0.731123
vt 0.00742094 0.730427
vt 0.00274773 0.710497
vt 0.70844 0.0363693
vt 0.711729 0.0262022
vt 0.721323 0.0407403
vt 0.690661 0.0182825
vt 0.670478 0.0218489
vt 0.698793 0.0376021
vt 0.684597 0.0408767
vt 0.0114727 0.339132
vt 0.0234547 0.336316
vt 0.0120297 0.352038
vt 0.0380222 0.345137
vt 0.0347426 0.336773
vt 0.0289166 0.356958
vt 0.0492435 0.335829
vt 0.167933 0.0334203
vt 0.195571 0.0265701
vt 0.172504 0.0384697
vt 0.157296 0.0262784
vt 0.14226 0.0276592
vt 0.168623 0.038808
vt 0.145412 0.0167169
vt 0.172265 0.0657948
vt 0.0635471 0.012727
vt 0.0520534 0.0181543
vt 0.0422251 0.00862657
vt 0.07264 0.00680088
vt 0.0797262 0.0147101
vt 0.0734201 0.0217409
vt 0.0611871 0.0210661
vt 0.0186197 0.100109
vt 0.013331 0.100179
vt 0.00740909 0.0805456
vt 0.00624541 0.123917
vt 0.0297437 0.0982465
vt 0.043054 0.0997684
vt 0.0221729 0.110232
vt 0.0334225 0.115967
vt 0.97297 0.0268414
vt 0.994594 0.0152996
vt 0.987901 0.0299345
vt 0.964019 0.0201435
vt 0.974701 0.0176073
vt 0.980296 0.013435
vt 0.960778 0.0129917
vt 0.972319 0.034232
vt 0.993747 0.921504
vt 0.971819 0.929167
vt 0.985574 0.91564
vt 0.990634 0.932508
vt 0.981044 0.932588
vt 0.971857 0.918825
vt 0.980587 0.938373
vt 0.970965 0.939576
vt 0.0318547 0.249915
vt 0.0490644 0.252002
vt 0.0342833 0.254651
vt 0.0244297 0.25284
vt 0.0225496 0.248037
vt 0.0353806 0.244949
vt 0.0457928 0.244624
vt 0.0425212 0.255635
vt 0.989695 0.226523
vt 0.99099 0.232884
vt 0.977889 0.236323
vt 0.978046 0.218426
vt 0.984251 0.223737
vt 0.967558 0.237028
vt 0.968567 0.199402
vt 0.993538 0.219384
vt 0.997154 0.228847
vt 0.769445 0.0249158
vt 0.762695 0.0385821
vt 0.740325 0.0249281
vt 0.76153 0.0493152
vt 0.742756 0.0441212
vt 0.749039 0.0550012
vt 0.724571 0.0354868
vt 0.789181 0.0357875
vt 0.777748 0.049618
vt 0.973336 0.742387
vt 0.968418 0.723044
vt 0.976309 0.732446
vt 0.984161 0.73722
vt 0.977505 0.751765
vt 0.968481 0.75687
vt 0.991941 0.753288
vt 0.979402 0.764761
vt 0.996813 0.73875
vt 0.984347 0.198151
vt 0.970642 0.196736
vt 0.968645 0.185464
vt 0.974474 0.164249
vt 0.98236 0.161995
vt 0.991018 0.179415
vt 0.983533 0.189485
vt 0.971731 0.184398
vt 0.968505 0.167703
vt 0.986324 0.883929
vt 0.968974 0.901302
vt 0.966937 0.882802
vt 0.976136 0.914811
vt 0.979892 0.910079
vt 0.986359 0.911268
vt 0.98459 0.902184
vt 0.985826 0.891575
vt 0.970493 0.910083
vt 0.962654 0.810306
vt 0.969609 0.812129
vt 0.97518 0.81752
vt 0.981071 0.813867
vt 0.987009 0.809608
vt 0.983683 0.814457
vt 0.978912 0.817956
vt 0.975244 0.830247
vt 0.963719 0.106311
vt 0.977235 0.101742
vt 0.962188 0.11788
vt 0.968727 0.12203
vt 0.971758 0.139584
vt 0.968321 0.0929013
vt 0.990619 0.106774
vt 0.964005 0.132304
vt 0.985916 0.139487
vt 0.997335 0.118189
vt 0.0290615 0.457099
vt 0.0245551 0.472595
vt 0.0155844 0.449256
vt 0.00625276 0.431487
vt 0.00365 0.439351
vt 0.0202201 0.438896
vt 0.0397522 0.442666
vt 0.0106427 0.413254
vt 0.0275669 0.400265
vt 0.0591419 0.418971
vt 0.943905 0.975839
vt 0.952898 0.994391
vt 0.943622 0.996355
vt 0.977484 0.961142
vt 0.978701 0.973438
vt 0.968794 0.962603
vt 0.952031 0.968683
vt 0.963403 0.992455
vt 0.964455 0.968966
vt 0.938917 0.961744
vt 0.980128 0.999937
vt 0.535446 0.0526772
vt 0.521622 0.0463675
vt 0.52675 0.0355672
vt 0.499852 0.0326998
vt 0.503833 0.0444086
vt 0.526757 0.0636568
vt 0.495318 0.0169909
vt 0.532877 0.0225847
vt 0.495172 0.0510627
vt 0.511306 0.0110707
vt 0.336782 0.0293634
vt 0.318212 0.0218585
vt 0.343645 0.0218452
vt 0.355339 0.027971
vt 0.325581 0.0378808
vt 0.346004 0.0382472
vt 0.355339 0.00430594
vt 0.310462 0.00430594
vt 0.312985 0.027547
vt 0.310462 0.0354237
vt 0.13602 0.046738
vt 0.140205 0.0602947
vt 0.115288 0.0502901
vt 0.113881 0.0410106
vt 0.128198 0.03951
vt 0.141053 0.070171
vt 0.120385 0.0641073
vt 0.172575 0.0715434
vt 0.159136 0.0560482
vt 0.153956 0.0398983
vt 0.974672 0.296612
vt 0.96066 0.285595
vt 0.971852 0.276781
vt 0.964161 0.304462
vt 0.992627 0.311411
vt 0.979213 0.316928
vt 0.965664 0.316018
vt 0.966274 0.310605
vt 0.996416 0.296737
vt 0.998863 0.276741
vt 0.985162 0.262899
vt 0.995393 0.262528
vt 0.989464 0.272393
vt 0.988928 0.254617
vt 0.977778 0.258669
vt 0.968357 0.256156
vt 0.979074 0.2507
vt 0.968357 0.272393
vt 0.982977 0.256535
vt 0.998431 0.252839
vt 0.884545 0.958662
vt 0.890102 0.970182
vt 0.874318 0.962361
vt 0.87762 0.970581
vt 0.891221 0.974479
vt 0.881263 0.986124
vt 0.897694 0.982512
vt 0.902941 0.99152
vt 0.88252 0.978486
vt 0.870963 0.974595
vt 0.863536 0.961623
vt 0.986776 0.476898
vt 0.981675 0.47799
vt 0.98498 0.456571
vt 0.974888 0.473777
vt 0.983646 0.492237
vt 0.967212 0.490388
vt 0.978231 0.492043
vt 0.964579 0.475418
vt 0.995809 0.465156
vt 0.969801 0.456654
vt 0.958005 0.456958
vt 0.975692 0.456388
vt 0.229413 0.0283502
vt 0.250593 0.0230906
vt 0.249025 0.0323857
vt 0.24896 0.0368553
vt 0.243475 0.0386756
vt 0.269903 0.0137374
vt 0.249381 0.016623
vt 0.275517 0.0354373
vt 0.260576 0.0366614
vt 0.266924 0.0248601
vt 0.236834 0.0187439
vt 0.229577 0.0140691
vt 0.0967869 0.346794
vt 0.0954011 0.38151
vt 0.0863868 0.359887
vt 0.0777042 0.394672
vt 0.0658122 0.393815
vt 0.0649358 0.375427
vt 0.0864548 0.332529
vt 0.0671076 0.337216
vt 0.0779905 0.31628
vt 0.0810639 0.377711
vt 0.0630471 0.3211
vt 0.0706205 0.356212
vt 0.0901251 0.396227
vt 0.029929 0.118428
vt 0.010596 0.155408
vt 0.00217293 0.138344
vt 0.0338962 0.154624
vt 0.0147702 0.1688
vt 0.0273975 0.144967
vt 0.050728 0.151065
vt 0.0616569 0.159253
vt 0.0390783 0.180519
vt 0.0253347 0.176154
vt 0.0587969 0.181476
vt 0.0431085 0.191899
vt 0.0438361 0.128398
vt 0.122599 0.558686
vt 0.132172 0.528442
vt 0.129632 0.550288
vt 0.116682 0.585183
vt 0.110359 0.581155
vt 0.124956 0.601259
vt 0.122452 0.59407
vt 0.135218 0.588413
vt 0.132719 0.566665
vt 0.112915 0.561649
vt 0.1215 0.534632
vt 0.131019 0.581785
vt 0.103495 0.580126
vt 0.128147 0.50253
vt 0.993041 0.632613
vt 0.983603 0.644247
vt 0.98581 0.62481
vt 0.971344 0.643836
vt 0.956652 0.643543
vt 0.956103 0.612651
vt 0.981508 0.610428
vt 0.974732 0.620764
vt 0.976098 0.629307
vt 0.98667 0.615303
vt 0.977048 0.64402
vt 0.990447 0.642482
vt 0.990013 0.652675
vt 0.464336 0.0495371
vt 0.441357 0.0691894
vt 0.458065 0.0446289
vt 0.464045 0.0625793
vt 0.477077 0.0459988
vt 0.481667 0.0618888
vt 0.462435 0.0213148
vt 0.451302 0.0693616
vt 0.472652 0.0192667
vt 0.484652 0.0177689
vt 0.49252 0.0216939
vt 0.490628 0.0578911
vt 0.500521 0.0699321
vt 0.880123 0.0407016
vt 0.854215 0.0316477
vt 0.874263 0.0216117
vt 0.866674 0.0464775
vt 0.879889 0.0669754
vt 0.866093 0.0586457
vt 0.886415 0.0563563
vt 0.892413 0.0521288
vt 0.893592 0.0678622
vt 0.894529 0.0410171
vt 0.902402 0.0534779
vt 0.859602 0.0151684
vt 0.885684 0.0286502
vt 0.0334887 0.80169
vt 0.0173203 0.781318
vt 0.0276293 0.779266
vt 0.00137429 0.787492
vt 0.0131229 0.79649
vt 0.00992342 0.813566
vt 0.00772791 0.779238
vt 0.00357372 0.765648
vt 0.0234994 0.823997
vt 0.000258158 0.823997
vt 0.0327918 0.773725
vt 0.0291692 0.763444
vt 0.0360678 0.822535
vt 0.014691 0.764203
vt 0.429631 0.012599
vt 0.426855 0.0251323
vt 0.422197 0.0134569
vt 0.419434 0.00340808
vt 0.421213 0.0288832
vt 0.417898 0.0056955
vt 0.414732 0.0022042
vt 0.408458 0.0352644
vt 0.412916 0.0187111
vt 0.416989 0.0355809
vt 0.440936 0.0173295
vt 0.435571 0.0283061
vt 0.400032 0.000225991
vt 0.391965 0.0221316
vt 0.970426 0.669305
vt 0.97483 0.660103
vt 0.978505 0.682288
vt 0.971121 0.688724
vt 0.969154 0.658149
vt 0.968272 0.646091
vt 0.958403 0.65257
vt 0.963189 0.672335
vt 0.978442 0.703792
vt 0.961366 0.696526
vt 0.962983 0.717687
vt 0.95152 0.674343
vt 0.947609 0.694486
vt 0.937946 0.678423
vt 0.955407 0.596561
vt 0.955868 0.584251
vt 0.974726 0.586995
vt 0.94513 0.573303
vt 0.940264 0.555684
vt 0.956592 0.570578
vt 0.976084 0.604017
vt 0.966299 0.603445
vt 0.933334 0.559686
vt 0.934328 0.576086
vt 0.943457 0.588581
vt 0.949757 0.550579
vt 0.925317 0.566765
vt 0.972262 0.565968
vt 0.95981 0.5444
vt 0.0530585 0.372052
vt 0.0672443 0.354154
vt 0.056139 0.382494
vt 0.0357428 0.385157
vt 0.0453992 0.363682
vt 0.0608093 0.33065
vt 0.0413756 0.350848
vt 0.0259243 0.364029
vt 0.0256463 0.379153
vt 0.0372409 0.401673
vt 0.0620061 0.401179
vt 0.0552956 0.398401
vt 0.0622705 0.391833
vt 0.0591596 0.408842
vt 0.0636589 0.406959
vt 0.0661023 0.406022
vt 0.0419604 0.83456
vt 0.0469548 0.841472
vt 0.0329611 0.848698
vt 0.0731279 0.834846
vt 0.0525785 0.8584
vt 0.0235579 0.864592
vt 0.0195401 0.848029
vt 0.034241 0.863286
vt 0.0327255 0.878465
vt 0.0234385 0.877707
vt 0.0284453 0.838402
vt 0.0654368 0.858811
vt 0.0109406 0.864034
vt 0.0423344 0.871663
vt 0.0394369 0.867001
vt 0.422925 0.961517
vt 0.437662 0.937822
vt 0.463876 0.939036
vt 0.470021 0.973883
vt 0.4404 0.986148
vt 0.459536 0.96001
vt 0.393457 0.977805
vt 0.394969 0.986146
vt 0.384156 0.987915
vt 0.411499 0.976062
vt 0.428185 0.975062
vt 0.402058 0.980262
vt 0.412135 0.992121
vt 0.468044 0.986817
vt 0.455955 0.99067
vt 0.392611 0.9659
vt 0.554244 0.838716
vt 0.568405 0.857609
vt 0.54345 0.850954
vt 0.547852 0.818999
vt 0.546953 0.802326
vt 0.558781 0.823576
vt 0.574209 0.881136
vt 0.542439 0.868039
vt 0.552847 0.89713
vt 0.566215 0.906135
vt 0.557095 0.911033
vt 0.553005 0.883063
vt 0.567212 0.894981
vt 0.577365 0.847641
vt 0.59041 0.873229
vt 0.587234 0.836919
vt 0.570577 0.911219
vt 0.574964 0.904017
vt 0.196303 0.0445894
vt 0.205922 0.0529962
vt 0.191479 0.0599973
vt 0.215882 0.0360459
vt 0.222876 0.0442909
vt 0.214332 0.047632
vt 0.2085 0.0412024
vt 0.20254 0.0410861
vt 0.175029 0.0498545
vt 0.219954 0.0506966
vt 0.216292 0.0577269
vt 0.238374 0.0509254
vt 0.245833 0.0624122
vt 0.236695 0.0635908
vt 0.2345 0.0363833
vt 0.231676 0.0495438
vt 0.224492 0.056037
vt 0.375426 0.886812
vt 0.386237 0.875021
vt 0.405403 0.874243
vt 0.440806 0.873711
vt 0.439919 0.894549
vt 0.406626 0.896667
vt 0.367724 0.871741
vt 0.388187 0.863985
vt 0.432635 0.866199
vt 0.406118 0.862152
vt 0.433735 0.859533
vt 0.41888 0.853683
vt 0.352513 0.889409
vt 0.346207 0.87572
vt 0.39685 0.868271
vt 0.415987 0.902934
vt 0.455038 0.858844
vt 0.382241 0.900798
vt 0.443784 0.901664
vt 0.748551 0.974996
vt 0.758062 0.950055
vt 0.764787 0.964456
vt 0.769808 0.971358
vt 0.78078 0.962296
vt 0.796828 0.957458
vt 0.789335 0.964157
vt 0.795062 0.941454
vt 0.810526 0.944642
vt 0.791102 0.950505
vt 0.78065 0.969362
vt 0.794833 0.973156
vt 0.805702 0.961945
vt 0.785005 0.968888
vt 0.777726 0.947789
vt 0.735732 0.974323
vt 0.743976 0.94148
vt 0.720351 0.972949
vt 0.809362 0.969402
vt 0.720351 0.944191
vt 0.0831279 0.860626
vt 0.0758044 0.836685
vt 0.092917 0.837177
vt 0.0926265 0.858941
vt 0.0991172 0.879827
vt 0.0680895 0.869512
vt 0.0978928 0.849493
vt 0.078779 0.911557
vt 0.0644328 0.916818
vt 0.0699972 0.898196
vt 0.084987 0.889641
vt 0.0575034 0.88329
vt 0.0477433 0.88285
vt 0.0553299 0.868277
vt 0.0546319 0.902333
vt 0.0954388 0.90716
vt 0.063195 0.888542
vt 0.0979588 0.89281
vt 0.0594794 0.906974
vt 0.205878 0.6349
vt 0.217377 0.63574
vt 0.207564 0.65267
vt 0.220846 0.603114
vt 0.200776 0.610277
vt 0.217429 0.660777
vt 0.231838 0.651754
vt 0.219705 0.675422
vt 0.235665 0.62903
vt 0.225828 0.632392
vt 0.238131 0.613228
vt 0.242159 0.588499
vt 0.222056 0.622995
vt 0.195827 0.578812
vt 0.195827 0.626956
vt 0.225284 0.645361
vt 0.23354 0.578812
vt 0.237354 0.668468
vt 0.231872 0.688008
vt 0.220574 0.696227
vt 0.933035 0.808447
vt 0.924881 0.800211
vt 0.940815 0.79835
vt 0.957645 0.820717
vt 0.972888 0.822126
vt 0.951755 0.828357
vt 0.945615 0.809051
vt 0.960399 0.813477
vt 0.971595 0.837198
vt 0.951759 0.812249
vt 0.950824 0.818103
vt 0.956363 0.806645
vt 0.941867 0.817854
vt 0.95208 0.798537
vt 0.928712 0.824861
vt 0.938699 0.839756
vt 0.953503 0.848663
vt 0.925173 0.837874
vt 0.968703 0.859149
vt 0.0386923 0.510307
vt 0.0233276 0.52341
vt 0.0286395 0.506619
vt 0.00730481 0.527774
vt 0.0079283 0.513298
vt 0.0170214 0.515988
vt 0.0343107 0.523443
vt 0.025111 0.496441
vt 0.0185823 0.498186
vt 0.0255674 0.489985
vt 0.0183076 0.505299
vt 0.027011 0.499784
vt 0.0321246 0.493679
vt 0.0119475 0.499736
vt 0.0368612 0.536971
vt 0.039769 0.529306
vt 0.0419947 0.545165
vt 0.0239097 0.542382
vt 0.0395071 0.477668
vt 0.0366675 0.484857
vt 0.0136233 0.537131
vt 0.847902 0.0450489
vt 0.840741 0.0459172
vt 0.841514 0.0392888
vt 0.818079 0.0238979
vt 0.838021 0.0256426
vt 0.824625 0.034706
vt 0.791506 0.0341917
vt 0.804783 0.0408446
vt 0.795967 0.044218
vt 0.799576 0.0235328
vt 0.809159 0.0315578
vt 0.853608 0.0378336
vt 0.855614 0.0437829
vt 0.805657 0.0470062
vt 0.847879 0.0315163
vt 0.841843 0.0488603
vt 0.854216 0.0477201
vt 0.848622 0.050361
vt 0.816026 0.0430745
vt 0.829546 0.0440494
vt 0.794426 0.0517136
vt 0.494516 0.78616
vt 0.481031 0.788379
vt 0.485971 0.76587
vt 0.435616 0.815555
vt 0.442526 0.820265
vt 0.42672 0.829213
vt 0.51226 0.818893
vt 0.531681 0.833698
vt 0.512625 0.831345
vt 0.509054 0.758933
vt 0.516539 0.778023
vt 0.546814 0.781878
vt 0.527243 0.797312
vt 0.447051 0.804836
vt 0.469236 0.81569
vt 0.544848 0.818506
vt 0.464177 0.799054
vt 0.479932 0.799904
vt 0.525667 0.806378
vt 0.495153 0.807366
vt 0.487335 0.805351
vt 0.506056 0.797354
vt 0.535508 0.76062
vt 0.106367 0.056845
vt 0.0891732 0.0636781
vt 0.0890918 0.0437193
vt 0.0734448 0.0409653
vt 0.114262 0.0333249
vt 0.098729 0.0321251
vt 0.104453 0.024989
vt 0.101018 0.0118522
vt 0.1127 0.00845475
vt 0.116749 0.0226244
vt 0.0995945 0.0403598
vt 0.104556 0.0461446
vt 0.0856162 0.0218539
vt 0.0966814 0.0194948
vt 0.0888601 0.00971516
vt 0.073403 0.0588797
vt 0.0921864 0.020366
vt 0.0777084 0.0279884
vt 0.109357 0.0417518
vt 0.0811027 0.00883004
vt 0.128984 0.0317979
vt 0.385881 0.070257
vt 0.373022 0.0458791
vt 0.38852 0.0453983
vt 0.368269 0.0607979
vt 0.375073 0.0673253
vt 0.369346 0.0755983
vt 0.365917 0.045211
vt 0.356459 0.0636439
vt 0.361207 0.0557733
vt 0.36344 0.0696559
vt 0.366565 0.0831091
vt 0.358788 0.0788196
vt 0.351134 0.0710547
vt 0.38719 0.0891948
vt 0.375996 0.0819481
vt 0.371988 0.0841294
vt 0.349003 0.0530901
vt 0.343273 0.0631676
vt 0.417495 0.0891948
vt 0.354706 0.0532716
vt 0.403988 0.0475194
vt 0.417495 0.045211
vt 0.957006 0.768208
vt 0.945486 0.776346
vt 0.942091 0.76724
vt 0.978222 0.769325
vt 0.988889 0.771285
vt 0.97307 0.776692
vt 0.958573 0.793571
vt 0.967885 0.791083
vt 0.957532 0.80013
vt 0.961645 0.775148
vt 0.963365 0.779688
vt 0.964402 0.758778
vt 0.950928 0.757689
vt 0.95564 0.780888
vt 0.959718 0.786631
vt 0.947237 0.787789
vt 0.953973 0.795369
vt 0.968825 0.782449
vt 0.980709 0.779985
vt 0.967913 0.805362
vt 0.659991 0.0856109
vt 0.668577 0.0783452
vt 0.671907 0.0825398
vt 0.639372 0.0260614
vt 0.615989 0.0204561
vt 0.622587 0.0145448
vt 0.644187 0.0434362
vt 0.680635 0.059983
vt 0.657036 0.0571397
vt 0.647452 0.0805213
vt 0.641261 0.0336728
vt 0.610389 0.0288231
vt 0.609972 0.0487906
vt 0.642031 0.0589771
vt 0.619066 0.0602711
vt 0.649893 0.0731383
vt 0.671582 0.0673748
vt 0.642121 0.0183712
vt 0.66234 0.0161628
vt 0.676799 0.0377575
vt 0.625967 0.0716331
vt 0.649526 0.0839655
vt 0.0335057 0.757791
vt 0.0547649 0.73586
vt 0.0349681 0.762666
vt 0.0443667 0.722546
vt 0.0337937 0.727554
vt 0.0410591 0.723654
vt 0.0498593 0.705193
vt 0.0542205 0.715281
vt 0.0431429 0.7188
vt 0.0559661 0.729282
vt 0.0324874 0.738653
vt 0.0492714 0.724572
vt 0.0410234 0.74275
vt 0.0689555 0.731882
vt 0.0633651 0.68955
vt 0.0727264 0.705608
vt 0.0693191 0.717707
vt 0.088082 0.723928
vt 0.0250472 0.716133
vt 0.039114 0.690054
vt 0.0604481 0.673244
vt 0.0377231 0.673636
vt 0.042654 0.758336
vt 0.0674086 0.780239
vt 0.0375351 0.771991
vt 0.0552256 0.792086
vt 0.0711583 0.813094
vt 0.0375351 0.813261
vt 0.0813867 0.792973
vt 0.069947 0.794291
vt 0.0570181 0.828917
vt 0.0807762 0.832802
vt 0.0808982 0.801354
vt 0.0682259 0.760464
vt 0.0642486 0.748815
vt 0.0761256 0.75144
vt 0.0949249 0.758516
vt 0.0969604 0.758261
vt 0.08218 0.773424
vt 0.104136 0.749839
vt 0.104136 0.832802
vt 0.101216 0.804862
vt 0.03768 0.787556
vt 0.0908504 0.786374
vt 0.0723839 0.742185
vt 0.100345 0.358436
vt 0.0991585 0.336126
vt 0.12379 0.357266
vt 0.118467 0.372083
vt 0.138605 0.385485
vt 0.12759 0.390105
vt 0.118464 0.332266
vt 0.133307 0.345603
vt 0.100762 0.310704
vt 0.112474 0.295951
vt 0.119884 0.315166
vt 0.132497 0.328745
vt 0.145648 0.345081
vt 0.143496 0.327035
vt 0.144711 0.367359
vt 0.149471 0.336101
vt 0.157699 0.344719
vt 0.159274 0.366485
vt 0.134574 0.311455
vt 0.100253 0.375402
vt 0.101165 0.38732
vt 0.121289 0.39476
vt 0.954004 0.727715
vt 0.948105 0.710543
vt 0.958919 0.719481
vt 0.924453 0.704602
vt 0.921252 0.69298
vt 0.931543 0.703726
vt 0.946898 0.737265
vt 0.938102 0.719121
vt 0.92861 0.688677
vt 0.93772 0.702228
vt 0.941253 0.714006
vt 0.963366 0.741245
vt 0.966138 0.755536
vt 0.957878 0.750754
vt 0.941616 0.692956
vt 0.949238 0.702142
vt 0.9339 0.727197
vt 0.944584 0.751719
vt 0.965292 0.731993
vt 0.929374 0.735504
vt 0.949772 0.749486
vt 0.951582 0.754474
vt 0.731377 0.075843
vt 0.723262 0.0677246
vt 0.736977 0.0633895
vt 0.727315 0.0469501
vt 0.738462 0.0495065
vt 0.709841 0.072119
vt 0.716887 0.0574975
vt 0.700676 0.0469991
vt 0.707074 0.0570294
vt 0.695604 0.0551537
vt 0.683327 0.0613795
vt 0.692128 0.0466118
vt 0.695748 0.0687355
vt 0.703429 0.040052
vt 0.715419 0.0432602
vt 0.745757 0.0826766
vt 0.750856 0.0622605
vt 0.699281 0.0860745
vt 0.709219 0.0855559
vt 0.719585 0.0844819
vt 0.679347 0.0865696
vt 0.0116444 0.0240438
vt 0.0303552 0.0265636
vt 0.0217207 0.0295561
vt 0.0413079 0.0248521
vt 0.0351045 0.0341796
vt 0.000204014 0.0418838
vt 0.00753013 0.0323484
vt 0.0211279 0.036231
vt 0.053169 0.0652795
vt 0.0376166 0.0448202
vt 0.0677773 0.0584142
vt 0.0518905 0.0303321
vt 0.0552273 0.0243878
vt 0.0646612 0.039092
vt 0.0448841 0.0846231
vt 0.0176024 0.0908403
vt 0.0198535 0.082721
vt 0.050646 0.0379882
vt 0.00446764 0.0661212
vt 0.0305093 0.0583103
vt 0.0444006 0.092199
vt 0.0433412 0.0738267
vt 0.816911 0.0856455
vt 0.806667 0.0843447
vt 0.810036 0.0755397
vt 0.833273 0.0917343
vt 0.823291 0.0895667
vt 0.829556 0.0871061
vt 0.804293 0.0677807
vt 0.803903 0.0584775
vt 0.816847 0.0606738
vt 0.793732 0.0861636
vt 0.783096 0.0877179
vt 0.787232 0.0779849
vt 0.802172 0.0820593
vt 0.797869 0.0758364
vt 0.833273 0.0762043
vt 0.792407 0.0666798
vt 0.775728 0.0813247
vt 0.829891 0.067471
vt 0.764005 0.083807
vt 0.751055 0.0769154
vt 0.765345 0.0765722
vt 0.776666 0.0716335
vt 0.754724 0.0596598
vt 0.794381 0.0572019
vt 0.831979 0.0576473
vt 0.310167 0.0438969
vt 0.308261 0.0551711
vt 0.294696 0.0317265
vt 0.288756 0.087929
vt 0.276392 0.0769661
vt 0.295652 0.0734965
vt 0.283608 0.0684671
vt 0.273361 0.0618875
vt 0.29268 0.0602996
vt 0.264669 0.0881322
vt 0.269033 0.0956907
vt 0.279437 0.097263
vt 0.273367 0.103198
vt 0.256433 0.0738668
vt 0.259125 0.0553358
vt 0.247419 0.0582552
vt 0.255041 0.0390551
vt 0.329926 0.0497551
vt 0.330355 0.0440792
vt 0.242038 0.0456955
vt 0.32034 0.0403715
vt 0.265967 0.0416468
vt 0.286642 0.0436385
vt 0.279049 0.0499916
vt 0.276284 0.0384432
vt 0.292722 0.0419291
vt 0.195506 0.758824
vt 0.183361 0.753585
vt 0.18464 0.747629
vt 0.186086 0.765525
vt 0.166209 0.737522
vt 0.139056 0.756604
vt 0.118347 0.750891
vt 0.135665 0.740836
vt 0.133836 0.808835
vt 0.131038 0.792243
vt 0.152211 0.801299
vt 0.152449 0.763908
vt 0.151387 0.743801
vt 0.165463 0.758278
vt 0.134101 0.77459
vt 0.10985 0.784744
vt 0.0972735 0.763012
vt 0.167541 0.778848
vt 0.170962 0.793963
vt 0.195928 0.77606
vt 0.178013 0.788794
vt 0.189943 0.784188
vt 0.100157 0.795489
vt 0.124664 0.817805
vt 0.113825 0.819302
vt 0.0369153 0.226553
vt 0.0222528 0.232625
vt 0.0325984 0.224159
vt 0.0539066 0.224173
vt 0.0706971 0.223978
vt 0.0557927 0.23658
vt 0.0287865 0.205499
vt 0.0386951 0.209107
vt 0.027066 0.216697
vt 0.0366776 0.218595
vt 0.0461691 0.214722
vt 0.0432274 0.22597
vt 0.0333228 0.240368
vt 0.0566593 0.213605
vt 0.0708877 0.209709
vt 0.0290228 0.194222
vt 0.0447477 0.194089
vt 0.0391677 0.24234
vt 0.002802 0.203807
vt 0.0465038 0.205811
vt 0.0578737 0.204779
vt 0.00521569 0.234054
vt 0.61196 0.963742
vt 0.615525 0.951647
vt 0.619923 0.966153
vt 0.601167 0.936439
vt 0.606167 0.924396
vt 0.613804 0.935211
vt 0.590195 0.928009
vt 0.600992 0.926684
vt 0.602779 0.965645
vt 0.603985 0.950792
vt 0.615509 0.919327
vt 0.622052 0.910214
vt 0.620758 0.925394
vt 0.590695 0.951479
vt 0.612445 0.981844
vt 0.598662 0.916149
vt 0.620951 0.982721
vt 0.608059 0.912361
vt 0.591016 0.905914
vt 0.603435 0.903159
vt 0.616667 0.906395
vt 0.599167 0.987863
vt 0.596304 0.967904
vt 0.590195 0.970785
vt 0.91883 0.0322045
vt 0.938311 0.0290662
vt 0.926967 0.0381135
vt 0.934906 0.0511489
vt 0.926022 0.0453311
vt 0.95001 0.0419554
vt 0.968284 0.033162
vt 0.939484 0.0647132
vt 0.932876 0.0587525
vt 0.938925 0.0567599
vt 0.959225 0.0578296
vt 0.948609 0.0725454
vt 0.96695 0.0778999
vt 0.952968 0.0786238
vt 0.967088 0.0655715
vt 0.945878 0.0505986
vt 0.94535 0.0235488
vt 0.92778 0.0186532
vt 0.956312 0.0147856
vt 0.911514 0.0399923
vt 0.948054 0.0562259
vt 0.923592 0.056909
vt 0.956474 0.0503158
vt 0.928258 0.0627281
vt 0.908208 0.0532001
vt 0.126478 0.890205
vt 0.140616 0.875188
vt 0.140523 0.898995
vt 0.150193 0.921137
vt 0.150788 0.901934
vt 0.157305 0.910447
vt 0.115472 0.866054
vt 0.123628 0.864602
vt 0.126276 0.857086
vt 0.131505 0.870515
vt 0.127905 0.842015
vt 0.114311 0.856534
vt 0.10743 0.848779
vt 0.126623 0.932454
vt 0.142384 0.914512
vt 0.0971636 0.931477
vt 0.112622 0.891765
vt 0.112018 0.917084
vt 0.104795 0.85778
vt 0.0981514 0.838681
vt 0.147521 0.883211
vt 0.104291 0.882445
vt 0.105248 0.836098
vt 0.149285 0.892841
vt 0.135446 0.859416
vt 0.158675 0.924254
vt 0.0986731 0.905727
vt 0.126424 0.445212
vt 0.112418 0.429399
vt 0.117941 0.418394
vt 0.0942068 0.413659
vt 0.105026 0.41166
vt 0.104895 0.428579
vt 0.106812 0.392933
vt 0.110342 0.405643
vt 0.106333 0.446754
vt 0.111118 0.46284
vt 0.110525 0.396951
vt 0.122033 0.397549
vt 0.129893 0.415955
vt 0.126308 0.426905
vt 0.134033 0.466278
vt 0.103442 0.467605
vt 0.0877135 0.467877
vt 0.0963741 0.445434
vt 0.134266 0.404189
vt 0.124712 0.484935
vt 0.112693 0.487191
vt 0.117568 0.475494
vt 0.0819185 0.418085
vt 0.083812 0.441714
vt 0.0717537 0.439507
vt 0.0785065 0.399321
vt 0.108833 0.479398
vt 0.859811 0.956145
vt 0.848489 0.966428
vt 0.846977 0.956767
vt 0.855732 0.969928
vt 0.860851 0.96303
vt 0.839965 0.953736
vt 0.849074 0.946323
vt 0.837601 0.966562
vt 0.835009 0.960855
vt 0.828326 0.968274
vt 0.829454 0.956986
vt 0.856834 0.948987
vt 0.838855 0.946091
vt 0.825131 0.948482
vt 0.836711 0.936603
vt 0.822064 0.963075
vt 0.82891 0.929773
vt 0.855096 0.915282
vt 0.851995 0.934071
vt 0.860677 0.938496
vt 0.831682 0.976954
vt 0.849283 0.907248
vt 0.845738 0.982396
vt 0.820519 0.941426
vt 0.860093 0.982184
vt 0.851836 0.991558
vt 0.857231 0.974792
vt 0.143339 0.981474
vt 0.131542 0.965386
vt 0.147649 0.960509
vt 0.118534 0.956577
vt 0.11656 0.964631
vt 0.102545 0.960598
vt 0.0683411 0.969506
vt 0.0739101 0.960891
vt 0.0864101 0.966039
vt 0.0881994 0.956615
vt 0.101921 0.954524
vt 0.119927 0.972386
vt 0.0972116 0.975306
vt 0.105039 0.967697
vt 0.0667745 0.955392
vt 0.067186 0.981644
vt 0.114147 0.981645
vt 0.0638883 0.949574
vt 0.0704316 0.94259
vt 0.0853211 0.946404
vt 0.0947423 0.952243
vt 0.106354 0.947922
vt 0.139588 0.95437
vt 0.126684 0.949749
vt 0.151441 0.955622
vt 0.158737 0.957474
vt 0.158623 0.965487
vt 0.169842 0.415144
vt 0.165775 0.391204
vt 0.182163 0.395391
vt 0.180726 0.415169
vt 0.157191 0.424378
vt 0.157534 0.408042
vt 0.153135 0.453115
vt 0.152273 0.437406
vt 0.161511 0.44387
vt 0.169445 0.435825
vt 0.155383 0.415114
vt 0.150826 0.41166
vt 0.180312 0.429001
vt 0.146698 0.439797
vt 0.143717 0.426195
vt 0.168327 0.459047
vt 0.183785 0.444372
vt 0.173541 0.449281
vt 0.188178 0.457546
vt 0.136939 0.442179
vt 0.155659 0.392458
vt 0.137461 0.405674
vt 0.177121 0.458526
vt 0.148246 0.378555
vt 0.165399 0.476037
vt 0.148891 0.47167
vt 0.136679 0.479774
vt 0.971943 0.368651
vt 0.961025 0.376828
vt 0.96423 0.363758
vt 0.95122 0.375417
vt 0.952237 0.360381
vt 0.972763 0.380007
vt 0.984067 0.371822
vt 0.982557 0.380114
vt 0.950657 0.388668
vt 0.942044 0.39568
vt 0.94342 0.380283
vt 0.955377 0.40027
vt 0.952309 0.408671
vt 0.966116 0.411478
vt 0.970037 0.399115
vt 0.961589 0.38859
vt 0.950934 0.382145
vt 0.970522 0.357545
vt 0.962368 0.35034
vt 0.973749 0.346695
vt 0.987727 0.399136
vt 0.977663 0.387296
vt 0.988937 0.377544
vt 0.982482 0.357484
vt 0.956096 0.384362
vt 0.986447 0.384137
vt 0.319101 0.987636
vt 0.304912 0.987828
vt 0.318482 0.970578
vt 0.326881 0.957774
vt 0.335753 0.961149
vt 0.335534 0.987111
vt 0.32812 0.983463
vt 0.337384 0.974216
vt 0.345 0.94227
vt 0.318372 0.951405
vt 0.295223 0.964922
vt 0.341504 0.976255
vt 0.339256 0.989927
vt 0.346733 0.982841
vt 0.351073 0.971104
vt 0.355798 0.981567
vt 0.359801 0.970963
vt 0.348123 0.968241
vt 0.265763 0.974481
vt 0.288417 0.98207
vt 0.301261 0.944829
vt 0.331693 0.932623
vt 0.2733 0.956391
vt 0.278144 0.987866
vt 0.307543 0.929898
vt 0.28362 0.938517
vt 0.343256 0.964869
vt 0.290218 0.927089
vt 0.367864 0.976278
vt 0.364528 0.982585
vt 0.301162 0.923651
vt 0.30436 0.916664
vt 0.027675 0.953974
vt 0.0416501 0.961369
vt 0.0275973 0.974475
vt 0.0275973 0.941554
vt 0.0368797 0.944571
vt 0.0447077 0.932821
vt 0.0489475 0.950249
vt 0.0612672 0.934103
vt 0.0616606 0.974475
vt 0.0275973 0.926956
vt 0.0430164 0.913513
vt 0.0441993 0.916291
vt 0.0372786 0.915958
vt 0.0343475 0.907795
vt 0.0413257 0.895271
vt 0.0484418 0.89911
vt 0.048078 0.908389
vt 0.0407755 0.922374
vt 0.0453229 0.927105
vt 0.038711 0.926235
vt 0.0502934 0.914973
vt 0.0275973 0.895271
vt 0.0511 0.922271
vt 0.0544378 0.92707
vt 0.0610759 0.923008
vt 0.0616606 0.918677
vt 0.0556712 0.915756
vt 0.0547659 0.91291
vt 0.0428113 0.912311
vt 0.0339187 0.644927
vt 0.0376236 0.644582
vt 0.0350691 0.650705
vt 0.0404055 0.639731
vt 0.0369425 0.637882
vt 0.00620394 0.623878
vt 0.011973 0.656806
vt 0.00214765 0.648272
vt 0.0305082 0.649293
vt 0.0316425 0.658588
vt 0.0255233 0.657199
vt 0.0312337 0.666071
vt 0.0319592 0.672679
vt 0.0330858 0.668962
vt 0.0346013 0.665138
vt 0.0325012 0.636086
vt 0.0336547 0.673114
vt 0.0165646 0.653253
vt 0.0217436 0.636912
vt 0.0273952 0.621931
vt 0.0358807 0.68684
vt 0.0184775 0.671184
vt 0.0404055 0.65166
vt 0.0362572 0.657355
vt 0.0360577 0.661309
vt 0.0375359 0.666514
vt 0.00215056 0.68684
vt 0.0359519 0.668213
vt 0.885007 0.955153
vt 0.904384 0.955649
vt 0.896504 0.961953
vt 0.915971 0.962643
vt 0.896646 0.966285
vt 0.907015 0.967713
vt 0.899387 0.971581
vt 0.906177 0.981728
vt 0.919291 0.979413
vt 0.863145 0.959237
vt 0.872555 0.949362
vt 0.900351 0.947511
vt 0.902751 0.929058
vt 0.892227 0.917966
vt 0.908851 0.919775
vt 0.866875 0.902548
vt 0.88154 0.90715
vt 0.858894 0.918791
vt 0.886741 0.938962
vt 0.869673 0.936135
vt 0.889156 0.930863
vt 0.9201 0.933578
vt 0.902382 0.938112
vt 0.868876 0.925993
vt 0.884462 0.924322
vt 0.882155 0.918715
vt 0.945984 0.951493
vt 0.926075 0.962347
vt 0.919383 0.9442
vt 0.917765 0.926032
vt 0.0923919 0.259511
vt 0.0947005 0.260531
vt 0.093941 0.264872
vt 0.0961388 0.273202
vt 0.111107 0.252738
vt 0.114136 0.275598
vt 0.124983 0.228063
vt 0.0974724 0.256161
vt 0.0999123 0.286663
vt 0.0838421 0.297377
vt 0.0875464 0.27563
vt 0.116606 0.211877
vt 0.0912268 0.256464
vt 0.0771677 0.242726
vt 0.0504188 0.262825
vt 0.0536771 0.243636
vt 0.0717294 0.227963
vt 0.0849649 0.283888
vt 0.0733013 0.285606
vt 0.0996711 0.300269
vt 0.0853294 0.323564
vt 0.0782491 0.256058
vt 0.0645097 0.282007
vt 0.0597674 0.263832
vt 0.0720359 0.27588
vt 0.0940942 0.209908
vt 0.0927793 0.256834
vt 0.122334 0.285798
vt 0.36485 0.925318
vt 0.353096 0.926086
vt 0.360066 0.905457
vt 0.414238 0.935678
vt 0.404545 0.926698
vt 0.423608 0.912391
vt 0.391032 0.934552
vt 0.382882 0.939323
vt 0.38598 0.932655
vt 0.394966 0.941229
vt 0.384188 0.905775
vt 0.388676 0.915861
vt 0.377997 0.919631
vt 0.342716 0.926924
vt 0.394614 0.923173
vt 0.43881 0.914147
vt 0.426269 0.93838
vt 0.380485 0.930039
vt 0.433757 0.938041
vt 0.400497 0.90719
vt 0.394011 0.902119
vt 0.375954 0.901328
vt 0.372735 0.912117
vt 0.368235 0.941061
vt 0.357716 0.937159
vt 0.408281 0.911676
vt 0.344767 0.900494
vt 0.372352 0.929252
vt 0.347575 0.939555
vt 0.0563857 0.121741
vt 0.060933 0.126285
vt 0.0573637 0.132772
vt 0.0452194 0.123104
vt 0.054281 0.113887
vt 0.055458 0.103536
vt 0.0663549 0.118668
vt 0.0885108 0.0824293
vt 0.0877637 0.0666296
vt 0.0935874 0.072602
vt 0.0412416 0.113125
vt 0.0469555 0.105988
vt 0.0524187 0.142638
vt 0.0501798 0.135059
vt 0.0524777 0.138144
vt 0.0677538 0.0973356
vt 0.0509923 0.0917011
vt 0.0816463 0.0750769
vt 0.0781983 0.119652
vt 0.0712744 0.0813399
vt 0.080364 0.0904146
vt 0.0535898 0.0789897
vt 0.0830319 0.105572
vt 0.0450393 0.0957364
vt 0.0879869 0.100596
vt 0.0794926 0.0659762
vt 0.074062 0.0704111
vt 0.0878899 0.094001
vt 0.0631495 0.0672848
vt 0.0907611 0.0927867
vt 0.0949523 0.086015
vt 0.0536693 0.14147
vt 0.101467 0.0796685
vt 0.918567 0.177529
vt 0.932705 0.169989
vt 0.930671 0.184214
vt 0.918567 0.151801
vt 0.931554 0.139262
vt 0.932351 0.157886
vt 0.966228 0.157874
vt 0.966228 0.193407
vt 0.952315 0.175501
vt 0.942186 0.193407
vt 0.947076 0.158368
vt 0.940343 0.145862
vt 0.958392 0.12164
vt 0.946419 0.100782
vt 0.959882 0.106604
vt 0.941292 0.111645
vt 0.946865 0.118752
vt 0.935163 0.119436
vt 0.940087 0.134051
vt 0.949519 0.136091
vt 0.9265 0.0950313
vt 0.935239 0.103332
vt 0.920057 0.105872
vt 0.931998 0.0807852
vt 0.948025 0.0818426
vt 0.95859 0.088221
vt 0.962541 0.139329
vt 0.918598 0.124434
vt 0.943148 0.126411
vt 0.943126 0.0722904
vt 0.18235 0.222924
vt 0.168364 0.217516
vt 0.176143 0.21366
vt 0.159879 0.232895
vt 0.135685 0.23588
vt 0.125117 0.2096
vt 0.17927 0.226995
vt 0.189453 0.218643
vt 0.159683 0.261561
vt 0.140271 0.263997
vt 0.142132 0.251758
vt 0.154466 0.246411
vt 0.186787 0.203113
vt 0.191438 0.203502
vt 0.184539 0.208338
vt 0.16786 0.225003
vt 0.185118 0.237451
vt 0.163416 0.20406
vt 0.174942 0.203253
vt 0.131709 0.305075
vt 0.129975 0.300007
vt 0.136675 0.299411
vt 0.149901 0.282825
vt 0.147652 0.275526
vt 0.15921 0.274778
vt 0.12611 0.244693
vt 0.15387 0.21243
vt 0.181246 0.198817
vt 0.145759 0.285174
vt 0.136071 0.27728
vt 0.134771 0.289967
vt 0.177214 0.245574
vt 0.160535 0.208992
vt 0.153931 0.270366
vt 0.14227 0.296349
vt 0.140283 0.30308
vt 0.17161 0.252346
vt 0.702727 0.95733
vt 0.700094 0.953954
vt 0.707744 0.953584
vt 0.718118 0.952802
vt 0.717527 0.965649
vt 0.659244 0.963462
vt 0.670716 0.963257
vt 0.662036 0.970494
vt 0.689595 0.956025
vt 0.676655 0.946926
vt 0.704896 0.940666
vt 0.641398 0.957474
vt 0.631676 0.950713
vt 0.644275 0.951187
vt 0.690474 0.968795
vt 0.672412 0.93631
vt 0.688249 0.93631
vt 0.681467 0.982587
vt 0.665462 0.958982
vt 0.654633 0.95809
vt 0.666011 0.953808
vt 0.67614 0.958159
vt 0.650352 0.983773
vt 0.629572 0.978896
vt 0.6559 0.936921
vt 0.64608 0.944378
vt 0.639691 0.936775
vt 0.639154 0.966424
vt 0.629572 0.940607
vt 0.631279 0.956061
vt 0.657607 0.948723
vt 0.339102 0.843525
vt 0.357408 0.835345
vt 0.363295 0.83841
vt 0.366522 0.825477
vt 0.368036 0.831703
vt 0.359264 0.823671
vt 0.376174 0.845731
vt 0.345917 0.849948
vt 0.389707 0.858761
vt 0.373041 0.855985
vt 0.34862 0.829598
vt 0.413702 0.825421
vt 0.424257 0.831408
vt 0.416552 0.833311
vt 0.399204 0.817296
vt 0.406037 0.830304
vt 0.386333 0.832007
vt 0.37933 0.821782
vt 0.358787 0.820567
vt 0.440199 0.833883
vt 0.3918 0.838834
vt 0.375273 0.837399
vt 0.452803 0.847621
vt 0.430163 0.840161
vt 0.343123 0.838204
vt 0.402596 0.849066
vt 0.350603 0.822797
vt 0.347769 0.816977
vt 0.400235 0.832847
vt 0.410103 0.840204
vt 0.429473 0.851889
vt 0.35891 0.858129
vt 0.364472 0.863355
vt 0.171917 0.307029
vt 0.194905 0.305753
vt 0.182347 0.313586
vt 0.169826 0.31391
vt 0.159218 0.312973
vt 0.158805 0.301005
vt 0.167185 0.322149
vt 0.191903 0.29321
vt 0.165679 0.285938
vt 0.194351 0.276001
vt 0.188221 0.323448
vt 0.21154 0.310893
vt 0.213682 0.292525
vt 0.172898 0.369683
vt 0.197199 0.364442
vt 0.204335 0.383605
vt 0.181809 0.384497
vt 0.192141 0.335624
vt 0.170821 0.331721
vt 0.172015 0.389558
vt 0.15949 0.373798
vt 0.213313 0.324891
vt 0.211716 0.33807
vt 0.161539 0.363279
vt 0.165432 0.351186
vt 0.177352 0.355389
vt 0.174461 0.275222
vt 0.17776 0.344813
vt 0.190352 0.349963
vt 0.166974 0.297701
vt 0.20213 0.35227
vt 0.201625 0.344602
vt 0.213794 0.346866
vt 0.164439 0.342829
vt 0.213606 0.358315
vt 0.161839 0.274168
vt 0.0957122 0.648998
vt 0.0915795 0.661089
vt 0.0863343 0.649205
vt 0.103447 0.642442
vt 0.100254 0.660593
vt 0.0789114 0.673077
vt 0.086933 0.668151
vt 0.0847215 0.67879
vt 0.107037 0.679306
vt 0.108751 0.656934
vt 0.0970235 0.709182
vt 0.0975566 0.694421
vt 0.109824 0.706607
vt 0.0906397 0.634674
vt 0.0869858 0.692656
vt 0.0776195 0.687213
vt 0.0947561 0.676229
vt 0.0843711 0.709182
vt 0.0862433 0.659569
vt 0.0804982 0.657854
vt 0.115967 0.639378
vt 0.111585 0.617232
vt 0.0721923 0.645813
vt 0.0717651 0.665584
vt 0.114376 0.665007
vt 0.078453 0.624828
vt 0.0882579 0.617232
vt 0.0740862 0.701114
vt 0.072519 0.682845
vt 0.117648 0.695527
vt 0.0778627 0.638078
vt 0.0255368 0.604006
vt 0.0370099 0.615889
vt 0.0311411 0.622511
vt 0.0576522 0.614819
vt 0.0432497 0.603992
vt 0.0539364 0.602482
vt 0.0327583 0.577864
vt 0.0249001 0.579778
vt 0.0280098 0.563885
vt 0.0467148 0.624093
vt 0.0601698 0.63673
vt 0.0410937 0.631538
vt 0.0527114 0.582819
vt 0.041056 0.588288
vt 0.0485143 0.572158
vt 0.0625421 0.627322
vt 0.079343 0.61166
vt 0.0742118 0.629026
vt 0.0435995 0.565235
vt 0.0625402 0.570872
vt 0.0536463 0.553331
vt 0.074057 0.554204
vt 0.0684148 0.599105
vt 0.048419 0.593688
vt 0.0750079 0.578757
vt 0.0600635 0.587681
vt 0.0745243 0.567499
vt 0.0386213 0.561153
vt 0.0238901 0.588267
vt 0.0855497 0.589878
vt 0.100656 0.594072
vt 0.0471654 0.64231
vt 8.71646e-06 0.314041
vt 0.0244387 0.332395
vt 0.0143755 0.33344
vt 0.0388515 0.310639
vt 0.0446095 0.323323
vt 0.034716 0.320411
vt 0.0380337 0.296795
vt 0.0474489 0.310534
vt 0.0299073 0.302651
vt 0.0188852 0.315687
vt 0.0272677 0.28837
vt 0.0327307 0.281541
vt 0.020579 0.302123
vt 0.00361746 0.301616
vt 0.0450068 0.291561
vt 0.0188086 0.277576
vt 0.0151956 0.288664
vt 0.0694538 0.315968
vt 0.0624503 0.29112
vt 0.0716051 0.298493
vt 0.00952619 0.27336
vt 0.031309 0.271853
vt 0.0480415 0.265135
vt 0.0592969 0.313097
vt 0.00619802 0.260633
vt 0.00114068 0.260483
vt 0.0204411 0.271137
vt 0.0132151 0.296183
vt 0.0081582 0.290578
vt 0.00562654 0.27823
vt 0.0257882 0.312887
vt 0.0300075 0.324789
vt 0.0115236 0.258153
vt 0.00213618 0.328413
vt 0.000149263 0.266104
vt 0.0629368 0.207399
vt 0.0866454 0.19281
vt 0.106963 0.20728
vt 0.0945971 0.130831
vt 0.110841 0.111231
vt 0.113067 0.125264
vt 0.112711 0.160507
vt 0.120244 0.168572
vt 0.11622 0.178133
vt 0.0650057 0.19234
vt 0.0902965 0.174178
vt 0.0869415 0.155908
vt 0.0769238 0.181364
vt 0.0629353 0.179804
vt 0.0747901 0.15357
vt 0.077664 0.162985
vt 0.0772146 0.171694
vt 0.0671978 0.169789
vt 0.11936 0.132162
vt 0.11052 0.139574
vt 0.139971 0.188082
vt 0.125969 0.206702
vt 0.0640635 0.157452
vt 0.0815136 0.119715
vt 0.103783 0.183338
vt 0.128702 0.17515
vt 0.085884 0.111231
vt 0.124814 0.167003
vt 0.139408 0.16034
vt 0.093286 0.144713
vt 0.0685038 0.138569
vt 0.120465 0.17276
vt 0.13997 0.141011
vt 0.0809652 0.130656
vt 0.896626 0.909289
vt 0.880515 0.90313
vt 0.900406 0.894925
vt 0.886372 0.892124
vt 0.93565 0.889953
vt 0.945515 0.889283
vt 0.932038 0.899009
vt 0.915123 0.90218
vt 0.917563 0.920657
vt 0.90074 0.879573
vt 0.913581 0.876548
vt 0.905877 0.884735
vt 0.922285 0.887783
vt 0.932067 0.87329
vt 0.961641 0.884214
vt 0.944743 0.880565
vt 0.965506 0.870775
vt 0.944228 0.861678
vt 0.951335 0.867585
vt 0.947847 0.90683
vt 0.95094 0.913384
vt 0.939834 0.920051
vt 0.94955 0.897799
vt 0.936338 0.909049
vt 0.891979 0.8835
vt 0.908198 0.911401
vt 0.901222 0.871395
vt 0.9205 0.862074
vt 0.871752 0.888364
vt 0.875931 0.873385
vt 0.894679 0.877616
vt 0.895547 0.879648
vt 0.965506 0.893913
vt 0.965506 0.907427
vt 0.92978 0.921405
vt 0.869522 0.899081
vt 0.861168 0.900745
vt 0.863395 0.806698
vt 0.833742 0.788954
vt 0.843104 0.772821
vt 0.913828 0.767381
vt 0.924215 0.796324
vt 0.906165 0.777165
vt 0.877956 0.797748
vt 0.88771 0.811051
vt 0.876454 0.81011
vt 0.899104 0.788555
vt 0.893494 0.769907
vt 0.86024 0.779544
vt 0.868299 0.77379
vt 0.803773 0.787221
vt 0.823085 0.796395
vt 0.811605 0.795973
vt 0.86984 0.754953
vt 0.85317 0.757481
vt 0.878985 0.745547
vt 0.890683 0.761203
vt 0.820463 0.770689
vt 0.831959 0.757819
vt 0.881713 0.728095
vt 0.925747 0.745178
vt 0.898647 0.749996
vt 0.882164 0.690918
vt 0.898986 0.693223
vt 0.902306 0.718525
vt 0.906757 0.791968
vt 0.914683 0.82316
vt 0.890996 0.795746
vt 0.913942 0.802802
vt 0.917275 0.691122
vt 0.92614 0.722869
vt 0.858091 0.728356
vt 0.862414 0.696328
vt 0.884149 0.823353
vt 0.808753 0.77861
vt 0.914952 0.807905
vt 0.800929 0.791428
vt 0.943233 0.78666
vt 0.229969 0.96178
vt 0.220332 0.967555
vt 0.215207 0.955236
vt 0.166775 0.961572
vt 0.187957 0.960686
vt 0.187447 0.96845
vt 0.2099 0.970486
vt 0.206311 0.980156
vt 0.222973 0.950366
vt 0.185244 0.974655
vt 0.227111 0.98368
vt 0.158165 0.951442
vt 0.16596 0.946245
vt 0.204981 0.959197
vt 0.237212 0.978281
vt 0.160842 0.968457
vt 0.237161 0.953056
vt 0.247152 0.96435
vt 0.228524 0.942469
vt 0.240127 0.930125
vt 0.25522 0.944291
vt 0.232145 0.918417
vt 0.208302 0.932455
vt 0.191423 0.910783
vt 0.215324 0.908899
vt 0.151796 0.930315
vt 0.143774 0.939854
vt 0.188014 0.950291
vt 0.171885 0.937862
vt 0.191791 0.941166
vt 0.201703 0.9514
vt 0.175022 0.923707
vt 0.210893 0.945773
vt 0.26316 0.971295
vt 0.25293 0.977295
vt 0.26619 0.959754
vt 0.163006 0.926235
vt 0.170183 0.978932
vt 0.940773 0.37361
vt 0.930559 0.39199
vt 0.931327 0.373491
vt 0.907433 0.409713
vt 0.907767 0.431804
vt 0.892057 0.422666
vt 0.922135 0.36612
vt 0.907937 0.381641
vt 0.908367 0.361016
vt 0.896035 0.361284
vt 0.906005 0.347592
vt 0.923752 0.3483
vt 0.923205 0.383092
vt 0.903913 0.366304
vt 0.893716 0.399675
vt 0.875107 0.407546
vt 0.882964 0.39343
vt 0.884842 0.379881
vt 0.882074 0.363773
vt 0.938343 0.394579
vt 0.94367 0.409081
vt 0.933544 0.410264
vt 0.892656 0.34205
vt 0.910004 0.335152
vt 0.937737 0.429988
vt 0.946378 0.431328
vt 0.918928 0.399725
vt 0.919504 0.419302
vt 0.929617 0.424663
vt 0.926574 0.409342
vt 0.884511 0.320409
vt 0.882587 0.45702
vt 0.877053 0.425636
vt 0.921156 0.437551
vt 0.943783 0.359262
vt 0.883279 0.352482
vt 0.911948 0.451843
vt 0.93541 0.356667
vt 0.904559 0.316721
vt 0.0806616 0.506797
vt 0.090437 0.495219
vt 0.1065 0.500663
vt 0.118176 0.490306
vt 0.0993254 0.48874
vt 0.0647961 0.50451
vt 0.0698154 0.496643
vt 0.0547046 0.49873
vt 0.0793054 0.518957
vt 0.0642921 0.514194
vt 0.053095 0.508819
vt 0.0576655 0.528015
vt 0.049773 0.519158
vt 0.0758062 0.487437
vt 0.0694782 0.533296
vt 0.0436942 0.537916
vt 0.0672948 0.543271
vt 0.0752203 0.526803
vt 0.0906485 0.525737
vt 0.0871186 0.541782
vt 0.0951671 0.51
vt 0.116629 0.504797
vt 0.0488253 0.54983
vt 0.104177 0.532613
vt 0.137935 0.4937
vt 0.0655932 0.484949
vt 0.0638954 0.478046
vt 0.0737662 0.477888
vt 0.0896935 0.483109
vt 0.068578 0.470415
vt 0.0814357 0.47141
vt 0.0556785 0.478133
vt 0.0612237 0.470239
vt 0.0600995 0.465604
vt 0.0706502 0.463789
vt 0.0660869 0.452764
vt 0.0615826 0.489255
vt 0.0679331 0.490628
vt 0.0568525 0.490699
vt 0.051731 0.484957
vt 0.242601 0.101517
vt 0.229614 0.114973
vt 0.233695 0.098677
vt 0.220216 0.154315
vt 0.22351 0.165278
vt 0.218084 0.168713
vt 0.242971 0.138403
vt 0.240011 0.124829
vt 0.252046 0.119491
vt 0.240243 0.0858098
vt 0.232744 0.146819
vt 0.224759 0.134898
vt 0.233332 0.130699
vt 0.209708 0.170266
vt 0.218028 0.184633
vt 0.205323 0.206959
vt 0.246952 0.149306
vt 0.261271 0.13375
vt 0.256854 0.151776
vt 0.258178 0.0875429
vt 0.271608 0.108179
vt 0.213124 0.14343
vt 0.214235 0.120029
vt 0.202393 0.152313
vt 0.194178 0.194464
vt 0.220146 0.0921567
vt 0.217267 0.213619
vt 0.238341 0.150804
vt 0.232342 0.172727
vt 0.244164 0.174511
vt 0.23974 0.204386
vt 0.19727 0.10725
vt 0.285356 0.106217
vt 0.287194 0.0983066
vt 0.274195 0.131105
vt 0.29959 0.091317
vt 0.299854 0.0988867
vt 0.199166 0.169483
vt 0.201601 0.132142
vt 0.224762 0.203514
vt 0.685878 0.743979
vt 0.700847 0.740118
vt 0.698905 0.754946
vt 0.691509 0.777087
vt 0.686576 0.762365
vt 0.697649 0.767932
vt 0.692074 0.814681
vt 0.6989 0.82281
vt 0.691896 0.829145
vt 0.69448 0.790598
vt 0.701326 0.778814
vt 0.697302 0.803329
vt 0.703502 0.80744
vt 0.699552 0.812311
vt 0.707121 0.780863
vt 0.701919 0.791609
vt 0.691487 0.800733
vt 0.675194 0.751403
vt 0.671769 0.765138
vt 0.678021 0.778342
vt 0.687001 0.785694
vt 0.688029 0.794645
vt 0.713035 0.720727
vt 0.701281 0.717527
vt 0.709592 0.708997
vt 0.681879 0.804476
vt 0.677946 0.792107
vt 0.691066 0.730203
vt 0.707173 0.729322
vt 0.715069 0.739007
vt 0.70145 0.72958
vt 0.714837 0.753003
vt 0.711518 0.745853
vt 0.707998 0.748048
vt 0.705268 0.767444
vt 0.709048 0.758712
vt 0.683403 0.820944
vt 0.711688 0.796596
vt 0.700123 0.822463
vt 0.715016 0.768438
vt 0.71588 0.782386
vt 0.878834 0.841597
vt 0.876631 0.83391
vt 0.890338 0.836456
vt 0.858959 0.838333
vt 0.866608 0.827935
vt 0.837094 0.83128
vt 0.844311 0.82888
vt 0.843372 0.834409
vt 0.852601 0.830889
vt 0.856783 0.831033
vt 0.8353 0.864237
vt 0.853356 0.853857
vt 0.844053 0.862925
vt 0.833363 0.858523
vt 0.832582 0.841255
vt 0.827186 0.83677
vt 0.865256 0.862073
vt 0.874353 0.851288
vt 0.889485 0.853084
vt 0.895976 0.858322
vt 0.895841 0.84473
vt 0.914204 0.847544
vt 0.901218 0.849683
vt 0.87994 0.848537
vt 0.841617 0.845997
vt 0.817971 0.867861
vt 0.868978 0.846831
vt 0.826463 0.847377
vt 0.823008 0.858415
vt 0.913772 0.851013
vt 0.931981 0.854385
vt 0.924625 0.856159
vt 0.924938 0.842348
vt 0.835634 0.844249
vt 0.935013 0.843016
vt 0.911598 0.830481
vt 0.886292 0.870093
vt 0.876705 0.827333
vt 0.85046 0.827939
vt 0.889527 0.826998
vt 0.850535 0.868625
vt 0.858206 0.825807
vt 0.229699 0.268144
vt 0.214577 0.268786
vt 0.218218 0.249958
vt 0.290279 0.270352
vt 0.298901 0.271118
vt 0.293225 0.281672
vt 0.282421 0.270148
vt 0.285305 0.248002
vt 0.285597 0.257201
vt 0.271869 0.244992
vt 0.258709 0.270662
vt 0.262006 0.276775
vt 0.252831 0.27314
vt 0.260914 0.268894
vt 0.272143 0.275595
vt 0.273952 0.255144
vt 0.266922 0.261762
vt 0.260629 0.247279
vt 0.251375 0.265548
vt 0.23065 0.285159
vt 0.258435 0.284239
vt 0.24183 0.265514
vt 0.25195 0.254381
vt 0.242287 0.234041
vt 0.25852 0.229346
vt 0.211167 0.254496
vt 0.242967 0.256385
vt 0.232162 0.254472
vt 0.199538 0.279548
vt 0.203211 0.257996
vt 0.242814 0.284437
vt 0.23604 0.246697
vt 0.227068 0.247689
vt 0.226446 0.234583
vt 0.186177 0.241556
vt 0.20375 0.24368
vt 0.191115 0.260293
vt 0.181639 0.252494
vt 0.217387 0.28284
vt 0.195311 0.232463
vt 0.209513 0.227037
vt 0.162256 0.510206
vt 0.1658 0.520544
vt 0.157583 0.521319
vt 0.147305 0.545464
vt 0.133619 0.556416
vt 0.141716 0.537963
vt 0.157201 0.502751
vt 0.151894 0.514558
vt 0.146019 0.499502
vt 0.134322 0.537898
vt 0.158044 0.532714
vt 0.149134 0.528667
vt 0.154776 0.495508
vt 0.136172 0.522621
vt 0.167637 0.531462
vt 0.143286 0.510167
vt 0.156993 0.544978
vt 0.173123 0.508427
vt 0.166941 0.496687
vt 0.140971 0.561509
vt 0.226526 0.566487
vt 0.194911 0.576031
vt 0.225008 0.557039
vt 0.177143 0.517249
vt 0.160076 0.488458
vt 0.144329 0.494189
vt 0.170789 0.576655
vt 0.174206 0.553209
vt 0.189755 0.549689
vt 0.198278 0.553628
vt 0.156331 0.558273
vt 0.163882 0.556918
vt 0.157968 0.572921
vt 0.155952 0.600281
vt 0.14141 0.575243
vt 0.148202 0.560019
vt 0.148733 0.572648
vt 0.166429 0.545263
vt 0.181727 0.578737
vt 0.17936 0.530906
vt 0.175562 0.540951
vt 0.166898 0.59897
vt 0.138756 0.597986
vt 0.186518 0.53495
vt 0.257343 0.160938
vt 0.291306 0.161553
vt 0.290275 0.17332
vt 0.285592 0.191493
vt 0.265685 0.200297
vt 0.27712 0.18371
vt 0.278997 0.200647
vt 0.269382 0.212263
vt 0.303107 0.189117
vt 0.325409 0.188363
vt 0.303643 0.198536
vt 0.327114 0.174491
vt 0.320825 0.163753
vt 0.291008 0.197006
vt 0.315659 0.146114
vt 0.342952 0.153445
vt 0.311802 0.20331
vt 0.297445 0.212062
vt 0.246562 0.177454
vt 0.317046 0.198741
vt 0.355386 0.167328
vt 0.285842 0.20632
vt 0.328503 0.197817
vt 0.343112 0.190632
vt 0.274931 0.224523
vt 0.256766 0.220571
vt 0.346844 0.178941
vt 0.375757 0.168516
vt 0.374346 0.180133
vt 0.300579 0.183257
vt 0.35136 0.184196
vt 0.352291 0.173752
vt 0.289104 0.146271
vt 0.307073 0.155687
vt 0.279338 0.15579
vt 0.319632 0.18068
vt 0.266252 0.147096
vt 0.402432 0.167621
vt 0.40938 0.163825
vt 0.335274 0.131791
vt 0.347326 0.145083
vt 0.317718 0.125963
vt 0.327227 0.118337
vt 0.300448 0.132042
vt 0.317757 0.208693
vt 0.286822 0.22648
vt 0.30735 0.22266
vt 0.294432 0.234543
vt 0.70336 0.100051
vt 0.716727 0.0981065
vt 0.700116 0.115063
vt 0.730229 0.104689
vt 0.769065 0.124966
vt 0.774846 0.134415
vt 0.762518 0.12975
vt 0.736233 0.0851832
vt 0.760102 0.122564
vt 0.71724 0.0908784
vt 0.697788 0.0956305
vt 0.691367 0.10072
vt 0.683159 0.0948889
vt 0.707465 0.0909163
vt 0.78958 0.128166
vt 0.780924 0.128862
vt 0.783059 0.121748
vt 0.658434 0.131761
vt 0.676165 0.111066
vt 0.800372 0.120271
vt 0.792854 0.113391
vt 0.775819 0.115702
vt 0.670074 0.0900572
vt 0.747857 0.136539
vt 0.760012 0.137576
vt 0.75223 0.14259
vt 0.695152 0.0897316
vt 0.756102 0.147822
vt 0.763923 0.142158
vt 0.657116 0.111637
vt 0.657116 0.0957656
vt 0.761624 0.118596
vt 0.779552 0.109173
vt 0.759843 0.0851832
vt 0.748561 0.128887
vt 0.756697 0.115394
vt 0.735022 0.118289
vt 0.735104 0.129138
vt 0.734608 0.138401
vt 0.70689 0.146449
vt 0.75901 0.0978404
vt 0.815121 0.106176
vt 0.787524 0.0929253
vt 0.810531 0.0922253
vt 0.776472 0.101483
vt 0.778278 0.0931212
vt 0.721839 0.131488
vt 0.708517 0.130713
vt 0.674751 0.143621
vt 0.180325 0.64903
vt 0.168806 0.639308
vt 0.175301 0.636057
vt 0.177457 0.665213
vt 0.172366 0.652282
vt 0.13712 0.70772
vt 0.14878 0.7074
vt 0.137341 0.723755
vt 0.175852 0.684017
vt 0.182924 0.68575
vt 0.182277 0.702057
vt 0.139113 0.682635
vt 0.146033 0.659284
vt 0.154841 0.68458
vt 0.122672 0.72649
vt 0.173011 0.702141
vt 0.172058 0.716199
vt 0.163164 0.709552
vt 0.157298 0.624569
vt 0.143617 0.635467
vt 0.145238 0.618704
vt 0.164128 0.643068
vt 0.192392 0.643176
vt 0.114877 0.61653
vt 0.119048 0.669959
vt 0.125058 0.692055
vt 0.193168 0.694452
vt 0.201927 0.67683
vt 0.200696 0.696041
vt 0.191365 0.709924
vt 0.200733 0.713238
vt 0.164558 0.653185
vt 0.156502 0.645083
vt 0.160034 0.66569
vt 0.170162 0.66679
vt 0.187409 0.717711
vt 0.181548 0.719925
vt 0.120898 0.649349
vt 0.151061 0.72649
vt 0.114877 0.711655
vt 0.189314 0.675564
vt 0.186874 0.693519
vt 0.167469 0.62746
vt 0.184364 0.661516
vt 0.165794 0.685758
vt 0.18156 0.675862
vt 0.204791 0.650361
vt 0.884945 0.238258
vt 0.892336 0.246512
vt 0.870588 0.237825
vt 0.905674 0.294371
vt 0.92619 0.277785
vt 0.92115 0.294765
vt 0.949948 0.301667
vt 0.959648 0.296228
vt 0.960539 0.306286
vt 0.954034 0.288127
vt 0.963124 0.316724
vt 0.947491 0.317442
vt 0.917545 0.329359
vt 0.934442 0.314054
vt 0.917108 0.318727
vt 0.926415 0.304527
vt 0.940881 0.299213
vt 0.904426 0.218125
vt 0.915403 0.211011
vt 0.917918 0.227817
vt 0.954037 0.329488
vt 0.932929 0.264023
vt 0.939599 0.270141
vt 0.931925 0.199579
vt 0.910694 0.312046
vt 0.945616 0.243292
vt 0.925525 0.25884
vt 0.928819 0.23902
vt 0.939371 0.287127
vt 0.885265 0.294796
vt 0.908493 0.279862
vt 0.887912 0.222514
vt 0.870351 0.231775
vt 0.940584 0.25754
vt 0.886094 0.307191
vt 0.903002 0.307714
vt 0.962745 0.241625
vt 0.951901 0.255827
vt 0.932897 0.281773
vt 0.882268 0.282921
vt 0.906156 0.266726
vt 0.909936 0.250029
vt 0.887735 0.267193
vt 0.965743 0.210261
vt 0.954034 0.195681
vt 0.964962 0.195704
vt 0.966182 0.2546
vt 0.966121 0.272451
vt 0.952269 0.270821
vt 0.944275 0.219887
vt 0.965096 0.228027
vt 0.908543 0.301322
vt 0.633708 0.858549
vt 0.623611 0.868892
vt 0.600678 0.854755
vt 0.642791 0.827808
vt 0.670941 0.820458
vt 0.657962 0.834671
vt 0.666918 0.86428
vt 0.65205 0.867198
vt 0.665824 0.849178
vt 0.655208 0.907934
vt 0.643594 0.90356
vt 0.658431 0.890628
vt 0.650289 0.879799
vt 0.63794 0.879515
vt 0.608803 0.902281
vt 0.611985 0.893937
vt 0.623323 0.890328
vt 0.626662 0.879348
vt 0.63765 0.869662
vt 0.652154 0.888578
vt 0.621507 0.836369
vt 0.646347 0.846895
vt 0.665941 0.876318
vt 0.676029 0.863977
vt 0.683913 0.865103
vt 0.614062 0.881513
vt 0.666152 0.914774
vt 0.682255 0.890404
vt 0.692196 0.87112
vt 0.673365 0.882532
vt 0.704695 0.892626
vt 0.687808 0.900954
vt 0.702896 0.880505
vt 0.701146 0.848504
vt 0.648023 0.858066
vt 0.594306 0.884399
vt 0.63003 0.905498
vt 0.642515 0.892586
vt 0.600339 0.90086
vt 0.686477 0.84943
vt 0.619968 0.887342
vt 0.634143 0.890873
vt 0.637583 0.850629
vt 0.710313 0.864381
vt 0.621382 0.898929
vt 0.691672 0.83229
vt 0.679141 0.8283
vt 0.671496 0.83461
vt 0.655055 0.812782
vt 0.878578 0.667245
vt 0.891568 0.674739
vt 0.889327 0.680123
vt 0.858513 0.664255
vt 0.866835 0.648324
vt 0.855739 0.615887
vt 0.8766 0.637293
vt 0.859674 0.631828
vt 0.882107 0.564489
vt 0.898098 0.551575
vt 0.908459 0.578514
vt 0.924237 0.571716
vt 0.893575 0.584354
vt 0.868247 0.580865
vt 0.877416 0.577312
vt 0.882769 0.591848
vt 0.870437 0.591368
vt 0.899996 0.676118
vt 0.891209 0.662634
vt 0.906136 0.67206
vt 0.916453 0.595116
vt 0.875399 0.647391
vt 0.865264 0.59643
vt 0.878379 0.60387
vt 0.901593 0.599433
vt 0.934228 0.609182
vt 0.936876 0.597941
vt 0.8946 0.607187
vt 0.917462 0.604993
vt 0.872476 0.615967
vt 0.890163 0.618455
vt 0.90911 0.610206
vt 0.891036 0.634561
vt 0.923859 0.616375
vt 0.902738 0.632929
vt 0.900687 0.654878
vt 0.90659 0.647171
vt 0.946201 0.625357
vt 0.909541 0.623229
vt 0.928926 0.631574
vt 0.853384 0.638931
vt 0.90821 0.655985
vt 0.921682 0.665262
vt 0.910445 0.663031
vt 0.915547 0.677208
vt 0.921991 0.644069
vt 0.95357 0.615494
vt 0.952296 0.648566
vt 0.946682 0.672208
vt 0.899728 0.538352
vt 0.856133 0.600261
vt 0.602883 0.768496
vt 0.601449 0.791206
vt 0.590989 0.785465
vt 0.586815 0.804134
vt 0.565169 0.813594
vt 0.579267 0.783315
vt 0.581926 0.766237
vt 0.57505 0.769114
vt 0.591103 0.764572
vt 0.637947 0.747365
vt 0.639426 0.773474
vt 0.629107 0.764281
vt 0.553942 0.807639
vt 0.564029 0.788953
vt 0.669184 0.767097
vt 0.653244 0.744855
vt 0.663586 0.744681
vt 0.652675 0.786434
vt 0.641548 0.790164
vt 0.627394 0.81803
vt 0.626372 0.821347
vt 0.623335 0.810691
vt 0.554451 0.778305
vt 0.579384 0.744299
vt 0.611635 0.7885
vt 0.608813 0.778253
vt 0.618106 0.775202
vt 0.624444 0.77065
vt 0.628883 0.780259
vt 0.621009 0.823952
vt 0.659635 0.770082
vt 0.649527 0.765185
vt 0.617626 0.800408
vt 0.62085 0.787238
vt 0.631095 0.799223
vt 0.64089 0.822832
vt 0.645428 0.807898
vt 0.606359 0.813579
vt 0.613423 0.811378
vt 0.610884 0.823421
vt 0.659239 0.785047
vt 0.549876 0.796503
vt 0.607959 0.802795
vt 0.611621 0.76929
vt 0.618866 0.763129
vt 0.63176 0.828094
vt 0.651919 0.806608
vt 0.648484 0.79663
vt 0.612267 0.760815
vt 0.596606 0.812936
vt 0.53995 0.758652
vt 0.57848 0.819492
vt 0.60459 0.820621
vt 0.476179 0.879028
vt 0.464373 0.877418
vt 0.464042 0.868333
vt 0.48545 0.879271
vt 0.485411 0.87258
vt 0.499329 0.881687
vt 0.496741 0.888807
vt 0.489293 0.883811
vt 0.511702 0.873067
vt 0.515624 0.883029
vt 0.507715 0.889081
vt 0.470681 0.895192
vt 0.475222 0.90792
vt 0.463743 0.899946
vt 0.481311 0.893675
vt 0.477828 0.888288
vt 0.488326 0.90598
vt 0.490195 0.899406
vt 0.503831 0.908132
vt 0.530941 0.882881
vt 0.531833 0.894095
vt 0.537611 0.889399
vt 0.548869 0.895326
vt 0.518812 0.898646
vt 0.518731 0.890966
vt 0.542153 0.902349
vt 0.529845 0.903292
vt 0.527778 0.888242
vt 0.459434 0.892916
vt 0.504746 0.891942
vt 0.504355 0.895923
vt 0.489962 0.892194
vt 0.510125 0.893164
vt 0.520944 0.91421
vt 0.487008 0.886965
vt 0.480383 0.882468
vt 0.462853 0.886427
vt 0.465812 0.881677
vt 0.472537 0.884905
vt 0.473346 0.882578
vt 0.484172 0.821283
vt 0.48525 0.810232
vt 0.500327 0.816157
vt 0.492256 0.840423
vt 0.503812 0.827152
vt 0.51849 0.843876
vt 0.505772 0.858671
vt 0.491987 0.912921
vt 0.475942 0.859934
vt 0.490081 0.864399
vt 0.474882 0.845282
vt 0.473644 0.826628
vt 0.334166 0.875854
vt 0.344959 0.869696
vt 0.343391 0.873647
vt 0.236959 0.865824
vt 0.258172 0.872924
vt 0.26284 0.888522
vt 0.320733 0.870862
vt 0.309338 0.875993
vt 0.301441 0.870423
vt 0.321597 0.880437
vt 0.310333 0.880147
vt 0.338073 0.887086
vt 0.300796 0.889706
vt 0.30114 0.879792
vt 0.343751 0.878139
vt 0.286478 0.881067
vt 0.297334 0.875816
vt 0.250332 0.861742
vt 0.260594 0.865718
vt 0.283993 0.873001
vt 0.28998 0.900866
vt 0.294924 0.914862
vt 0.267654 0.914862
vt 0.320822 0.889081
vt 0.27256 0.87775
vt 0.26956 0.870653
vt 0.23366 0.881466
vt 0.341008 0.911443
vt 0.33512 0.869505
vt 0.271222 0.86376
vt 0.251887 0.857955
vt 0.23366 0.914862
vt 0.264808 0.856336
vt 0.245704 0.848402
vt 0.263205 0.850824
vt 0.344873 0.862868
vt 0.279359 0.852426
vt 0.263381 0.841236
vt 0.322835 0.84923
vt 0.301922 0.858769
vt 0.297104 0.844508
vt 0.331668 0.863006
vt 0.342329 0.851618
vt 0.342097 0.859522
vt 0.322692 0.858353
vt 0.312913 0.864684
vt 0.299069 0.864517
vt 0.28863 0.860598
vt 0.286771 0.865746
vt 0.277648 0.860008
vt 0.497558 0.941186
vt 0.505067 0.950576
vt 0.497429 0.956425
vt 0.490328 0.928238
vt 0.487064 0.937673
vt 0.544128 0.956011
vt 0.552476 0.943618
vt 0.556433 0.966363
vt 0.516828 0.928359
vt 0.529377 0.929965
vt 0.52216 0.940293
vt 0.532717 0.913543
vt 0.521553 0.917803
vt 0.505012 0.966889
vt 0.496854 0.968493
vt 0.476712 0.940025
vt 0.479482 0.93293
vt 0.489495 0.917113
vt 0.499682 0.926297
vt 0.509201 0.926927
vt 0.511817 0.920061
vt 0.526042 0.968107
vt 0.535696 0.96363
vt 0.535734 0.979224
vt 0.550914 0.922374
vt 0.548391 0.904014
vt 0.557297 0.917718
vt 0.540006 0.941353
vt 0.530227 0.942293
vt 0.526187 0.949091
vt 0.534265 0.951558
vt 0.528377 0.956809
vt 0.549567 0.934496
vt 0.542216 0.924514
vt 0.514925 0.969369
vt 0.517324 0.953339
vt 0.510549 0.938078
vt 0.509714 0.959629
vt 0.561634 0.952783
vt 0.543509 0.970753
vt 0.557829 0.931319
vt 0.563037 0.923582
vt 0.57483 0.936496
vt 0.575282 0.944562
vt 0.566137 0.938241
vt 0.571217 0.95555
vt 0.502987 0.913526
vt 0.57256 0.918322
vt 0.491838 0.958067
vt 0.482351 0.923357
vt 0.485313 0.960538
vt 0.490481 0.948654
vt 0.466234 0.951938
vt 0.1976 0.0659984
vt 0.21525 0.0695012
vt 0.201757 0.0798157
vt 0.130689 0.0868275
vt 0.142227 0.0958325
vt 0.131862 0.0938275
vt 0.16845 0.170639
vt 0.142483 0.168367
vt 0.147662 0.156481
vt 0.129149 0.0789762
vt 0.131659 0.0716552
vt 0.141088 0.0760717
vt 0.155244 0.110389
vt 0.142352 0.101603
vt 0.15879 0.103435
vt 0.180229 0.0741184
vt 0.189603 0.0879253
vt 0.204208 0.0915872
vt 0.194426 0.0966317
vt 0.114797 0.0823697
vt 0.124544 0.0935887
vt 0.170914 0.0846712
vt 0.165457 0.0926298
vt 0.15938 0.0867931
vt 0.138203 0.0823503
vt 0.146678 0.0907072
vt 0.154691 0.0915545
vt 0.146263 0.0843187
vt 0.188431 0.117141
vt 0.182363 0.123089
vt 0.172482 0.113619
vt 0.15128 0.0830796
vt 0.153016 0.0872945
vt 0.194182 0.10432
vt 0.18316 0.0987391
vt 0.182342 0.135286
vt 0.163345 0.126185
vt 0.16353 0.0762613
vt 0.159866 0.0811289
vt 0.149631 0.0747422
vt 0.134836 0.111384
vt 0.18615 0.110976
vt 0.17708 0.10576
vt 0.123509 0.119374
vt 0.14217 0.125048
vt 0.146992 0.14325
vt 0.184802 0.164895
vt 0.159477 0.0977025
vt 0.176179 0.144351
vt 0.175322 0.0914383
vt 0.170154 0.0978836
vt 0.118551 0.0702789
vt 0.118607 0.0754823
vt 0.203752 0.0985
vt 0.211531 0.0828256
vt 0.79347 0.901689
vt 0.787828 0.912848
vt 0.784506 0.908694
vt 0.786069 0.876543
vt 0.789213 0.879855
vt 0.784845 0.88542
vt 0.751216 0.929142
vt 0.749897 0.918323
vt 0.756454 0.919775
vt 0.797383 0.935297
vt 0.786587 0.934512
vt 0.79392 0.928875
vt 0.757775 0.905262
vt 0.760998 0.91093
vt 0.797367 0.921337
vt 0.805578 0.910255
vt 0.810403 0.914525
vt 0.76981 0.924221
vt 0.778827 0.92512
vt 0.765223 0.932709
vt 0.736263 0.907954
vt 0.755967 0.900817
vt 0.78711 0.928299
vt 0.777913 0.935599
vt 0.753104 0.938971
vt 0.757878 0.932888
vt 0.724927 0.939787
vt 0.724464 0.927299
vt 0.737811 0.927143
vt 0.780891 0.942952
vt 0.765162 0.943244
vt 0.778052 0.890035
vt 0.769476 0.900504
vt 0.783287 0.928164
vt 0.791157 0.919045
vt 0.829765 0.919181
vt 0.821298 0.897358
vt 0.774995 0.903341
vt 0.77202 0.851774
vt 0.782856 0.865841
vt 0.767867 0.876141
vt 0.770045 0.914716
vt 0.760953 0.921502
vt 0.784619 0.89088
vt 0.757132 0.874614
vt 0.800358 0.90651
vt 0.810536 0.898222
vt 0.777726 0.915916
vt 0.777911 0.90915
vt 0.769993 0.890392
vt 0.805514 0.891464
vt 0.792432 0.881607
vt 0.793589 0.890585
vt 0.785583 0.901611
vt 0.735635 0.939286
vt 0.815404 0.943062
vt 0.760845 0.928857
vt 0.742501 0.938495
vt 0.384388 0.704198
vt 0.3809 0.714388
vt 0.372449 0.69144
vt 0.374129 0.795135
vt 0.381459 0.781078
vt 0.386396 0.792653
vt 0.366984 0.754339
vt 0.379469 0.765896
vt 0.364944 0.770907
vt 0.363277 0.710948
vt 0.363321 0.725531
vt 0.350887 0.709264
vt 0.380959 0.688308
vt 0.357775 0.795052
vt 0.35023 0.804431
vt 0.345952 0.791656
vt 0.342713 0.778182
vt 0.333508 0.769475
vt 0.349028 0.764804
vt 0.393925 0.770722
vt 0.396246 0.78182
vt 0.361107 0.812719
vt 0.362922 0.8038
vt 0.368058 0.78366
vt 0.35391 0.780599
vt 0.353026 0.741458
vt 0.369617 0.739701
vt 0.399368 0.791033
vt 0.393796 0.799438
vt 0.391544 0.757466
vt 0.379125 0.753191
vt 0.387706 0.745431
vt 0.381803 0.730268
vt 0.378188 0.723478
vt 0.338749 0.736252
vt 0.343677 0.730496
vt 0.381256 0.806495
vt 0.350337 0.726127
vt 0.370624 0.805154
vt 0.362983 0.699364
vt 0.408669 0.792872
vt 0.405284 0.787042
vt 0.332176 0.783356
vt 0.374111 0.774679
vt 0.336383 0.750001
vt 0.417787 0.797203
vt 0.427663 0.798409
vt 0.420456 0.814642
vt 0.407136 0.779941
vt 0.414853 0.789324
vt 0.425344 0.789075
vt 0.437405 0.798712
vt 0.442085 0.805194
vt 0.335136 0.715561
vt 0.340339 0.815065
vt 0.434994 0.804235
vt 0.358165 0.732436
vt 0.408506 0.79928
vt 0.381097 0.734496
vt 0.33515 0.799932
vt 0.398134 0.807642
vt 0.342971 0.691226
vt 0.350647 0.691151
vt 0.763025 0.837525
vt 0.761099 0.810158
vt 0.776667 0.817464
vt 0.750373 0.857004
vt 0.735421 0.865236
vt 0.740115 0.846537
vt 0.765399 0.785982
vt 0.773749 0.797154
vt 0.785733 0.793665
vt 0.789513 0.808308
vt 0.72862 0.856933
vt 0.801019 0.803972
vt 0.794713 0.790307
vt 0.753286 0.793047
vt 0.731725 0.846202
vt 0.73383 0.83545
vt 0.750034 0.843364
vt 0.748315 0.829655
vt 0.824409 0.836836
vt 0.816281 0.841395
vt 0.819285 0.827859
vt 0.746315 0.808465
vt 0.749279 0.786731
vt 0.743366 0.793851
vt 0.744457 0.779846
vt 0.728509 0.818986
vt 0.717553 0.822921
vt 0.722797 0.805739
vt 0.762497 0.856791
vt 0.723475 0.852606
vt 0.726647 0.84084
vt 0.721793 0.79667
vt 0.721192 0.788502
vt 0.731243 0.795287
vt 0.781185 0.77464
vt 0.727355 0.829906
vt 0.737627 0.822051
vt 0.773251 0.845352
vt 0.714034 0.799377
vt 0.71764 0.848547
vt 0.718928 0.842745
vt 0.792881 0.825428
vt 0.730275 0.774651
vt 0.738212 0.774832
vt 0.733987 0.784565
vt 0.792346 0.871616
vt 0.801936 0.84429
vt 0.805615 0.862833
vt 0.736877 0.782404
vt 0.737278 0.791115
vt 0.783213 0.83558
vt 0.736718 0.804588
vt 0.721138 0.825262
vt 0.811631 0.850916
vt 0.812229 0.817289
vt 0.706987 0.812779
vt 0.781946 0.858522
vt 0.801676 0.81512
vt 0.754624 0.77868
vt 0.797346 0.774467
vt 0.717508 0.834624
vt 0.709441 0.833022
vt 0.713353 0.849639
vt 0.70921 0.844217
vt 0.258797 0.287174
vt 0.284249 0.302625
vt 0.27335 0.320157
vt 0.254192 0.421496
vt 0.276074 0.419259
vt 0.272138 0.434544
vt 0.300854 0.301524
vt 0.305687 0.316791
vt 0.293334 0.412224
vt 0.294162 0.424537
vt 0.285863 0.417531
vt 0.260112 0.402612
vt 0.274985 0.360661
vt 0.250706 0.337729
vt 0.283054 0.343154
vt 0.278645 0.287174
vt 0.303445 0.287946
vt 0.280715 0.407571
vt 0.297691 0.405289
vt 0.29981 0.385205
vt 0.314097 0.389275
vt 0.298114 0.394309
vt 0.300654 0.35872
vt 0.291764 0.370234
vt 0.230149 0.404227
vt 0.228848 0.380191
vt 0.25378 0.38928
vt 0.274962 0.395266
vt 0.307984 0.376034
vt 0.263466 0.367697
vt 0.279218 0.374114
vt 0.265198 0.376097
vt 0.298611 0.413017
vt 0.285628 0.399411
vt 0.28025 0.389985
vt 0.249999 0.377591
vt 0.267474 0.385247
vt 0.291682 0.44074
vt 0.305413 0.447617
vt 0.314679 0.363962
vt 0.31113 0.359266
vt 0.31571 0.35419
vt 0.284006 0.383221
vt 0.302616 0.417333
vt 0.305755 0.429539
vt 0.32595 0.370536
vt 0.327423 0.38252
vt 0.236637 0.37096
vt 0.241937 0.363367
vt 0.292736 0.453355
vt 0.269069 0.391347
vt 0.282858 0.445532
vt 0.278922 0.442319
vt 0.284437 0.430203
vt 0.231756 0.287817
vt 0.295077 0.379161
vt 0.337694 0.348106
vt 0.308374 0.338009
vt 0.335795 0.326095
vt 0.331303 0.302875
vt 0.312454 0.40031
vt 0.227952 0.328711
vt 0.327646 0.359627
vt 0.246207 0.353901
vt 0.18816 0.900054
vt 0.195979 0.885871
vt 0.201736 0.898442
vt 0.198916 0.85378
vt 0.191101 0.84097
vt 0.196862 0.833938
vt 0.214002 0.853917
vt 0.213916 0.876784
vt 0.220874 0.870893
vt 0.231189 0.873393
vt 0.182849 0.847584
vt 0.183172 0.82663
vt 0.199012 0.873786
vt 0.190156 0.863698
vt 0.205258 0.885303
vt 0.156858 0.864851
vt 0.163039 0.860286
vt 0.160592 0.870203
vt 0.154086 0.85887
vt 0.154772 0.868606
vt 0.161116 0.853083
vt 0.168353 0.849187
vt 0.162368 0.845238
vt 0.164677 0.837225
vt 0.221578 0.880327
vt 0.166974 0.824747
vt 0.17301 0.835419
vt 0.157012 0.846955
vt 0.157144 0.83402
vt 0.172099 0.805483
vt 0.160966 0.811302
vt 0.160033 0.820993
vt 0.151262 0.844431
vt 0.166981 0.799602
vt 0.142545 0.852073
vt 0.211203 0.897496
vt 0.22015 0.894313
vt 0.23092 0.884771
vt 0.188156 0.874336
vt 0.174155 0.868497
vt 0.149142 0.877884
vt 0.155064 0.881546
vt 0.183315 0.883032
vt 0.164723 0.88056
vt 0.162333 0.893332
vt 0.174916 0.887112
vt 0.176529 0.903939
vt 0.154785 0.814024
vt 0.154637 0.804938
vt 0.144874 0.869777
vt 0.140373 0.864783
vt 0.145717 0.817142
vt 0.152341 0.824537
vt 0.149515 0.827501
vt 0.152819 0.829941
vt 0.150775 0.806029
vt 0.149069 0.83519
vt 0.144227 0.840877
vt 0.143656 0.830083
vt 0.177827 0.81249
vt 0.179932 0.79248
vt 0.174019 0.821345
vt 0.180944 0.806781
vt 0.926054 0.560834
vt 0.911712 0.543643
vt 0.919737 0.547687
vt 0.951543 0.505487
vt 0.964586 0.499365
vt 0.965642 0.506081
vt 0.929178 0.484009
vt 0.937074 0.491624
vt 0.917656 0.486084
vt 0.956639 0.501215
vt 0.864674 0.492076
vt 0.874632 0.484819
vt 0.878722 0.495435
vt 0.887546 0.494503
vt 0.889203 0.502558
vt 0.930509 0.50122
vt 0.915636 0.496713
vt 0.952399 0.495595
vt 0.923358 0.511406
vt 0.902813 0.5044
vt 0.914754 0.522325
vt 0.933217 0.554897
vt 0.876705 0.515236
vt 0.867291 0.505861
vt 0.880244 0.507175
vt 0.889334 0.483029
vt 0.903548 0.491976
vt 0.925206 0.47796
vt 0.943113 0.485261
vt 0.960377 0.490914
vt 0.897383 0.531399
vt 0.881511 0.521339
vt 0.894189 0.522169
vt 0.943152 0.516938
vt 0.895675 0.517164
vt 0.90801 0.53179
vt 0.926448 0.540773
vt 0.934798 0.528779
vt 0.948495 0.546531
vt 0.955799 0.531857
vt 0.96392 0.517266
vt 0.889226 0.509821
vt 0.89397 0.496233
vt 0.954343 0.478458
vt 0.850653 0.516638
vt 0.876897 0.47326
vt 0.888256 0.472258
vt 0.877059 0.480536
vt 0.938753 0.475896
vt 0.926877 0.470407
vt 0.954347 0.460328
vt 0.9481 0.469547
vt 0.939014 0.459396
vt 0.924899 0.460609
vt 0.935094 0.467413
vt 0.959116 0.469978
vt 0.948135 0.449094
vt 0.92427 0.448146
vt 0.940956 0.433977
vt 0.901624 0.483642
vt 0.914844 0.474317
vt 0.901668 0.475519
vt 0.906663 0.468727
vt 0.919115 0.468485
vt 0.893868 0.465683
vt 0.917761 0.461168
vt 0.913083 0.469593
vt 0.909469 0.462213
vt 0.415802 0.469676
vt 0.408351 0.475875
vt 0.412083 0.454757
vt 0.372088 0.579653
vt 0.384005 0.55507
vt 0.384435 0.581775
vt 0.390912 0.506063
vt 0.394103 0.534488
vt 0.420899 0.463847
vt 0.377491 0.369318
vt 0.388851 0.33425
vt 0.41887 0.352056
vt 0.42489 0.444099
vt 0.399962 0.438998
vt 0.419886 0.424588
vt 0.40644 0.511149
vt 0.48512 0.397591
vt 0.494572 0.392882
vt 0.49693 0.396581
vt 0.42718 0.538819
vt 0.413341 0.546224
vt 0.42258 0.515511
vt 0.398103 0.576761
vt 0.389546 0.558684
vt 0.399874 0.552866
vt 0.443911 0.43815
vt 0.372504 0.414052
vt 0.419321 0.381227
vt 0.447635 0.364701
vt 0.427859 0.404224
vt 0.41757 0.308926
vt 0.446603 0.345629
vt 0.421597 0.487376
vt 0.429397 0.468298
vt 0.455884 0.467484
vt 0.453193 0.508974
vt 0.516336 0.398496
vt 0.503084 0.41393
vt 0.498247 0.407266
vt 0.451899 0.387751
vt 0.507225 0.397225
vt 0.483815 0.405365
vt 0.510203 0.390552
vt 0.508666 0.392423
vt 0.53087 0.37933
vt 0.522117 0.387114
vt 0.503123 0.385544
vt 0.487261 0.421423
vt 0.47005 0.369628
vt 0.468045 0.355662
vt 0.487603 0.376676
vt 0.50757 0.371215
vt 0.47142 0.414385
vt 0.475374 0.433381
vt 0.462517 0.426244
vt 0.472058 0.399939
vt 0.464667 0.41119
vt 0.481591 0.387197
vt 0.376173 0.595589
vt 0.464803 0.397886
vt 0.481473 0.3949
vt 0.44724 0.411705
vt 0.434274 0.41962
vt 0.474256 0.393438
vt 0.514244 0.409193
vt 0.468869 0.345264
vt 0.456816 0.425041
vt 0.481324 0.37186
vt 0.473607 0.384311
vt 0.468513 0.38361
vt 0.525223 0.38943
vt 0.47411 0.374177
vt 0.509849 0.393588
vt 0.380521 0.535445
vt 0.452985 0.329451
vt 0.524741 0.370801
vt 0.863793 0.1906
vt 0.868886 0.211323
vt 0.86349 0.206721
vt 0.844616 0.188374
vt 0.842372 0.17694
vt 0.853951 0.17305
vt 0.851333 0.158412
vt 0.86104 0.156616
vt 0.841886 0.167961
vt 0.856155 0.145818
vt 0.845975 0.1432
vt 0.853726 0.139281
vt 0.852295 0.130977
vt 0.867512 0.106912
vt 0.882171 0.0925076
vt 0.877639 0.119989
vt 0.860167 0.127041
vt 0.849495 0.117901
vt 0.861831 0.0882538
vt 0.875331 0.0878861
vt 0.831162 0.132277
vt 0.836372 0.111408
vt 0.898851 0.0682341
vt 0.905031 0.0760006
vt 0.886937 0.0778574
vt 0.873211 0.0793791
vt 0.847255 0.0938902
vt 0.871835 0.0660464
vt 0.837082 0.0928465
vt 0.830945 0.104817
vt 0.845118 0.0660464
vt 0.906051 0.209277
vt 0.896747 0.177177
vt 0.905509 0.187478
vt 0.881912 0.139399
vt 0.891821 0.14765
vt 0.885933 0.165477
vt 0.9077 0.119672
vt 0.910195 0.132261
vt 0.901888 0.13514
vt 0.834919 0.157024
vt 0.867788 0.138734
vt 0.879132 0.130037
vt 0.882765 0.120018
vt 0.883642 0.112853
vt 0.901521 0.212476
vt 0.885333 0.189113
vt 0.892232 0.119257
vt 0.896715 0.129338
vt 0.904986 0.154163
vt 0.901853 0.113826
vt 0.899155 0.14803
vt 0.891151 0.111072
vt 0.911141 0.101213
vt 0.899439 0.100654
vt 0.886856 0.106469
vt 0.893715 0.0998076
vt 0.910548 0.0804184
vt 0.899771 0.0868612
vt 0.890828 0.0925751
vt 0.875003 0.162212
vt 0.875082 0.176473
vt 0.870019 0.18127
vt 0.873303 0.188697
vt 0.872835 0.209658
vt 0.870767 0.198944
vt 0.866805 0.174538
vt 0.869918 0.153024
vt 0.874281 0.223004
vt 0.875478 0.201219
vt 0.884399 0.219741
vt 0.866578 0.164866
vt 0.220377 0.70957
vt 0.203257 0.716613
vt 0.222177 0.700737
vt 0.209817 0.757764
vt 0.20089 0.759941
vt 0.199669 0.755323
vt 0.246338 0.724378
vt 0.255437 0.717837
vt 0.261289 0.720713
vt 0.226517 0.732643
vt 0.224476 0.723062
vt 0.233271 0.716104
vt 0.22998 0.742917
vt 0.244429 0.735529
vt 0.234504 0.750078
vt 0.184368 0.742293
vt 0.206715 0.747716
vt 0.253915 0.701056
vt 0.213492 0.71865
vt 0.202686 0.727144
vt 0.274274 0.797765
vt 0.301942 0.781811
vt 0.298723 0.804211
vt 0.271595 0.81114
vt 0.251201 0.810876
vt 0.302808 0.757956
vt 0.312259 0.767367
vt 0.292649 0.77335
vt 0.213065 0.728484
vt 0.276541 0.766882
vt 0.273819 0.783979
vt 0.247171 0.779087
vt 0.22197 0.759012
vt 0.220681 0.749307
vt 0.200858 0.736248
vt 0.290401 0.837542
vt 0.283722 0.8308
vt 0.307979 0.822793
vt 0.2708 0.724701
vt 0.257169 0.729238
vt 0.25123 0.797901
vt 0.210039 0.786031
vt 0.205983 0.769499
vt 0.225921 0.775903
vt 0.257883 0.763041
vt 0.282639 0.752045
vt 0.288631 0.734025
vt 0.267833 0.734765
vt 0.276207 0.728117
vt 0.192272 0.804334
vt 0.212642 0.797157
vt 0.213038 0.813023
vt 0.311133 0.739906
vt 0.274516 0.819594
vt 0.26937 0.744383
vt 0.26032 0.738985
vt 0.241978 0.767711
vt 0.229576 0.764381
vt 0.252394 0.746689
vt 0.246063 0.756868
vt 0.259832 0.753337
vt 0.226454 0.787916
vt 0.210097 0.831247
vt 0.231504 0.813956
vt 0.282527 0.82624
vt 0.302941 0.815115
vt 0.262187 0.836611
vt 0.240756 0.836762
vt 0.230348 0.827909
vt 0.253401 0.82084
vt 0.231243 0.799695
vt 0.193695 0.785201
vt 0.1976 0.830572
vt 0.199809 0.820363
vt 0.267109 0.704337
vt 0.218507 0.741195
vt 0.238773 0.688145
vt 0.336746 0.439536
vt 0.346765 0.448075
vt 0.333854 0.4516
vt 0.363054 0.400735
vt 0.332686 0.39553
vt 0.335396 0.370134
vt 0.340719 0.425166
vt 0.350724 0.41215
vt 0.342973 0.411873
vt 0.351488 0.434011
vt 0.373602 0.46022
vt 0.369357 0.431963
vt 0.374665 0.426656
vt 0.366877 0.460845
vt 0.368129 0.447879
vt 0.36736 0.480788
vt 0.360398 0.424723
vt 0.355389 0.278518
vt 0.382553 0.294478
vt 0.377256 0.306251
vt 0.363956 0.514524
vt 0.370822 0.508188
vt 0.36616 0.52142
vt 0.333925 0.291375
vt 0.342509 0.306541
vt 0.332509 0.298063
vt 0.365273 0.298344
vt 0.370249 0.313787
vt 0.350427 0.28948
vt 0.337229 0.30639
vt 0.323314 0.27723
vt 0.324518 0.288588
vt 0.350077 0.304485
vt 0.342441 0.286911
vt 0.329867 0.278078
vt 0.37318 0.335328
vt 0.355102 0.326493
vt 0.369881 0.415437
vt 0.341405 0.329972
vt 0.354138 0.335846
vt 0.35149 0.341142
vt 0.369898 0.346448
vt 0.367969 0.341584
vt 0.367117 0.390976
vt 0.366783 0.37983
vt 0.369259 0.35171
vt 0.361368 0.339695
vt 0.341818 0.314957
vt 0.404761 0.315197
vt 0.360366 0.357794
vt 0.358295 0.348502
vt 0.366496 0.502417
vt 0.364344 0.497983
vt 0.373538 0.488459
vt 0.366007 0.369624
vt 0.368674 0.364531
vt 0.369265 0.361239
vt 0.364698 0.445124
vt 0.33901 0.352216
vt 0.360908 0.513776
vt 0.360604 0.450308
vt 0.36223 0.49298
vt 0.379939 0.445337
vt 0.362803 0.474736
vt 0.359333 0.495724
vt 0.353323 0.451257
vt 0.357599 0.462545
vt 0.357781 0.47787
vt 0.348501 0.505009
vt 0.346641 0.495695
vt 0.349371 0.486132
vt 0.355917 0.511579
vt 0.357459 0.519927
vt 0.356272 0.496662
vt 0.353993 0.486081
vt 0.350534 0.464779
vt 0.352146 0.51535
vt 0.341214 0.467551
vt 0.325614 0.474668
vt 0.346894 0.488704
vt 0.343133 0.499577
vt 0.365905 0.434728
vt 0.403768 0.300479
vt 0.382365 0.469603
vt 0.36767 0.427438
vt 0.455083 0.107148
vt 0.441493 0.108425
vt 0.446608 0.101965
vt 0.375046 0.108993
vt 0.389859 0.109464
vt 0.381765 0.113603
vt 0.418395 0.130805
vt 0.410759 0.141502
vt 0.398721 0.128424
vt 0.367944 0.116633
vt 0.379944 0.121417
vt 0.342785 0.132888
vt 0.414418 0.105577
vt 0.410362 0.107127
vt 0.401128 0.104755
vt 0.426407 0.103314
vt 0.421756 0.110639
vt 0.459285 0.0919912
vt 0.447947 0.0738649
vt 0.476677 0.0817191
vt 0.487887 0.0963421
vt 0.406456 0.111049
vt 0.43258 0.107791
vt 0.366497 0.104663
vt 0.358689 0.112222
vt 0.354062 0.105749
vt 0.427823 0.188319
vt 0.417341 0.174716
vt 0.417901 0.167048
vt 0.335409 0.0790212
vt 0.352653 0.0798072
vt 0.33093 0.0873239
vt 0.349951 0.109259
vt 0.34233 0.109143
vt 0.472268 0.0664811
vt 0.472628 0.0740373
vt 0.381112 0.10217
vt 0.381336 0.0929572
vt 0.395671 0.0960914
vt 0.394787 0.117238
vt 0.42615 0.0968587
vt 0.409848 0.0940699
vt 0.426743 0.089832
vt 0.411148 0.101784
vt 0.315194 0.0814913
vt 0.500237 0.0860806
vt 0.433125 0.112706
vt 0.476055 0.10087
vt 0.43928 0.0893672
vt 0.43976 0.0977835
vt 0.444798 0.115683
vt 0.340941 0.114863
vt 0.363352 0.137726
vt 0.416848 0.118137
vt 0.406811 0.119758
vt 0.489367 0.0686261
vt 0.384042 0.134004
vt 0.396931 0.141095
vt 0.431546 0.121913
vt 0.452269 0.131579
vt 0.458075 0.113227
vt 0.458976 0.123288
vt 0.409168 0.150132
vt 0.436216 0.140538
vt 0.469258 0.147216
vt 0.417717 0.155893
vt 0.364903 0.086016
vt 0.361919 0.0981265
vt 0.424169 0.147891
vt 0.437382 0.156784
vt 0.44733 0.151533
vt 0.457125 0.16201
vt 0.428657 0.169227
vt 0.345865 0.0937835
vt 0.34185 0.102304
vt 0.332078 0.0946826
vt 0.327094 0.0985551
vt 0.312944 0.094252
vt 0.410755 0.159158
vt 0.327322 0.107129
vt 0.323532 0.0735838
vt 0.446776 0.182531
vt 0.694267 0.713337
vt 0.689828 0.72297
vt 0.682509 0.71536
vt 0.653197 0.739342
vt 0.660044 0.728714
vt 0.662528 0.737425
vt 0.708733 0.684747
vt 0.695875 0.68281
vt 0.709291 0.67446
vt 0.721718 0.669729
vt 0.713362 0.662898
vt 0.705503 0.629873
vt 0.722122 0.641981
vt 0.702557 0.646854
vt 0.63906 0.708617
vt 0.630776 0.708801
vt 0.633482 0.697849
vt 0.721489 0.68561
vt 0.727386 0.67847
vt 0.669131 0.711372
vt 0.670281 0.720398
vt 0.6602 0.714742
vt 0.694875 0.705728
vt 0.728335 0.658539
vt 0.713946 0.701665
vt 0.705066 0.706603
vt 0.70645 0.698644
vt 0.695505 0.692168
vt 0.686561 0.698069
vt 0.687316 0.692074
vt 0.691241 0.621628
vt 0.690498 0.635125
vt 0.687903 0.603436
vt 0.695806 0.597926
vt 0.697859 0.610594
vt 0.642243 0.740998
vt 0.636513 0.73131
vt 0.641729 0.724763
vt 0.697977 0.696494
vt 0.689094 0.672269
vt 0.700472 0.670713
vt 0.650757 0.719361
vt 0.653927 0.725676
vt 0.648636 0.729517
vt 0.706973 0.600618
vt 0.686132 0.6843
vt 0.621891 0.713933
vt 0.632488 0.722349
vt 0.62405 0.73555
vt 0.70099 0.589661
vt 0.696929 0.589559
vt 0.660867 0.695942
vt 0.643346 0.691883
vt 0.649064 0.67286
vt 0.627978 0.700134
vt 0.676977 0.692408
vt 0.67362 0.676724
vt 0.69832 0.660411
vt 0.713798 0.617504
vt 0.681131 0.698444
vt 0.671663 0.702682
vt 0.717002 0.706006
vt 0.724264 0.690133
vt 0.709136 0.690556
vt 0.668619 0.658417
vt 0.719159 0.695377
vt 0.723791 0.700205
vt 0.611944 0.747697
vt 0.650319 0.641904
vt 0.672667 0.634569
vt 0.632972 0.714743
vt 0.678165 0.706734
vt 0.688759 0.702583
vt 0.673683 0.732316
vt 0.678971 0.622729
vt 0.686246 0.651972
vt 0.689952 0.663934
vt 0.671531 0.750348
vt 0.682299 0.664085
vt 0.592217 0.741718
vt 0.607843 0.715523
vt 0.682195 0.612245
vt 0.649529 0.706343
vt 0.679842 0.728687
vt 0.728489 0.704357
vt 0.727869 0.623283
vt 0.718413 0.601951
vt 0.631366 0.735327
vt 0.365632 0.237006
vt 0.376107 0.235248
vt 0.375196 0.24374
vt 0.35267 0.212371
vt 0.349012 0.221369
vt 0.339974 0.214004
vt 0.293367 0.254579
vt 0.334348 0.248298
vt 0.308528 0.265595
vt 0.437938 0.240944
vt 0.442408 0.250843
vt 0.431354 0.244576
vt 0.353242 0.254086
vt 0.367251 0.248379
vt 0.373299 0.264996
vt 0.361992 0.226842
vt 0.350587 0.228979
vt 0.399966 0.247816
vt 0.386241 0.249577
vt 0.387144 0.242295
vt 0.36732 0.220187
vt 0.383414 0.228129
vt 0.3516 0.243364
vt 0.340683 0.238763
vt 0.330737 0.219313
vt 0.32535 0.229481
vt 0.312057 0.222267
vt 0.400003 0.238035
vt 0.366058 0.24236
vt 0.436868 0.274663
vt 0.423665 0.281392
vt 0.409438 0.264521
vt 0.339676 0.258286
vt 0.459148 0.275414
vt 0.450399 0.274499
vt 0.452113 0.267089
vt 0.357206 0.239224
vt 0.338805 0.230741
vt 0.358119 0.273853
vt 0.470784 0.219767
vt 0.484526 0.244956
vt 0.455354 0.243751
vt 0.343659 0.201519
vt 0.363754 0.200221
vt 0.427568 0.262182
vt 0.440353 0.210963
vt 0.415087 0.214713
vt 0.424361 0.196205
vt 0.3929 0.225332
vt 0.393119 0.217029
vt 0.403357 0.220394
vt 0.428122 0.23579
vt 0.437891 0.22755
vt 0.438411 0.259199
vt 0.451629 0.259963
vt 0.40344 0.274013
vt 0.393586 0.282777
vt 0.391911 0.269429
vt 0.38001 0.221066
vt 0.372122 0.216546
vt 0.381795 0.214103
vt 0.443731 0.269424
vt 0.41757 0.227734
vt 0.335113 0.265958
vt 0.471272 0.268802
vt 0.468132 0.262446
vt 0.483657 0.264897
vt 0.41168 0.248471
vt 0.423038 0.247783
vt 0.423437 0.254666
vt 0.412825 0.255823
vt 0.398195 0.254549
vt 0.387171 0.259266
vt 0.414026 0.234832
vt 0.454051 0.255562
vt 0.480765 0.196205
vt 0.387919 0.196494
vt 0.312648 0.243802
vt 0.340857 0.28063
vt 0.293367 0.24221
vt 0.309088 0.232223
vt 0.328378 0.241645
vt 0.33287 0.238148
vt 0.613389 0.111301
vt 0.654151 0.108407
vt 0.635946 0.118875
vt 0.594367 0.087976
vt 0.606997 0.083791
vt 0.619538 0.102422
vt 0.570007 0.0685819
vt 0.562262 0.127949
vt 0.575991 0.117728
vt 0.59643 0.142517
vt 0.629473 0.143785
vt 0.606875 0.126231
vt 0.539717 0.096866
vt 0.509905 0.0674811
vt 0.53148 0.0661267
vt 0.634472 0.129298
vt 0.583771 0.0937885
vt 0.5655 0.0990363
vt 0.564242 0.085849
vt 0.588993 0.110049
vt 0.5488 0.0850713
vt 0.55252 0.0741228
vt 0.623547 0.119411
vt 0.525285 0.124529
vt 0.504857 0.115192
vt 0.519323 0.110797
vt 0.49154 0.0980852
vt 0.499489 0.0948808
vt 0.655414 0.122848
vt 0.510609 0.0891866
vt 0.572531 0.0816381
vt 0.652608 0.140973
vt 0.629681 0.157477
vt 0.536097 0.113223
vt 0.519387 0.0846734
vt 0.487652 0.111077
vt 0.499736 0.131793
vt 0.477755 0.122338
vt 0.493308 0.119863
vt 0.510336 0.128738
vt 0.516751 0.136779
vt 0.535152 0.123112
vt 0.542073 0.135445
vt 0.559946 0.146879
vt 0.550155 0.130624
vt 0.576159 0.146148
vt 0.562835 0.138942
vt 0.578643 0.158582
vt 0.594957 0.157116
vt 0.593432 0.165359
vt 0.630521 0.169661
vt 0.612535 0.160399
vt 0.522349 0.135059
vt 0.613884 0.175484
vt 0.527792 0.145521
vt 0.509469 0.142795
vt 0.531539 0.136666
vt 0.519673 0.128998
vt 0.552961 0.172832
vt 0.570378 0.179077
vt 0.551824 0.18955
vt 0.521241 0.157318
vt 0.541481 0.159887
vt 0.538261 0.171441
vt 0.596096 0.17328
vt 0.582582 0.168267
vt 0.544663 0.147753
vt 0.563197 0.163132
vt 0.57517 0.172791
vt 0.584173 0.17798
vt 0.58898 0.193467
vt 0.617653 0.191929
vt 0.597067 0.184037
vt 0.603809 0.18084
vt 0.570322 0.196981
vt 0.485005 0.136836
vt 0.5861 0.209214
vt 0.561569 0.21136
vt 0.531924 0.186711
vt 0.516319 0.190796
vt 0.518196 0.175713
vt 0.530231 0.214102
vt 0.495056 0.182899
vt 0.502251 0.166125
vt 0.47384 0.169395
vt 0.496946 0.150721
vt 0.471727 0.145247
vt 0.616715 0.206535
vt 0.617074 0.0794481
vt 0.635477 0.0951209
vt 0.594296 0.0683563
vt 0.635232 0.0837694
vt 0.620351 0.0720255
vt 0.800423 0.463245
vt 0.792995 0.434354
vt 0.80529 0.432249
vt 0.813513 0.422944
vt 0.80724 0.411927
vt 0.81509 0.407759
vt 0.835276 0.394767
vt 0.837747 0.413082
vt 0.828005 0.411922
vt 0.84408 0.423508
vt 0.851115 0.430743
vt 0.841565 0.434067
vt 0.836189 0.42247
vt 0.829662 0.430156
vt 0.804648 0.393943
vt 0.819575 0.392346
vt 0.834999 0.468676
vt 0.835123 0.448484
vt 0.842909 0.461779
vt 0.788255 0.415585
vt 0.795971 0.409168
vt 0.821662 0.463092
vt 0.822344 0.49067
vt 0.797563 0.490892
vt 0.845277 0.414231
vt 0.778657 0.384119
vt 0.786481 0.377025
vt 0.820896 0.421971
vt 0.85008 0.464541
vt 0.855596 0.474776
vt 0.846707 0.4768
vt 0.756442 0.438331
vt 0.778249 0.421411
vt 0.773572 0.454355
vt 0.826478 0.349579
vt 0.809533 0.34081
vt 0.810981 0.329567
vt 0.787996 0.435355
vt 0.832102 0.456779
vt 0.839845 0.490892
vt 0.848639 0.449511
vt 0.861878 0.487955
vt 0.854791 0.483766
vt 0.830441 0.379771
vt 0.836203 0.376671
vt 0.833542 0.365024
vt 0.824101 0.366755
vt 0.823602 0.380762
vt 0.855355 0.391846
vt 0.857625 0.367482
vt 0.865296 0.40148
vt 0.872702 0.433006
vt 0.872702 0.395828
vt 0.810025 0.372908
vt 0.863161 0.402895
vt 0.861089 0.412646
vt 0.839742 0.261575
vt 0.852158 0.271871
vt 0.846143 0.283785
vt 0.808574 0.35326
vt 0.818283 0.353268
vt 0.793543 0.368734
vt 0.795758 0.354007
vt 0.84949 0.327452
vt 0.861959 0.340355
vt 0.771054 0.385134
vt 0.871428 0.308241
vt 0.872702 0.341767
vt 0.833049 0.266212
vt 0.851202 0.490892
vt 0.820421 0.246111
vt 0.872381 0.270056
vt 0.840303 0.24199
vt 0.845825 0.303655
vt 0.820119 0.438517
vt 0.857259 0.490892
vt 0.812063 0.450283
vt 0.872702 0.241853
vt 0.756255 0.400566
vt 0.834458 0.285649
vt 0.872397 0.368134
vt 0.824633 0.285428
vt 0.835611 0.308204
vt 0.811042 0.316421
vt 0.826665 0.328271
vt 0.822866 0.30794
vt 0.837432 0.328092
vt 0.844458 0.366686
vt 0.845383 0.386671
vt 0.836713 0.344568
vt 0.850843 0.403895
vt 0.84547 0.347709
vt 0.872445 0.454536
vt 0.861617 0.448969
vt 0.861902 0.433682
vt 0.855095 0.418804
vt 0.856461 0.46103
vt 0.860955 0.470338
vt 0.868228 0.485104
vt 0.864014 0.46111
vt 0.866892 0.473098
vt 0.265653 0.525394
vt 0.256992 0.55292
vt 0.24928 0.537642
vt 0.241384 0.667443
vt 0.260738 0.67831
vt 0.251965 0.684822
vt 0.286344 0.699383
vt 0.267966 0.6961
vt 0.338111 0.564578
vt 0.35267 0.549031
vt 0.353022 0.569106
vt 0.35315 0.595758
vt 0.371772 0.592621
vt 0.369359 0.609924
vt 0.34424 0.578935
vt 0.375349 0.627524
vt 0.356916 0.616228
vt 0.361317 0.632197
vt 0.359423 0.578468
vt 0.376675 0.650641
vt 0.336258 0.655748
vt 0.335663 0.646827
vt 0.346942 0.66033
vt 0.295412 0.64451
vt 0.288087 0.650894
vt 0.288449 0.638017
vt 0.250808 0.655776
vt 0.323225 0.641597
vt 0.25844 0.653663
vt 0.267012 0.650208
vt 0.263526 0.665163
vt 0.266909 0.63276
vt 0.278966 0.643925
vt 0.281266 0.625808
vt 0.241384 0.609459
vt 0.254886 0.594058
vt 0.269627 0.588896
vt 0.284894 0.601755
vt 0.273401 0.664899
vt 0.279632 0.657113
vt 0.281765 0.636524
vt 0.289939 0.591214
vt 0.280146 0.611527
vt 0.27805 0.677956
vt 0.293837 0.620753
vt 0.281477 0.668297
vt 0.289087 0.664333
vt 0.296579 0.633041
vt 0.308582 0.628781
vt 0.300557 0.614834
vt 0.289729 0.676744
vt 0.303877 0.643699
vt 0.298484 0.656165
vt 0.300775 0.673585
vt 0.305228 0.635728
vt 0.323751 0.62649
vt 0.296251 0.694106
vt 0.297062 0.684873
vt 0.311143 0.661385
vt 0.313 0.643355
vt 0.307913 0.694579
vt 0.354728 0.661729
vt 0.359762 0.670373
vt 0.315175 0.683083
vt 0.363 0.662806
vt 0.325633 0.656443
vt 0.348528 0.65025
vt 0.304689 0.706028
vt 0.304618 0.719127
vt 0.242328 0.635544
vt 0.32552 0.691611
vt 0.329088 0.676795
vt 0.318717 0.718175
vt 0.323232 0.705091
vt 0.302979 0.606133
vt 0.329842 0.699609
vt 0.335038 0.691235
vt 0.347886 0.674983
vt 0.344572 0.68581
vt 0.27377 0.581836
vt 0.319037 0.748637
vt 0.363823 0.652243
vt 0.281996 0.573918
vt 0.273345 0.574882
vt 0.264269 0.564754
vt 0.332081 0.52225
vt 0.315023 0.536944
vt 0.30966 0.52225
vt 0.269777 0.542852
vt 0.331213 0.541564
vt 0.281356 0.55684
vt 0.298212 0.530752
vt 0.313321 0.549444
vt 0.33028 0.554461
vt 0.280883 0.530815
vt 0.297765 0.579358
vt 0.2897 0.54884
vt 0.304722 0.56407
vt 0.294892 0.54112
vt 0.332555 0.574995
vt 0.323683 0.565132
vt 0.323946 0.580965
vt 0.317205 0.590733
vt 0.337207 0.587529
vt 0.310074 0.600772
vt 0.36365 0.642983
vt 0.336759 0.602432
vt 0.330265 0.614211
vt 0.34838 0.635211
vt 0.347361 0.620425
vt 0.274981 0.502558
vt 0.290724 0.510063
vt 0.276054 0.520106
vt 0.256157 0.465129
vt 0.272935 0.483902
vt 0.257879 0.485617
vt 0.243582 0.472664
vt 0.243882 0.485461
vt 0.23246 0.473439
vt 0.294637 0.484113
vt 0.284834 0.490934
vt 0.281444 0.474359
vt 0.197493 0.39707
vt 0.188986 0.386632
vt 0.20472 0.390283
vt 0.21312 0.399782
vt 0.199538 0.407304
vt 0.218453 0.413702
vt 0.220022 0.424702
vt 0.23353 0.426943
vt 0.226056 0.40978
vt 0.232468 0.418113
vt 0.215842 0.53737
vt 0.206937 0.535703
vt 0.210286 0.529944
vt 0.243168 0.421844
vt 0.197245 0.512118
vt 0.184437 0.506297
vt 0.192853 0.498227
vt 0.255596 0.43226
vt 0.207192 0.500203
vt 0.19315 0.521963
vt 0.184632 0.523192
vt 0.189141 0.516497
vt 0.256704 0.443883
vt 0.197242 0.527009
vt 0.190246 0.527425
vt 0.200373 0.522278
vt 0.214799 0.5106
vt 0.217988 0.505781
vt 0.273818 0.458073
vt 0.272162 0.440112
vt 0.202499 0.530225
vt 0.196204 0.534773
vt 0.187879 0.53193
vt 0.20939 0.51744
vt 0.261918 0.438953
vt 0.20718 0.524666
vt 0.217526 0.527795
vt 0.224208 0.514593
vt 0.276903 0.449308
vt 0.284604 0.454102
vt 0.235078 0.518986
vt 0.229441 0.527065
vt 0.236631 0.537602
vt 0.227514 0.536463
vt 0.317399 0.477575
vt 0.320321 0.49261
vt 0.311256 0.484868
vt 0.29769 0.45826
vt 0.28864 0.465532
vt 0.240752 0.528053
vt 0.24166 0.535259
vt 0.246758 0.536306
vt 0.301103 0.502867
vt 0.299988 0.475852
vt 0.306172 0.478223
vt 0.304615 0.487566
vt 0.324126 0.485072
vt 0.308454 0.469832
vt 0.315339 0.499274
vt 0.312143 0.491279
vt 0.30931 0.498391
vt 0.237595 0.438762
vt 0.193526 0.436672
vt 0.203324 0.435609
vt 0.208552 0.447686
vt 0.231581 0.497365
vt 0.237645 0.501075
vt 0.237328 0.50732
vt 0.258402 0.502
vt 0.242253 0.499009
vt 0.231131 0.484844
vt 0.200321 0.482187
vt 0.19455 0.476581
vt 0.203358 0.473462
vt 0.219021 0.469706
vt 0.218142 0.487562
vt 0.207407 0.486771
vt 0.19067 0.470516
vt 0.224837 0.457954
vt 0.253397 0.515594
vt 0.264301 0.517122
vt 0.203515 0.458873
vt 0.214518 0.457539
vt 0.190285 0.46146
vt 0.192948 0.4452
vt 0.185074 0.423925
vt 0.207354 0.491689
vt 0.196591 0.485119
vt 0.198838 0.490319
vt 0.216549 0.494745
vt 0.224375 0.498412
vt 0.220033 0.501036
vt 0.214481 0.499421
vt 0.225886 0.505947
vt 0.24007 0.514032
vt 0.243765 0.514684
vt 0.234657 0.513945
vt 0.247871 0.519846
vt 0.240583 0.520715
vt 0.246064 0.527041
vt 0.252178 0.529956
vt 0.254371 0.526025
vt 0.194583 0.479752
vt 0.26944 0.461586
vt 0.273791 0.468225
vt 0.278163 0.464268
vt 0.260871 0.457975
vt 0.229588 0.440937
vt 0.248822 0.449656
vt 0.185956 0.414223
vt 0.20536 0.42251
vt 0.71919 0.203577
vt 0.714434 0.192799
vt 0.724936 0.192394
vt 0.720073 0.176416
vt 0.734722 0.182957
vt 0.717237 0.185254
vt 0.702246 0.194662
vt 0.686414 0.189792
vt 0.695491 0.176913
vt 0.733984 0.16874
vt 0.702237 0.233652
vt 0.70979 0.231867
vt 0.715392 0.2374
vt 0.761093 0.232422
vt 0.774318 0.235171
vt 0.759779 0.239801
vt 0.742984 0.224152
vt 0.730153 0.224835
vt 0.738324 0.216833
vt 0.679835 0.200104
vt 0.690025 0.203798
vt 0.718656 0.228165
vt 0.733515 0.231144
vt 0.665613 0.197553
vt 0.668438 0.207152
vt 0.672024 0.18873
vt 0.678861 0.174545
vt 0.762181 0.214075
vt 0.742747 0.199174
vt 0.768052 0.201028
vt 0.714223 0.269447
vt 0.700509 0.266904
vt 0.708918 0.258522
vt 0.688054 0.267926
vt 0.682182 0.273919
vt 0.795992 0.256471
vt 0.785613 0.250423
vt 0.800197 0.24542
vt 0.750519 0.17767
vt 0.737915 0.175209
vt 0.686876 0.214345
vt 0.709857 0.169183
vt 0.689451 0.156625
vt 0.710354 0.188644
vt 0.770197 0.227131
vt 0.698731 0.219661
vt 0.701558 0.209399
vt 0.716106 0.221471
vt 0.708056 0.181523
vt 0.754437 0.220644
vt 0.755795 0.227068
vt 0.682824 0.239062
vt 0.695471 0.241082
vt 0.679815 0.246827
vt 0.711998 0.247044
vt 0.684232 0.253612
vt 0.691398 0.233421
vt 0.737822 0.241294
vt 0.676678 0.234453
vt 0.687549 0.225616
vt 0.701566 0.227476
vt 0.803404 0.200707
vt 0.8136 0.195951
vt 0.820705 0.205924
vt 0.811239 0.214267
vt 0.791728 0.211372
vt 0.782551 0.198348
vt 0.828185 0.230164
vt 0.830337 0.217284
vt 0.849813 0.225552
vt 0.850534 0.198365
vt 0.711446 0.227119
vt 0.761097 0.174736
vt 0.748828 0.170416
vt 0.752984 0.164894
vt 0.756177 0.189923
vt 0.777011 0.172693
vt 0.77868 0.186798
vt 0.831113 0.181378
vt 0.80696 0.185149
vt 0.772706 0.195237
vt 0.799506 0.170839
vt 0.825533 0.165287
vt 0.748855 0.232374
vt 0.696196 0.27639
vt 0.709312 0.273216
vt 0.723774 0.274374
vt 0.71571 0.149142
vt 0.674814 0.221773
vt 0.784752 0.242183
vt 0.773971 0.245422
vt 0.777281 0.256073
vt 0.758471 0.248788
vt 0.792557 0.263852
vt 0.781441 0.270851
vt 0.758227 0.259628
vt 0.755605 0.268952
vt 0.743961 0.253943
vt 0.667035 0.232213
vt 0.7334 0.264188
vt 0.727648 0.252502
vt 0.737656 0.275604
vt 0.798884 0.151019
vt 0.806324 0.162821
vt 0.789833 0.1598
vt 0.776609 0.161975
vt 0.761843 0.160625
vt 0.767918 0.152221
vt 0.743469 0.151152
vt 0.661142 0.176075
vt 0.665306 0.157514
vt 0.661196 0.216164
vt 0.793894 0.237735
vt 0.803604 0.24266
vt 0.800651 0.230385
vt 0.801821 0.238674
vt 0.782935 0.227608
vt 0.782888 0.232336
vt 0.784761 0.23716
vt 0.807896 0.24135
vt 0.807635 0.244708
vt 0.780048 0.222727
vt 0.818603 0.242939
vt 0.79503 0.724635
vt 0.797221 0.718054
vt 0.801881 0.728573
vt 0.824985 0.681118
vt 0.824787 0.667495
vt 0.832333 0.681313
vt 0.849301 0.666189
vt 0.854277 0.699616
vt 0.845224 0.682987
vt 0.833256 0.696098
vt 0.839977 0.701386
vt 0.835982 0.711131
vt 0.840051 0.655624
vt 0.841911 0.66944
vt 0.834661 0.667835
vt 0.831116 0.648136
vt 0.838737 0.641956
vt 0.813231 0.693272
vt 0.804644 0.681781
vt 0.815796 0.676995
vt 0.838955 0.678847
vt 0.797659 0.764088
vt 0.785749 0.741228
vt 0.797321 0.74255
vt 0.837964 0.630417
vt 0.829412 0.638009
vt 0.827522 0.625257
vt 0.819725 0.744706
vt 0.81945 0.759196
vt 0.809154 0.74431
vt 0.796477 0.684923
vt 0.794459 0.6706
vt 0.790864 0.710519
vt 0.768227 0.708739
vt 0.777547 0.706934
vt 0.774316 0.724555
vt 0.770483 0.698582
vt 0.789014 0.726618
vt 0.771086 0.741477
vt 0.81406 0.736461
vt 0.81213 0.727247
vt 0.777778 0.653697
vt 0.788099 0.65517
vt 0.785174 0.665962
vt 0.839805 0.69052
vt 0.762026 0.725644
vt 0.780497 0.722775
vt 0.853649 0.618152
vt 0.832433 0.606817
vt 0.809781 0.582377
vt 0.817258 0.612768
vt 0.826099 0.719021
vt 0.839222 0.72325
vt 0.835005 0.732753
vt 0.830586 0.741516
vt 0.82274 0.733824
vt 0.823198 0.692916
vt 0.84669 0.716774
vt 0.8428 0.708074
vt 0.800036 0.708007
vt 0.803932 0.718229
vt 0.76631 0.695024
vt 0.772732 0.688777
vt 0.824165 0.571807
vt 0.779609 0.669406
vt 0.786893 0.680848
vt 0.779351 0.680675
vt 0.783632 0.693696
vt 0.782973 0.684813
vt 0.758543 0.701701
vt 0.778412 0.640854
vt 0.780886 0.629402
vt 0.783901 0.643448
vt 0.845873 0.734573
vt 0.804759 0.665395
vt 0.790312 0.766874
vt 0.812108 0.771944
vt 0.85554 0.740605
vt 0.850382 0.640369
vt 0.82048 0.705505
vt 0.82844 0.703214
vt 0.846375 0.699664
vt 0.784087 0.725272
vt 0.839318 0.741469
vt 0.835134 0.749551
vt 0.793336 0.696147
vt 0.785015 0.715739
vt 0.852239 0.598182
vt 0.854442 0.574109
vt 0.76308 0.771944
vt 0.776222 0.756247
vt 0.779222 0.771944
vt 0.844432 0.749084
vt 0.827124 0.752624
vt 0.755714 0.75492
vt 0.760126 0.681473
vt 0.785228 0.591661
vt 0.799536 0.599181
vt 0.79112 0.619636
vt 0.811305 0.711824
vt 0.828008 0.688259
vt 0.853849 0.549804
vt 0.828635 0.551689
vt 0.822322 0.649601
vt 0.830945 0.656825
vt 0.83054 0.533187
vt 0.793548 0.640359
vt 0.797092 0.655881
vt 0.827853 0.710357
vt 0.85554 0.537093
vt 0.805292 0.626017
vt 0.835449 0.51555
vt 0.807535 0.647577
vt 0.81839 0.633264
vt 0.783808 0.706274
vt 0.786565 0.633777
vt 0.804134 0.697166
vt 0.811854 0.702267
vt 0.787401 0.553429
vt 0.770465 0.590825
vt 0.776551 0.580763
vt 0.776018 0.600269
vt 0.753344 0.663306
vt 0.746038 0.673273
vt 0.732452 0.649102
vt 0.75325 0.64399
vt 0.733884 0.613874
vt 0.765688 0.643216
vt 0.756363 0.615763
vt 0.750094 0.589389
vt 0.741783 0.597625
vt 0.750874 0.687499
vt 0.741092 0.683594
vt 0.768354 0.665797
vt 0.744535 0.720311
vt 0.748815 0.732991
vt 0.740912 0.724365
vt 0.743088 0.698574
vt 0.731383 0.695679
vt 0.732179 0.68447
vt 0.732419 0.671927
vt 0.749748 0.714493
vt 0.761404 0.591945
vt 0.734151 0.713304
vt 0.734021 0.748614
vt 0.815078 0.6611
vt 0.771853 0.630967
vt 0.781869 0.610435
vt 0.776046 0.61667
vt 0.768153 0.608486
vt 0.537102 0.58005
vt 0.559002 0.550649
vt 0.558309 0.592968
vt 0.573509 0.66853
vt 0.585922 0.671898
vt 0.574795 0.685486
vt 0.573567 0.650424
vt 0.565746 0.667079
vt 0.540721 0.646335
vt 0.554108 0.65725
vt 0.544072 0.661492
vt 0.541411 0.601059
vt 0.521936 0.605302
vt 0.573134 0.619278
vt 0.565765 0.630264
vt 0.556432 0.616704
vt 0.559002 0.64084
vt 0.542627 0.624811
vt 0.596757 0.610213
vt 0.59272 0.631249
vt 0.585499 0.620088
vt 0.56702 0.690057
vt 0.560338 0.68097
vt 0.52372 0.707201
vt 0.516821 0.697702
vt 0.535354 0.695078
vt 0.463537 0.701935
vt 0.461422 0.689642
vt 0.469463 0.696547
vt 0.489746 0.689867
vt 0.472335 0.679217
vt 0.493108 0.674815
vt 0.519982 0.664452
vt 0.543372 0.672471
vt 0.53556 0.680516
vt 0.552868 0.686445
vt 0.587721 0.643736
vt 0.604838 0.638552
vt 0.624498 0.602207
vt 0.47373 0.690455
vt 0.521271 0.685509
vt 0.479256 0.69789
vt 0.499081 0.703844
vt 0.478164 0.706142
vt 0.579484 0.586671
vt 0.592023 0.585288
vt 0.511851 0.692348
vt 0.583695 0.541503
vt 0.567617 0.70589
vt 0.505508 0.694711
vt 0.602651 0.66256
vt 0.603024 0.681691
vt 0.558879 0.702277
vt 0.581564 0.689805
vt 0.580433 0.702786
vt 0.502268 0.622739
vt 0.493889 0.643674
vt 0.479279 0.626976
vt 0.523022 0.629848
vt 0.534701 0.613498
vt 0.590535 0.690902
vt 0.593441 0.57201
vt 0.621247 0.662143
vt 0.599554 0.586939
vt 0.613851 0.675978
vt 0.620697 0.637062
vt 0.601554 0.707967
vt 0.602501 0.695931
vt 0.630512 0.695518
vt 0.639237 0.619377
vt 0.637996 0.651361
vt 0.63892 0.674976
vt 0.438109 0.714231
vt 0.443833 0.70462
vt 0.452753 0.71415
vt 0.556108 0.671625
vt 0.505653 0.684023
vt 0.548599 0.702597
vt 0.491209 0.661096
vt 0.49602 0.609051
vt 0.478517 0.668412
vt 0.529837 0.722743
vt 0.539197 0.71385
vt 0.542338 0.726288
vt 0.500662 0.752812
vt 0.496639 0.737808
vt 0.524778 0.742169
vt 0.545411 0.611533
vt 0.646994 0.640535
vt 0.498844 0.718193
vt 0.518262 0.716425
vt 0.512442 0.724907
vt 0.555131 0.724326
vt 0.549645 0.712289
vt 0.466925 0.710487
vt 0.498536 0.593031
vt 0.512699 0.591093
vt 0.477228 0.607953
vt 0.540871 0.557404
vt 0.521498 0.576909
vt 0.599156 0.720688
vt 0.587861 0.714246
vt 0.592812 0.723383
vt 0.552063 0.734155
vt 0.543128 0.743979
vt 0.574803 0.717661
vt 0.583402 0.725506
vt 0.502877 0.57749
vt 0.483143 0.588713
vt 0.375921 0.619284
vt 0.4097 0.625086
vt 0.382055 0.633801
vt 0.42984 0.68019
vt 0.432863 0.692944
vt 0.415777 0.691114
vt 0.406809 0.637972
vt 0.417285 0.629407
vt 0.410705 0.701897
vt 0.42448 0.700056
vt 0.443939 0.657712
vt 0.441751 0.64406
vt 0.457211 0.649879
vt 0.411635 0.669177
vt 0.421776 0.650571
vt 0.431426 0.666448
vt 0.401925 0.683295
vt 0.391847 0.672871
vt 0.379211 0.657956
vt 0.415723 0.680538
vt 0.458497 0.62075
vt 0.45542 0.635697
vt 0.42749 0.732923
vt 0.435414 0.739418
vt 0.418942 0.742637
vt 0.431064 0.70464
vt 0.435801 0.700418
vt 0.449938 0.674591
vt 0.446565 0.688638
vt 0.417272 0.603185
vt 0.409485 0.614002
vt 0.372726 0.607117
vt 0.406675 0.733516
vt 0.418552 0.730562
vt 0.424693 0.709119
vt 0.407816 0.710429
vt 0.442723 0.69672
vt 0.462357 0.663605
vt 0.43133 0.631216
vt 0.434253 0.617842
vt 0.400768 0.737883
vt 0.394606 0.733158
vt 0.380381 0.676437
vt 0.391438 0.682131
vt 0.384977 0.689762
vt 0.392377 0.699012
vt 0.422698 0.753225
vt 0.402976 0.721556
vt 0.392613 0.712935
vt 0.476493 0.615825
vt 0.475563 0.655111
vt 0.452803 0.696393
vt 0.471239 0.641961
vt 0.399181 0.705084
vt 0.457465 0.611165
vt 0.442452 0.606521
vt 0.42401 0.594865
vt 0.445197 0.594666
vt 0.423544 0.720982
vt 0.422895 0.771326
vt 0.44898 0.746777
vt 0.455264 0.759907
vt 0.448537 0.772041
vt 0.472192 0.60037
vt 0.592441 0.732537
vt 0.55961 0.713266
vt 0.566316 0.715927
vt 0.573684 0.711011
vt 0.573873 0.727453
vt 0.578381 0.739702
vt 0.568163 0.723004
vt 0.46422 0.594945
vt 0.469469 0.581862
vt 0.569343 0.732699
vt 0.565497 0.729656
vt 0.487471 0.54731
vt 0.500589 0.554528
vt 0.498725 0.565344
vt 0.504532 0.548564
vt 0.511862 0.548035
vt 0.507666 0.563071
vt 0.52591 0.547286
vt 0.5371 0.545195
vt 0.523336 0.559597
vt 0.538746 0.552597
vt 0.547113 0.533615
vt 0.560998 0.536546
vt 0.562245 0.722977
vt 0.565454 0.746005
vt 0.559245 0.733306
vt 0.520185 0.57268
vt 0.48708 0.57718
vt 0.553555 0.74573
vt 0.494399 0.539443
vt 0.50423 0.533615
vt 0.480903 0.563038
vt 0.476507 0.750501
vt 0.470579 0.766072
vt 0.527285 0.730173
vt 0.444751 0.726517
vt 0.478201 0.715356
vt 0.449358 0.734988
vt 0.462685 0.719142
vt 0.486948 0.72609
vt 0.474389 0.738127
vt 0.464229 0.72894
vt 0.762773 0.480201
vt 0.777487 0.497786
vt 0.74802 0.480285
vt 0.711508 0.415955
vt 0.709135 0.428568
vt 0.701361 0.40842
vt 0.669013 0.563747
vt 0.683147 0.552029
vt 0.688689 0.565829
vt 0.748841 0.469148
vt 0.677501 0.534706
vt 0.703279 0.540373
vt 0.721552 0.559093
vt 0.700307 0.559135
vt 0.622898 0.567092
vt 0.644229 0.563199
vt 0.633718 0.575564
vt 0.663611 0.57663
vt 0.621315 0.578548
vt 0.612189 0.560529
vt 0.606903 0.579442
vt 0.623508 0.552858
vt 0.691593 0.57566
vt 0.675376 0.574187
vt 0.682295 0.581575
vt 0.677129 0.594129
vt 0.717107 0.445746
vt 0.703317 0.440734
vt 0.721386 0.483378
vt 0.708646 0.476458
vt 0.723467 0.479991
vt 0.736376 0.491276
vt 0.725273 0.491358
vt 0.732196 0.476105
vt 0.720001 0.457722
vt 0.733758 0.464877
vt 0.709237 0.489983
vt 0.732819 0.459852
vt 0.673831 0.462541
vt 0.693375 0.467464
vt 0.689656 0.479367
vt 0.740299 0.501011
vt 0.746044 0.500583
vt 0.765578 0.475172
vt 0.753507 0.49823
vt 0.72535 0.505241
vt 0.748525 0.512896
vt 0.700851 0.500886
vt 0.715151 0.521422
vt 0.689922 0.517543
vt 0.739882 0.524441
vt 0.692486 0.4581
vt 0.709257 0.460831
vt 0.77533 0.518217
vt 0.758279 0.528141
vt 0.757382 0.54395
vt 0.72461 0.372419
vt 0.730964 0.359818
vt 0.740888 0.367363
vt 0.73462 0.542675
vt 0.736973 0.579302
vt 0.737347 0.566078
vt 0.74336 0.580887
vt 0.775423 0.536974
vt 0.617238 0.589029
vt 0.757409 0.560948
vt 0.781756 0.558483
vt 0.558732 0.290412
vt 0.559077 0.257041
vt 0.571926 0.278343
vt 0.577213 0.302552
vt 0.569861 0.334645
vt 0.740892 0.593894
vt 0.61309 0.299139
vt 0.619353 0.294923
vt 0.612052 0.311707
vt 0.598471 0.301546
vt 0.586161 0.284709
vt 0.60165 0.28521
vt 0.545444 0.228714
vt 0.542837 0.245118
vt 0.520958 0.212142
vt 0.57583 0.255639
vt 0.598814 0.326525
vt 0.55957 0.217343
vt 0.692133 0.345421
vt 0.714135 0.358927
vt 0.702919 0.362441
vt 0.592951 0.263911
vt 0.58746 0.25212
vt 0.535998 0.264722
vt 0.634875 0.304964
vt 0.626633 0.312031
vt 0.607722 0.297387
vt 0.587201 0.307168
vt 0.585367 0.324975
vt 0.585685 0.337516
vt 0.638878 0.325957
vt 0.627373 0.330711
vt 0.59053 0.337633
vt 0.588258 0.355791
vt 0.62973 0.585171
vt 0.648161 0.58234
vt 0.76669 0.582849
vt 0.610977 0.521078
vt 0.636385 0.530496
vt 0.616762 0.537769
vt 0.661186 0.595834
vt 0.639107 0.592706
vt 0.588412 0.503467
vt 0.571668 0.506068
vt 0.583479 0.493886
vt 0.599204 0.510866
vt 0.58517 0.508172
vt 0.70808 0.575919
vt 0.539967 0.49375
vt 0.522938 0.498847
vt 0.53681 0.484725
vt 0.697021 0.393583
vt 0.697677 0.380338
vt 0.713705 0.393534
vt 0.668108 0.589666
vt 0.659319 0.545949
vt 0.528681 0.52134
vt 0.540725 0.520805
vt 0.524833 0.53206
vt 0.637335 0.546167
vt 0.635637 0.506527
vt 0.754121 0.392114
vt 0.749265 0.38568
vt 0.758601 0.386744
vt 0.609992 0.54982
vt 0.604713 0.540764
vt 0.712295 0.372608
vt 0.678921 0.325929
vt 0.695585 0.325223
vt 0.576428 0.511269
vt 0.605106 0.499427
vt 0.624257 0.598275
vt 0.730979 0.577949
vt 0.722909 0.584053
vt 0.59712 0.521603
vt 0.543422 0.502254
vt 0.538609 0.514671
vt 0.518647 0.513181
vt 0.746866 0.393065
vt 0.737193 0.384379
vt 0.598003 0.55643
vt 0.703839 0.374107
vt 0.605923 0.484164
vt 0.595061 0.49216
vt 0.605483 0.565733
vt 0.495282 0.505431
vt 0.554112 0.510134
vt 0.563922 0.495991
vt 0.514608 0.528952
vt 0.656497 0.523839
vt 0.495282 0.522101
vt 0.554766 0.484932
vt 0.505677 0.490683
vt 0.57633 0.479988
vt 0.590927 0.485424
vt 0.760701 0.430602
vt 0.739193 0.408507
vt 0.758401 0.413062
vt 0.595569 0.471767
vt 0.674307 0.349117
vt 0.676292 0.362182
vt 0.662747 0.349511
vt 0.705389 0.40235
vt 0.671259 0.307704
vt 0.759325 0.448709
vt 0.742042 0.453906
vt 0.74247 0.436792
vt 0.639605 0.299236
vt 0.637935 0.288555
vt 0.643855 0.297243
vt 0.627018 0.433297
vt 0.622577 0.426641
vt 0.630826 0.419333
vt 0.588344 0.441635
vt 0.599637 0.436766
vt 0.59661 0.452789
vt 0.597433 0.422542
vt 0.615116 0.408623
vt 0.607744 0.425534
vt 0.618631 0.420148
vt 0.62861 0.409193
vt 0.638188 0.44031
vt 0.632792 0.462242
vt 0.621394 0.451888
vt 0.631103 0.396886
vt 0.567786 0.393174
vt 0.579256 0.418878
vt 0.55552 0.41592
vt 0.583399 0.460757
vt 0.611861 0.439427
vt 0.64371 0.406686
vt 0.600823 0.399834
vt 0.606627 0.458313
vt 0.618842 0.388828
vt 0.643661 0.42468
vt 0.652487 0.436025
vt 0.590594 0.382546
vt 0.607754 0.374892
vt 0.574747 0.446918
vt 0.659327 0.428342
vt 0.654336 0.417545
vt 0.538681 0.456834
vt 0.524734 0.447595
vt 0.544008 0.439953
vt 0.533709 0.37737
vt 0.569317 0.375179
vt 0.555619 0.460666
vt 0.543389 0.468109
vt 0.549534 0.45312
vt 0.56236 0.443488
vt 0.685179 0.379196
vt 0.672221 0.371086
vt 0.750482 0.374927
vt 0.761402 0.323902
vt 0.760521 0.339426
vt 0.742529 0.310266
vt 0.724154 0.351796
vt 0.711464 0.344305
vt 0.551218 0.473381
vt 0.566702 0.464967
vt 0.567318 0.3598
vt 0.529008 0.423391
vt 0.6554 0.447964
vt 0.622418 0.4779
vt 0.632169 0.474155
vt 0.65 0.470704
vt 0.67619 0.498938
vt 0.667641 0.480392
vt 0.671886 0.516553
vt 0.635565 0.484581
vt 0.654114 0.490336
vt 0.657735 0.507174
vt 0.524646 0.475059
vt 0.620908 0.490572
vt 0.612518 0.469436
vt 0.502916 0.481495
vt 0.719133 0.435774
vt 0.725163 0.423424
vt 0.664082 0.341162
vt 0.752599 0.460597
vt 0.69958 0.302163
vt 0.718244 0.331334
vt 0.698593 0.418206
vt 0.730626 0.441869
vt 0.597755 0.363852
vt 0.607083 0.353218
vt 0.647222 0.367467
vt 0.638394 0.355353
vt 0.65272 0.351843
vt 0.669905 0.404212
vt 0.674688 0.417571
vt 0.659131 0.408755
vt 0.619392 0.356012
vt 0.620195 0.371357
vt 0.613929 0.363694
vt 0.665238 0.420884
vt 0.647674 0.388023
vt 0.660112 0.374038
vt 0.665334 0.389681
vt 0.68847 0.426803
vt 0.596593 0.348132
vt 0.637792 0.34088
vt 0.631751 0.37977
vt 0.615264 0.336819
vt 0.629738 0.363852
vt 0.626485 0.347667
vt 0.679091 0.396206
vt 0.638958 0.371604
vt 0.633041 0.344594
vt 0.675717 0.381849
vt 0.665042 0.43975
vt 0.674963 0.432655
vt 0.677714 0.448144
vt 0.652967 0.400057
vt 0.690311 0.444199
vt 0.659278 0.397737
vt 0.66706 0.448274
vt 0.664151 0.361254
vt 0.686055 0.411021
vt 0.692226 0.402657
vt 0.672673 0.286822
vt 0.673496 0.268248
vt 0.654285 0.26113
vt 0.660068 0.242895
vt 0.652014 0.239745
vt 0.64667 0.245404
vt 0.646745 0.226083
vt 0.634299 0.220708
vt 0.64096 0.214696
vt 0.652437 0.227106
vt 0.646337 0.211528
vt 0.691371 0.365343
vt 0.728609 0.344669
vt 0.742846 0.357011
vt 0.754529 0.366188
vt 0.633171 0.244133
vt 0.624213 0.231337
vt 0.654468 0.283861
vt 0.730463 0.45099
vt 0.643444 0.258452
vt 0.648141 0.264503
vt 0.775022 0.333181
vt 0.735002 0.352574
vt 0.685513 0.391164
vt 0.75171 0.359483
vt 0.576516 0.237053
vt 0.581287 0.217142
vt 0.591159 0.248204
vt 0.625826 0.246662
vt 0.616551 0.249055
vt 0.617751 0.239703
vt 0.632311 0.291634
vt 0.605817 0.234323
vt 0.597962 0.210754
vt 0.611165 0.216457
vt 0.62767 0.28234
vt 0.615371 0.274723
vt 0.64409 0.277526
vt 0.605124 0.256439
vt 0.742429 0.3402
vt 0.757455 0.349371
vt 0.741844 0.350601
vt 0.750701 0.354587
vt 0.621488 0.258206
vt 0.625915 0.26777
vt 0.672403 0.334888
vt 0.666082 0.322556
vt 0.640585 0.259233
vt 0.645165 0.314727
vt 0.651225 0.316267
vt 0.658003 0.326237
vt 0.759713 0.354181
vt 0.615341 0.231557
vt 0.617979 0.223953
vt 0.65412 0.334417
vt 0.651361 0.296362
vt 0.651886 0.308022
vt 0.767244 0.311659
vt 0.765039 0.346163
vt 0.773748 0.342124
vt 0.646672 0.309181
vt 0.640916 0.285518
vt 0.635326 0.277455
vt 0.629567 0.262011
vt 0.636802 0.267074
vt 0.629446 0.256408
vt 0.623066 0.210754
vt 0.763229 0.465125
vt 0.75274 0.400607
vt 0.69769 0.582632
vt 0.756306 0.379391
vt 0.527799 0.461169
vt 0.51034 0.461596
vt 0.786503 0.32293
vt 0.509641 0.474645
vt 0.655593 0.227024
vt 0.655303 0.231637
vt 0.668443 0.245233
vt 0.540734 0.308272
vt 0.544891 0.335994
vt 0.513225 0.300474
vt 0.498032 0.276877
vt 0.495282 0.238183
vt 0.511019 0.331149
usemtl material_1
f 1/1/1 2/2/2 3/3/3
f 4/4/4 5/5/5 6/6/6
f 7/7/7 6/8/6 5/9/5
f 8/10/8 5/11/5 4/12/4
f 9/13/9 10/14/10 11/15/11
f 12/16/12 13/17/13 14/18/14
f 15/19/15 16/20/16 17/21/17
f 18/22/18 15/23/15 17/24/17
f 19/25/19 20/26/20 21/27/21
f 22/28/22 23/29/23 21/30/21
f 24/31/24 25/32/25 26/33/26
f 26/34/26 25/35/25 21/36/21
f 3/37/3 27/38/27 28/39/28
f 29/40/29 30/41/30 31/42/31
f 28/43/28 32/44/32 33/45/33
f 34/46/34 35/47/35 36/48/36
f 17/49/17 37/50/37 38/51/38
f 23/52/23 22/53/22 39/54/39
f 40/55/40 41/56/41 26/57/26
f 24/58/24 26/59/26 41/60/41
f 42/61/42 43/62/43 44/63/44
f 45/64/45 46/65/46 34/66/34
f 43/67/43 47/68/47 48/69/48
f 49/70/49 50/71/50 51/72/51
f 16/73/16 37/74/37 17/75/17
f 52/76/52 53/77/53 54/78/54
f 55/79/55 4/80/4 6/81/6
f 7/82/7 5/83/5 56/84/56
f 56/84/56 5/83/5 57/85/57
f 58/86/58 57/87/57 59/88/59
f 59/88/59 57/87/57 5/89/5
f 60/90/60 61/91/61 62/92/62
f 63/93/63 60/90/60 62/92/62
f 10/94/10 37/95/37 11/96/11
f 38/97/38 37/95/37 10/94/10
f 64/98/64 65/99/65 66/100/66
f 65/99/65 64/98/64 42/101/42
f 11/102/11 67/103/67 9/104/9
f 68/105/68 67/103/67 11/102/11
f 69/106/69 70/107/70 13/108/13
f 70/107/70 71/109/71 13/108/13
f 72/110/72 16/111/16 15/112/15
f 16/111/16 72/110/72 73/113/73
f 19/114/19 2/115/2 74/116/74
f 3/117/3 2/115/2 19/114/19
f 32/118/32 28/119/28 75/120/75
f 27/121/27 75/120/75 28/119/28
f 76/122/76 77/123/77 78/124/78
f 77/123/77 76/122/76 79/125/79
f 41/126/41 80/127/80 39/128/39
f 39/128/39 80/127/80 81/129/81
f 23/130/23 39/131/39 81/132/81
f 21/133/21 23/130/23 81/132/81
f 82/134/82 46/135/46 83/136/83
f 82/134/82 34/137/34 46/135/46
f 84/138/84 85/139/85 86/140/86
f 86/140/86 87/141/87 84/138/84
f 37/142/37 73/143/73 88/144/88
f 37/142/37 16/145/16 73/143/73
f 89/146/89 90/147/90 91/148/91
f 92/149/92 91/148/91 90/147/90
f 93/150/93 94/151/94 95/152/95
f 96/153/96 93/150/93 95/152/95
f 13/154/13 12/155/12 97/156/97
f 98/157/98 69/158/69 97/156/97
f 97/156/97 69/158/69 13/154/13
f 99/159/99 100/160/100 101/161/101
f 99/159/99 102/162/102 100/160/100
f 99/159/99 101/161/101 103/163/103
f 104/164/104 75/165/75 27/166/27
f 104/164/104 27/166/27 105/167/105
f 105/167/105 27/166/27 2/168/2
f 19/169/19 25/170/25 3/171/3
f 3/171/3 25/170/25 24/172/24
f 21/173/21 25/170/25 19/169/19
f 106/174/106 20/175/20 74/176/74
f 74/176/74 20/175/20 19/177/19
f 2/178/2 106/174/106 74/176/74
f 20/179/20 39/180/39 22/181/22
f 106/182/106 39/180/39 20/179/20
f 21/183/21 20/179/20 22/181/22
f 36/184/36 35/185/35 83/186/83
f 82/187/82 35/185/35 34/188/34
f 35/185/35 82/187/82 83/186/83
f 55/189/55 107/190/107 108/191/108
f 4/192/4 55/189/55 108/191/108
f 107/190/107 55/189/55 109/193/109
f 110/194/110 45/195/45 36/196/36
f 46/197/46 45/195/45 110/194/110
f 36/196/36 83/198/83 110/194/110
f 83/198/83 46/197/46 110/194/110
f 111/199/111 112/200/112 113/201/113
f 13/202/13 71/203/71 113/201/113
f 114/204/114 111/199/111 71/203/71
f 71/203/71 111/199/111 113/201/113
f 71/205/71 70/206/70 115/207/115
f 116/208/116 114/209/114 115/207/115
f 70/206/70 116/208/116 115/207/115
f 114/209/114 71/205/71 115/207/115
f 117/210/117 107/211/107 109/212/109
f 117/210/117 109/212/109 118/213/118
f 109/212/109 119/214/119 118/213/118
f 108/215/108 107/211/107 117/210/117
f 120/216/120 121/217/121 122/218/122
f 123/219/123 124/220/124 125/221/125
f 120/216/120 123/219/123 125/221/125
f 120/216/120 122/218/122 123/219/123
f 126/222/126 127/223/127 128/224/128
f 127/223/127 129/225/129 130/226/130
f 130/226/130 128/224/128 127/223/127
f 121/227/121 127/223/127 126/222/126
f 131/228/131 132/229/132 133/230/133
f 132/229/132 134/231/134 135/232/135
f 132/229/132 131/228/131 134/231/134
f 136/233/136 132/229/132 135/232/135
f 137/234/137 5/235/5 8/236/8
f 137/234/137 8/236/8 138/237/138
f 59/238/59 137/234/137 138/237/138
f 138/237/138 58/239/58 59/238/59
f 137/234/137 59/238/59 5/235/5
f 139/240/139 140/241/140 141/242/141
f 142/243/142 143/244/143 144/245/144
f 141/242/141 144/245/144 139/240/139
f 143/244/143 79/246/79 144/245/144
f 144/245/144 79/246/79 139/240/139
f 145/247/145 146/248/146 147/249/147
f 148/250/148 149/251/149 145/247/145
f 147/249/147 150/252/150 145/247/145
f 150/252/150 148/250/148 145/247/145
f 145/247/145 149/251/149 146/248/146
f 151/253/151 152/254/152 153/255/153
f 154/256/154 151/253/151 153/255/153
f 152/254/152 155/257/155 156/258/156
f 156/258/156 153/255/153 152/254/152
f 152/254/152 151/253/151 155/257/155
f 157/259/157 158/260/158 159/261/159
f 160/262/160 158/260/158 157/259/157
f 161/263/161 162/264/162 163/265/163
f 161/263/161 160/262/160 162/264/162
f 157/259/157 162/264/162 160/262/160
f 123/266/123 164/267/164 124/268/124
f 165/269/165 164/267/164 166/270/166
f 164/267/164 165/269/165 124/268/124
f 91/271/91 124/268/124 165/269/165
f 165/269/165 166/270/166 167/272/167
f 105/273/105 2/274/2 1/275/1
f 168/276/168 1/275/1 33/277/33
f 33/277/33 1/275/1 28/278/28
f 168/276/168 33/277/33 169/279/169
f 3/280/3 28/278/28 1/275/1
f 168/276/168 105/273/105 1/275/1
f 170/281/170 171/282/171 47/283/47
f 170/281/170 47/283/47 34/284/34
f 36/285/36 45/286/45 172/287/172
f 170/281/170 36/285/36 172/287/172
f 170/281/170 172/287/172 171/282/171
f 170/281/170 34/284/34 36/285/36
f 88/288/88 11/289/11 37/290/37
f 88/288/88 68/291/68 11/289/11
f 73/292/73 72/293/72 173/294/173
f 88/288/88 73/292/73 173/294/173
f 173/294/173 72/293/72 174/295/174
f 173/294/173 68/291/68 88/288/88
f 102/296/102 105/297/105 168/298/168
f 102/296/102 99/299/99 175/300/175
f 175/300/175 105/297/105 102/296/102
f 104/301/104 175/300/175 103/302/103
f 175/300/175 104/301/104 105/297/105
f 169/303/169 102/296/102 168/298/168
f 103/302/103 175/300/175 99/299/99
f 120/304/120 129/305/129 121/306/121
f 125/307/125 176/308/176 120/304/120
f 127/309/127 121/306/121 129/305/129
f 125/307/125 177/310/177 176/308/176
f 129/305/129 176/308/176 178/311/178
f 177/310/177 178/311/178 176/308/176
f 120/304/120 176/308/176 129/305/129
f 179/312/179 27/313/27 24/314/24
f 179/312/179 41/315/41 39/316/39
f 24/314/24 41/315/41 179/312/179
f 27/313/27 106/317/106 2/318/2
f 179/312/179 39/316/39 106/317/106
f 27/313/27 179/312/179 106/317/106
f 24/314/24 27/313/27 3/319/3
f 64/320/64 172/321/172 45/322/45
f 45/322/45 43/323/43 180/324/180
f 34/325/34 47/326/47 43/323/43
f 64/320/64 180/324/180 42/327/42
f 43/323/43 45/322/45 34/325/34
f 66/328/66 172/321/172 64/320/64
f 180/324/180 43/323/43 42/327/42
f 180/324/180 64/320/64 45/322/45
f 181/329/181 182/330/182 183/331/183
f 184/332/184 185/333/185 182/330/182
f 186/334/186 185/333/185 184/332/184
f 185/333/185 187/335/187 183/331/183
f 185/333/185 183/331/183 182/330/182
f 182/330/182 181/329/181 188/336/188
f 184/332/184 182/330/182 189/337/189
f 189/337/189 182/330/182 188/336/188
f 190/338/190 191/339/191 192/340/192
f 190/338/190 192/340/192 193/341/193
f 190/338/190 194/342/194 195/343/195
f 196/344/196 194/342/194 193/341/193
f 196/344/196 197/345/197 194/342/194
f 194/342/194 197/345/197 195/343/195
f 193/341/193 198/346/198 196/344/196
f 193/341/193 194/342/194 190/338/190
f 54/347/54 138/348/138 8/349/8
f 108/350/108 117/351/117 199/352/199
f 52/353/52 54/347/54 200/354/200
f 52/353/52 200/354/200 4/355/4
f 108/350/108 199/352/199 52/353/52
f 4/355/4 200/354/200 8/349/8
f 200/354/200 54/347/54 8/349/8
f 4/355/4 108/350/108 52/353/52
f 201/356/201 47/357/47 202/358/202
f 203/359/203 204/360/204 205/361/205
f 206/362/206 47/357/47 207/363/207
f 47/357/47 201/356/201 207/363/207
f 203/359/203 48/364/48 204/360/204
f 48/364/48 206/362/206 204/360/204
f 47/357/47 206/362/206 48/364/48
f 204/360/204 206/362/206 205/361/205
f 26/365/26 21/366/21 40/367/40
f 208/368/208 81/369/81 80/370/80
f 21/366/21 81/369/81 208/368/208
f 80/370/80 209/371/209 208/368/208
f 208/368/208 40/367/40 21/366/21
f 208/368/208 209/371/209 40/367/40
f 80/370/80 41/372/41 209/371/209
f 41/372/41 40/367/40 209/371/209
f 210/373/210 58/374/58 211/375/211
f 212/376/212 58/374/58 213/377/213
f 210/373/210 214/378/214 58/374/58
f 58/374/58 138/379/138 213/377/213
f 212/376/212 215/380/215 211/375/211
f 215/380/215 212/376/212 213/377/213
f 138/379/138 216/381/216 213/377/213
f 138/379/138 54/382/54 216/381/216
f 212/376/212 211/375/211 58/374/58
f 217/383/217 218/384/218 219/385/219
f 220/386/220 219/385/219 221/387/221
f 220/386/220 222/388/222 219/385/219
f 217/383/217 222/388/222 223/389/223
f 217/383/217 219/385/219 222/388/222
f 223/389/223 224/390/224 225/391/225
f 222/388/222 220/386/220 224/390/224
f 222/388/222 224/390/224 223/389/223
f 226/392/226 223/389/223 225/391/225
f 227/393/227 228/394/228 229/395/229
f 7/396/7 230/397/230 6/398/6
f 109/399/109 228/394/228 227/393/227
f 231/400/231 109/399/109 55/401/55
f 109/399/109 231/400/231 228/394/228
f 119/402/119 109/399/109 227/393/227
f 230/397/230 232/403/232 55/401/55
f 232/403/232 231/400/231 55/401/55
f 230/397/230 55/401/55 6/398/6
f 233/404/233 234/405/234 235/406/235
f 235/406/235 234/405/234 236/407/236
f 234/405/234 237/408/237 236/407/236
f 238/409/238 234/405/234 233/404/233
f 235/406/235 239/410/239 240/411/240
f 235/406/235 236/407/236 239/410/239
f 241/412/241 237/408/237 238/409/238
f 239/410/239 242/413/242 240/411/240
f 238/409/238 237/408/237 234/405/234
f 243/414/243 244/415/244 245/416/245
f 245/416/245 246/417/246 243/414/243
f 247/418/247 244/415/244 243/414/243
f 247/418/247 243/414/243 248/419/248
f 249/420/249 245/416/245 244/415/244
f 244/415/244 250/421/250 249/420/249
f 248/419/248 243/414/243 246/417/246
f 247/418/247 251/422/251 244/415/244
f 251/422/251 247/418/247 252/423/252
f 253/424/253 254/425/254 255/426/255
f 255/426/255 256/427/256 253/424/253
f 257/428/257 253/424/253 256/427/256
f 254/425/254 258/429/258 259/430/259
f 258/429/258 254/425/254 260/431/260
f 260/431/260 254/425/254 261/432/261
f 261/432/261 253/424/253 262/433/262
f 254/425/254 253/424/253 261/432/261
f 255/426/255 254/425/254 259/430/259
f 263/434/263 264/435/264 265/436/265
f 266/437/266 267/438/267 268/439/268
f 269/440/269 270/441/270 268/439/268
f 271/442/271 267/438/267 263/434/263
f 263/434/263 267/438/267 266/437/266
f 271/442/271 263/434/263 265/436/265
f 265/436/265 272/443/272 271/442/271
f 268/439/268 270/441/270 266/437/266
f 266/437/266 264/435/264 263/434/263
f 273/444/273 197/445/197 274/446/274
f 197/445/197 273/444/273 275/447/275
f 276/448/276 277/449/277 278/450/278
f 277/449/277 276/448/276 279/451/279
f 273/444/273 276/448/276 280/452/280
f 276/448/276 273/444/273 279/451/279
f 197/445/197 275/447/275 195/453/195
f 273/444/273 274/446/274 279/451/279
f 278/450/278 280/452/280 276/448/276
f 280/452/280 275/447/275 273/444/273
f 278/450/278 275/447/275 280/452/280
f 201/454/201 281/455/281 207/456/207
f 282/457/282 281/455/281 283/458/283
f 284/459/284 285/460/285 286/461/286
f 285/460/285 287/462/287 283/458/283
f 287/462/287 282/457/282 283/458/283
f 288/463/288 287/462/287 284/459/284
f 282/457/282 206/464/206 207/456/207
f 284/459/284 287/462/287 285/460/285
f 281/455/281 282/457/282 207/456/207
f 282/457/282 288/463/288 206/464/206
f 288/463/288 282/457/282 287/462/287
f 289/465/289 290/466/290 291/467/291
f 292/468/292 291/467/291 290/466/290
f 290/466/290 289/465/289 293/469/293
f 294/470/294 292/468/292 295/471/295
f 294/470/294 154/472/154 292/468/292
f 290/466/290 295/471/295 292/468/292
f 296/473/296 289/465/289 291/467/291
f 297/474/297 154/472/154 153/475/153
f 297/474/297 298/476/298 292/468/292
f 292/468/292 154/472/154 297/474/297
f 295/471/295 290/466/290 293/469/293
f 292/468/292 298/476/298 291/467/291
f 94/477/94 299/478/299 300/479/300
f 300/479/300 301/480/301 302/481/302
f 303/482/303 299/478/299 304/483/304
f 305/484/305 306/485/306 307/486/307
f 300/479/300 299/478/299 307/486/307
f 301/480/301 300/479/300 306/485/306
f 304/483/304 299/478/299 93/487/93
f 299/478/299 303/482/303 307/486/307
f 307/486/307 306/485/306 300/479/300
f 94/477/94 300/479/300 302/481/302
f 93/487/93 96/488/96 304/483/304
f 299/478/299 94/477/94 93/487/93
f 308/489/308 14/490/14 309/491/309
f 310/492/310 311/493/311 188/494/188
f 312/495/312 183/496/183 313/497/313
f 314/498/314 310/492/310 188/494/188
f 183/496/183 187/499/187 313/497/313
f 312/495/312 309/491/309 181/500/181
f 310/492/310 314/498/314 315/501/315
f 181/500/181 183/496/183 312/495/312
f 309/491/309 14/490/14 314/498/314
f 14/490/14 315/501/315 314/498/314
f 309/491/309 312/495/312 308/489/308
f 181/500/181 309/491/309 314/498/314
f 314/498/314 188/494/188 181/500/181
f 308/502/308 241/503/241 316/504/316
f 317/505/317 237/506/237 318/507/318
f 237/506/237 241/503/241 318/507/318
f 313/508/313 187/509/187 239/510/239
f 236/511/236 313/508/313 239/510/239
f 236/511/236 317/505/317 313/508/313
f 236/511/236 237/506/237 317/505/317
f 319/512/319 242/513/242 239/510/239
f 241/503/241 308/502/308 318/507/318
f 318/507/318 308/502/308 312/514/312
f 317/505/317 318/507/318 312/514/312
f 313/508/313 317/505/317 312/514/312
f 187/509/187 319/512/319 239/510/239
f 320/515/320 13/516/13 113/517/113
f 320/515/320 321/518/321 49/519/49
f 322/520/322 323/521/323 324/522/324
f 112/523/112 320/515/320 113/517/113
f 320/515/320 325/524/325 326/525/326
f 324/522/324 323/521/323 327/526/327
f 326/525/326 13/516/13 320/515/320
f 328/527/328 325/524/325 49/519/49
f 320/515/320 49/519/49 325/524/325
f 326/525/326 14/528/14 13/516/13
f 112/523/112 321/518/321 320/515/320
f 327/526/327 323/521/323 321/518/321
f 321/518/321 112/523/112 327/526/327
f 329/529/329 330/530/330 50/531/50
f 331/532/331 249/533/249 250/534/250
f 250/534/250 332/535/332 333/536/333
f 334/537/334 51/538/51 50/531/50
f 51/538/51 334/537/334 333/536/333
f 334/537/334 335/539/335 331/532/331
f 333/536/333 331/532/331 250/534/250
f 330/530/330 336/540/336 337/541/337
f 335/539/335 334/537/334 50/531/50
f 331/532/331 333/536/333 334/537/334
f 50/531/50 330/530/330 335/539/335
f 332/535/332 51/538/51 333/536/333
f 329/529/329 336/540/336 330/530/330
f 338/542/338 326/543/326 325/544/325
f 163/545/163 339/546/339 161/547/161
f 328/548/328 338/542/338 325/544/325
f 338/542/338 340/549/340 326/543/326
f 339/546/339 341/550/341 342/551/342
f 339/546/339 163/545/163 338/542/338
f 342/551/342 343/552/343 161/547/161
f 340/549/340 338/542/338 163/545/163
f 344/553/344 161/547/161 343/552/343
f 338/542/338 328/548/328 341/550/341
f 161/547/161 344/553/344 160/554/160
f 342/551/342 161/547/161 339/546/339
f 341/550/341 339/546/339 338/542/338
f 345/555/345 346/556/346 347/557/347
f 348/558/348 349/559/349 350/560/350
f 351/561/351 352/562/352 353/563/353
f 349/559/349 348/558/348 345/555/345
f 352/562/352 354/564/354 355/565/355
f 356/566/356 347/557/347 346/556/346
f 349/559/349 345/555/345 351/561/351
f 345/555/345 347/557/347 357/567/357
f 354/564/354 345/555/345 357/567/357
f 346/556/346 345/555/345 348/558/348
f 353/563/353 349/559/349 351/561/351
f 352/562/352 345/555/345 354/564/354
f 345/555/345 352/562/352 351/561/351
f 353/563/353 352/562/352 355/565/355
f 358/568/358 359/569/359 360/570/360
f 326/571/326 361/572/361 315/573/315
f 340/574/340 163/575/163 359/569/359
f 310/576/310 361/572/361 358/568/358
f 14/577/14 326/571/326 315/573/315
f 159/578/159 360/570/360 157/579/157
f 359/569/359 358/568/358 361/572/361
f 358/568/358 311/580/311 310/576/310
f 315/573/315 361/572/361 310/576/310
f 162/581/162 157/579/157 360/570/360
f 360/570/360 359/569/359 162/581/162
f 326/571/326 340/574/340 361/572/361
f 340/574/340 359/569/359 361/572/361
f 359/569/359 163/575/163 162/581/162
f 362/582/362 363/583/363 364/584/364
f 362/582/362 364/584/364 365/585/365
f 363/583/363 366/586/366 364/584/364
f 367/587/367 368/588/368 365/585/365
f 369/589/369 370/590/370 371/591/371
f 362/582/362 372/592/372 373/593/373
f 363/583/363 362/582/362 373/593/373
f 364/584/364 368/588/368 367/587/367
f 374/594/374 369/589/369 31/595/31
f 364/584/364 367/587/367 365/585/365
f 374/594/374 370/590/370 369/589/369
f 370/590/370 366/586/366 371/591/371
f 364/584/364 366/586/366 370/590/370
f 370/590/370 368/588/368 364/584/364
f 374/594/374 368/588/368 370/590/370
f 375/596/375 376/597/376 377/598/377
f 378/599/378 375/596/375 377/598/377
f 376/597/376 379/600/379 174/601/174
f 173/602/173 375/596/375 68/603/68
f 376/597/376 375/596/375 379/600/379
f 378/599/378 377/598/377 380/604/380
f 173/602/173 174/601/174 379/600/379
f 381/605/381 378/599/378 382/606/382
f 379/600/379 375/596/375 173/602/173
f 378/599/378 68/603/68 375/596/375
f 68/603/68 378/599/378 381/605/381
f 382/606/382 378/599/378 380/604/380
f 68/603/68 381/605/381 67/607/67
f 381/605/381 383/608/383 67/607/67
f 383/608/383 384/609/384 67/607/67
f 355/610/355 385/611/385 386/612/386
f 387/613/387 388/614/388 389/615/389
f 390/616/390 391/617/391 386/612/386
f 392/618/392 387/613/387 357/619/357
f 355/610/355 354/620/354 385/611/385
f 389/615/389 388/614/388 393/621/393
f 357/619/357 347/622/347 392/618/392
f 388/614/388 387/613/387 392/618/392
f 355/610/355 386/612/386 391/617/391
f 387/613/387 354/620/354 357/619/357
f 393/621/393 394/623/394 389/615/389
f 394/623/394 393/621/393 395/624/395
f 387/613/387 389/615/389 385/611/385
f 386/612/386 389/615/389 394/623/394
f 385/611/385 354/620/354 387/613/387
f 389/615/389 386/612/386 385/611/385
f 396/625/396 397/626/397 398/627/398
f 396/625/396 399/628/399 400/629/400
f 401/630/401 400/629/400 402/631/402
f 403/632/403 400/629/400 404/633/404
f 397/626/397 400/629/400 401/630/401
f 398/627/398 405/634/405 399/628/399
f 406/635/406 407/636/407 408/637/408
f 408/637/408 407/636/407 398/627/398
f 407/636/407 405/634/405 398/627/398
f 400/629/400 399/628/399 404/633/404
f 399/628/399 396/625/396 398/627/398
f 409/638/409 407/636/407 406/635/406
f 410/639/410 409/638/409 406/635/406
f 396/625/396 400/629/400 397/626/397
f 411/640/411 410/639/410 406/635/406
f 402/631/402 400/629/400 403/632/403
f 350/641/350 412/642/412 413/643/413
f 412/642/412 414/644/414 415/645/415
f 416/646/416 346/647/346 413/643/413
f 417/648/417 418/649/418 419/650/419
f 413/643/413 348/651/348 350/641/350
f 416/646/416 417/648/417 419/650/419
f 415/645/415 414/644/414 420/652/420
f 346/647/346 416/646/416 356/653/356
f 415/645/415 420/652/420 421/654/421
f 417/648/417 412/642/412 415/645/415
f 412/642/412 417/648/417 413/643/413
f 422/655/422 421/654/421 418/649/418
f 346/647/346 348/651/348 413/643/413
f 413/643/413 417/648/417 416/646/416
f 422/655/422 418/649/418 417/648/417
f 415/645/415 421/654/421 422/655/422
f 417/648/417 415/645/415 422/655/422
f 9/656/9 67/657/67 384/658/384
f 423/659/423 424/660/424 425/661/425
f 426/662/426 427/663/427 428/664/428
f 429/665/429 9/656/9 430/666/430
f 427/663/427 431/667/431 432/668/432
f 426/662/426 9/656/9 429/665/429
f 426/662/426 429/665/429 431/667/431
f 432/668/432 431/667/431 429/665/429
f 433/669/433 434/670/434 423/659/423
f 432/668/432 429/665/429 430/666/430
f 424/660/424 432/668/432 430/666/430
f 426/662/426 10/671/10 9/656/9
f 425/661/425 424/660/424 430/666/430
f 426/662/426 431/667/431 427/663/427
f 425/661/425 430/666/430 9/656/9
f 434/670/434 424/660/424 423/659/423
f 425/661/425 9/656/9 384/658/384
f 435/672/435 436/673/436 437/674/437
f 438/675/438 439/676/439 440/677/440
f 437/674/437 240/678/240 441/679/441
f 442/680/442 443/681/443 444/682/444
f 441/679/441 240/678/240 445/683/445
f 240/678/240 446/684/446 445/683/445
f 436/673/436 233/685/233 235/686/235
f 238/687/238 233/685/233 440/677/440
f 436/673/436 435/672/435 233/685/233
f 446/684/446 442/680/442 445/683/445
f 440/677/440 435/672/435 438/675/438
f 447/688/447 443/681/443 446/684/446
f 233/685/233 435/672/435 440/677/440
f 436/673/436 235/686/235 240/678/240
f 240/678/240 437/674/437 436/673/436
f 443/681/443 442/680/442 446/684/446
f 242/689/242 447/688/447 446/684/446
f 242/689/242 446/684/446 240/678/240
f 448/690/448 449/691/449 450/692/450
f 451/693/451 452/694/452 453/695/453
f 454/696/454 449/691/449 455/697/455
f 450/692/450 248/698/248 448/690/448
f 454/696/454 453/695/453 449/691/449
f 456/699/456 457/700/457 453/695/453
f 336/701/336 329/702/329 458/703/458
f 337/704/337 336/701/336 459/705/459
f 452/694/452 459/705/459 460/706/460
f 454/696/454 451/693/451 453/695/453
f 457/700/457 456/699/456 460/706/460
f 460/706/460 459/705/459 458/703/458
f 455/697/455 449/691/449 448/690/448
f 452/694/452 456/699/456 453/695/453
f 457/700/457 449/691/449 453/695/453
f 337/704/337 459/705/459 452/694/452
f 459/705/459 336/701/336 458/703/458
f 456/699/456 452/694/452 460/706/460
f 461/707/461 462/708/462 463/709/463
f 85/710/85 84/711/84 464/712/464
f 462/708/462 465/713/465 466/714/466
f 85/710/85 463/709/463 30/715/30
f 463/709/463 467/716/467 31/717/31
f 467/716/467 374/718/374 31/717/31
f 465/713/465 468/719/468 469/720/469
f 30/715/30 463/709/463 31/717/31
f 463/709/463 462/708/462 470/721/470
f 470/721/470 462/708/462 466/714/466
f 468/719/468 465/713/465 461/707/461
f 84/711/84 471/722/471 464/712/464
f 467/716/467 463/709/463 470/721/470
f 464/712/464 463/709/463 85/710/85
f 30/715/30 29/723/29 85/710/85
f 472/724/472 461/707/461 463/709/463
f 87/725/87 471/722/471 84/711/84
f 465/713/465 462/708/462 461/707/461
f 472/724/472 463/709/463 464/712/464
f 466/714/466 467/716/467 470/721/470
f 473/726/473 401/727/401 474/728/474
f 475/729/475 474/728/474 476/730/476
f 477/731/477 478/732/478 476/730/476
f 403/733/403 479/734/479 480/735/480
f 481/736/481 475/729/475 476/730/476
f 482/737/482 477/731/477 483/738/483
f 484/739/484 476/730/476 478/732/478
f 402/740/402 476/730/476 474/728/474
f 484/739/484 478/732/478 482/737/482
f 401/727/401 485/741/485 397/742/397
f 397/742/397 485/741/485 486/743/486
f 484/739/484 481/736/481 476/730/476
f 474/728/474 401/727/401 402/740/402
f 476/730/476 402/740/402 480/735/480
f 480/735/480 477/731/477 476/730/476
f 479/734/479 477/731/477 480/735/480
f 487/744/487 482/737/482 483/738/483
f 402/740/402 403/733/403 480/735/480
f 482/737/482 478/732/478 477/731/477
f 397/742/397 486/743/486 202/745/202
f 485/741/485 401/727/401 473/726/473
f 488/746/488 10/747/10 426/748/426
f 488/746/488 489/749/489 490/750/490
f 488/746/488 38/751/38 10/747/10
f 428/752/428 489/749/489 426/748/426
f 491/753/491 492/754/492 493/755/493
f 38/751/38 488/746/488 494/756/494
f 495/757/495 18/758/18 17/759/17
f 488/746/488 426/748/426 489/749/489
f 18/758/18 495/757/495 496/760/496
f 494/756/494 497/761/497 491/753/491
f 495/757/495 38/751/38 498/762/498
f 499/763/499 494/756/494 490/750/490
f 493/755/493 494/756/494 491/753/491
f 17/759/17 38/751/38 495/757/495
f 500/764/500 495/757/495 498/762/498
f 38/751/38 493/755/493 498/762/498
f 496/760/496 495/757/495 500/764/500
f 490/750/490 494/756/494 488/746/488
f 493/755/493 500/764/500 498/762/498
f 499/763/499 497/761/497 494/756/494
f 493/755/493 38/751/38 494/756/494
f 492/754/492 500/764/500 493/755/493
f 501/765/501 502/766/502 503/767/503
f 504/768/504 501/765/501 505/769/505
f 506/770/506 507/771/507 508/772/508
f 509/773/509 510/774/510 511/775/511
f 504/768/504 512/776/512 511/775/511
f 511/775/511 510/774/510 513/777/513
f 511/775/511 513/777/513 504/768/504
f 514/778/514 504/768/504 505/769/505
f 515/779/515 505/769/505 501/765/501
f 510/774/510 516/780/516 503/767/503
f 516/780/516 507/771/507 506/770/506
f 504/768/504 514/778/514 517/781/517
f 513/777/513 502/766/502 501/765/501
f 502/766/502 510/774/510 503/767/503
f 503/767/503 516/780/516 506/770/506
f 518/782/518 508/772/508 507/771/507
f 502/766/502 513/777/513 510/774/510
f 513/777/513 501/765/501 504/768/504
f 518/782/518 304/783/304 508/772/508
f 507/771/507 516/780/516 509/773/509
f 304/783/304 519/784/519 508/772/508
f 517/781/517 512/776/512 504/768/504
f 516/780/516 510/774/510 509/773/509
f 274/785/274 197/786/197 196/787/196
f 520/788/520 521/789/521 522/790/522
f 196/787/196 523/791/523 274/785/274
f 521/789/521 520/788/520 524/792/524
f 522/790/522 521/789/521 525/793/525
f 526/794/526 527/795/527 523/791/523
f 520/788/520 527/795/527 524/792/524
f 522/790/522 527/795/527 520/788/520
f 528/796/528 526/794/526 523/791/523
f 527/795/527 529/797/529 523/791/523
f 524/792/524 526/794/526 528/796/528
f 529/797/529 274/785/274 523/791/523
f 528/796/528 523/791/523 198/798/198
f 279/799/279 522/790/522 530/800/530
f 531/801/531 522/790/522 525/793/525
f 530/800/530 277/802/277 279/799/279
f 526/794/526 524/792/524 527/795/527
f 274/785/274 529/797/529 279/799/279
f 530/800/530 522/790/522 531/801/531
f 198/798/198 523/791/523 196/787/196
f 531/801/531 525/793/525 532/803/532
f 527/795/527 522/790/522 529/797/529
f 522/790/522 279/799/279 529/797/529
f 533/804/533 534/805/534 535/806/535
f 536/807/536 537/808/537 538/809/538
f 533/804/533 539/810/539 534/805/534
f 540/811/540 541/812/541 252/813/252
f 535/806/535 538/809/538 542/814/542
f 540/811/540 543/815/543 541/812/541
f 544/816/544 540/811/540 252/813/252
f 545/817/545 542/814/542 537/808/537
f 323/818/323 546/819/546 321/820/321
f 539/810/539 546/819/546 323/818/323
f 539/810/539 323/818/323 322/821/322
f 545/817/545 252/813/252 541/812/541
f 247/822/247 547/823/547 252/813/252
f 548/824/548 536/807/536 534/805/534
f 545/817/545 541/812/541 542/814/542
f 543/815/543 540/811/540 544/816/544
f 535/806/535 542/814/542 543/815/543
f 252/813/252 547/823/547 544/816/544
f 542/814/542 538/809/538 537/808/537
f 543/815/543 542/814/542 541/812/541
f 539/810/539 322/821/322 534/805/534
f 536/807/536 538/809/538 534/805/534
f 548/824/548 534/805/534 322/821/322
f 534/805/534 538/809/538 535/806/535
f 549/825/549 550/826/550 551/827/551
f 552/828/552 553/829/553 554/830/554
f 129/831/129 555/832/555 130/833/130
f 178/834/178 552/828/552 556/835/556
f 551/827/551 557/836/557 558/837/558
f 559/838/559 130/833/130 555/832/555
f 556/835/556 552/828/552 554/830/554
f 557/836/557 551/827/551 560/839/560
f 561/840/561 562/841/562 563/842/563
f 564/843/564 556/835/556 554/830/554
f 561/840/561 550/826/550 562/841/562
f 555/832/555 556/835/556 564/843/564
f 560/839/560 551/827/551 553/829/553
f 551/827/551 550/826/550 565/844/565
f 553/829/553 551/827/551 554/830/554
f 178/834/178 556/835/556 129/831/129
f 554/830/554 551/827/551 565/844/565
f 129/831/129 556/835/556 555/832/555
f 562/841/562 549/825/549 558/837/558
f 549/825/549 551/827/551 558/837/558
f 555/832/555 564/843/564 559/838/559
f 559/838/559 128/845/128 130/833/130
f 562/841/562 550/826/550 549/825/549
f 565/844/565 564/843/564 554/830/554
f 566/846/566 567/847/567 568/848/568
f 569/849/569 382/850/382 380/851/380
f 570/852/570 440/853/440 439/854/439
f 571/855/571 572/856/572 568/848/568
f 572/856/572 573/857/573 574/858/574
f 382/850/382 575/859/575 576/860/576
f 570/852/570 238/861/238 440/853/440
f 577/862/577 578/863/578 576/860/576
f 238/861/238 570/852/570 579/864/579
f 580/865/580 581/866/581 582/867/582
f 580/865/580 579/864/579 570/852/570
f 581/866/581 578/863/578 566/846/566
f 573/857/573 572/856/572 583/868/583
f 582/867/582 574/858/574 579/864/579
f 576/860/576 575/859/575 577/862/577
f 583/868/583 572/856/572 571/855/571
f 567/847/567 578/863/578 577/862/577
f 576/860/576 578/863/578 581/866/581
f 575/859/575 382/850/382 569/849/569
f 566/846/566 582/867/582 581/866/581
f 566/846/566 578/863/578 567/847/567
f 566/846/566 568/848/568 572/856/572
f 582/867/582 579/864/579 580/865/580
f 566/846/566 572/856/572 582/867/582
f 572/856/572 574/858/574 582/867/582
f 584/869/584 585/870/585 586/871/586
f 587/872/587 586/871/586 585/870/585
f 588/873/588 589/874/589 590/875/590
f 591/876/591 592/877/592 156/878/156
f 586/871/586 589/874/589 593/879/593
f 586/871/586 594/880/594 584/869/584
f 589/874/589 586/871/586 595/881/595
f 591/876/591 596/882/596 597/883/597
f 585/870/585 598/884/598 587/872/587
f 590/875/590 589/874/589 596/882/596
f 596/882/596 589/874/589 599/885/599
f 590/875/590 596/882/596 591/876/591
f 600/886/600 586/871/586 587/872/587
f 597/883/597 599/885/599 595/881/595
f 595/881/595 599/885/599 589/874/589
f 593/879/593 594/880/594 586/871/586
f 590/875/590 156/878/156 588/873/588
f 600/886/600 595/881/595 586/871/586
f 589/874/589 601/887/601 593/879/593
f 596/882/596 599/885/599 597/883/597
f 591/876/591 156/878/156 590/875/590
f 602/888/602 597/883/597 595/881/595
f 601/887/601 589/874/589 588/873/588
f 588/873/588 156/878/156 155/889/155
f 594/880/594 593/879/593 601/887/601
f 603/890/603 604/891/604 605/892/605
f 606/893/606 607/894/607 608/895/608
f 606/893/606 609/896/609 604/891/604
f 603/890/603 607/894/607 604/891/604
f 610/897/610 611/898/611 612/899/612
f 613/900/613 269/901/269 612/899/612
f 269/901/269 268/902/268 610/897/610
f 603/890/603 614/903/614 615/904/615
f 608/895/608 615/904/615 616/905/616
f 615/904/615 607/894/607 603/890/603
f 607/894/607 606/893/606 604/891/604
f 617/906/617 610/897/610 268/902/268
f 611/898/611 609/896/609 606/893/606
f 267/907/267 617/906/617 268/902/268
f 603/890/603 514/908/514 614/903/614
f 611/898/611 610/897/610 618/909/618
f 514/908/514 605/892/605 619/910/619
f 613/900/613 612/899/612 608/895/608
f 616/905/616 613/900/613 608/895/608
f 615/904/615 608/895/608 607/894/607
f 269/901/269 610/897/610 612/899/612
f 617/906/617 618/909/618 610/897/610
f 514/908/514 603/890/603 605/892/605
f 608/895/608 612/899/612 606/893/606
f 619/910/619 517/911/517 514/908/514
f 606/893/606 612/899/612 611/898/611
f 620/912/620 193/913/193 192/914/192
f 621/915/621 622/916/622 623/917/623
f 624/918/624 625/919/625 524/920/524
f 626/921/626 623/917/623 627/922/627
f 621/915/621 623/917/623 626/921/626
f 626/921/626 620/912/620 621/915/621
f 628/923/628 620/912/620 191/924/191
f 627/922/627 629/925/629 626/921/626
f 627/922/627 630/926/630 629/925/629
f 629/925/629 630/926/630 198/927/198
f 198/927/198 630/926/630 528/928/528
f 621/915/621 620/912/620 628/923/628
f 625/919/625 624/918/624 630/926/630
f 631/929/631 623/917/623 632/930/632
f 191/924/191 620/912/620 192/914/192
f 632/930/632 623/917/623 622/916/622
f 193/913/193 629/925/629 198/927/198
f 528/928/528 630/926/630 624/918/624
f 631/929/631 630/926/630 627/922/627
f 521/931/521 524/920/524 625/919/625
f 524/920/524 528/928/528 624/918/624
f 626/921/626 193/913/193 620/912/620
f 630/926/630 631/929/631 625/919/625
f 193/913/193 626/921/626 629/925/629
f 627/922/627 623/917/623 631/929/631
f 632/930/632 625/919/625 631/929/631
f 633/932/633 634/933/634 635/934/635
f 636/935/636 131/936/131 133/937/133
f 637/938/637 149/939/149 638/940/638
f 634/933/634 633/932/633 77/941/77
f 639/942/639 637/938/637 134/943/134
f 142/944/142 640/945/640 143/946/143
f 641/947/641 640/945/640 148/948/148
f 148/948/148 640/945/640 638/940/638
f 634/933/634 77/941/77 641/947/641
f 636/935/636 642/949/642 643/950/643
f 149/939/149 148/948/148 638/940/638
f 642/949/642 636/935/636 133/937/133
f 636/935/636 644/951/644 639/942/639
f 637/938/637 644/951/644 149/939/149
f 640/945/640 641/947/641 79/952/79
f 644/951/644 637/938/637 639/942/639
f 131/936/131 636/935/636 134/943/134
f 640/945/640 142/944/142 637/938/637
f 143/946/143 640/945/640 79/952/79
f 638/940/638 640/945/640 637/938/637
f 79/952/79 641/947/641 77/941/77
f 78/953/78 77/941/77 633/932/633
f 641/947/641 148/948/148 634/933/634
f 643/950/643 644/951/644 636/935/636
f 134/943/134 636/935/636 639/942/639
f 142/944/142 134/943/134 637/938/637
f 645/954/645 507/955/507 509/956/509
f 646/957/646 647/958/647 648/959/648
f 649/960/649 650/961/650 651/962/651
f 652/963/652 653/964/653 654/965/654
f 655/966/655 652/963/652 507/955/507
f 507/955/507 652/963/652 518/967/518
f 650/961/650 654/965/654 646/957/646
f 649/960/649 305/968/305 307/969/307
f 651/962/651 648/959/648 647/958/647
f 652/963/652 303/970/303 304/971/304
f 656/972/656 651/962/651 647/958/647
f 307/969/307 650/961/650 649/960/649
f 307/969/307 303/970/303 650/961/650
f 507/955/507 645/954/645 655/966/655
f 650/961/650 303/970/303 654/965/654
f 649/960/649 657/973/657 305/968/305
f 651/962/651 656/972/656 649/960/649
f 653/964/653 647/958/647 654/965/654
f 654/965/654 647/958/647 646/957/646
f 305/968/305 657/973/657 658/974/658
f 655/966/655 653/964/653 652/963/652
f 659/975/659 658/974/658 657/973/657
f 652/963/652 304/971/304 518/967/518
f 657/973/657 649/960/649 656/972/656
f 646/957/646 651/962/651 650/961/650
f 652/963/652 654/965/654 303/970/303
f 651/962/651 646/957/646 648/959/648
f 660/976/660 661/977/661 662/978/662
f 663/979/663 664/980/664 665/981/665
f 666/982/666 667/983/667 661/977/661
f 668/984/668 664/980/664 669/985/669
f 670/986/670 667/983/667 666/982/666
f 671/987/671 672/988/672 259/989/259
f 258/990/258 219/991/219 218/992/218
f 665/981/665 664/980/664 668/984/668
f 258/990/258 221/993/221 219/991/219
f 259/989/259 258/990/258 671/987/671
f 671/987/671 218/992/218 660/976/660
f 667/983/667 664/980/664 663/979/663
f 226/994/226 664/980/664 223/995/223
f 673/996/673 663/979/663 665/981/665
f 258/990/258 218/992/218 671/987/671
f 661/977/661 217/997/217 666/982/666
f 673/996/673 662/978/662 663/979/663
f 661/977/661 660/976/660 218/992/218
f 259/989/259 672/988/672 255/998/255
f 218/992/218 217/997/217 661/977/661
f 662/978/662 661/977/661 663/979/663
f 223/995/223 666/982/666 217/997/217
f 670/986/670 666/982/666 223/995/223
f 667/983/667 670/986/670 664/980/664
f 667/983/667 663/979/663 661/977/661
f 669/985/669 664/980/664 226/994/226
f 223/995/223 664/980/664 670/986/670
f 674/999/674 675/1000/675 676/1001/676
f 677/1002/677 678/1003/678 679/1004/679
f 676/1001/676 680/1005/680 681/1006/681
f 682/1007/682 683/1008/683 684/1009/684
f 680/1005/680 684/1009/684 685/1010/685
f 686/1011/686 685/1010/685 687/1012/687
f 680/1005/680 676/1001/676 675/1000/675
f 680/1005/680 675/1000/675 682/1007/682
f 676/1001/676 681/1006/681 688/1013/688
f 687/1012/687 689/1014/689 686/1011/686
f 681/1006/681 680/1005/680 685/1010/685
f 690/1015/690 686/1011/686 689/1014/689
f 688/1013/688 681/1006/681 686/1011/686
f 686/1011/686 691/1016/691 688/1013/688
f 691/1016/691 686/1011/686 690/1015/690
f 687/1012/687 685/1010/685 692/1017/692
f 684/1009/684 680/1005/680 682/1007/682
f 692/1017/692 685/1010/685 684/1009/684
f 692/1017/692 684/1009/684 683/1008/683
f 688/1013/688 678/1003/678 676/1001/676
f 674/999/674 677/1002/677 693/1018/693
f 679/1004/679 694/1019/694 693/1018/693
f 677/1002/677 676/1001/676 678/1003/678
f 685/1010/685 686/1011/686 681/1006/681
f 674/999/674 676/1001/676 677/1002/677
f 677/1002/677 679/1004/679 693/1018/693
f 695/1020/695 694/1019/694 679/1004/679
f 696/1021/696 697/1022/697 698/1023/698
f 87/1024/87 699/1025/699 700/1026/700
f 696/1021/696 701/1027/701 702/1028/702
f 372/1029/372 703/1030/703 700/1026/700
f 702/1028/702 700/1026/700 704/1031/704
f 705/1032/705 706/1033/706 707/1034/707
f 362/1035/362 365/1036/365 697/1022/697
f 703/1030/703 697/1022/697 704/1031/704
f 471/1037/471 701/1027/701 708/1038/708
f 362/1035/362 703/1030/703 372/1029/372
f 700/1026/700 699/1025/699 372/1029/372
f 697/1022/697 703/1030/703 362/1035/362
f 698/1023/698 709/1039/709 696/1021/696
f 87/1024/87 700/1026/700 702/1028/702
f 704/1031/704 700/1026/700 703/1030/703
f 702/1028/702 471/1037/471 87/1024/87
f 696/1021/696 704/1031/704 697/1022/697
f 696/1021/696 702/1028/702 704/1031/704
f 701/1027/701 471/1037/471 702/1028/702
f 471/1037/471 708/1038/708 464/1040/464
f 701/1027/701 696/1021/696 707/1034/707
f 708/1038/708 701/1027/701 710/1041/710
f 696/1021/696 709/1039/709 705/1032/705
f 701/1027/701 707/1034/707 710/1041/710
f 707/1034/707 696/1021/696 705/1032/705
f 710/1041/710 711/1042/711 708/1038/708
f 711/1042/711 710/1041/710 707/1034/707
f 712/1043/712 713/1044/713 714/1045/714
f 277/1046/277 530/1047/530 714/1045/714
f 713/1044/713 715/1048/715 716/1049/716
f 717/1050/717 718/1051/718 719/1052/719
f 719/1052/719 190/1053/190 195/1054/195
f 719/1052/719 718/1051/718 720/1055/720
f 275/1056/275 278/1057/278 717/1050/717
f 714/1045/714 713/1044/713 277/1046/277
f 532/1058/532 714/1045/714 531/1059/531
f 721/1060/721 715/1048/715 722/1061/722
f 277/1046/277 716/1049/716 278/1057/278
f 723/1062/723 713/1044/713 712/1043/712
f 195/1054/195 275/1056/275 717/1050/717
f 718/1051/718 716/1049/716 715/1048/715
f 720/1055/720 191/1063/191 190/1053/190
f 714/1045/714 530/1047/530 531/1059/531
f 715/1048/715 721/1060/721 720/1055/720
f 723/1062/723 722/1061/722 715/1048/715
f 720/1055/720 721/1060/721 191/1063/191
f 714/1045/714 532/1058/532 712/1043/712
f 718/1051/718 717/1050/717 278/1057/278
f 720/1055/720 190/1053/190 719/1052/719
f 716/1049/716 718/1051/718 278/1057/278
f 715/1048/715 713/1044/713 723/1062/723
f 716/1049/716 277/1046/277 713/1044/713
f 720/1055/720 718/1051/718 715/1048/715
f 717/1050/717 719/1052/719 195/1054/195
f 252/1064/252 545/1065/545 724/1066/724
f 545/1065/545 537/1067/537 725/1068/725
f 244/1069/244 251/1070/251 726/1071/726
f 342/1072/342 727/1073/727 343/1074/343
f 724/1066/724 726/1071/726 251/1070/251
f 728/1075/728 536/1076/536 729/1077/729
f 727/1073/727 726/1071/726 725/1068/725
f 328/1078/328 51/1079/51 332/1080/332
f 730/1081/730 727/1073/727 725/1068/725
f 250/1082/250 244/1069/244 731/1083/731
f 727/1073/727 730/1081/730 343/1074/343
f 725/1068/725 724/1066/724 545/1065/545
f 537/1067/537 728/1075/728 730/1081/730
f 251/1070/251 252/1064/252 724/1066/724
f 51/1079/51 328/1078/328 49/1084/49
f 727/1073/727 244/1069/244 726/1071/726
f 328/1078/328 332/1080/332 341/1085/341
f 724/1066/724 725/1068/725 726/1071/726
f 731/1083/731 727/1073/727 342/1072/342
f 731/1083/731 341/1085/341 250/1082/250
f 731/1083/731 244/1069/244 727/1073/727
f 341/1085/341 731/1083/731 342/1072/342
f 341/1085/341 332/1080/332 250/1082/250
f 729/1077/729 730/1081/730 728/1075/728
f 730/1081/730 729/1077/729 343/1074/343
f 536/1076/536 728/1075/728 537/1067/537
f 537/1067/537 730/1081/730 725/1068/725
f 411/1086/411 732/1087/732 733/1088/733
f 409/1089/409 410/1090/410 734/1091/734
f 735/1092/735 482/1093/482 487/1094/487
f 736/1095/736 203/1096/203 737/1097/737
f 733/1088/733 732/1087/732 738/1098/738
f 739/1099/739 736/1095/736 737/1097/737
f 734/1091/734 411/1086/411 740/1100/740
f 735/1092/735 739/1099/739 741/1101/741
f 203/1096/203 205/1102/205 737/1097/737
f 733/1088/733 742/1103/742 740/1100/740
f 206/1104/206 288/1105/288 743/1106/743
f 744/1107/744 741/1101/741 737/1097/737
f 743/1106/743 205/1102/205 206/1104/206
f 482/1093/482 735/1092/735 741/1101/741
f 743/1106/743 745/1108/745 744/1107/744
f 737/1097/737 741/1101/741 739/1099/739
f 205/1102/205 743/1106/743 744/1107/744
f 733/1088/733 487/1094/487 742/1103/742
f 736/1095/736 739/1099/739 738/1098/738
f 484/1109/484 482/1093/482 741/1101/741
f 733/1088/733 739/1099/739 735/1092/735
f 411/1086/411 734/1091/734 410/1090/410
f 742/1103/742 487/1094/487 746/1110/746
f 744/1107/744 737/1097/737 205/1102/205
f 411/1086/411 733/1088/733 740/1100/740
f 733/1088/733 735/1092/735 487/1094/487
f 745/1108/745 743/1106/743 288/1105/288
f 739/1099/739 733/1088/733 738/1098/738
f 747/1111/747 748/1112/748 749/1113/749
f 750/1114/750 751/1115/751 752/1116/752
f 753/1117/753 751/1115/751 754/1118/754
f 754/1118/754 755/1119/755 753/1117/753
f 756/1120/756 750/1114/750 757/1121/757
f 757/1121/757 758/1122/758 759/1123/759
f 760/1124/760 754/1118/754 751/1115/751
f 753/1117/753 755/1119/755 752/1116/752
f 761/1125/761 762/1126/762 763/1127/763
f 754/1118/754 760/1124/760 761/1125/761
f 760/1124/760 751/1115/751 756/1120/756
f 748/1112/748 747/1111/747 764/1128/764
f 764/1128/764 747/1111/747 765/1129/765
f 762/1126/762 766/1130/766 763/1127/763
f 765/1129/765 747/1111/747 767/1131/767
f 753/1117/753 752/1116/752 751/1115/751
f 761/1125/761 763/1127/763 768/1132/768
f 769/1133/769 755/1119/755 770/1134/770
f 761/1125/761 760/1124/760 762/1126/762
f 757/1121/757 750/1114/750 758/1122/758
f 768/1132/768 771/1135/771 770/1134/770
f 769/1133/769 770/1134/770 771/1135/771
f 769/1133/769 772/1136/772 755/1119/755
f 755/1119/755 754/1118/754 770/1134/770
f 772/1136/772 748/1112/748 755/1119/755
f 748/1112/748 772/1136/772 749/1113/749
f 768/1132/768 770/1134/770 754/1118/754
f 750/1114/750 756/1120/756 751/1115/751
f 768/1132/768 754/1118/754 761/1125/761
f 773/1137/773 774/1138/774 775/1139/775
f 776/1140/776 774/1138/774 773/1137/773
f 777/1141/777 775/1139/775 774/1138/774
f 774/1138/774 776/1140/776 777/1141/777
f 778/1142/778 779/1143/779 780/1144/780
f 683/1145/683 781/1146/781 692/1147/692
f 782/1148/782 783/1149/783 784/1150/784
f 777/1141/777 784/1150/784 783/1149/783
f 778/1142/778 780/1144/780 783/1149/783
f 785/1151/785 786/1152/786 787/1153/787
f 779/1143/779 778/1142/778 785/1151/785
f 783/1149/783 782/1148/782 778/1142/778
f 785/1151/785 778/1142/778 782/1148/782
f 776/1140/776 784/1150/784 777/1141/777
f 787/1153/787 779/1143/779 785/1151/785
f 784/1150/784 788/1154/788 782/1148/782
f 784/1150/784 776/1140/776 788/1154/788
f 782/1148/782 788/1154/788 785/1151/785
f 785/1151/785 781/1146/781 786/1152/786
f 692/1147/692 785/1151/785 788/1154/788
f 687/1155/687 692/1147/692 788/1154/788
f 776/1140/776 789/1156/789 788/1154/788
f 689/1157/689 788/1154/788 690/1158/690
f 786/1152/786 781/1146/781 683/1145/683
f 788/1154/788 789/1156/789 690/1158/690
f 692/1147/692 781/1146/781 785/1151/785
f 689/1157/689 687/1155/687 788/1154/788
f 683/1145/683 790/1159/790 786/1152/786
f 790/1159/790 791/1160/791 792/1161/792
f 791/1160/791 790/1159/790 683/1145/683
f 793/1162/793 573/1163/573 794/1164/794
f 795/1165/795 241/1166/241 238/1167/238
f 796/1168/796 797/1169/797 798/1170/798
f 799/1171/799 797/1169/797 800/1172/800
f 794/1164/794 798/1170/798 799/1171/799
f 801/1173/801 574/1174/574 793/1162/793
f 800/1172/800 793/1162/793 799/1171/799
f 802/1175/802 316/1176/316 795/1165/795
f 316/1176/316 241/1166/241 795/1165/795
f 793/1162/793 574/1174/574 573/1163/573
f 799/1171/799 793/1162/793 794/1164/794
f 796/1168/796 803/1177/803 804/1178/804
f 804/1178/804 797/1169/797 796/1168/796
f 797/1169/797 799/1171/799 798/1170/798
f 573/1163/573 798/1170/798 794/1164/794
f 800/1172/800 801/1173/801 793/1162/793
f 801/1173/801 579/1179/579 574/1174/574
f 573/1163/573 805/1180/805 798/1170/798
f 806/1181/806 797/1169/797 804/1178/804
f 800/1172/800 806/1181/806 807/1182/807
f 801/1173/801 800/1172/800 802/1175/802
f 583/1183/583 805/1180/805 573/1163/573
f 800/1172/800 807/1182/807 802/1175/802
f 579/1179/579 795/1165/795 238/1167/238
f 798/1170/798 805/1180/805 796/1168/796
f 805/1180/805 803/1177/803 796/1168/796
f 806/1181/806 804/1178/804 807/1182/807
f 579/1179/579 801/1173/801 795/1165/795
f 801/1173/801 802/1175/802 795/1165/795
f 806/1181/806 800/1172/800 797/1169/797
f 808/1184/808 698/1185/698 697/1186/697
f 809/1187/809 810/1188/810 709/1189/709
f 809/1187/809 465/1190/465 811/1191/811
f 812/1192/812 813/1193/813 808/1184/808
f 814/1194/814 706/1195/706 705/1196/705
f 809/1187/809 709/1189/709 813/1193/813
f 813/1193/813 709/1189/709 698/1185/698
f 812/1192/812 466/1197/466 813/1193/813
f 368/1198/368 812/1192/812 808/1184/808
f 809/1187/809 813/1193/813 466/1197/466
f 810/1188/810 809/1187/809 811/1191/811
f 808/1184/808 813/1193/813 698/1185/698
f 466/1197/466 465/1190/465 809/1187/809
f 810/1188/810 811/1191/811 815/1199/815
f 465/1190/465 815/1199/815 811/1191/811
f 709/1189/709 810/1188/810 814/1194/814
f 368/1198/368 808/1184/808 365/1200/365
f 816/1201/816 814/1194/814 810/1188/810
f 465/1190/465 469/1202/469 815/1199/815
f 469/1202/469 817/1203/817 815/1199/815
f 816/1201/816 810/1188/810 815/1199/815
f 709/1189/709 814/1194/814 705/1196/705
f 814/1194/814 818/1204/818 706/1195/706
f 815/1199/815 817/1203/817 816/1201/816
f 814/1194/814 816/1201/816 818/1204/818
f 812/1192/812 374/1205/374 819/1206/819
f 812/1192/812 819/1206/819 466/1197/466
f 808/1184/808 697/1186/697 365/1200/365
f 467/1207/467 466/1197/466 819/1206/819
f 374/1205/374 812/1192/812 368/1198/368
f 374/1205/374 467/1207/467 819/1206/819
f 820/1208/820 821/1209/821 822/1210/822
f 823/1211/823 824/1212/824 291/1213/291
f 296/1214/296 291/1213/291 821/1209/821
f 825/1215/825 826/1216/826 827/1217/827
f 297/1218/297 828/1219/828 825/1215/825
f 822/1210/822 291/1213/291 824/1212/824
f 156/1220/156 592/1221/592 153/1222/153
f 297/1218/297 153/1222/153 828/1219/828
f 823/1211/823 291/1213/291 829/1223/829
f 821/1209/821 830/1224/830 296/1214/296
f 153/1222/153 592/1221/592 828/1219/828
f 823/1211/823 829/1223/829 827/1217/827
f 826/1216/826 823/1211/823 827/1217/827
f 831/1225/831 832/1226/832 830/1224/830
f 824/1212/824 833/1227/833 822/1210/822
f 831/1225/831 830/1224/830 821/1209/821
f 829/1223/829 834/1228/834 827/1217/827
f 291/1213/291 822/1210/822 821/1209/821
f 820/1208/820 822/1210/822 833/1227/833
f 824/1212/824 823/1211/823 835/1229/835
f 296/1214/296 830/1224/830 832/1226/832
f 297/1218/297 825/1215/825 834/1228/834
f 835/1229/835 823/1211/823 826/1216/826
f 820/1208/820 831/1225/831 821/1209/821
f 291/1213/291 298/1230/298 829/1223/829
f 298/1230/298 297/1218/297 834/1228/834
f 825/1215/825 836/1231/836 826/1216/826
f 834/1228/834 829/1223/829 298/1230/298
f 836/1231/836 835/1229/835 826/1216/826
f 825/1215/825 827/1217/827 834/1228/834
f 835/1229/835 837/1232/837 824/1212/824
f 837/1232/837 833/1227/833 824/1212/824
f 838/1233/838 839/1234/839 840/1235/840
f 841/1236/841 842/1237/842 843/1238/843
f 844/1239/844 845/1240/845 838/1233/838
f 845/1240/845 846/1241/846 847/1242/847
f 848/1243/848 849/1244/849 850/1245/850
f 840/1235/840 213/1246/213 838/1233/838
f 213/1246/213 840/1235/840 851/1247/851
f 54/1248/54 852/1249/852 216/1250/216
f 844/1239/844 853/1251/853 854/1252/854
f 839/1234/839 855/1253/855 840/1235/840
f 852/1249/852 853/1251/853 844/1239/844
f 213/1246/213 216/1250/216 838/1233/838
f 852/1249/852 856/1254/856 853/1251/853
f 850/1245/850 849/1244/849 844/1239/844
f 847/1242/847 839/1234/839 838/1233/838
f 849/1244/849 846/1241/846 845/1240/845
f 847/1242/847 838/1233/838 845/1240/845
f 857/1255/857 850/1245/850 854/1252/854
f 848/1243/848 846/1241/846 849/1244/849
f 858/1256/858 842/1237/842 840/1235/840
f 851/1247/851 840/1235/840 842/1237/842
f 854/1252/854 850/1245/850 844/1239/844
f 845/1240/845 844/1239/844 849/1244/849
f 855/1253/855 858/1256/858 840/1235/840
f 859/1257/859 839/1234/839 847/1242/847
f 852/1249/852 838/1233/838 216/1250/216
f 846/1241/846 859/1257/859 847/1242/847
f 843/1238/843 860/1258/860 841/1236/841
f 848/1243/848 859/1257/859 846/1241/846
f 852/1249/852 54/1248/54 53/1259/53
f 856/1254/856 852/1249/852 53/1259/53
f 842/1237/842 841/1236/841 851/1247/851
f 838/1233/838 852/1249/852 844/1239/844
f 861/1260/861 862/1261/862 863/1262/863
f 414/1263/414 864/1264/864 865/1265/865
f 414/1263/414 412/1266/412 864/1264/864
f 864/1264/864 862/1261/862 865/1265/865
f 863/1262/863 864/1264/864 866/1267/866
f 867/1268/867 861/1260/861 868/1269/868
f 866/1267/866 350/1270/350 349/1271/349
f 867/1268/867 862/1261/862 861/1260/861
f 862/1261/862 867/1268/867 865/1265/865
f 863/1262/863 869/1272/869 870/1273/870
f 871/1274/871 868/1269/868 861/1260/861
f 863/1262/863 870/1273/870 861/1260/861
f 872/1275/872 873/1276/873 874/1277/874
f 872/1275/872 874/1277/874 867/1268/867
f 867/1268/867 874/1277/874 865/1265/865
f 865/1265/865 874/1277/874 414/1263/414
f 864/1264/864 412/1266/412 350/1270/350
f 867/1268/867 868/1269/868 872/1275/872
f 869/1272/869 349/1271/349 353/1278/353
f 866/1267/866 864/1264/864 350/1270/350
f 875/1279/875 876/1280/876 877/1281/877
f 349/1271/349 863/1262/863 866/1267/866
f 878/1282/878 879/1283/879 880/1284/880
f 873/1276/873 879/1283/879 874/1277/874
f 877/1281/877 868/1269/868 871/1274/871
f 869/1272/869 863/1262/863 349/1271/349
f 414/1263/414 879/1283/879 878/1282/878
f 874/1277/874 879/1283/879 414/1263/414
f 420/1285/420 414/1263/414 878/1282/878
f 877/1281/877 871/1274/871 875/1279/875
f 864/1264/864 863/1262/863 862/1261/862
f 881/1286/881 877/1281/877 876/1280/876
f 868/1269/868 881/1286/881 872/1275/872
f 877/1281/877 881/1286/881 868/1269/868
f 535/1287/535 882/1288/882 883/1289/883
f 544/1290/544 882/1288/882 543/1291/543
f 884/1292/884 885/1293/885 883/1289/883
f 886/1294/886 883/1289/883 882/1288/882
f 887/1295/887 457/1296/457 888/1297/888
f 884/1292/884 883/1289/883 887/1295/887
f 883/1289/883 533/1298/533 535/1287/535
f 887/1295/887 888/1297/888 884/1292/884
f 889/1299/889 458/1300/458 890/1301/890
f 883/1289/883 886/1294/886 887/1295/887
f 458/1300/458 888/1297/888 460/1302/460
f 890/1301/890 50/1303/50 321/1304/321
f 890/1301/890 546/1305/546 889/1299/889
f 885/1293/885 889/1299/889 546/1305/546
f 533/1298/533 885/1293/885 539/1306/539
f 888/1297/888 457/1296/457 460/1302/460
f 882/1288/882 449/1307/449 886/1294/886
f 885/1293/885 884/1292/884 889/1299/889
f 457/1296/457 887/1295/887 886/1294/886
f 321/1304/321 546/1305/546 890/1301/890
f 889/1299/889 888/1297/888 458/1300/458
f 49/1308/49 321/1304/321 50/1303/50
f 450/1309/450 449/1307/449 882/1288/882
f 884/1292/884 888/1297/888 889/1299/889
f 890/1301/890 458/1300/458 329/1310/329
f 886/1294/886 449/1307/449 457/1296/457
f 890/1301/890 329/1310/329 50/1303/50
f 885/1293/885 546/1305/546 539/1306/539
f 450/1309/450 882/1288/882 544/1290/544
f 535/1287/535 543/1291/543 882/1288/882
f 247/1311/247 248/1312/248 450/1309/450
f 533/1298/533 883/1289/883 885/1293/885
f 547/1313/547 450/1309/450 544/1290/544
f 450/1309/450 547/1313/547 247/1311/247
f 744/1314/744 891/1315/891 892/1316/892
f 893/1317/893 894/1318/894 895/1319/895
f 896/1320/896 897/1321/897 898/1322/898
f 895/1319/895 899/1323/899 900/1324/900
f 745/1325/745 894/1318/894 891/1315/891
f 745/1325/745 284/1326/284 901/1327/901
f 897/1321/897 902/1328/902 899/1323/899
f 898/1322/898 286/1329/286 896/1320/896
f 898/1322/898 895/1319/895 901/1327/901
f 891/1315/891 894/1318/894 893/1317/893
f 288/1330/288 284/1326/284 745/1325/745
f 903/1331/903 136/1332/136 904/1333/904
f 899/1323/899 905/1334/905 900/1324/900
f 891/1315/891 744/1314/744 745/1325/745
f 900/1324/900 905/1334/905 906/1335/906
f 901/1327/901 284/1326/284 898/1322/898
f 904/1333/904 906/1335/906 905/1334/905
f 284/1326/284 286/1329/286 898/1322/898
f 904/1333/904 905/1334/905 899/1323/899
f 904/1333/904 902/1328/902 903/1331/903
f 893/1317/893 475/1336/475 891/1315/891
f 897/1321/897 899/1323/899 898/1322/898
f 893/1317/893 900/1324/900 906/1335/906
f 898/1322/898 899/1323/899 895/1319/895
f 899/1323/899 902/1328/902 904/1333/904
f 895/1319/895 894/1318/894 901/1327/901
f 475/1336/475 893/1317/893 907/1337/907
f 475/1336/475 892/1316/892 891/1315/891
f 893/1317/893 895/1319/895 900/1324/900
f 481/1338/481 484/1339/484 892/1316/892
f 893/1317/893 906/1335/906 907/1337/907
f 901/1327/901 894/1318/894 745/1325/745
f 892/1316/892 484/1339/484 741/1340/741
f 475/1336/475 481/1338/481 892/1316/892
f 744/1314/744 892/1316/892 741/1340/741
f 908/1341/908 909/1342/909 910/1343/910
f 911/1344/911 908/1341/908 910/1343/910
f 912/1345/912 913/1346/913 908/1341/908
f 914/1347/914 915/1348/915 916/1349/916
f 908/1341/908 917/1350/917 912/1345/912
f 918/1351/918 919/1352/919 913/1346/913
f 908/1341/908 920/1353/920 917/1350/917
f 921/1354/921 922/1355/922 915/1348/915
f 914/1347/914 916/1349/916 923/1356/923
f 921/1354/921 915/1348/915 914/1347/914
f 918/1351/918 913/1346/913 912/1345/912
f 917/1350/917 924/1357/924 925/1358/925
f 924/1357/924 926/1359/926 925/1358/925
f 920/1353/920 924/1357/924 917/1350/917
f 927/1360/927 921/1354/921 914/1347/914
f 916/1349/916 915/1348/915 912/1345/912
f 916/1349/916 925/1358/925 923/1356/923
f 912/1345/912 915/1348/915 922/1355/922
f 913/1346/913 928/1361/928 909/1342/909
f 908/1341/908 913/1346/913 909/1342/909
f 912/1345/912 922/1355/922 919/1352/919
f 929/1362/929 919/1352/919 922/1355/922
f 926/1359/926 930/1363/930 925/1358/925
f 919/1352/919 929/1362/929 928/1361/928
f 922/1355/922 921/1354/921 927/1360/927
f 919/1352/919 918/1351/918 912/1345/912
f 931/1364/931 928/1361/928 929/1362/929
f 923/1356/923 61/1365/61 914/1347/914
f 913/1346/913 919/1352/919 928/1361/928
f 914/1347/914 61/1365/61 60/1366/60
f 60/1366/60 927/1360/927 914/1347/914
f 63/1367/63 927/1360/927 60/1366/60
f 923/1356/923 925/1358/925 930/1363/930
f 912/1345/912 917/1350/917 916/1349/916
f 911/1344/911 920/1353/920 908/1341/908
f 925/1358/925 916/1349/916 917/1350/917
f 932/1368/932 933/1369/933 934/1370/934
f 933/1369/933 836/1371/836 825/1372/825
f 935/1373/935 597/1374/597 936/1375/936
f 937/1376/937 837/1377/837 835/1378/835
f 938/1379/938 837/1377/837 937/1376/937
f 939/1380/939 837/1377/837 938/1379/938
f 938/1379/938 940/1381/940 939/1380/939
f 941/1382/941 938/1379/938 942/1383/942
f 937/1376/937 835/1378/835 943/1384/943
f 938/1379/938 937/1376/937 942/1383/942
f 944/1385/944 828/1386/828 592/1387/592
f 945/1388/945 941/1382/941 946/1389/946
f 940/1381/940 938/1379/938 941/1382/941
f 942/1383/942 946/1389/946 941/1382/941
f 597/1374/597 602/1390/602 936/1375/936
f 941/1382/941 945/1388/945 940/1381/940
f 944/1385/944 592/1387/592 591/1391/591
f 943/1384/943 933/1369/933 947/1392/947
f 935/1373/935 942/1383/942 933/1369/933
f 935/1373/935 933/1369/933 932/1368/932
f 836/1371/836 933/1369/933 943/1384/943
f 935/1373/935 946/1389/946 942/1383/942
f 825/1372/825 828/1386/828 934/1370/934
f 937/1376/937 947/1392/947 942/1383/942
f 602/1390/602 948/1393/948 936/1375/936
f 935/1373/935 932/1368/932 597/1374/597
f 943/1384/943 835/1378/835 836/1371/836
f 945/1388/945 946/1389/946 948/1393/948
f 934/1370/934 828/1386/828 944/1385/944
f 933/1369/933 942/1383/942 947/1392/947
f 936/1375/936 948/1393/948 946/1389/946
f 932/1368/932 591/1391/591 597/1374/597
f 934/1370/934 944/1385/944 932/1368/932
f 947/1392/947 937/1376/937 943/1384/943
f 933/1369/933 825/1372/825 934/1370/934
f 946/1389/946 935/1373/935 936/1375/936
f 932/1368/932 944/1385/944 591/1391/591
f 949/1394/949 950/1395/950 951/1396/951
f 951/1396/951 952/1397/952 953/1398/953
f 954/1399/954 955/1400/955 956/1401/956
f 952/1397/952 957/1402/957 953/1398/953
f 958/1403/958 957/1402/957 952/1397/952
f 951/1396/951 950/1395/950 959/1404/959
f 960/1405/960 961/1406/961 954/1399/954
f 962/1407/962 963/1408/963 964/1409/964
f 964/1409/964 963/1408/963 965/1410/965
f 949/1394/949 951/1396/951 955/1400/955
f 966/1411/966 963/1408/963 960/1405/960
f 951/1396/951 959/1404/959 958/1403/958
f 967/1412/967 959/1404/959 968/1413/968
f 959/1404/959 969/1414/969 958/1403/958
f 956/1401/956 960/1405/960 954/1399/954
f 970/1415/970 957/1402/957 958/1403/958
f 959/1404/959 967/1412/967 971/1416/971
f 968/1413/968 972/1417/972 967/1412/967
f 962/1407/962 960/1405/960 963/1408/963
f 973/1418/973 970/1415/970 969/1414/969
f 974/1419/974 969/1414/969 971/1416/971
f 950/1395/950 968/1413/968 959/1404/959
f 974/1419/974 973/1418/973 969/1414/969
f 961/1406/961 960/1405/960 962/1407/962
f 975/1420/975 966/1411/966 960/1405/960
f 953/1398/953 955/1400/955 951/1396/951
f 953/1398/953 975/1420/975 956/1401/956
f 973/1418/973 974/1419/974 976/1421/976
f 955/1400/955 953/1398/953 956/1401/956
f 970/1415/970 958/1403/958 969/1414/969
f 952/1397/952 951/1396/951 958/1403/958
f 965/1410/965 977/1422/977 978/1423/978
f 973/1418/973 976/1421/976 979/1424/979
f 956/1401/956 975/1420/975 960/1405/960
f 973/1418/973 979/1424/979 980/1425/980
f 959/1404/959 971/1416/971 969/1414/969
f 964/1409/964 965/1410/965 978/1423/978
f 47/1426/47 981/1427/981 202/1428/202
f 171/1429/171 982/1430/982 47/1426/47
f 982/1430/982 983/1431/983 984/1432/984
f 984/1432/984 398/1433/398 397/1434/397
f 397/1434/397 202/1428/202 981/1427/981
f 983/1431/983 398/1433/398 984/1432/984
f 981/1427/981 47/1426/47 982/1430/982
f 172/1435/172 983/1431/983 982/1430/982
f 985/1436/985 986/1437/986 42/1438/42
f 44/1439/44 48/1440/48 203/1441/203
f 203/1441/203 736/1442/736 44/1439/44
f 986/1437/986 985/1436/985 736/1442/736
f 65/1443/65 987/1444/987 66/1445/66
f 986/1437/986 736/1442/736 988/1446/988
f 43/1447/43 48/1440/48 44/1439/44
f 66/1445/66 987/1444/987 983/1431/983
f 981/1427/981 982/1430/982 984/1432/984
f 987/1444/987 989/1448/989 408/1449/408
f 397/1434/397 981/1427/981 984/1432/984
f 989/1448/989 406/1450/406 408/1449/408
f 406/1450/406 989/1448/989 411/1451/411
f 989/1448/989 65/1443/65 986/1437/986
f 408/1449/408 398/1433/398 983/1431/983
f 732/1452/732 411/1451/411 989/1448/989
f 738/1453/738 732/1452/732 988/1446/988
f 990/1454/990 42/1438/42 44/1439/44
f 986/1437/986 65/1443/65 42/1438/42
f 736/1442/736 990/1454/990 44/1439/44
f 987/1444/987 65/1443/65 989/1448/989
f 736/1442/736 738/1453/738 988/1446/988
f 736/1442/736 985/1436/985 990/1454/990
f 66/1445/66 983/1431/983 172/1435/172
f 986/1437/986 988/1446/988 989/1448/989
f 732/1452/732 989/1448/989 988/1446/988
f 42/1438/42 990/1454/990 985/1436/985
f 987/1444/987 408/1449/408 983/1431/983
f 172/1435/172 982/1430/982 171/1429/171
f 991/1455/991 992/1456/992 993/1457/993
f 994/1458/994 992/1456/992 995/1459/995
f 644/1460/644 996/1461/996 149/1462/149
f 997/1463/997 993/1457/993 998/1464/998
f 999/1465/999 1000/1466/1000 1001/1467/1001
f 1002/1468/1002 1000/1466/1000 1003/1469/1003
f 992/1456/992 991/1455/991 995/1459/995
f 1004/1470/1004 991/1455/991 997/1463/997
f 1000/1466/1000 1005/1471/1005 1001/1467/1001
f 996/1461/996 644/1460/644 1006/1472/1006
f 1000/1466/1000 998/1464/998 1003/1469/1003
f 1007/1473/1007 644/1460/644 643/1474/643
f 1008/1475/1008 1009/1476/1009 1001/1467/1001
f 993/1457/993 1010/1477/1010 1011/1478/1011
f 997/1463/997 1007/1473/1007 1004/1470/1004
f 1003/1469/1003 1012/1479/1012 1013/1480/1013
f 1009/1476/1009 999/1465/999 1001/1467/1001
f 1004/1470/1004 1007/1473/1007 643/1474/643
f 997/1463/997 991/1455/991 993/1457/993
f 644/1460/644 999/1465/999 1006/1472/1006
f 1006/1472/1006 1009/1476/1009 996/1461/996
f 998/1464/998 1012/1479/1012 1003/1469/1003
f 996/1461/996 146/1481/146 149/1462/149
f 993/1457/993 1011/1478/1011 998/1464/998
f 1007/1473/1007 997/1463/997 999/1465/999
f 1004/1470/1004 995/1459/995 991/1455/991
f 1002/1468/1002 1005/1471/1005 1000/1466/1000
f 1006/1472/1006 999/1465/999 1009/1476/1009
f 1003/1469/1003 1014/1482/1014 1002/1468/1002
f 1013/1480/1013 1014/1482/1014 1003/1469/1003
f 999/1465/999 998/1464/998 1000/1466/1000
f 992/1456/992 1010/1477/1010 993/1457/993
f 998/1464/998 1011/1478/1011 1012/1479/1012
f 146/1481/146 1009/1476/1009 1008/1475/1008
f 999/1465/999 644/1460/644 1007/1473/1007
f 1009/1476/1009 146/1481/146 996/1461/996
f 997/1463/997 998/1464/998 999/1465/999
f 201/1483/201 1015/1484/1015 281/1485/281
f 144/1486/144 281/1485/281 1015/1484/1015
f 283/1487/283 281/1485/281 141/1488/141
f 283/1487/283 141/1488/141 285/1489/285
f 141/1488/141 281/1485/281 144/1486/144
f 286/1490/286 285/1489/285 140/1491/140
f 202/1492/202 486/1493/486 201/1483/201
f 1016/1494/1016 201/1483/201 486/1493/486
f 1017/1495/1017 906/1496/906 904/1497/904
f 475/1498/475 907/1499/907 474/1500/474
f 1018/1501/1018 485/1502/485 1019/1503/1019
f 1017/1495/1017 135/1504/135 1020/1505/1020
f 473/1506/473 1021/1507/1021 485/1502/485
f 473/1506/473 907/1499/907 1022/1508/1022
f 134/1509/134 142/1510/142 1023/1511/1023
f 1022/1508/1022 1021/1507/1021 473/1506/473
f 907/1499/907 473/1506/473 474/1500/474
f 1015/1484/1015 201/1483/201 1016/1494/1016
f 142/1510/142 144/1486/144 1015/1484/1015
f 1020/1505/1020 1018/1501/1018 1019/1503/1019
f 1016/1494/1016 142/1510/142 1015/1484/1015
f 1023/1511/1023 142/1510/142 1016/1494/1016
f 906/1496/906 1022/1508/1022 907/1499/907
f 1021/1507/1021 1019/1503/1019 485/1502/485
f 485/1502/485 1018/1501/1018 486/1493/486
f 1021/1507/1021 906/1496/906 1017/1495/1017
f 1022/1508/1022 906/1496/906 1021/1507/1021
f 1019/1503/1019 1021/1507/1021 1017/1495/1017
f 1017/1495/1017 136/1512/136 135/1504/135
f 1018/1501/1018 1020/1505/1020 1016/1494/1016
f 486/1493/486 1018/1501/1018 1016/1494/1016
f 1019/1503/1019 1017/1495/1017 1020/1505/1020
f 904/1497/904 136/1512/136 1017/1495/1017
f 1020/1505/1020 1023/1511/1023 1016/1494/1016
f 1023/1511/1023 1020/1505/1020 135/1504/135
f 135/1504/135 134/1509/134 1023/1511/1023
f 285/1489/285 141/1488/141 140/1491/140
f 1024/1513/1024 1025/1514/1025 1026/1515/1026
f 1027/1516/1027 272/1517/272 265/1518/265
f 1028/1519/1028 272/1517/272 1029/1520/1029
f 1025/1514/1025 1027/1516/1027 1026/1515/1026
f 1027/1516/1027 1030/1521/1030 656/1522/656
f 1031/1523/1031 1026/1515/1026 1027/1516/1027
f 1032/1524/1032 1028/1519/1028 1033/1525/1033
f 1034/1526/1034 509/1527/509 511/1528/511
f 1033/1525/1033 1026/1515/1026 1031/1523/1031
f 511/1528/511 512/1529/512 1034/1526/1034
f 1035/1530/1035 647/1531/647 1031/1523/1031
f 1025/1514/1025 1029/1520/1029 1027/1516/1027
f 265/1518/265 1030/1521/1030 1027/1516/1027
f 1024/1513/1024 1033/1525/1033 1025/1514/1025
f 656/1522/656 1036/1532/1036 657/1533/657
f 656/1522/656 1030/1521/1030 1036/1532/1036
f 1028/1519/1028 1029/1520/1029 1033/1525/1033
f 1035/1530/1035 1027/1516/1027 656/1522/656
f 1024/1513/1024 1026/1515/1026 1033/1525/1033
f 1030/1521/1030 265/1518/265 1036/1532/1036
f 1037/1534/1037 655/1535/655 645/1536/645
f 1032/1524/1032 1033/1525/1033 1037/1534/1037
f 1027/1516/1027 1035/1530/1035 1031/1523/1031
f 509/1527/509 1034/1526/1034 645/1536/645
f 653/1537/653 655/1535/655 1037/1534/1037
f 1034/1526/1034 1037/1534/1037 645/1536/645
f 653/1537/653 1037/1534/1037 1033/1525/1033
f 1034/1526/1034 1032/1524/1032 1037/1534/1037
f 1038/1538/1038 1032/1524/1032 1034/1526/1034
f 272/1517/272 1027/1516/1027 1029/1520/1029
f 1025/1514/1025 1033/1525/1033 1039/1539/1039
f 1034/1526/1034 512/1529/512 1038/1538/1038
f 1035/1530/1035 656/1522/656 647/1531/647
f 1031/1523/1031 647/1531/647 653/1537/653
f 1031/1523/1031 653/1537/653 1033/1525/1033
f 264/1540/264 1036/1532/1036 265/1518/265
f 1029/1520/1029 1039/1539/1039 1033/1525/1033
f 1025/1514/1025 1039/1539/1039 1029/1520/1029
f 1040/1541/1040 1041/1542/1041 1042/1543/1042
f 1043/1544/1043 1044/1545/1044 1045/1546/1045
f 1046/1547/1046 1047/1548/1047 1048/1549/1048
f 1044/1545/1044 1049/1550/1049 1046/1547/1046
f 1050/1551/1050 1051/1552/1051 1052/1553/1052
f 1042/1543/1042 1041/1542/1041 97/1554/97
f 1053/1555/1053 1044/1545/1044 1046/1547/1046
f 1043/1544/1043 186/1556/186 1054/1557/1054
f 1048/1549/1048 1055/1558/1055 1053/1555/1053
f 184/1559/184 1054/1557/1054 186/1556/186
f 1056/1560/1056 1051/1552/1051 1057/1561/1057
f 1046/1547/1046 1049/1550/1049 1047/1548/1047
f 1047/1548/1047 1055/1558/1055 1048/1549/1048
f 1055/1558/1055 1052/1553/1052 1051/1552/1051
f 1058/1562/1058 1059/1563/1059 1042/1543/1042
f 1059/1563/1059 1052/1553/1052 1040/1541/1040
f 1048/1549/1048 1053/1555/1053 1046/1547/1046
f 1049/1550/1049 1044/1545/1044 1043/1544/1043
f 1060/1564/1060 1055/1558/1055 1047/1548/1047
f 1045/1546/1045 186/1556/186 1043/1544/1043
f 1050/1551/1050 1059/1563/1059 1058/1562/1058
f 1040/1541/1040 1061/1565/1061 1041/1542/1041
f 1053/1555/1053 1055/1558/1055 1051/1552/1051
f 1042/1543/1042 1059/1563/1059 1040/1541/1040
f 1060/1564/1060 1061/1565/1061 1040/1541/1040
f 1051/1552/1051 1056/1560/1056 1053/1555/1053
f 1052/1553/1052 1059/1563/1059 1050/1551/1050
f 1044/1545/1044 1053/1555/1053 1062/1566/1062
f 12/1567/12 1042/1543/1042 97/1554/97
f 1052/1553/1052 1055/1558/1055 1063/1568/1063
f 1063/1568/1063 1040/1541/1040 1052/1553/1052
f 98/1569/98 97/1554/97 1041/1542/1041
f 1045/1546/1045 1044/1545/1044 1062/1566/1062
f 1050/1551/1050 1057/1561/1057 1051/1552/1051
f 1053/1555/1053 1056/1560/1056 1062/1566/1062
f 1060/1564/1060 1040/1541/1040 1063/1568/1063
f 1041/1542/1041 1061/1565/1061 98/1569/98
f 1063/1568/1063 1055/1558/1055 1060/1564/1060
f 1064/1570/1064 1065/1571/1065 1066/1572/1066
f 1067/1573/1067 1064/1570/1064 1066/1572/1066
f 1068/1574/1068 1069/1575/1069 1070/1576/1070
f 1071/1577/1071 1072/1578/1072 1073/1579/1073
f 1067/1573/1067 1074/1580/1074 1075/1581/1075
f 1076/1582/1076 1077/1583/1077 1078/1584/1078
f 1070/1576/1070 1069/1575/1069 1079/1585/1079
f 1069/1575/1069 1080/1586/1080 1079/1585/1079
f 1068/1574/1068 1075/1581/1075 1069/1575/1069
f 1070/1576/1070 1064/1570/1064 1068/1574/1068
f 1072/1578/1072 1071/1577/1071 1081/1587/1081
f 1068/1574/1068 1064/1570/1064 1067/1573/1067
f 1079/1585/1079 1082/1588/1082 1070/1576/1070
f 1083/1589/1083 1084/1590/1084 1079/1585/1079
f 1085/1591/1085 1079/1585/1079 1080/1586/1080
f 1067/1573/1067 1066/1572/1066 1077/1583/1077
f 1079/1585/1079 1086/1592/1086 1082/1588/1082
f 1087/1593/1087 1080/1586/1080 1069/1575/1069
f 1088/1594/1088 1086/1592/1086 1084/1590/1084
f 1072/1578/1072 1081/1587/1081 1089/1595/1089
f 1079/1585/1079 1085/1591/1085 1083/1589/1083
f 1081/1587/1081 1083/1589/1083 1090/1596/1090
f 1067/1573/1067 1075/1581/1075 1068/1574/1068
f 1069/1575/1069 1075/1581/1075 1087/1593/1087
f 1084/1590/1084 1086/1592/1086 1079/1585/1079
f 1091/1597/1091 1088/1594/1088 1084/1590/1084
f 1081/1587/1081 1090/1596/1090 1089/1595/1089
f 1083/1589/1083 1081/1587/1081 1084/1590/1084
f 1092/1598/1092 1090/1596/1090 1083/1589/1083
f 1084/1590/1084 1071/1577/1071 1091/1597/1091
f 1085/1591/1085 1092/1598/1092 1083/1589/1083
f 1093/1599/1093 1071/1577/1071 1094/1600/1094
f 1078/1584/1078 1095/1601/1095 1076/1582/1076
f 1078/1584/1078 1077/1583/1077 1066/1572/1066
f 1066/1572/1066 1095/1601/1095 1078/1584/1078
f 1094/1600/1094 1073/1579/1073 1096/1602/1096
f 1091/1597/1091 1071/1577/1071 1093/1599/1093
f 1073/1579/1073 1094/1600/1094 1071/1577/1071
f 1084/1590/1084 1081/1587/1081 1071/1577/1071
f 1070/1576/1070 1065/1571/1065 1064/1570/1064
f 875/1603/875 1097/1604/1097 1098/1605/1098
f 871/1606/871 1099/1607/1099 1100/1608/1100
f 931/1609/931 929/1610/929 1101/1611/1101
f 929/1610/929 1102/1612/1102 1101/1611/1101
f 1101/1611/1101 1098/1605/1098 1103/1613/1103
f 1104/1614/1104 1103/1613/1103 1100/1608/1100
f 1098/1605/1098 1097/1604/1097 1103/1613/1103
f 1105/1615/1105 1106/1616/1106 1107/1617/1107
f 1104/1614/1104 1100/1608/1100 1099/1607/1099
f 1108/1618/1108 1109/1619/1109 1110/1620/1110
f 1099/1607/1099 1110/1620/1110 1111/1621/1111
f 1109/1619/1109 1105/1615/1105 1112/1622/1112
f 1105/1615/1105 1109/1619/1109 1106/1616/1106
f 869/1623/869 1113/1624/1113 870/1625/870
f 1102/1612/1102 1098/1605/1098 1101/1611/1101
f 353/1626/353 391/1627/391 1106/1616/1106
f 390/1628/390 1106/1616/1106 391/1627/391
f 1108/1618/1108 1113/1624/1113 1106/1616/1106
f 1100/1608/1100 1097/1604/1097 875/1603/875
f 1100/1608/1100 1103/1613/1103 1097/1604/1097
f 1113/1624/1113 1110/1620/1110 870/1625/870
f 1114/1629/1114 1103/1613/1103 1112/1622/1112
f 1112/1622/1112 1104/1614/1104 1111/1621/1111
f 1112/1622/1112 1103/1613/1103 1104/1614/1104
f 861/1630/861 870/1625/870 1110/1620/1110
f 1108/1618/1108 1106/1616/1106 1109/1619/1109
f 871/1606/871 1100/1608/1100 875/1603/875
f 1105/1615/1105 1114/1629/1114 1112/1622/1112
f 353/1626/353 1106/1616/1106 1113/1624/1113
f 871/1606/871 861/1630/861 1099/1607/1099
f 1115/1631/1115 1109/1619/1109 1112/1622/1112
f 931/1609/931 1103/1613/1103 1114/1629/1114
f 353/1626/353 355/1632/355 391/1627/391
f 1108/1618/1108 1110/1620/1110 1113/1624/1113
f 861/1630/861 1110/1620/1110 1099/1607/1099
f 1115/1631/1115 1111/1621/1111 1110/1620/1110
f 1106/1616/1106 390/1628/390 1107/1617/1107
f 1103/1613/1103 931/1609/931 1101/1611/1101
f 1115/1631/1115 1112/1622/1112 1111/1621/1111
f 869/1623/869 353/1626/353 1113/1624/1113
f 1110/1620/1110 1109/1619/1109 1115/1631/1115
f 1111/1621/1111 1104/1614/1104 1099/1607/1099
f 1116/1633/1116 1117/1634/1117 1118/1635/1118
f 1119/1636/1119 472/1637/472 464/1638/464
f 1117/1634/1117 1116/1633/1116 1120/1639/1120
f 1121/1640/1121 1116/1633/1116 1118/1635/1118
f 1122/1641/1122 468/1642/468 1123/1643/1123
f 1123/1643/1123 1124/1644/1124 1122/1641/1122
f 1125/1645/1125 1126/1646/1126 1127/1647/1127
f 1128/1648/1128 1120/1639/1120 1129/1649/1129
f 707/1650/707 706/1651/706 1118/1635/1118
f 818/1652/818 816/1653/816 1130/1654/1130
f 1131/1655/1131 1132/1656/1132 1133/1657/1133
f 472/1637/472 1123/1643/1123 461/1658/461
f 1117/1634/1117 1128/1648/1128 708/1659/708
f 1127/1647/1127 706/1651/706 818/1660/818
f 1132/1656/1132 1131/1655/1131 1134/1661/1134
f 469/1662/469 1134/1661/1134 817/1663/817
f 1132/1656/1132 1134/1661/1134 469/1662/469
f 1128/1648/1128 1119/1636/1119 708/1659/708
f 468/1642/468 1132/1656/1132 469/1662/469
f 1120/1639/1120 1128/1648/1128 1117/1634/1117
f 1129/1649/1129 1119/1636/1119 1128/1648/1128
f 1119/1636/1119 1129/1649/1129 1135/1664/1135
f 1117/1634/1117 708/1659/708 711/1665/711
f 1136/1666/1136 468/1642/468 1122/1641/1122
f 1118/1635/1118 1117/1634/1117 707/1650/707
f 1130/1654/1130 1137/1667/1137 1125/1668/1125
f 1125/1668/1125 818/1652/818 1130/1654/1130
f 1117/1634/1117 711/1665/711 707/1650/707
f 1119/1636/1119 1124/1644/1124 472/1637/472
f 1119/1636/1119 1138/1669/1138 1124/1644/1124
f 1127/1647/1127 1118/1635/1118 706/1651/706
f 1135/1664/1135 1138/1669/1138 1119/1636/1119
f 468/1642/468 1136/1666/1136 1132/1656/1132
f 1124/1644/1124 1123/1643/1123 472/1637/472
f 1138/1669/1138 1122/1641/1122 1124/1644/1124
f 1122/1641/1122 1133/1657/1133 1136/1666/1136
f 1125/1645/1125 1127/1647/1127 818/1660/818
f 1123/1643/1123 468/1642/468 461/1658/461
f 1137/1667/1137 817/1663/817 1134/1661/1134
f 1127/1647/1127 1121/1640/1121 1118/1635/1118
f 1130/1654/1130 817/1663/817 1137/1667/1137
f 1130/1654/1130 816/1653/816 817/1663/817
f 1133/1657/1133 1132/1656/1132 1136/1666/1136
f 464/1638/464 708/1659/708 1119/1636/1119
f 1139/1670/1139 1140/1671/1140 1141/1672/1141
f 1139/1670/1139 1142/1673/1142 1143/1674/1143
f 1144/1675/1144 1145/1676/1145 1146/1677/1146
f 1147/1678/1147 1140/1671/1140 1139/1670/1139
f 1148/1679/1148 1149/1680/1149 1147/1678/1147
f 1150/1681/1150 789/1682/789 1151/1683/1151
f 1152/1684/1152 1146/1677/1146 1145/1676/1145
f 1148/1679/1148 1153/1685/1153 1154/1686/1154
f 1146/1677/1146 1152/1684/1152 1155/1687/1155
f 1156/1688/1156 1157/1689/1157 1158/1690/1158
f 1148/1679/1148 1147/1678/1147 1159/1691/1159
f 1145/1676/1145 1144/1675/1144 1156/1688/1156
f 678/1692/678 688/1693/688 1146/1677/1146
f 1160/1694/1160 1161/1695/1161 773/1696/773
f 1154/1686/1154 1149/1680/1149 1148/1679/1148
f 1146/1677/1146 1155/1687/1155 678/1692/678
f 1148/1679/1148 1159/1691/1159 1158/1690/1158
f 688/1693/688 691/1697/691 1146/1677/1146
f 776/1698/776 1151/1683/1151 789/1682/789
f 1157/1689/1157 1150/1681/1150 1151/1683/1151
f 1141/1672/1141 1142/1673/1142 1139/1670/1139
f 1150/1681/1150 1157/1689/1157 691/1697/691
f 1153/1685/1153 1148/1679/1148 1160/1694/1160
f 1144/1675/1144 1146/1677/1146 691/1697/691
f 773/1696/773 1161/1695/1161 776/1698/776
f 690/1699/690 789/1682/789 1150/1681/1150
f 1162/1700/1162 1151/1683/1151 1161/1695/1161
f 1158/1690/1158 1157/1689/1157 1162/1700/1162
f 1151/1683/1151 1162/1700/1162 1157/1689/1157
f 1156/1688/1156 1158/1690/1158 1159/1691/1159
f 1144/1675/1144 1157/1689/1157 1156/1688/1156
f 1139/1670/1139 1143/1674/1143 1152/1684/1152
f 1161/1695/1161 1160/1694/1160 1162/1700/1162
f 1147/1678/1147 1149/1680/1149 1140/1671/1140
f 1147/1678/1147 1152/1684/1152 1159/1691/1159
f 1141/1672/1141 1140/1671/1140 1149/1680/1149
f 691/1697/691 1157/1689/1157 1144/1675/1144
f 1151/1683/1151 776/1698/776 1161/1695/1161
f 1156/1688/1156 1159/1691/1159 1145/1676/1145
f 1145/1676/1145 1159/1691/1159 1152/1684/1152
f 1150/1681/1150 691/1697/691 690/1699/690
f 1152/1684/1152 1147/1678/1147 1139/1670/1139
f 1148/1679/1148 1158/1690/1158 1162/1700/1162
f 1162/1700/1162 1160/1694/1160 1148/1679/1148
f 1163/1701/1163 1164/1702/1164 1165/1703/1165
f 560/1704/560 1166/1705/1166 1167/1706/1167
f 1165/1703/1165 1168/1707/1168 1169/1708/1169
f 1168/1707/1168 1170/1709/1170 1171/1710/1171
f 1172/1711/1172 1166/1705/1166 1164/1702/1164
f 1163/1701/1163 1165/1703/1165 1169/1708/1169
f 178/1712/178 177/1713/177 1173/1714/1173
f 552/1715/552 178/1712/178 1174/1716/1174
f 1175/1717/1175 1166/1705/1166 553/1718/553
f 1167/1706/1167 557/1719/557 560/1704/560
f 1173/1714/1173 177/1713/177 125/1720/125
f 1176/1721/1176 1177/1722/1177 1175/1717/1175
f 125/1720/125 124/1723/124 1178/1724/1178
f 1163/1701/1163 1179/1725/1179 1164/1702/1164
f 1180/1726/1180 1170/1709/1170 1168/1707/1168
f 1181/1727/1181 1182/1728/1182 557/1719/557
f 1173/1714/1173 1183/1729/1183 1174/1716/1174
f 1181/1727/1181 1167/1706/1167 1172/1711/1172
f 553/1718/553 1166/1705/1166 560/1704/560
f 1184/1730/1184 1173/1714/1173 1178/1724/1178
f 124/1723/124 1185/1731/1185 1178/1724/1178
f 1185/1731/1185 1180/1726/1180 1184/1730/1184
f 1177/1722/1177 1165/1703/1165 1164/1702/1164
f 1177/1722/1177 1168/1707/1168 1165/1703/1165
f 1173/1714/1173 125/1720/125 1178/1724/1178
f 552/1715/552 1174/1716/1174 1183/1729/1183
f 1177/1722/1177 1166/1705/1166 1175/1717/1175
f 1175/1717/1175 553/1718/553 552/1715/552
f 178/1712/178 1173/1714/1173 1174/1716/1174
f 1179/1725/1179 1172/1711/1172 1164/1702/1164
f 1167/1706/1167 1166/1705/1166 1172/1711/1172
f 1181/1727/1181 557/1719/557 1167/1706/1167
f 1185/1731/1185 1184/1730/1184 1178/1724/1178
f 1175/1717/1175 1183/1729/1183 1176/1721/1176
f 1168/1707/1168 1186/1732/1186 1169/1708/1169
f 1171/1710/1171 1186/1732/1186 1168/1707/1168
f 1164/1702/1164 1166/1705/1166 1177/1722/1177
f 1184/1730/1184 1176/1721/1176 1183/1729/1183
f 1186/1732/1186 1171/1710/1171 1187/1733/1187
f 552/1715/552 1183/1729/1183 1175/1717/1175
f 1168/1707/1168 1177/1722/1177 1176/1721/1176
f 1180/1726/1180 1168/1707/1168 1176/1721/1176
f 1180/1726/1180 1176/1721/1176 1184/1730/1184
f 1173/1714/1173 1184/1730/1184 1183/1729/1183
f 1188/1734/1188 1189/1735/1189 1190/1736/1190
f 1188/1734/1188 1190/1736/1190 1191/1737/1191
f 1192/1738/1192 1193/1739/1193 1188/1734/1188
f 1192/1738/1192 1188/1734/1188 1191/1737/1191
f 1194/1740/1194 1192/1738/1192 1191/1737/1191
f 1195/1741/1195 1196/1742/1196 1197/1743/1197
f 1198/1744/1198 1194/1740/1194 1190/1736/1190
f 395/1745/395 1190/1736/1190 1189/1735/1189
f 1199/1746/1199 395/1745/395 1189/1735/1189
f 1200/1747/1200 356/1748/356 416/1749/416
f 419/1750/419 1200/1747/1200 416/1749/416
f 1201/1751/1201 1202/1752/1202 1198/1744/1198
f 418/1753/418 1203/1754/1203 419/1750/419
f 1201/1751/1201 393/1755/393 388/1756/388
f 1204/1757/1204 1205/1758/1205 1206/1759/1206
f 1196/1742/1196 1207/1760/1207 1197/1743/1197
f 1205/1758/1205 1208/1761/1208 1206/1759/1206
f 1209/1762/1209 1208/1761/1208 1201/1751/1201
f 1188/1734/1188 1210/1763/1210 1195/1741/1195
f 356/1748/356 1209/1762/1209 1211/1764/1211
f 1212/1765/1212 392/1766/392 1211/1764/1211
f 1195/1741/1195 1189/1735/1189 1188/1734/1188
f 1201/1751/1201 1198/1744/1198 393/1755/393
f 392/1766/392 1212/1765/1212 388/1756/388
f 1201/1751/1201 1212/1765/1212 1209/1762/1209
f 1202/1752/1202 1208/1761/1208 1213/1767/1213
f 1206/1759/1206 1209/1762/1209 356/1748/356
f 395/1745/395 1198/1744/1198 1190/1736/1190
f 1210/1763/1210 1188/1734/1188 1193/1739/1193
f 392/1766/392 347/1768/347 1211/1764/1211
f 1190/1736/1190 1194/1740/1194 1191/1737/1191
f 1200/1747/1200 419/1750/419 1203/1754/1203
f 347/1768/347 356/1748/356 1211/1764/1211
f 1207/1760/1207 1196/1742/1196 1214/1769/1214
f 1204/1757/1204 1206/1759/1206 1200/1747/1200
f 1209/1762/1209 1206/1759/1206 1208/1761/1208
f 1209/1762/1209 1212/1765/1212 1211/1764/1211
f 1201/1751/1201 388/1756/388 1212/1765/1212
f 1202/1752/1202 1194/1740/1194 1198/1744/1198
f 1199/1746/1199 1189/1735/1189 1195/1741/1195
f 1213/1767/1213 1208/1761/1208 1205/1758/1205
f 1210/1763/1210 1196/1742/1196 1195/1741/1195
f 356/1748/356 1200/1747/1200 1206/1759/1206
f 1201/1751/1201 1208/1761/1208 1202/1752/1202
f 393/1755/393 1198/1744/1198 395/1745/395
f 1215/1770/1215 1216/1771/1216 1217/1772/1217
f 1215/1770/1215 1218/1773/1218 1219/1774/1219
f 1220/1775/1220 1221/1776/1221 1222/1777/1222
f 1223/1778/1223 1219/1774/1219 1224/1779/1224
f 536/1780/536 1225/1781/1225 729/1782/729
f 1217/1772/1217 1226/1783/1226 1215/1770/1215
f 1227/1784/1227 324/1785/324 1222/1777/1222
f 1225/1781/1225 1223/1778/1223 729/1782/729
f 1222/1777/1222 1228/1786/1228 1227/1784/1227
f 1225/1781/1225 536/1780/536 548/1787/548
f 1217/1772/1217 1216/1771/1216 1229/1788/1229
f 1230/1789/1230 1217/1772/1217 1229/1788/1229
f 1224/1779/1224 1218/1773/1218 160/1790/160
f 158/1791/158 1218/1773/1218 1226/1783/1226
f 111/1792/111 1230/1789/1230 112/1793/112
f 160/1790/160 344/1794/344 1224/1779/1224
f 116/1795/116 1231/1796/1231 1226/1783/1226
f 1221/1776/1221 1229/1788/1229 1216/1771/1216
f 1224/1779/1224 344/1794/344 1223/1778/1223
f 160/1790/160 1218/1773/1218 158/1791/158
f 1226/1783/1226 1231/1796/1231 158/1791/158
f 1222/1777/1222 324/1785/324 1220/1775/1220
f 1230/1789/1230 1220/1775/1220 112/1793/112
f 324/1785/324 1227/1784/1227 322/1797/322
f 1216/1771/1216 1219/1774/1219 1228/1786/1228
f 112/1793/112 1220/1775/1220 327/1798/327
f 1223/1778/1223 1225/1781/1225 1228/1786/1228
f 1222/1777/1222 1221/1776/1221 1228/1786/1228
f 548/1787/548 322/1797/322 1227/1784/1227
f 1221/1776/1221 1220/1775/1220 1230/1789/1230
f 1219/1774/1219 1216/1771/1216 1215/1770/1215
f 1223/1778/1223 344/1794/344 343/1799/343
f 1230/1789/1230 114/1800/114 1217/1772/1217
f 343/1799/343 729/1782/729 1223/1778/1223
f 1219/1774/1219 1223/1778/1223 1228/1786/1228
f 1227/1784/1227 1228/1786/1228 1225/1781/1225
f 1218/1773/1218 1215/1770/1215 1226/1783/1226
f 1220/1775/1220 324/1785/324 327/1798/327
f 1221/1776/1221 1230/1789/1230 1229/1788/1229
f 1228/1786/1228 1221/1776/1221 1216/1771/1216
f 1217/1772/1217 114/1800/114 1226/1783/1226
f 1219/1774/1219 1218/1773/1218 1224/1779/1224
f 1227/1784/1227 1225/1781/1225 548/1787/548
f 111/1792/111 114/1800/114 1230/1789/1230
f 116/1795/116 1226/1783/1226 114/1800/114
f 945/1801/945 1232/1802/1232 940/1803/940
f 1233/1804/1233 1234/1805/1234 1235/1806/1235
f 1236/1807/1236 602/1808/602 595/1809/595
f 1237/1810/1237 833/1811/833 939/1812/939
f 1238/1813/1238 1239/1814/1239 1240/1815/1240
f 1237/1810/1237 1232/1802/1232 1233/1804/1233
f 1234/1805/1234 1233/1804/1233 1232/1802/1232
f 1241/1816/1241 831/1817/831 820/1818/820
f 831/1817/831 1241/1816/1241 1233/1804/1233
f 1240/1815/1240 1236/1807/1236 1242/1819/1242
f 1243/1820/1243 1240/1815/1240 587/1821/587
f 1237/1810/1237 939/1812/939 940/1803/940
f 1232/1802/1232 1237/1810/1237 940/1803/940
f 598/1822/598 1243/1820/1243 587/1821/587
f 820/1818/820 833/1811/833 1241/1816/1241
f 1241/1816/1241 1237/1810/1237 1233/1804/1233
f 831/1817/831 1233/1804/1233 1244/1823/1244
f 1237/1810/1237 1241/1816/1241 833/1811/833
f 1235/1806/1235 1234/1805/1234 1245/1824/1245
f 1245/1824/1245 1234/1805/1234 1239/1814/1239
f 1234/1805/1234 1232/1802/1232 945/1801/945
f 587/1821/587 1240/1815/1240 1242/1819/1242
f 1246/1825/1246 1247/1826/1247 1243/1820/1243
f 1243/1820/1243 598/1822/598 1248/1827/1248
f 600/1828/600 1242/1819/1242 1236/1807/1236
f 1233/1804/1233 1235/1806/1235 1244/1823/1244
f 1242/1819/1242 600/1828/600 587/1821/587
f 1243/1820/1243 1248/1827/1248 1246/1825/1246
f 945/1801/945 948/1829/948 1236/1807/1236
f 1238/1813/1238 1240/1815/1240 1243/1820/1243
f 1239/1814/1239 1234/1805/1234 945/1801/945
f 1247/1826/1247 1246/1825/1246 1244/1823/1244
f 1236/1807/1236 948/1829/948 602/1808/602
f 1249/1830/1249 831/1817/831 1244/1823/1244
f 1239/1814/1239 1238/1813/1238 1245/1824/1245
f 1235/1806/1235 1247/1826/1247 1244/1823/1244
f 832/1831/832 831/1817/831 1249/1830/1249
f 939/1812/939 833/1811/833 837/1832/837
f 1238/1813/1238 1243/1820/1243 1247/1826/1247
f 1244/1823/1244 1246/1825/1246 1249/1830/1249
f 1247/1826/1247 1245/1824/1245 1238/1813/1238
f 1236/1807/1236 1240/1815/1240 1239/1814/1239
f 600/1828/600 1236/1807/1236 595/1809/595
f 1245/1824/1245 1247/1826/1247 1235/1806/1235
f 945/1801/945 1236/1807/1236 1239/1814/1239
f 1250/1833/1250 740/1834/740 742/1835/742
f 1251/1836/1251 407/1837/407 409/1838/409
f 1251/1836/1251 1252/1839/1252 405/1840/405
f 1253/1841/1253 1252/1839/1252 1251/1836/1251
f 1250/1833/1250 1254/1842/1254 740/1834/740
f 1252/1839/1252 1255/1843/1255 1256/1844/1256
f 1257/1845/1257 1254/1842/1254 1258/1846/1258
f 1259/1847/1259 1252/1839/1252 1256/1844/1256
f 1260/1848/1260 1255/1843/1255 1261/1849/1261
f 404/1850/404 1143/1851/1143 1142/1852/1142
f 1260/1848/1260 1261/1849/1261 1262/1853/1262
f 1155/1854/1155 1152/1855/1152 1259/1847/1259
f 1143/1851/1143 404/1850/404 399/1856/399
f 679/1857/679 1262/1853/1262 695/1858/695
f 1252/1839/1252 1259/1847/1259 405/1840/405
f 1255/1843/1255 1260/1848/1260 1256/1844/1256
f 1256/1844/1256 1263/1859/1263 1155/1854/1155
f 405/1840/405 1259/1847/1259 399/1856/399
f 1261/1849/1261 1264/1860/1264 1265/1861/1265
f 1253/1841/1253 1251/1836/1251 409/1838/409
f 1155/1854/1155 1259/1847/1259 1256/1844/1256
f 1258/1846/1258 1265/1861/1265 1264/1860/1264
f 1250/1833/1250 1258/1846/1258 1254/1842/1254
f 1260/1848/1260 1262/1853/1262 679/1857/679
f 1266/1862/1266 1261/1849/1261 1265/1861/1265
f 1257/1845/1257 1264/1860/1264 1261/1849/1261
f 399/1856/399 1259/1847/1259 1143/1851/1143
f 1255/1843/1255 1252/1839/1252 1253/1841/1253
f 1253/1841/1253 409/1838/409 1267/1863/1267
f 1253/1841/1253 1267/1863/1267 1257/1845/1257
f 734/1864/734 1254/1842/1254 1267/1863/1267
f 1261/1849/1261 1253/1841/1253 1257/1845/1257
f 1257/1845/1257 1267/1863/1267 1254/1842/1254
f 740/1834/740 1254/1842/1254 734/1864/734
f 1267/1863/1267 409/1838/409 734/1864/734
f 1259/1847/1259 1152/1855/1152 1143/1851/1143
f 1261/1849/1261 1255/1843/1255 1253/1841/1253
f 405/1840/405 407/1837/407 1251/1836/1251
f 1263/1859/1263 1260/1848/1260 679/1857/679
f 1256/1844/1256 1260/1848/1260 1263/1859/1263
f 1263/1859/1263 678/1865/678 1155/1854/1155
f 1266/1862/1266 1262/1853/1262 1261/1849/1261
f 1263/1859/1263 679/1857/679 678/1865/678
f 1264/1860/1264 1257/1845/1257 1258/1846/1258
f 1250/1833/1250 742/1835/742 746/1866/746
f 1268/1867/1268 1262/1853/1262 1266/1862/1266
f 1268/1867/1268 695/1858/695 1262/1853/1262
f 63/1868/63 1269/1869/1269 927/1870/927
f 1270/1871/1270 1271/1872/1271 1272/1873/1272
f 1273/1874/1273 1274/1875/1274 1275/1876/1275
f 1269/1869/1269 63/1868/63 1276/1877/1276
f 1277/1878/1277 1278/1879/1278 1273/1874/1273
f 1279/1880/1279 1276/1877/1276 1280/1881/1280
f 1281/1882/1281 1278/1879/1278 1282/1883/1282
f 1282/1883/1282 1283/1884/1283 972/1885/972
f 876/1886/876 1284/1887/1284 1272/1873/1272
f 929/1888/929 922/1889/922 927/1870/927
f 972/1885/972 968/1890/968 1282/1883/1282
f 1279/1880/1279 1269/1869/1269 1276/1877/1276
f 972/1885/972 1279/1880/1279 1280/1881/1280
f 955/1891/955 1271/1872/1271 1270/1871/1270
f 1283/1884/1283 1277/1878/1277 1279/1880/1279
f 1269/1869/1269 1285/1892/1285 927/1870/927
f 1102/1893/1102 929/1888/929 927/1870/927
f 954/1894/954 1271/1872/1271 955/1891/955
f 1275/1876/1275 927/1870/927 1285/1892/1285
f 1102/1893/1102 1286/1895/1286 1098/1896/1098
f 1287/1897/1287 1278/1879/1278 950/1898/950
f 1277/1878/1277 1283/1884/1283 1282/1883/1282
f 927/1870/927 1275/1876/1275 1102/1893/1102
f 1288/1899/1288 1275/1876/1275 1274/1875/1274
f 1270/1871/1270 1284/1887/1284 1287/1897/1287
f 1286/1895/1286 1274/1875/1274 1273/1874/1273
f 1288/1899/1288 1274/1875/1274 1102/1893/1102
f 1269/1869/1269 1279/1880/1279 1277/1878/1277
f 1278/1879/1278 1277/1878/1277 1282/1883/1282
f 1275/1876/1275 1288/1899/1288 1102/1893/1102
f 1284/1887/1284 875/1900/875 1273/1874/1273
f 1272/1873/1272 1284/1887/1284 1270/1871/1270
f 1279/1880/1279 972/1885/972 1283/1884/1283
f 1277/1878/1277 1285/1892/1285 1269/1869/1269
f 1286/1895/1286 1273/1874/1273 1098/1896/1098
f 1273/1874/1273 875/1900/875 1098/1896/1098
f 1102/1893/1102 1274/1875/1274 1286/1895/1286
f 875/1900/875 1284/1887/1284 876/1886/876
f 1281/1882/1281 968/1890/968 950/1898/950
f 1282/1883/1282 968/1890/968 1281/1882/1281
f 1277/1878/1277 1273/1874/1273 1285/1892/1285
f 1285/1892/1285 1273/1874/1273 1275/1876/1275
f 950/1898/950 1278/1879/1278 1281/1882/1281
f 1287/1897/1287 950/1898/950 949/1901/949
f 1287/1897/1287 949/1901/949 1270/1871/1270
f 1270/1871/1270 949/1901/949 955/1891/955
f 1284/1887/1284 1273/1874/1273 1287/1897/1287
f 1278/1879/1278 1287/1897/1287 1273/1874/1273
f 1049/1902/1049 1043/1903/1043 1289/1904/1289
f 1043/1903/1043 1290/1905/1290 1289/1904/1289
f 1291/1906/1291 1292/1907/1292 1293/1908/1293
f 1294/1909/1294 1293/1908/1293 1060/1910/1060
f 1295/1911/1295 1296/1912/1296 1297/1913/1297
f 1293/1908/1293 1298/1914/1298 1291/1906/1291
f 1297/1913/1297 1296/1912/1296 1298/1914/1298
f 1298/1914/1298 1296/1912/1296 1299/1915/1299
f 1289/1904/1289 1294/1909/1294 1049/1902/1049
f 1231/1916/1231 1292/1907/1292 1300/1917/1300
f 158/1918/158 1231/1916/1231 1300/1917/1300
f 360/1919/360 159/1920/159 1299/1915/1299
f 1300/1917/1300 1298/1914/1298 1299/1915/1299
f 1301/1921/1301 69/1922/69 98/1923/98
f 159/1920/159 1300/1917/1300 1299/1915/1299
f 1302/1924/1302 1303/1925/1303 1293/1908/1293
f 1289/1904/1289 1297/1913/1297 1298/1914/1298
f 1297/1913/1297 1304/1926/1304 1295/1911/1295
f 1292/1907/1292 1231/1916/1231 1302/1924/1302
f 1290/1905/1290 1304/1926/1304 1289/1904/1289
f 1049/1902/1049 1294/1909/1294 1047/1927/1047
f 1296/1912/1296 311/1928/311 358/1929/358
f 1293/1908/1293 1292/1907/1292 1302/1924/1302
f 1291/1906/1291 1300/1917/1300 1292/1907/1292
f 1294/1909/1294 1298/1914/1298 1293/1908/1293
f 1293/1908/1293 1303/1925/1303 1060/1910/1060
f 1296/1912/1296 358/1929/358 1299/1915/1299
f 1290/1905/1290 1043/1903/1043 189/1930/189
f 1302/1924/1302 1301/1921/1301 1303/1925/1303
f 1289/1904/1289 1304/1926/1304 1297/1913/1297
f 1304/1926/1304 188/1931/188 1305/1932/1305
f 1306/1933/1306 1305/1932/1305 1295/1911/1295
f 158/1918/158 1300/1917/1300 159/1920/159
f 1231/1916/1231 116/1934/116 1302/1924/1302
f 360/1919/360 1299/1915/1299 358/1929/358
f 188/1931/188 311/1928/311 1305/1932/1305
f 70/1935/70 69/1922/69 1301/1921/1301
f 1289/1904/1289 1298/1914/1298 1294/1909/1294
f 1303/1925/1303 98/1923/98 1061/1936/1061
f 189/1930/189 188/1931/188 1304/1926/1304
f 1291/1906/1291 1298/1914/1298 1300/1917/1300
f 189/1930/189 1304/1926/1304 1290/1905/1290
f 1303/1925/1303 1061/1936/1061 1060/1910/1060
f 1295/1911/1295 1304/1926/1304 1306/1933/1306
f 1296/1912/1296 1295/1911/1295 311/1928/311
f 1305/1932/1305 311/1928/311 1295/1911/1295
f 1305/1932/1305 1306/1933/1306 1304/1926/1304
f 1301/1921/1301 1302/1924/1302 70/1935/70
f 189/1930/189 1054/1937/1054 184/1938/184
f 1301/1921/1301 98/1923/98 1303/1925/1303
f 1302/1924/1302 116/1934/116 70/1935/70
f 189/1930/189 1043/1903/1043 1054/1937/1054
f 1294/1909/1294 1060/1910/1060 1047/1927/1047
f 1307/1939/1307 1308/1940/1308 1309/1941/1309
f 1310/1942/1310 224/1943/224 1311/1944/1311
f 1312/1945/1312 261/1946/261 1313/1947/1313
f 1311/1944/1311 1314/1948/1314 1315/1949/1315
f 1316/1950/1316 1317/1951/1317 1312/1945/1312
f 617/1952/617 1318/1953/1318 1319/1954/1319
f 1032/1955/1032 1317/1951/1317 1028/1956/1028
f 1320/1957/1320 1321/1958/1321 1032/1955/1032
f 1315/1949/1315 1314/1948/1314 1032/1955/1032
f 1309/1941/1309 271/1959/271 272/1960/272
f 1322/1961/1322 1323/1962/1323 1324/1963/1324
f 517/1964/517 619/1965/619 1325/1966/1325
f 1324/1963/1324 1310/1942/1310 1321/1958/1321
f 1311/1944/1311 1326/1967/1326 1314/1948/1314
f 1311/1944/1311 1315/1949/1315 1321/1958/1321
f 1323/1962/1323 1310/1942/1310 1324/1963/1324
f 1314/1948/1314 258/1968/258 260/1969/260
f 224/1943/224 220/1970/220 1326/1967/1326
f 271/1959/271 1309/1941/1309 1308/1940/1308
f 1325/1966/1325 605/1971/605 1327/1972/1327
f 1309/1941/1309 1028/1956/1028 1316/1950/1316
f 1324/1963/1324 1320/1957/1320 1322/1961/1322
f 1317/1951/1317 1032/1955/1032 260/1969/260
f 619/1965/619 605/1971/605 1325/1966/1325
f 1312/1945/1312 1307/1939/1307 1316/1950/1316
f 1028/1956/1028 1317/1951/1317 1316/1950/1316
f 1320/1957/1320 1032/1955/1032 1038/1973/1038
f 1326/1967/1326 220/1970/220 1314/1948/1314
f 512/1974/512 517/1964/517 1322/1961/1322
f 1307/1939/1307 1312/1945/1312 1313/1947/1313
f 1312/1945/1312 1317/1951/1317 260/1969/260
f 1313/1947/1313 262/1975/262 1307/1939/1307
f 1318/1953/1318 617/1952/617 267/1976/267
f 1320/1957/1320 1324/1963/1324 1321/1958/1321
f 1314/1948/1314 221/1977/221 258/1968/258
f 1325/1966/1325 1327/1972/1327 1323/1962/1323
f 1311/1944/1311 224/1943/224 1326/1967/1326
f 1321/1958/1321 1310/1942/1310 1311/1944/1311
f 1315/1949/1315 1032/1955/1032 1321/1958/1321
f 618/1978/618 617/1952/617 1319/1954/1319
f 1309/1941/1309 1316/1950/1316 1307/1939/1307
f 1032/1955/1032 1314/1948/1314 260/1969/260
f 260/1969/260 261/1946/261 1312/1945/1312
f 1322/1961/1322 517/1964/517 1325/1966/1325
f 1318/1953/1318 267/1976/267 1308/1940/1308
f 220/1970/220 221/1977/221 1314/1948/1314
f 1308/1940/1308 267/1976/267 271/1959/271
f 1038/1973/1038 512/1974/512 1322/1961/1322
f 1322/1961/1322 1320/1957/1320 1038/1973/1038
f 1309/1941/1309 272/1960/272 1028/1956/1028
f 1323/1962/1323 225/1979/225 1310/1942/1310
f 1322/1961/1322 1325/1966/1325 1323/1962/1323
f 224/1943/224 1310/1942/1310 225/1979/225
f 261/1946/261 262/1975/262 1313/1947/1313
f 1328/1980/1328 1329/1981/1329 1330/1982/1330
f 1331/1983/1331 1332/1984/1332 1333/1985/1333
f 1332/1984/1332 1334/1986/1334 1335/1987/1335
f 1336/1988/1336 1328/1980/1328 1330/1982/1330
f 1333/1985/1333 1335/1987/1335 1337/1989/1337
f 1338/1990/1338 1335/1987/1335 1334/1986/1334
f 1333/1985/1333 1332/1984/1332 1335/1987/1335
f 1339/1991/1339 1340/1992/1340 1332/1984/1332
f 1341/1993/1341 1330/1982/1330 1329/1981/1329
f 1329/1981/1329 1342/1994/1342 1338/1990/1338
f 1343/1995/1343 1331/1983/1331 1337/1989/1337
f 1344/1996/1344 1328/1980/1328 1336/1988/1336
f 1328/1980/1328 1344/1996/1344 1345/1997/1345
f 1328/1980/1328 1342/1994/1342 1329/1981/1329
f 1346/1998/1346 673/1999/673 665/2000/665
f 662/2001/662 1347/2002/1347 1348/2003/1348
f 1348/2003/1348 1349/2004/1349 662/2001/662
f 1350/2005/1350 1340/1992/1340 1351/2006/1351
f 1352/2007/1352 1353/2008/1353 1354/2009/1354
f 1337/1989/1337 1331/1983/1331 1333/1985/1333
f 1341/1993/1341 1352/2007/1352 1355/2010/1355
f 1356/2011/1356 1348/2003/1348 1347/2002/1347
f 665/2000/665 1345/1997/1345 1344/1996/1344
f 1347/2002/1347 1346/1998/1346 1357/2012/1357
f 1358/2013/1358 1359/2014/1359 1345/1997/1345
f 1353/2008/1353 1356/2011/1356 1354/2009/1354
f 1328/1980/1328 1345/1997/1345 1342/1994/1342
f 1353/2008/1353 1340/1992/1340 1350/2005/1350
f 662/2001/662 673/1999/673 1347/2002/1347
f 1347/2002/1347 673/1999/673 1346/1998/1346
f 668/2015/668 1345/1997/1345 665/2000/665
f 1346/1998/1346 1344/1996/1344 1336/1988/1336
f 1355/2010/1355 1352/2007/1352 1354/2009/1354
f 1341/1993/1341 1355/2010/1355 1330/1982/1330
f 1345/1997/1345 668/2015/668 1358/2013/1358
f 1344/1996/1344 1346/1998/1346 665/2000/665
f 1339/1991/1339 1351/2006/1351 1340/1992/1340
f 1354/2009/1354 1347/2002/1347 1357/2012/1357
f 1359/2014/1359 1342/1994/1342 1345/1997/1345
f 1332/1984/1332 1340/1992/1340 1352/2007/1352
f 1346/1998/1346 1336/1988/1336 1357/2012/1357
f 1356/2011/1356 1347/2002/1347 1354/2009/1354
f 1334/1986/1334 1341/1993/1341 1329/1981/1329
f 1330/1982/1330 1357/2012/1357 1336/1988/1336
f 1354/2009/1354 1357/2012/1357 1355/2010/1355
f 1330/1982/1330 1355/2010/1355 1357/2012/1357
f 1338/1990/1338 1334/1986/1334 1329/1981/1329
f 1331/1983/1331 1339/1991/1339 1332/1984/1332
f 1360/2016/1360 1356/2011/1356 1353/2008/1353
f 1332/1984/1332 1341/1993/1341 1334/1986/1334
f 1360/2016/1360 1353/2008/1353 1350/2005/1350
f 1353/2008/1353 1352/2007/1352 1340/1992/1340
f 1337/1989/1337 1361/2017/1361 1343/1995/1343
f 1341/1993/1341 1332/1984/1332 1352/2007/1352
f 1362/2018/1362 1363/2019/1363 1364/2020/1364
f 1365/2021/1365 1366/2022/1366 1367/2023/1367
f 1368/2024/1368 1369/2025/1369 1370/2026/1370
f 1370/2026/1370 1371/2027/1371 1372/2028/1372
f 1370/2026/1370 674/2029/674 1368/2024/1368
f 1368/2024/1368 1373/2030/1373 1369/2025/1369
f 1368/2024/1368 1364/2020/1364 1373/2030/1373
f 1370/2026/1370 1369/2025/1369 1374/2031/1374
f 1375/2032/1375 1376/2033/1376 1377/2034/1377
f 1378/2035/1378 1379/2036/1379 1371/2027/1371
f 1369/2025/1369 1371/2027/1371 1374/2031/1374
f 1378/2035/1378 1369/2025/1369 1375/2032/1375
f 1380/2037/1380 1381/2038/1381 1382/2039/1382
f 1372/2028/1372 1383/2040/1383 675/2041/675
f 500/2042/500 1381/2038/1381 496/2043/496
f 1382/2039/1382 1363/2019/1363 1380/2037/1380
f 1373/2030/1373 1364/2020/1364 1363/2019/1363
f 1384/2044/1384 1369/2025/1369 1373/2030/1373
f 1365/2021/1365 1385/2045/1385 1366/2022/1366
f 1382/2039/1382 492/2046/492 1386/2047/1386
f 1383/2040/1383 1387/2048/1387 675/2041/675
f 1376/2033/1376 1375/2032/1375 1367/2023/1367
f 1367/2023/1367 1388/2049/1388 1389/2050/1389
f 1383/2040/1383 1372/2028/1372 1371/2027/1371
f 1369/2025/1369 1365/2021/1365 1375/2032/1375
f 1362/2018/1362 1380/2037/1380 1363/2019/1363
f 674/2029/674 1370/2026/1370 1372/2028/1372
f 492/2046/492 1382/2039/1382 500/2042/500
f 492/2046/492 1385/2045/1385 1386/2047/1386
f 492/2046/492 491/2051/491 1385/2045/1385
f 1362/2018/1362 1364/2020/1364 694/2052/694
f 1386/2047/1386 1384/2044/1384 1363/2019/1363
f 1390/2053/1390 1371/2027/1371 1379/2036/1379
f 1366/2022/1366 1385/2045/1385 491/2051/491
f 497/2054/497 1366/2022/1366 491/2051/491
f 693/2055/693 1364/2020/1364 1368/2024/1368
f 1369/2025/1369 1378/2035/1378 1371/2027/1371
f 693/2055/693 1368/2024/1368 674/2029/674
f 1373/2030/1373 1363/2019/1363 1384/2044/1384
f 1386/2047/1386 1385/2045/1385 1384/2044/1384
f 1363/2019/1363 1382/2039/1382 1386/2047/1386
f 1388/2049/1388 1366/2022/1366 497/2054/497
f 1377/2034/1377 1378/2035/1378 1375/2032/1375
f 1371/2027/1371 1370/2026/1370 1374/2031/1374
f 1369/2025/1369 1384/2044/1384 1365/2021/1365
f 675/2041/675 1387/2048/1387 682/2056/682
f 1388/2049/1388 1367/2023/1367 1366/2022/1366
f 1389/2050/1389 1376/2033/1376 1367/2023/1367
f 1365/2021/1365 1367/2023/1367 1375/2032/1375
f 1384/2044/1384 1385/2045/1385 1365/2021/1365
f 1382/2039/1382 1381/2038/1381 500/2042/500
f 1372/2028/1372 675/2041/675 674/2029/674
f 694/2052/694 1364/2020/1364 693/2055/693
f 1383/2040/1383 1371/2027/1371 1390/2053/1390
f 1391/2057/1391 1392/2058/1392 1393/2059/1393
f 1392/2058/1392 1394/2060/1394 1393/2059/1393
f 1395/2061/1395 1394/2060/1394 1392/2058/1392
f 1391/2057/1391 1396/2062/1396 1397/2063/1397
f 1396/2062/1396 1398/2064/1398 1397/2063/1397
f 1399/2065/1399 1400/2066/1400 1391/2057/1391
f 1396/2062/1396 1391/2057/1391 1400/2066/1400
f 1396/2062/1396 1401/2067/1401 1398/2064/1398
f 1401/2067/1401 1396/2062/1396 1400/2066/1400
f 1402/2068/1402 1403/2069/1403 1400/2066/1400
f 1403/2069/1403 1401/2067/1401 1400/2066/1400
f 1400/2066/1400 1399/2065/1399 1402/2068/1402
f 1391/2057/1391 1397/2063/1397 1392/2058/1392
f 1397/2063/1397 1404/2070/1404 1392/2058/1392
f 1405/2071/1405 1406/2072/1406 1402/2068/1402
f 1406/2072/1406 1405/2071/1405 1407/2073/1407
f 1408/2074/1408 1405/2071/1405 1402/2068/1402
f 1409/2075/1409 1405/2071/1405 1408/2074/1408
f 1399/2065/1399 1408/2074/1408 1402/2068/1402
f 1405/2071/1405 1409/2075/1409 1410/2076/1410
f 1411/2077/1411 1409/2075/1409 1399/2065/1399
f 1391/2057/1391 1411/2077/1411 1399/2065/1399
f 1405/2071/1405 1410/2076/1410 1407/2073/1407
f 1411/2077/1411 1391/2057/1391 1393/2059/1393
f 1411/2077/1411 1393/2059/1393 1412/2078/1412
f 1407/2073/1407 1413/2079/1413 1406/2072/1406
f 1399/2065/1399 1409/2075/1409 1408/2074/1408
f 1414/2080/1414 1410/2076/1410 1409/2075/1409
f 1409/2075/1409 1412/2078/1412 1414/2080/1414
f 1411/2077/1411 1412/2078/1412 1409/2075/1409
f 1393/2059/1393 1394/2060/1394 29/2081/29
f 29/2081/29 1412/2078/1412 1393/2059/1393
f 1415/2082/1415 1416/2083/1416 1417/2084/1417
f 1418/2085/1418 1404/2070/1404 1417/2084/1417
f 1417/2084/1417 1419/2086/1419 1420/2087/1420
f 1421/2088/1421 1422/2089/1422 1416/2083/1416
f 1419/2086/1419 1423/2090/1423 1424/2091/1424
f 1419/2086/1419 1422/2089/1422 1423/2090/1423
f 1415/2082/1415 1421/2088/1421 1416/2083/1416
f 1419/2086/1419 1417/2084/1417 1416/2083/1416
f 1420/2087/1420 1418/2085/1418 1417/2084/1417
f 1424/2091/1424 1423/2090/1423 1425/2092/1425
f 1417/2084/1417 1404/2070/1404 1415/2082/1415
f 1422/2089/1422 1419/2086/1419 1416/2083/1416
f 1420/2087/1420 1419/2086/1419 1424/2091/1424
f 1392/2058/1392 1404/2070/1404 1418/2085/1418
f 1392/2058/1392 1418/2085/1418 1395/2061/1395
f 1426/2093/1426 1427/2094/1427 1397/2063/1397
f 1427/2094/1427 1426/2093/1426 1415/2082/1415
f 1397/2063/1397 1428/2095/1428 1426/2093/1426
f 1426/2093/1426 1428/2095/1428 1429/2096/1429
f 1398/2064/1398 1428/2095/1428 1397/2063/1397
f 1426/2093/1426 1421/2088/1421 1415/2082/1415
f 1404/2070/1404 1427/2094/1427 1415/2082/1415
f 1397/2063/1397 1427/2094/1427 1404/2070/1404
f 1421/2088/1421 1426/2093/1426 1429/2096/1429
f 1199/2097/1199 1430/2098/1430 1431/2099/1431
f 1432/2100/1432 1433/2101/1433 1434/2102/1434
f 1435/2103/1435 1436/2104/1436 1437/2105/1437
f 1199/2097/1199 1436/2104/1436 1430/2098/1430
f 395/2106/395 1199/2097/1199 1431/2099/1431
f 1438/2107/1438 1439/2108/1439 1440/2109/1440
f 1441/2110/1441 1442/2111/1442 931/2112/931
f 1443/2113/1443 1444/2114/1444 878/2115/878
f 1436/2104/1436 1435/2103/1435 1438/2107/1438
f 1437/2105/1437 1436/2104/1436 1199/2097/1199
f 1437/2105/1437 1195/2116/1195 1197/2117/1197
f 1443/2113/1443 1437/2105/1437 1444/2114/1444
f 1445/2118/1445 1446/2119/1446 1439/2108/1439
f 1430/2098/1430 1436/2104/1436 1440/2109/1440
f 1107/2120/1107 1445/2118/1445 1441/2110/1441
f 1437/2105/1437 1199/2097/1199 1195/2116/1195
f 1439/2108/1439 1430/2098/1430 1440/2109/1440
f 1433/2101/1433 1432/2100/1432 1438/2107/1438
f 931/2112/931 1114/2121/1114 1441/2110/1441
f 1431/2099/1431 394/2122/394 395/2106/395
f 1430/2098/1430 1439/2108/1439 1446/2119/1446
f 1444/2114/1444 1437/2105/1437 1197/2117/1197
f 931/2112/931 1442/2111/1442 928/2123/928
f 1447/2124/1447 1438/2107/1438 1435/2103/1435
f 1438/2107/1438 1448/2125/1448 1433/2101/1433
f 880/2126/880 910/2127/910 1448/2125/1448
f 1441/2110/1441 1434/2102/1434 1442/2111/1442
f 1447/2124/1447 1443/2113/1443 1448/2125/1448
f 1436/2104/1436 1438/2107/1438 1440/2109/1440
f 1432/2100/1432 1445/2118/1445 1439/2108/1439
f 394/2122/394 1446/2119/1446 386/2128/386
f 421/2129/421 1197/2117/1197 1207/2130/1207
f 421/2129/421 420/2131/420 1197/2117/1197
f 1435/2103/1435 1437/2105/1437 1443/2113/1443
f 421/2129/421 1214/2132/1214 418/2133/418
f 1432/2100/1432 1439/2108/1439 1438/2107/1438
f 1434/2102/1434 1441/2110/1441 1432/2100/1432
f 1435/2103/1435 1443/2113/1443 1447/2124/1447
f 1441/2110/1441 1114/2121/1114 1105/2134/1105
f 1448/2125/1448 1438/2107/1438 1447/2124/1447
f 420/2131/420 878/2115/878 1444/2114/1444
f 880/2126/880 1443/2113/1443 878/2115/878
f 1433/2101/1433 1442/2111/1442 1434/2102/1434
f 390/2135/390 386/2128/386 1446/2119/1446
f 1443/2113/1443 880/2126/880 1448/2125/1448
f 1444/2114/1444 1197/2117/1197 420/2131/420
f 421/2129/421 1207/2130/1207 1214/2132/1214
f 1442/2111/1442 1433/2101/1433 1448/2125/1448
f 1445/2118/1445 1432/2100/1432 1441/2110/1441
f 1442/2111/1442 1448/2125/1448 909/2136/909
f 909/2136/909 928/2123/928 1442/2111/1442
f 1446/2119/1446 1445/2118/1445 390/2135/390
f 1445/2118/1445 1107/2120/1107 390/2135/390
f 1431/2099/1431 1430/2098/1430 394/2122/394
f 910/2127/910 909/2136/909 1448/2125/1448
f 394/2122/394 1430/2098/1430 1446/2119/1446
f 1107/2120/1107 1441/2110/1441 1105/2134/1105
f 1085/2137/1085 1449/2138/1449 1450/2139/1450
f 1451/2140/1451 1452/2141/1452 1453/2142/1453
f 1454/2143/1454 1455/2144/1455 1456/2145/1456
f 1457/2146/1457 1451/2140/1451 1458/2147/1458
f 1459/2148/1459 1460/2149/1460 1461/2150/1461
f 1462/2151/1462 1463/2152/1463 1458/2147/1458
f 1454/2143/1454 1464/2153/1464 1459/2148/1459
f 1092/2154/1092 1452/2141/1452 1465/2155/1465
f 1450/2139/1450 1453/2142/1453 1452/2141/1452
f 1085/2137/1085 1452/2141/1452 1092/2154/1092
f 1466/2156/1466 1451/2140/1451 1467/2157/1467
f 1452/2141/1452 1085/2137/1085 1450/2139/1450
f 1468/2158/1468 1457/2146/1457 1464/2153/1464
f 1469/2159/1469 1075/2160/1075 1074/2161/1074
f 1464/2153/1464 1457/2146/1457 1459/2148/1459
f 1470/2162/1470 1471/2163/1471 1468/2158/1468
f 1467/2157/1467 1468/2158/1468 1471/2163/1471
f 1080/2164/1080 1449/2138/1449 1085/2137/1085
f 1075/2160/1075 1469/2159/1469 1472/2165/1472
f 1461/2150/1461 1455/2144/1455 1454/2143/1454
f 1469/2159/1469 1473/2166/1473 1472/2165/1472
f 1087/2167/1087 1075/2160/1075 1472/2165/1472
f 1472/2165/1472 1449/2138/1449 1087/2167/1087
f 1473/2166/1473 1474/2168/1474 1475/2169/1475
f 1449/2138/1449 1476/2170/1476 1450/2139/1450
f 1475/2169/1475 1476/2170/1476 1473/2166/1473
f 1477/2171/1477 1450/2139/1450 1478/2172/1478
f 1479/2173/1479 1454/2143/1454 1456/2145/1456
f 1459/2148/1459 1463/2152/1463 1460/2149/1460
f 1462/2151/1462 1480/2174/1480 1463/2152/1463
f 1453/2142/1453 1450/2139/1450 1477/2171/1477
f 1479/2173/1479 1470/2162/1470 1454/2143/1454
f 1455/2144/1455 1461/2150/1461 1481/2175/1481
f 1464/2153/1464 1470/2162/1470 1468/2158/1468
f 1454/2143/1454 1470/2162/1470 1464/2153/1464
f 1454/2143/1454 1459/2148/1459 1461/2150/1461
f 1463/2152/1463 1457/2146/1457 1458/2147/1458
f 1462/2151/1462 1458/2147/1458 1477/2171/1477
f 1474/2168/1474 1482/2176/1482 1478/2172/1478
f 1474/2168/1474 1478/2172/1478 1476/2170/1476
f 1460/2149/1460 1463/2152/1463 1480/2174/1480
f 1477/2171/1477 1482/2176/1482 1462/2151/1462
f 1483/2177/1483 1480/2174/1480 1462/2151/1462
f 1449/2138/1449 1080/2164/1080 1087/2167/1087
f 1482/2176/1482 1483/2177/1483 1462/2151/1462
f 1473/2166/1473 1449/2138/1449 1472/2165/1472
f 1473/2166/1473 1476/2170/1476 1449/2138/1449
f 1476/2170/1476 1475/2169/1475 1474/2168/1474
f 1461/2150/1461 1460/2149/1460 1481/2175/1481
f 1463/2152/1463 1459/2148/1459 1457/2146/1457
f 1478/2172/1478 1482/2176/1482 1477/2171/1477
f 1457/2146/1457 1468/2158/1468 1467/2157/1467
f 1450/2139/1450 1476/2170/1476 1478/2172/1478
f 1467/2157/1467 1471/2163/1471 1466/2156/1466
f 1465/2155/1465 1452/2141/1452 1466/2156/1466
f 1467/2157/1467 1451/2140/1451 1457/2146/1457
f 1458/2147/1458 1451/2140/1451 1453/2142/1453
f 1451/2140/1451 1466/2156/1466 1452/2141/1452
f 1453/2142/1453 1477/2171/1477 1458/2147/1458
f 1484/2178/1484 1485/2179/1485 1486/2180/1486
f 1485/2179/1485 1487/2181/1487 1488/2182/1488
f 1182/2183/1182 1489/2184/1489 1490/2185/1490
f 1485/2179/1485 1484/2178/1484 1487/2181/1487
f 1487/2181/1487 1491/2186/1491 1492/2187/1492
f 1187/2188/1187 1493/2189/1493 1186/2190/1186
f 1187/2188/1187 1494/2191/1494 1493/2189/1493
f 1182/2183/1182 558/2192/558 557/2193/557
f 1186/2190/1186 1493/2189/1493 1495/2194/1495
f 1496/2195/1496 1497/2196/1497 150/2197/150
f 1495/2194/1495 1493/2189/1493 1496/2195/1496
f 1498/2198/1498 1499/2199/1499 1500/2200/1500
f 1497/2196/1497 1501/2201/1501 1498/2198/1498
f 1493/2189/1493 1502/2202/1502 1487/2181/1487
f 1494/2191/1494 1187/2188/1187 1503/2203/1503
f 1502/2202/1502 1493/2189/1493 1494/2191/1494
f 1501/2201/1501 1496/2195/1496 1504/2204/1504
f 562/2205/562 1494/2191/1494 563/2206/563
f 1496/2195/1496 1493/2189/1493 1504/2204/1504
f 1504/2204/1504 1487/2181/1487 1484/2178/1484
f 1497/2196/1497 1496/2195/1496 1501/2201/1501
f 1484/2178/1484 1501/2201/1501 1504/2204/1504
f 1505/2207/1505 634/2208/634 148/2209/148
f 1505/2207/1505 1500/2200/1500 1499/2199/1499
f 1499/2199/1499 1506/2210/1506 634/2208/634
f 1182/2183/1182 1490/2185/1490 558/2192/558
f 1500/2200/1500 150/2197/150 1497/2196/1497
f 1490/2185/1490 1507/2211/1507 558/2192/558
f 634/2208/634 1506/2210/1506 635/2212/635
f 150/2197/150 1495/2194/1495 1496/2195/1496
f 1502/2202/1502 562/2205/562 1507/2211/1507
f 1498/2198/1498 1508/2213/1508 1499/2199/1499
f 1505/2207/1505 150/2197/150 1500/2200/1500
f 1495/2194/1495 150/2197/150 147/2214/147
f 1498/2198/1498 1501/2201/1501 1484/2178/1484
f 1485/2179/1485 1488/2182/1488 1509/2215/1509
f 1502/2202/1502 1490/2185/1490 1487/2181/1487
f 1491/2186/1491 1487/2181/1487 1490/2185/1490
f 1494/2191/1494 1503/2203/1503 563/2206/563
f 1491/2186/1491 1510/2216/1510 1492/2187/1492
f 1491/2186/1491 1490/2185/1490 1510/2216/1510
f 1507/2211/1507 1490/2185/1490 1502/2202/1502
f 1494/2191/1494 562/2205/562 1502/2202/1502
f 1508/2213/1508 1506/2210/1506 1499/2199/1499
f 1497/2196/1497 1498/2198/1498 1500/2200/1500
f 1508/2213/1508 1498/2198/1498 1486/2180/1486
f 1488/2182/1488 1487/2181/1487 1492/2187/1492
f 1489/2184/1489 1510/2216/1510 1490/2185/1490
f 1486/2180/1486 1498/2198/1498 1484/2178/1484
f 1486/2180/1486 1511/2217/1511 1508/2213/1508
f 1485/2179/1485 1509/2215/1509 1511/2217/1511
f 1186/2190/1186 1495/2194/1495 1169/2218/1169
f 1505/2207/1505 148/2209/148 150/2197/150
f 1512/2219/1512 1492/2187/1492 1510/2216/1510
f 558/2192/558 1507/2211/1507 562/2205/562
f 1486/2180/1486 1485/2179/1485 1511/2217/1511
f 1505/2207/1505 1499/2199/1499 634/2208/634
f 1504/2204/1504 1493/2189/1493 1487/2181/1487
f 1512/2219/1512 1488/2182/1488 1492/2187/1492
f 1513/2220/1513 1514/2221/1514 1515/2222/1515
f 1516/2223/1516 1517/2224/1517 1518/2225/1518
f 1519/2226/1519 1516/2223/1516 1518/2225/1518
f 622/2227/622 1517/2224/1517 1520/2228/1520
f 632/2229/632 622/2227/622 1520/2228/1520
f 1520/2228/1520 1517/2224/1517 1516/2223/1516
f 1521/2230/1521 1522/2231/1522 1523/2232/1523
f 1522/2231/1522 1524/2233/1524 1525/2234/1525
f 1519/2226/1519 1526/2235/1526 1520/2228/1520
f 1519/2226/1519 1525/2234/1525 1527/2236/1527
f 632/2229/632 1520/2228/1520 1526/2235/1526
f 1528/2237/1528 632/2229/632 1526/2235/1526
f 1524/2233/1524 1521/2230/1521 1529/2238/1529
f 1513/2220/1513 1530/2239/1530 1514/2221/1514
f 1523/2232/1523 1522/2231/1522 1531/2240/1531
f 1529/2238/1529 1521/2230/1521 1523/2232/1523
f 1520/2228/1520 1516/2223/1516 1519/2226/1519
f 1525/2234/1525 1524/2233/1524 1527/2236/1527
f 1521/2230/1521 1524/2233/1524 1522/2231/1522
f 1529/2238/1529 1523/2232/1523 1532/2241/1532
f 1533/2242/1533 1527/2236/1527 1524/2233/1524
f 521/2243/521 625/2244/625 1528/2237/1528
f 1526/2235/1526 1527/2236/1527 1528/2237/1528
f 625/2244/625 632/2229/632 1528/2237/1528
f 1528/2237/1528 1533/2242/1533 521/2243/521
f 1527/2236/1527 1533/2242/1533 1528/2237/1528
f 1534/2245/1534 1515/2222/1515 1514/2221/1514
f 1532/2241/1532 1535/2246/1535 1529/2238/1529
f 1532/2241/1532 1536/2247/1536 1535/2246/1535
f 1529/2238/1529 1533/2242/1533 1524/2233/1524
f 1532/2241/1532 1513/2220/1513 1536/2247/1536
f 1514/2221/1514 1537/2248/1537 1538/2249/1538
f 1539/2250/1539 1513/2220/1513 1532/2241/1532
f 1535/2246/1535 1540/2251/1540 1533/2242/1533
f 1534/2245/1534 1514/2221/1514 1538/2249/1538
f 1539/2250/1539 1532/2241/1532 1523/2232/1523
f 1535/2246/1535 1536/2247/1536 1540/2251/1540
f 1515/2222/1515 1536/2247/1536 1513/2220/1513
f 1526/2235/1526 1519/2226/1519 1527/2236/1527
f 1541/2252/1541 525/2253/525 1540/2251/1540
f 1536/2247/1536 1541/2252/1541 1540/2251/1540
f 1538/2249/1538 723/2254/723 1542/2255/1542
f 1538/2249/1538 1537/2248/1537 1543/2256/1543
f 521/2243/521 1533/2242/1533 1540/2251/1540
f 1540/2251/1540 525/2253/525 521/2243/521
f 1539/2250/1539 1523/2232/1523 1531/2240/1531
f 1543/2256/1543 722/2257/722 723/2254/723
f 1537/2248/1537 1514/2221/1514 1544/2258/1544
f 1529/2238/1529 1535/2246/1535 1533/2242/1533
f 1530/2239/1530 1513/2220/1513 1539/2250/1539
f 1534/2245/1534 1542/2255/1542 1515/2222/1515
f 1542/2255/1542 712/2259/712 532/2260/532
f 1542/2255/1542 723/2254/723 712/2259/712
f 1542/2255/1542 532/2260/532 1515/2222/1515
f 532/2260/532 525/2253/525 1515/2222/1515
f 1541/2252/1541 1536/2247/1536 1515/2222/1515
f 1543/2256/1543 723/2254/723 1538/2249/1538
f 1541/2252/1541 1515/2222/1515 525/2253/525
f 1544/2258/1544 1514/2221/1514 1530/2239/1530
f 1538/2249/1538 1542/2255/1542 1534/2245/1534
f 1545/2261/1545 1546/2262/1546 1547/2263/1547
f 1548/2264/1548 1549/2265/1549 1550/2266/1550
f 1551/2267/1551 1552/2268/1552 215/2269/215
f 1549/2265/1549 214/2270/214 1550/2266/1550
f 1547/2263/1547 1553/2271/1553 1554/2272/1554
f 1554/2272/1554 1548/2264/1548 1550/2266/1550
f 215/2269/215 1555/2273/1555 1551/2267/1551
f 214/2270/214 210/2274/210 1550/2266/1550
f 1556/2275/1556 1553/2271/1553 1546/2262/1546
f 1552/2268/1552 211/2276/211 215/2269/215
f 1553/2271/1553 1556/2275/1556 1557/2277/1557
f 1546/2262/1546 1545/2261/1545 860/2278/860
f 1546/2262/1546 1553/2271/1553 1547/2263/1547
f 1554/2272/1554 210/2274/210 1552/2268/1552
f 1553/2271/1553 1548/2264/1548 1554/2272/1554
f 841/2279/841 860/2278/860 1545/2261/1545
f 1558/2280/1558 1549/2265/1549 1548/2264/1548
f 841/2279/841 1545/2261/1545 1551/2267/1551
f 1553/2271/1553 1557/2277/1557 1548/2264/1548
f 53/2281/53 52/2282/52 1559/2283/1559
f 210/2274/210 1554/2272/1554 1550/2266/1550
f 1545/2261/1545 1552/2268/1552 1551/2267/1551
f 1546/2262/1546 860/2278/860 1560/2284/1560
f 1552/2268/1552 1545/2261/1545 1547/2263/1547
f 211/2276/211 1552/2268/1552 210/2274/210
f 851/2285/851 215/2269/215 213/2286/213
f 1561/2287/1561 1562/2288/1562 1563/2289/1563
f 1560/2284/1560 1556/2275/1556 1546/2262/1546
f 1564/2290/1564 1559/2283/1559 52/2282/52
f 1565/2291/1565 1566/2292/1566 1567/2293/1567
f 1555/2273/1555 215/2269/215 851/2285/851
f 1567/2293/1567 1561/2287/1561 118/2294/118
f 1568/2295/1568 1569/2296/1569 1570/2297/1570
f 1571/2298/1571 1562/2288/1562 1566/2292/1566
f 1563/2289/1563 1564/2290/1564 199/2299/199
f 1566/2292/1566 1565/2291/1565 1571/2298/1571
f 1572/2300/1572 1573/2301/1573 1571/2298/1571
f 1565/2291/1565 1570/2297/1570 1569/2296/1569
f 1561/2287/1561 117/2302/117 118/2294/118
f 1551/2267/1551 1555/2273/1555 841/2279/841
f 117/2302/117 1561/2287/1561 199/2299/199
f 1556/2275/1556 1571/2298/1571 1557/2277/1557
f 1568/2295/1568 1570/2297/1570 1574/2303/1574
f 1561/2287/1561 1563/2289/1563 199/2299/199
f 1556/2275/1556 1572/2300/1572 1571/2298/1571
f 1560/2284/1560 1572/2300/1572 1556/2275/1556
f 1552/2268/1552 1547/2263/1547 1554/2272/1554
f 1571/2298/1571 1573/2301/1573 1562/2288/1562
f 1570/2297/1570 1565/2291/1565 1567/2293/1567
f 1570/2297/1570 1567/2293/1567 1574/2303/1574
f 199/2299/199 1564/2290/1564 52/2282/52
f 1573/2301/1573 1575/2304/1575 1562/2288/1562
f 1557/2277/1557 1571/2298/1571 1565/2291/1565
f 1548/2264/1548 1569/2296/1569 1558/2280/1558
f 1557/2277/1557 1565/2291/1565 1569/2296/1569
f 1548/2264/1548 1557/2277/1557 1569/2296/1569
f 1574/2303/1574 1567/2293/1567 118/2294/118
f 1562/2288/1562 1561/2287/1561 1567/2293/1567
f 1562/2288/1562 1567/2293/1567 1566/2292/1566
f 1572/2300/1572 1575/2304/1575 1573/2301/1573
f 1555/2273/1555 851/2285/851 841/2279/841
f 1563/2289/1563 1562/2288/1562 1575/2304/1575
f 1558/2280/1558 1569/2296/1569 1568/2295/1568
f 660/2305/660 1576/2306/1576 1577/2307/1577
f 1578/2308/1578 255/2309/255 672/2310/672
f 255/2309/255 1579/2311/1579 256/2312/256
f 1580/2313/1580 1581/2314/1581 1582/2315/1582
f 1583/2316/1583 1577/2307/1577 1584/2317/1584
f 1582/2315/1582 1585/2318/1585 1580/2313/1580
f 1586/2319/1586 854/2320/854 1584/2317/1584
f 1582/2315/1582 1587/2321/1587 1588/2322/1588
f 1577/2307/1577 672/2310/672 671/2323/671
f 1589/2324/1589 1587/2321/1587 1582/2315/1582
f 1584/2317/1584 853/2325/853 1583/2316/1583
f 1590/2326/1590 1579/2311/1579 1585/2318/1585
f 1591/2327/1591 1581/2314/1581 1592/2328/1592
f 256/2312/256 1593/2329/1593 257/2330/257
f 1594/2331/1594 856/2332/856 1595/2333/1595
f 1587/2321/1587 1589/2324/1589 1591/2327/1591
f 1577/2307/1577 1583/2316/1583 1596/2334/1596
f 1581/2314/1581 1597/2335/1597 1592/2328/1592
f 856/2332/856 1594/2331/1594 1598/2336/1598
f 1597/2335/1597 1594/2331/1594 1595/2333/1595
f 1348/2337/1348 1586/2319/1586 1599/2338/1599
f 1590/2326/1590 1593/2329/1593 256/2312/256
f 1576/2306/1576 660/2305/660 1349/2339/1349
f 1596/2334/1596 1583/2316/1583 1600/2340/1600
f 1594/2331/1594 1597/2335/1597 1581/2314/1581
f 1576/2306/1576 1348/2337/1348 1599/2338/1599
f 662/2341/662 1349/2339/1349 660/2305/660
f 1577/2307/1577 1596/2334/1596 672/2310/672
f 1559/2342/1559 856/2332/856 53/2343/53
f 1601/2344/1601 857/2345/857 854/2320/854
f 1601/2344/1601 1360/2346/1360 1350/2347/1350
f 1349/2339/1349 1348/2337/1348 1576/2306/1576
f 1583/2316/1583 1598/2336/1598 1594/2331/1594
f 1585/2318/1585 1579/2311/1579 1578/2308/1578
f 1577/2307/1577 1576/2306/1576 1584/2317/1584
f 1594/2331/1594 1581/2314/1581 1600/2340/1600
f 1585/2318/1585 1582/2315/1582 1590/2326/1590
f 1578/2308/1578 1579/2311/1579 255/2309/255
f 1583/2316/1583 853/2325/853 1598/2336/1598
f 256/2312/256 1579/2311/1579 1590/2326/1590
f 1601/2344/1601 1356/2348/1356 1360/2346/1360
f 1361/2349/1361 1587/2321/1587 1591/2327/1591
f 1578/2308/1578 1596/2334/1596 1580/2313/1580
f 1588/2322/1588 1602/2350/1602 1593/2329/1593
f 1600/2340/1600 1580/2313/1580 1596/2334/1596
f 1356/2348/1356 1601/2344/1601 1586/2319/1586
f 1337/2351/1337 1602/2350/1602 1588/2322/1588
f 1584/2317/1584 1576/2306/1576 1599/2338/1599
f 1580/2313/1580 1585/2318/1585 1578/2308/1578
f 1596/2334/1596 1578/2308/1578 672/2310/672
f 1588/2322/1588 1361/2349/1361 1337/2351/1337
f 853/2325/853 856/2332/856 1598/2336/1598
f 1595/2333/1595 856/2332/856 1559/2342/1559
f 1586/2319/1586 1584/2317/1584 1599/2338/1599
f 1337/2351/1337 1335/2352/1335 1602/2350/1602
f 1586/2319/1586 1601/2344/1601 854/2320/854
f 1590/2326/1590 1588/2322/1588 1593/2329/1593
f 854/2320/854 853/2325/853 1584/2317/1584
f 1588/2322/1588 1587/2321/1587 1361/2349/1361
f 1600/2340/1600 1581/2314/1581 1580/2313/1580
f 1356/2348/1356 1586/2319/1586 1348/2337/1348
f 1589/2324/1589 1581/2314/1581 1591/2327/1591
f 1583/2316/1583 1594/2331/1594 1600/2340/1600
f 1582/2315/1582 1581/2314/1581 1589/2324/1589
f 1588/2322/1588 1590/2326/1590 1582/2315/1582
f 671/2323/671 660/2305/660 1577/2307/1577
f 1603/2353/1603 1604/2354/1604 1605/2355/1605
f 1605/2355/1605 1604/2354/1604 1606/2356/1606
f 1607/2357/1607 1608/2358/1608 1609/2359/1609
f 1606/2356/1606 1604/2354/1604 1610/2360/1610
f 1611/2361/1611 1607/2357/1607 1609/2359/1609
f 1612/2362/1612 1604/2354/1604 1603/2353/1603
f 1613/2363/1613 1614/2364/1614 1615/2365/1615
f 1613/2363/1613 1616/2366/1616 1603/2353/1603
f 1612/2362/1612 1603/2353/1603 1616/2366/1616
f 1610/2360/1610 1604/2354/1604 1612/2362/1612
f 1617/2367/1617 1618/2368/1618 1619/2369/1619
f 1620/2370/1620 1621/2371/1621 1605/2355/1605
f 1622/2372/1622 1619/2369/1619 1623/2373/1623
f 1607/2357/1607 1611/2361/1611 1624/2374/1624
f 1621/2371/1621 1615/2365/1615 1614/2364/1614
f 1605/2355/1605 1621/2371/1621 1603/2353/1603
f 1615/2365/1615 1621/2371/1621 1625/2375/1625
f 1624/2374/1624 1623/2373/1623 1619/2369/1619
f 1626/2376/1626 1627/2377/1627 1628/2378/1628
f 1615/2365/1615 1629/2379/1629 1613/2363/1613
f 1609/2359/1609 1626/2376/1626 1611/2361/1611
f 1621/2371/1621 1614/2364/1614 1603/2353/1603
f 1630/2380/1630 1628/2378/1628 1631/2381/1631
f 1619/2369/1619 1622/2372/1622 1617/2367/1617
f 1621/2371/1621 1406/2382/1406 1413/2383/1413
f 1625/2375/1625 1621/2371/1621 1413/2383/1413
f 1628/2378/1628 1627/2377/1627 1631/2381/1631
f 1618/2368/1618 1607/2357/1607 1619/2369/1619
f 1611/2361/1611 1632/2384/1632 1633/2385/1633
f 1608/2358/1608 1627/2377/1627 1609/2359/1609
f 1610/2360/1610 1634/2386/1634 1606/2356/1606
f 1635/2387/1635 1611/2361/1611 1626/2376/1626
f 1627/2377/1627 1608/2358/1608 1631/2381/1631
f 1619/2369/1619 1607/2357/1607 1624/2374/1624
f 1632/2384/1632 1635/2387/1635 1636/2388/1636
f 1618/2368/1618 1608/2358/1608 1607/2357/1607
f 1637/2389/1637 1636/2388/1636 1638/2390/1638
f 1633/2385/1633 1632/2384/1632 1636/2388/1636
f 1639/2391/1639 1640/2392/1640 1638/2390/1638
f 1611/2361/1611 1633/2385/1633 1624/2374/1624
f 1606/2356/1606 1641/2393/1641 1637/2389/1637
f 1642/2394/1642 1623/2373/1623 1633/2385/1633
f 1643/2395/1643 1644/2396/1644 1645/2397/1645
f 1643/2395/1643 1645/2397/1645 1646/2398/1646
f 1636/2388/1636 1635/2387/1635 1638/2390/1638
f 1637/2389/1637 1647/2399/1647 1648/2400/1648
f 1613/2363/1613 1603/2353/1603 1614/2364/1614
f 1647/2399/1647 1637/2389/1637 1638/2390/1638
f 1642/2394/1642 1633/2385/1633 1644/2396/1644
f 1623/2373/1623 1624/2374/1624 1633/2385/1633
f 1648/2400/1648 1606/2356/1606 1637/2389/1637
f 1647/2399/1647 1640/2392/1640 1648/2400/1648
f 1645/2397/1645 1644/2396/1644 1633/2385/1633
f 1647/2399/1647 1638/2390/1638 1640/2392/1640
f 1620/2370/1620 1605/2355/1605 1649/2401/1649
f 1635/2387/1635 1639/2391/1639 1638/2390/1638
f 1611/2361/1611 1635/2387/1635 1632/2384/1632
f 1641/2393/1641 1636/2388/1636 1637/2389/1637
f 1627/2377/1627 1626/2376/1626 1609/2359/1609
f 1645/2397/1645 1641/2393/1641 1646/2398/1646
f 1648/2400/1648 1649/2401/1649 1605/2355/1605
f 1633/2385/1633 1636/2388/1636 1645/2397/1645
f 1635/2387/1635 1626/2376/1626 1639/2391/1639
f 1641/2393/1641 1645/2397/1645 1636/2388/1636
f 1606/2356/1606 1648/2400/1648 1605/2355/1605
f 1641/2393/1641 1606/2356/1606 1634/2386/1634
f 1650/2402/1650 1651/2403/1651 1568/2404/1568
f 1650/2402/1650 1652/2405/1652 1653/2406/1653
f 1654/2407/1654 1655/2408/1655 1518/2409/1518
f 1656/2410/1656 1657/2411/1657 1658/2412/1658
f 1659/2413/1659 1660/2414/1660 1661/2415/1661
f 1517/2416/1517 1654/2407/1654 1518/2409/1518
f 1662/2417/1662 1663/2418/1663 1664/2419/1664
f 1549/2420/1549 1665/2421/1665 214/2422/214
f 1666/2423/1666 1651/2403/1651 1653/2406/1653
f 1568/2404/1568 1574/2424/1574 1650/2402/1650
f 58/2425/58 214/2422/214 1665/2421/1665
f 56/2426/56 1659/2413/1659 7/2427/7
f 7/2427/7 1654/2407/1654 1517/2416/1517
f 1667/2428/1667 119/2429/119 227/2430/227
f 1668/2431/1668 1667/2428/1667 229/2432/229
f 1653/2406/1653 1669/2433/1669 1666/2423/1666
f 1670/2434/1670 1671/2435/1671 1660/2414/1660
f 1669/2433/1669 1672/2436/1672 1671/2435/1671
f 1673/2437/1673 1674/2438/1674 1658/2412/1658
f 57/2439/57 1665/2421/1665 1660/2414/1660
f 1655/2408/1655 1664/2419/1664 1675/2440/1675
f 1665/2421/1665 57/2439/57 58/2425/58
f 1661/2415/1661 1664/2419/1664 1655/2408/1655
f 1666/2423/1666 1669/2433/1669 1670/2434/1670
f 57/2439/57 1659/2413/1659 56/2426/56
f 1517/2416/1517 230/2441/230 7/2427/7
f 1655/2408/1655 1654/2407/1654 1659/2413/1659
f 1651/2403/1651 1666/2423/1666 1549/2420/1549
f 1657/2411/1657 1676/2442/1676 1677/2443/1677
f 1667/2428/1667 1676/2442/1676 119/2429/119
f 1677/2443/1677 1667/2428/1667 1668/2431/1668
f 1677/2443/1677 1676/2442/1676 1667/2428/1667
f 1651/2403/1651 1549/2420/1549 1558/2444/1558
f 1672/2436/1672 1653/2406/1653 1652/2405/1652
f 1574/2424/1574 119/2429/119 1676/2442/1676
f 227/2430/227 229/2432/229 1667/2428/1667
f 1653/2406/1653 1672/2436/1672 1669/2433/1669
f 1518/2409/1518 1655/2408/1655 1675/2440/1675
f 1678/2445/1678 1650/2402/1650 1574/2424/1574
f 1679/2446/1679 1664/2419/1664 1661/2415/1661
f 1669/2433/1669 1671/2435/1671 1670/2434/1670
f 1659/2413/1659 1661/2415/1661 1655/2408/1655
f 1679/2446/1679 1671/2435/1671 1672/2436/1672
f 1658/2412/1658 1674/2438/1674 1662/2417/1662
f 1672/2436/1672 1656/2410/1656 1679/2446/1679
f 1679/2446/1679 1656/2410/1656 1662/2417/1662
f 1668/2431/1668 1673/2437/1673 1658/2412/1658
f 1656/2410/1656 1652/2405/1652 1680/2447/1680
f 1568/2404/1568 1651/2403/1651 1558/2444/1558
f 1657/2411/1657 1680/2447/1680 1676/2442/1676
f 1659/2413/1659 1654/2407/1654 7/2427/7
f 1656/2410/1656 1680/2447/1680 1657/2411/1657
f 1662/2417/1662 1656/2410/1656 1658/2412/1658
f 1663/2418/1663 1662/2417/1662 1674/2438/1674
f 1671/2435/1671 1661/2415/1661 1660/2414/1660
f 1668/2431/1668 1658/2412/1658 1677/2443/1677
f 1670/2434/1670 1549/2420/1549 1666/2423/1666
f 1676/2442/1676 1678/2445/1678 1574/2424/1574
f 1549/2420/1549 1670/2434/1670 1665/2421/1665
f 1670/2434/1670 1660/2414/1660 1665/2421/1665
f 1660/2414/1660 1659/2413/1659 57/2439/57
f 1652/2405/1652 1656/2410/1656 1672/2436/1672
f 119/2429/119 1574/2424/1574 118/2448/118
f 1678/2445/1678 1680/2447/1680 1652/2405/1652
f 1680/2447/1680 1678/2445/1678 1676/2442/1676
f 1657/2411/1657 1677/2443/1677 1658/2412/1658
f 1664/2419/1664 1679/2446/1679 1662/2417/1662
f 1651/2403/1651 1650/2402/1650 1653/2406/1653
f 1671/2435/1671 1679/2446/1679 1661/2415/1661
f 1650/2402/1650 1678/2445/1678 1652/2405/1652
f 1681/2449/1681 232/2450/232 230/2451/230
f 1682/2452/1682 1683/2453/1683 1684/2454/1684
f 1685/2455/1685 1522/2456/1522 1525/2457/1525
f 1531/2458/1531 1522/2456/1522 1685/2455/1685
f 1519/2459/1519 1675/2460/1675 1525/2457/1525
f 1675/2460/1675 1664/2461/1664 1686/2462/1686
f 1664/2461/1664 1663/2463/1663 1686/2462/1686
f 1687/2464/1687 1688/2465/1688 1686/2462/1686
f 621/2466/621 628/2467/628 1689/2468/1689
f 1525/2457/1525 1675/2460/1675 1685/2455/1685
f 1675/2460/1675 1519/2459/1519 1518/2469/1518
f 1683/2453/1683 1690/2470/1690 1691/2471/1691
f 1689/2468/1689 628/2467/628 191/2472/191
f 1687/2464/1687 1663/2463/1663 1674/2473/1674
f 621/2466/621 1689/2468/1689 232/2450/232
f 1686/2462/1686 1688/2465/1688 1685/2455/1685
f 1692/2474/1692 1693/2475/1693 1694/2476/1694
f 1687/2464/1687 1684/2454/1684 1695/2477/1695
f 1682/2452/1682 229/2478/229 1696/2479/1696
f 1681/2449/1681 622/2480/622 621/2466/621
f 1686/2462/1686 1685/2455/1685 1675/2460/1675
f 1517/2481/1517 1681/2449/1681 230/2451/230
f 1697/2482/1697 1691/2471/1691 1690/2470/1690
f 1668/2483/1668 1682/2452/1682 1673/2484/1673
f 1544/2485/1544 1698/2486/1698 1692/2474/1692
f 1683/2453/1683 1699/2487/1699 1684/2454/1684
f 1696/2479/1696 228/2488/228 1700/2489/1700
f 1699/2487/1699 1695/2477/1695 1684/2454/1684
f 1682/2452/1682 1696/2479/1696 1683/2453/1683
f 228/2488/228 1696/2479/1696 229/2478/229
f 1701/2490/1701 232/2450/232 1689/2468/1689
f 1696/2479/1696 1693/2475/1693 1683/2453/1683
f 1689/2468/1689 1694/2476/1694 1701/2490/1701
f 1681/2449/1681 621/2466/621 232/2450/232
f 1688/2465/1688 1687/2464/1687 1695/2477/1695
f 1699/2487/1699 1691/2471/1691 1695/2477/1695
f 1700/2489/1700 1693/2475/1693 1696/2479/1696
f 228/2488/228 231/2491/231 1700/2489/1700
f 232/2450/232 1701/2490/1701 231/2491/231
f 1690/2470/1690 1693/2475/1693 1697/2482/1697
f 1543/2492/1543 721/2493/721 722/2494/722
f 1530/2495/1530 1539/2496/1539 1702/2497/1702
f 1674/2473/1674 1684/2454/1684 1687/2464/1687
f 1531/2458/1531 1702/2497/1702 1539/2496/1539
f 1692/2474/1692 1694/2476/1694 1703/2498/1703
f 1683/2453/1683 1693/2475/1693 1690/2470/1690
f 1537/2499/1537 1544/2485/1544 1692/2474/1692
f 1700/2489/1700 231/2491/231 1701/2490/1701
f 1702/2497/1702 1698/2486/1698 1530/2495/1530
f 1702/2497/1702 1695/2477/1695 1691/2471/1691
f 1703/2498/1703 721/2493/721 1543/2492/1543
f 1699/2487/1699 1683/2453/1683 1691/2471/1691
f 1543/2492/1543 1537/2499/1537 1703/2498/1703
f 1688/2465/1688 1695/2477/1695 1531/2458/1531
f 1684/2454/1684 1704/2500/1704 1682/2452/1682
f 1703/2498/1703 1689/2468/1689 191/2472/191
f 1682/2452/1682 1668/2483/1668 229/2478/229
f 1691/2471/1691 1698/2486/1698 1702/2497/1702
f 1693/2475/1693 1700/2489/1700 1701/2490/1701
f 1703/2498/1703 191/2472/191 721/2493/721
f 1694/2476/1694 1689/2468/1689 1703/2498/1703
f 1702/2497/1702 1531/2458/1531 1695/2477/1695
f 1663/2463/1663 1687/2464/1687 1686/2462/1686
f 1704/2500/1704 1673/2484/1673 1682/2452/1682
f 1704/2500/1704 1674/2473/1674 1673/2484/1673
f 1703/2498/1703 1537/2499/1537 1692/2474/1692
f 622/2480/622 1681/2449/1681 1517/2481/1517
f 1544/2485/1544 1530/2495/1530 1698/2486/1698
f 1688/2465/1688 1531/2458/1531 1685/2455/1685
f 1692/2474/1692 1697/2482/1697 1693/2475/1693
f 1697/2482/1697 1692/2474/1692 1698/2486/1698
f 1691/2471/1691 1697/2482/1697 1698/2486/1698
f 1701/2490/1701 1694/2476/1694 1693/2475/1693
f 1704/2500/1704 1684/2454/1684 1674/2473/1674
f 1705/2501/1705 1706/2502/1706 805/2503/805
f 571/2504/571 1707/2505/1707 1708/2506/1708
f 1709/2507/1709 1710/2508/1710 1711/2509/1711
f 437/2510/437 441/2511/441 1712/2512/1712
f 1710/2508/1710 1713/2513/1713 1714/2514/1714
f 444/2515/444 1715/2516/1715 1716/2517/1716
f 1717/2518/1717 1706/2502/1706 1718/2519/1718
f 1714/2514/1714 1718/2519/1718 1710/2508/1710
f 1719/2520/1719 1712/2512/1712 441/2511/441
f 583/2521/583 571/2504/571 1720/2522/1720
f 1721/2523/1721 1722/2524/1722 1723/2525/1723
f 1706/2502/1706 1717/2518/1717 1724/2526/1724
f 435/2527/435 437/2510/437 1725/2528/1725
f 1726/2529/1726 1725/2528/1725 1727/2530/1727
f 1718/2519/1718 1714/2514/1714 1717/2518/1717
f 439/2531/439 438/2532/438 1728/2533/1728
f 1729/2534/1729 1726/2529/1726 1723/2525/1723
f 1730/2535/1730 1710/2508/1710 1718/2519/1718
f 1706/2502/1706 1724/2526/1724 805/2503/805
f 1709/2507/1709 1722/2524/1722 1721/2523/1721
f 1719/2520/1719 1721/2523/1721 1712/2512/1712
f 1709/2507/1709 1713/2513/1713 1710/2508/1710
f 805/2503/805 1724/2526/1724 803/2536/803
f 1721/2523/1721 1713/2513/1713 1709/2507/1709
f 445/2537/445 1731/2538/1731 441/2511/441
f 1719/2520/1719 1713/2513/1713 1721/2523/1721
f 1732/2539/1732 803/2536/803 1724/2526/1724
f 1732/2539/1732 1724/2526/1724 1715/2516/1715
f 1725/2528/1725 1726/2529/1726 1728/2533/1728
f 1705/2501/1705 1730/2535/1730 1718/2519/1718
f 441/2511/441 1731/2538/1731 1719/2520/1719
f 1708/2506/1708 1720/2522/1720 571/2504/571
f 438/2532/438 435/2527/435 1725/2528/1725
f 1733/2540/1733 1723/2525/1723 1722/2524/1722
f 1727/2530/1727 437/2510/437 1712/2512/1712
f 1724/2526/1724 1717/2518/1717 1734/2541/1734
f 1713/2513/1713 1735/2542/1735 1714/2514/1714
f 1727/2530/1727 1721/2523/1721 1723/2525/1723
f 1713/2513/1713 1731/2538/1731 1735/2542/1735
f 583/2521/583 1720/2522/1720 1736/2543/1736
f 1723/2525/1723 1726/2529/1726 1727/2530/1727
f 437/2510/437 1727/2530/1727 1725/2528/1725
f 445/2537/445 1735/2542/1735 1731/2538/1731
f 1730/2535/1730 1711/2509/1711 1710/2508/1710
f 1715/2516/1715 1724/2526/1724 1734/2541/1734
f 1733/2540/1733 1722/2524/1722 1709/2507/1709
f 1716/2517/1716 1714/2514/1714 1735/2542/1735
f 1726/2529/1726 1729/2534/1729 1737/2544/1737
f 1721/2523/1721 1727/2530/1727 1712/2512/1712
f 1720/2522/1720 1705/2501/1705 1736/2543/1736
f 442/2545/442 1735/2542/1735 445/2537/445
f 1731/2538/1731 1713/2513/1713 1719/2520/1719
f 1726/2529/1726 1737/2544/1737 1728/2533/1728
f 1733/2540/1733 1729/2534/1729 1723/2525/1723
f 1734/2541/1734 1717/2518/1717 1716/2517/1716
f 1717/2518/1717 1714/2514/1714 1716/2517/1716
f 1736/2543/1736 1705/2501/1705 583/2521/583
f 1711/2509/1711 1738/2546/1738 1733/2540/1733
f 1708/2506/1708 1711/2509/1711 1720/2522/1720
f 1720/2522/1720 1711/2509/1711 1730/2535/1730
f 1705/2501/1705 1720/2522/1720 1730/2535/1730
f 1739/2547/1739 1738/2546/1738 1740/2548/1740
f 1740/2548/1740 1738/2546/1738 1711/2509/1711
f 1735/2542/1735 442/2545/442 1716/2517/1716
f 1706/2502/1706 1705/2501/1705 1718/2519/1718
f 1740/2548/1740 1707/2505/1707 1739/2547/1739
f 1708/2506/1708 1740/2548/1740 1711/2509/1711
f 571/2504/571 568/2549/568 1707/2505/1707
f 1716/2517/1716 442/2545/442 444/2515/444
f 805/2503/805 583/2521/583 1705/2501/1705
f 1725/2528/1725 1728/2533/1728 438/2532/438
f 1715/2516/1715 1734/2541/1734 1716/2517/1716
f 1707/2505/1707 1740/2548/1740 1708/2506/1708
f 1709/2507/1709 1711/2509/1711 1733/2540/1733
f 319/2550/319 447/2551/447 242/2552/242
f 319/2550/319 187/2553/187 1741/2554/1741
f 1045/2555/1045 1742/2556/1742 186/2557/186
f 1042/2558/1042 12/2559/12 1743/2560/1743
f 1743/2560/1743 12/2559/12 308/2561/308
f 1042/2558/1042 1743/2560/1743 1744/2562/1744
f 1050/2563/1050 1058/2564/1058 1745/2565/1745
f 1042/2558/1042 1744/2562/1744 1058/2564/1058
f 1050/2563/1050 1745/2565/1745 1057/2566/1057
f 443/2567/443 1746/2568/1746 444/2569/444
f 1743/2560/1743 1747/2570/1747 1744/2562/1744
f 1058/2564/1058 1744/2562/1744 1745/2565/1745
f 1748/2571/1748 186/2557/186 1742/2556/1742
f 1056/2572/1056 1057/2566/1057 1749/2573/1749
f 1057/2566/1057 1745/2565/1745 1749/2573/1749
f 1750/2574/1750 1744/2562/1744 1747/2570/1747
f 1750/2574/1750 1745/2565/1745 1744/2562/1744
f 1751/2575/1751 1747/2570/1747 316/2576/316
f 1752/2577/1752 1749/2573/1749 1745/2565/1745
f 1750/2574/1750 1747/2570/1747 1753/2578/1753
f 1748/2571/1748 1746/2568/1746 319/2550/319
f 1745/2565/1745 1750/2574/1750 1752/2577/1752
f 1748/2571/1748 319/2550/319 1741/2554/1741
f 1754/2579/1754 1749/2573/1749 1755/2580/1755
f 1753/2578/1753 1747/2570/1747 1751/2575/1751
f 1756/2581/1756 1750/2574/1750 1753/2578/1753
f 1752/2577/1752 1750/2574/1750 1756/2581/1756
f 1757/2582/1757 1754/2579/1754 1755/2580/1755
f 1743/2560/1743 308/2561/308 316/2576/316
f 1751/2575/1751 1758/2583/1758 1753/2578/1753
f 1755/2580/1755 1759/2584/1759 1757/2582/1757
f 1760/2585/1760 1757/2582/1757 1761/2586/1761
f 447/2551/447 1746/2568/1746 443/2567/443
f 1751/2575/1751 807/2587/807 1758/2583/1758
f 1759/2584/1759 1755/2580/1755 1762/2588/1762
f 1757/2582/1757 1759/2584/1759 1761/2586/1761
f 1746/2568/1746 1760/2585/1760 444/2569/444
f 807/2587/807 1763/2589/1763 1758/2583/1758
f 1756/2581/1756 1753/2578/1753 1758/2583/1758
f 185/2590/185 186/2557/186 1741/2554/1741
f 1764/2591/1764 1761/2586/1761 1732/2592/1732
f 1765/2593/1765 1715/2594/1715 444/2569/444
f 1765/2593/1765 1760/2585/1760 1764/2591/1764
f 444/2569/444 1760/2585/1760 1765/2593/1765
f 1764/2591/1764 1760/2585/1760 1761/2586/1761
f 1761/2586/1761 1759/2584/1759 1766/2595/1766
f 1748/2571/1748 1741/2554/1741 186/2557/186
f 1760/2585/1760 1746/2568/1746 1742/2556/1742
f 802/2596/802 1751/2575/1751 316/2576/316
f 1763/2589/1763 1766/2595/1766 1762/2588/1762
f 802/2596/802 807/2587/807 1751/2575/1751
f 1765/2593/1765 1732/2592/1732 1715/2594/1715
f 1766/2595/1766 1763/2589/1763 804/2597/804
f 319/2550/319 1746/2568/1746 447/2551/447
f 1732/2592/1732 1766/2595/1766 803/2598/803
f 308/2561/308 12/2559/12 14/2599/14
f 1752/2577/1752 1756/2581/1756 1762/2588/1762
f 1755/2580/1755 1752/2577/1752 1762/2588/1762
f 1764/2591/1764 1732/2592/1732 1765/2593/1765
f 1747/2570/1747 1743/2560/1743 316/2576/316
f 1056/2572/1056 1749/2573/1749 1754/2579/1754
f 1749/2573/1749 1752/2577/1752 1755/2580/1755
f 1760/2585/1760 1742/2556/1742 1757/2582/1757
f 1754/2579/1754 1757/2582/1757 1742/2556/1742
f 1754/2579/1754 1045/2555/1045 1062/2600/1062
f 1045/2555/1045 1754/2579/1754 1742/2556/1742
f 1759/2584/1759 1762/2588/1762 1766/2595/1766
f 1742/2556/1742 1746/2568/1746 1748/2571/1748
f 804/2597/804 803/2598/803 1766/2595/1766
f 1762/2588/1762 1756/2581/1756 1758/2583/1758
f 1741/2554/1741 187/2553/187 185/2590/185
f 1062/2600/1062 1056/2572/1056 1754/2579/1754
f 1766/2595/1766 1732/2592/1732 1761/2586/1761
f 1762/2588/1762 1758/2583/1758 1763/2589/1763
f 1763/2589/1763 807/2587/807 804/2597/804
f 1767/2601/1767 1768/2602/1768 1769/2603/1769
f 1769/2603/1769 1768/2602/1768 1770/2604/1770
f 1769/2603/1769 1771/2605/1771 1772/2606/1772
f 1773/2607/1773 1772/2606/1772 1774/2608/1774
f 1775/2609/1775 1772/2606/1772 1773/2607/1773
f 1776/2610/1776 1777/2611/1777 1778/2612/1778
f 1772/2606/1772 1771/2605/1771 101/2613/101
f 1772/2606/1772 101/2613/101 1779/2614/1779
f 1780/2615/1780 1781/2616/1781 1782/2617/1782
f 1783/2618/1783 1784/2619/1784 1777/2611/1777
f 1785/2620/1785 1786/2621/1786 1787/2622/1787
f 1788/2623/1788 1789/2624/1789 1774/2608/1774
f 1790/2625/1790 1791/2626/1791 1792/2627/1792
f 1792/2627/1792 1793/2628/1793 1794/2629/1794
f 1795/2630/1795 1787/2622/1787 1786/2621/1786
f 1784/2619/1784 1794/2629/1794 1777/2611/1777
f 1796/2631/1796 1783/2618/1783 1797/2632/1797
f 1791/2626/1791 1790/2625/1790 1768/2602/1768
f 1777/2611/1777 1794/2629/1794 1778/2612/1778
f 1798/2633/1798 1799/2634/1799 1800/2635/1800
f 1801/2636/1801 1800/2635/1800 1802/2637/1802
f 1801/2636/1801 1785/2620/1785 1787/2622/1787
f 1803/2638/1803 1804/2639/1804 1805/2640/1805
f 1794/2629/1794 1784/2619/1784 1800/2635/1800
f 1771/2605/1771 1769/2603/1769 1770/2604/1770
f 1781/2616/1781 1797/2632/1797 1776/2610/1776
f 1797/2632/1797 1777/2611/1777 1776/2610/1776
f 1806/2641/1806 1796/2631/1796 1780/2615/1780
f 100/2642/100 1788/2623/1788 1779/2614/1779
f 1779/2614/1779 1788/2623/1788 1774/2608/1774
f 1804/2639/1804 1807/2643/1807 1798/2633/1798
f 1792/2627/1792 1794/2629/1794 1799/2634/1799
f 1803/2638/1803 1807/2643/1807 1804/2639/1804
f 1792/2627/1792 1791/2626/1791 1808/2644/1808
f 1808/2644/1808 1809/2645/1809 1792/2627/1792
f 1775/2609/1775 1767/2601/1767 1769/2603/1769
f 1806/2641/1806 1783/2618/1783 1796/2631/1796
f 1785/2620/1785 1810/2646/1810 1786/2621/1786
f 1783/2618/1783 1811/2647/1811 1812/2648/1812
f 1792/2627/1792 1799/2634/1799 1790/2625/1790
f 1810/2646/1810 1785/2620/1785 1801/2636/1801
f 1807/2643/1807 1790/2625/1790 1798/2633/1798
f 101/2613/101 100/2642/100 1779/2614/1779
f 1792/2627/1792 1809/2645/1809 1793/2628/1793
f 1793/2628/1793 1778/2612/1778 1794/2629/1794
f 1808/2644/1808 1813/2649/1813 1809/2645/1809
f 1814/2650/1814 1807/2643/1807 1803/2638/1803
f 1789/2624/1789 1788/2623/1788 1815/2651/1815
f 1804/2639/1804 1787/2622/1787 1795/2630/1795
f 1768/2602/1768 1790/2625/1790 1807/2643/1807
f 1783/2618/1783 1812/2648/1812 1784/2619/1784
f 1787/2622/1787 1804/2639/1804 1798/2633/1798
f 1768/2602/1768 1767/2601/1767 1791/2626/1791
f 1771/2605/1771 1770/2604/1770 1816/2652/1816
f 1784/2619/1784 1812/2648/1812 1802/2637/1802
f 1783/2618/1783 1777/2611/1777 1797/2632/1797
f 1774/2608/1774 1772/2606/1772 1779/2614/1779
f 1796/2631/1796 1781/2616/1781 1780/2615/1780
f 1808/2644/1808 1791/2626/1791 1767/2601/1767
f 1799/2634/1799 1798/2633/1798 1790/2625/1790
f 1798/2633/1798 1800/2635/1800 1787/2622/1787
f 1781/2616/1781 1796/2631/1796 1797/2632/1797
f 1772/2606/1772 1775/2609/1775 1769/2603/1769
f 1801/2636/1801 1787/2622/1787 1800/2635/1800
f 1813/2649/1813 1808/2644/1808 1767/2601/1767
f 1814/2650/1814 1816/2652/1816 1770/2604/1770
f 1802/2637/1802 1812/2648/1812 1811/2647/1811
f 1804/2639/1804 1795/2630/1795 1805/2640/1805
f 1778/2612/1778 1793/2628/1793 1809/2645/1809
f 1768/2602/1768 1807/2643/1807 1814/2650/1814
f 1800/2635/1800 1799/2634/1799 1794/2629/1794
f 1805/2640/1805 1817/2653/1817 1803/2638/1803
f 1803/2638/1803 1817/2653/1817 1814/2650/1814
f 1786/2621/1786 1810/2646/1810 1795/2630/1795
f 1814/2650/1814 1770/2604/1770 1768/2602/1768
f 1800/2635/1800 1784/2619/1784 1802/2637/1802
f 1818/2654/1818 975/2655/975 953/2656/953
f 1819/2657/1819 1818/2654/1818 1820/2658/1820
f 1821/2659/1821 1822/2660/1822 1823/2661/1823
f 1821/2659/1821 1610/2662/1610 1824/2663/1824
f 1825/2664/1825 1822/2660/1822 1821/2659/1821
f 1826/2665/1826 1827/2666/1827 977/2667/977
f 1821/2659/1821 1820/2658/1820 1610/2662/1610
f 1828/2668/1828 1826/2665/1826 1829/2669/1829
f 1830/2670/1830 1831/2671/1831 1608/2672/1608
f 1827/2666/1827 1828/2668/1828 1831/2671/1831
f 1819/2657/1819 1820/2658/1820 1821/2659/1821
f 1828/2668/1828 1827/2666/1827 1826/2665/1826
f 1824/2663/1824 1610/2662/1610 1612/2673/1612
f 1824/2663/1824 1825/2664/1825 1821/2659/1821
f 1832/2674/1832 1616/2675/1616 1613/2676/1613
f 1833/2677/1833 1834/2678/1834 1832/2674/1832
f 1832/2674/1832 1629/2679/1629 1630/2680/1630
f 1835/2681/1835 1612/2673/1612 1616/2675/1616
f 1629/2679/1629 1832/2674/1832 1613/2676/1613
f 965/2682/965 1826/2665/1826 977/2667/977
f 1825/2664/1825 1824/2663/1824 1834/2678/1834
f 1835/2681/1835 1616/2675/1616 1832/2674/1832
f 1822/2660/1822 1836/2683/1836 1837/2684/1837
f 1819/2657/1819 1821/2659/1821 1823/2661/1823
f 1837/2684/1837 1831/2671/1831 1838/2685/1838
f 1839/2686/1839 1836/2683/1836 1825/2664/1825
f 1837/2684/1837 1836/2683/1836 1839/2686/1839
f 1838/2685/1838 1828/2668/1828 1829/2669/1829
f 1833/2677/1833 1631/2687/1631 1837/2684/1837
f 1837/2684/1837 1838/2685/1838 1822/2660/1822
f 1823/2661/1823 1822/2660/1822 1840/2688/1840
f 1838/2685/1838 1840/2688/1840 1822/2660/1822
f 1823/2661/1823 1840/2688/1840 1841/2689/1841
f 1841/2689/1841 1818/2654/1818 1819/2657/1819
f 963/2690/963 966/2691/966 1842/2692/1842
f 1829/2669/1829 1842/2692/1842 1841/2689/1841
f 1843/2693/1843 1841/2689/1841 1842/2692/1842
f 1823/2661/1823 1841/2689/1841 1819/2657/1819
f 1818/2654/1818 1843/2693/1843 975/2655/975
f 1842/2692/1842 1829/2669/1829 963/2690/963
f 1843/2693/1843 1842/2692/1842 966/2691/966
f 1843/2693/1843 966/2691/966 975/2655/975
f 965/2682/965 963/2690/963 1826/2665/1826
f 1840/2688/1840 1829/2669/1829 1841/2689/1841
f 1829/2669/1829 1840/2688/1840 1838/2685/1838
f 1828/2668/1828 1838/2685/1838 1831/2671/1831
f 1612/2673/1612 1835/2681/1835 1824/2663/1824
f 1833/2677/1833 1630/2680/1630 1631/2687/1631
f 1841/2689/1841 1843/2693/1843 1818/2654/1818
f 1820/2658/1820 1818/2654/1818 953/2656/953
f 1835/2681/1835 1834/2678/1834 1824/2663/1824
f 1833/2677/1833 1837/2684/1837 1839/2686/1839
f 1832/2674/1832 1630/2680/1630 1833/2677/1833
f 1834/2678/1834 1835/2681/1835 1832/2674/1832
f 1839/2686/1839 1834/2678/1834 1833/2677/1833
f 1836/2683/1836 1822/2660/1822 1825/2664/1825
f 1825/2664/1825 1834/2678/1834 1839/2686/1839
f 1631/2687/1631 1608/2672/1608 1837/2684/1837
f 1831/2671/1831 1837/2684/1837 1608/2672/1608
f 980/2694/980 1644/2695/1644 1643/2696/1643
f 1844/2697/1844 980/2694/980 1646/2698/1646
f 1844/2697/1844 1641/2699/1641 1634/2700/1634
f 1643/2696/1643 1646/2698/1646 980/2694/980
f 1646/2698/1646 1641/2699/1641 1844/2697/1844
f 1827/2666/1827 1831/2671/1831 1830/2670/1830
f 1608/2672/1608 1618/2701/1618 1830/2670/1830
f 957/2702/957 1820/2658/1820 953/2656/953
f 1845/2703/1845 1820/2658/1820 957/2702/957
f 1610/2662/1610 1820/2658/1820 1845/2703/1845
f 1845/2703/1845 1634/2700/1634 1610/2662/1610
f 1844/2697/1844 1634/2700/1634 970/2704/970
f 970/2704/970 973/2705/973 1844/2697/1844
f 1845/2703/1845 970/2704/970 1634/2700/1634
f 1829/2669/1829 1826/2665/1826 963/2690/963
f 1845/2703/1845 957/2702/957 970/2704/970
f 1844/2697/1844 973/2705/973 980/2694/980
f 1846/2706/1846 613/2707/613 616/2708/616
f 1847/2709/1847 1848/2710/1848 1849/2711/1849
f 1850/2712/1850 1851/2713/1851 1852/2714/1852
f 1853/2715/1853 1850/2712/1850 1846/2706/1846
f 1853/2715/1853 1854/2716/1854 1851/2713/1851
f 1853/2715/1853 1846/2706/1846 614/2717/614
f 1854/2716/1854 1855/2718/1855 1856/2719/1856
f 615/2720/615 614/2717/614 1846/2706/1846
f 1857/2721/1857 1858/2722/1858 1856/2719/1856
f 1859/2723/1859 1860/2724/1860 1848/2710/1848
f 1861/2725/1861 1858/2722/1858 1857/2721/1857
f 1862/2726/1862 505/2727/505 515/2728/515
f 1855/2718/1855 1854/2716/1854 1863/2729/1863
f 1864/2730/1864 1848/2710/1848 1865/2731/1865
f 1866/2732/1866 1847/2709/1847 1849/2711/1849
f 1862/2726/1862 1855/2718/1855 514/2733/514
f 1862/2726/1862 1849/2711/1849 1855/2718/1855
f 1846/2706/1846 1850/2712/1850 1867/2734/1867
f 1855/2718/1855 1863/2729/1863 514/2733/514
f 1850/2712/1850 1853/2715/1853 1851/2713/1851
f 1865/2731/1865 1860/2724/1860 1868/2735/1868
f 1868/2735/1868 1860/2724/1860 1869/2736/1869
f 1864/2730/1864 1865/2731/1865 1861/2725/1861
f 614/2717/614 1863/2729/1863 1853/2715/1853
f 1852/2714/1852 1858/2722/1858 1861/2725/1861
f 1855/2718/1855 1849/2711/1849 1857/2721/1857
f 1860/2724/1860 1859/2723/1859 1869/2736/1869
f 1866/2732/1866 1849/2711/1849 1870/2737/1870
f 1871/2738/1871 1869/2736/1869 659/2739/659
f 515/2728/515 1870/2737/1870 1849/2711/1849
f 1853/2715/1853 1863/2729/1863 1854/2716/1854
f 1864/2730/1864 1857/2721/1857 1849/2711/1849
f 1861/2725/1861 1865/2731/1865 1868/2735/1868
f 659/2739/659 1872/2740/1872 1871/2738/1871
f 1858/2722/1858 1852/2714/1852 1851/2713/1851
f 613/2707/613 1867/2734/1867 269/2741/269
f 1846/2706/1846 616/2708/616 615/2720/615
f 1857/2721/1857 1864/2730/1864 1861/2725/1861
f 614/2717/614 514/2733/514 1863/2729/1863
f 1859/2723/1859 1848/2710/1848 1847/2709/1847
f 1857/2721/1857 1856/2719/1856 1855/2718/1855
f 1868/2735/1868 1869/2736/1869 1871/2738/1871
f 1871/2738/1871 1872/2740/1872 1873/2742/1873
f 1858/2722/1858 1851/2713/1851 1856/2719/1856
f 657/2743/657 1872/2740/1872 659/2739/659
f 1856/2719/1856 1851/2713/1851 1854/2716/1854
f 264/2744/264 1874/2745/1874 1036/2746/1036
f 1867/2734/1867 1875/2747/1875 269/2741/269
f 657/2743/657 1036/2746/1036 1873/2742/1873
f 1864/2730/1864 1849/2711/1849 1848/2710/1848
f 1875/2747/1875 266/2748/266 270/2749/270
f 266/2748/266 1875/2747/1875 1876/2750/1876
f 1860/2724/1860 1865/2731/1865 1848/2710/1848
f 1877/2751/1877 1878/2752/1878 1874/2745/1874
f 1879/2753/1879 1878/2752/1878 1880/2754/1880
f 1852/2714/1852 1861/2725/1861 1880/2754/1880
f 657/2743/657 1873/2742/1873 1872/2740/1872
f 1878/2752/1878 1877/2751/1877 1852/2714/1852
f 1875/2747/1875 1850/2712/1850 1877/2751/1877
f 1877/2751/1877 1850/2712/1850 1852/2714/1852
f 1867/2734/1867 613/2707/613 1846/2706/1846
f 1875/2747/1875 1867/2734/1867 1850/2712/1850
f 1876/2750/1876 1875/2747/1875 1877/2751/1877
f 1881/2755/1881 1868/2735/1868 1871/2738/1871
f 1036/2746/1036 1874/2745/1874 1873/2742/1873
f 269/2741/269 1875/2747/1875 270/2749/270
f 1881/2755/1881 1873/2742/1873 1879/2753/1879
f 1879/2753/1879 1873/2742/1873 1874/2745/1874
f 264/2744/264 1876/2750/1876 1874/2745/1874
f 1877/2751/1877 1874/2745/1874 1876/2750/1876
f 514/2733/514 505/2727/505 1862/2726/1862
f 1868/2735/1868 1881/2755/1881 1880/2754/1880
f 1881/2755/1881 1871/2738/1871 1873/2742/1873
f 1861/2725/1861 1868/2735/1868 1880/2754/1880
f 1878/2752/1878 1879/2753/1879 1874/2745/1874
f 1880/2754/1880 1881/2755/1881 1879/2753/1879
f 1876/2750/1876 264/2744/264 266/2748/266
f 1849/2711/1849 1862/2726/1862 515/2728/515
f 1880/2754/1880 1878/2752/1878 1852/2714/1852
f 1882/2756/1882 1883/2757/1883 1884/2758/1884
f 1885/2759/1885 1882/2756/1882 1886/2760/1886
f 1887/2761/1887 1888/2762/1888 121/2763/121
f 1889/2764/1889 1890/2765/1890 1891/2766/1891
f 1892/2767/1892 1890/2765/1890 1893/2768/1893
f 1884/2758/1884 1894/2769/1894 1895/2770/1895
f 1896/2771/1896 1897/2772/1897 1886/2760/1886
f 1885/2759/1885 1898/2773/1898 1899/2774/1899
f 1900/2775/1900 1901/2776/1901 1889/2764/1889
f 1902/2777/1902 1903/2778/1903 128/2779/128
f 1904/2780/1904 1905/2781/1905 1906/2782/1906
f 1890/2765/1890 1907/2783/1907 1908/2784/1908
f 1891/2766/1891 1908/2784/1908 1909/2785/1909
f 1908/2784/1908 1910/2786/1910 1909/2785/1909
f 1907/2783/1907 1887/2761/1887 1910/2786/1910
f 1903/2778/1903 1902/2777/1902 1911/2787/1911
f 1904/2780/1904 1912/2788/1912 1913/2789/1913
f 1914/2790/1914 1915/2791/1915 1902/2777/1902
f 1916/2792/1916 1889/2764/1889 1891/2766/1891
f 1915/2791/1915 1917/2793/1917 1883/2757/1883
f 1883/2757/1883 1917/2793/1917 1884/2758/1884
f 122/2794/122 121/2763/121 1888/2762/1888
f 1914/2790/1914 1917/2793/1917 1915/2791/1915
f 1890/2765/1890 1913/2789/1913 1907/2783/1907
f 1901/2776/1901 1900/2775/1900 1899/2774/1899
f 1901/2776/1901 1893/2768/1893 1889/2764/1889
f 126/2795/126 128/2779/128 1903/2778/1903
f 1907/2783/1907 1910/2786/1910 1908/2784/1908
f 1892/2767/1892 1913/2789/1913 1890/2765/1890
f 1911/2787/1911 1902/2777/1902 1915/2791/1915
f 1915/2791/1915 1916/2792/1916 1891/2766/1891
f 1891/2766/1891 1909/2785/1909 1915/2791/1915
f 1907/2783/1907 1888/2762/1888 1887/2761/1887
f 1909/2785/1909 1910/2786/1910 1911/2787/1911
f 121/2763/121 126/2795/126 1887/2761/1887
f 1918/2796/1918 1906/2782/1906 1919/2797/1919
f 1912/2788/1912 1918/2796/1918 1888/2762/1888
f 166/2798/166 164/2799/164 1920/2800/1920
f 123/2801/123 1920/2800/1920 164/2799/164
f 1898/2773/1898 1921/2802/1921 1899/2774/1899
f 1904/2780/1904 1918/2796/1918 1912/2788/1912
f 1899/2774/1899 1900/2775/1900 1916/2792/1916
f 1920/2800/1920 1918/2796/1918 1919/2797/1919
f 1883/2757/1883 1916/2792/1916 1915/2791/1915
f 1907/2783/1907 1913/2789/1913 1912/2788/1912
f 1911/2787/1911 1915/2791/1915 1909/2785/1909
f 1905/2781/1905 1913/2789/1913 1892/2767/1892
f 1919/2797/1919 167/2803/167 1920/2800/1920
f 1884/2758/1884 1895/2770/1895 1922/2804/1922
f 1885/2759/1885 1923/2805/1923 1898/2773/1898
f 1924/2806/1924 1922/2804/1922 1895/2770/1895
f 1917/2793/1917 1914/2790/1914 1894/2769/1894
f 1884/2758/1884 1922/2804/1922 1925/2807/1925
f 1923/2805/1923 1886/2760/1886 1897/2772/1897
f 1882/2756/1882 1916/2792/1916 1883/2757/1883
f 1910/2786/1910 1903/2778/1903 1911/2787/1911
f 1887/2761/1887 126/2795/126 1903/2778/1903
f 1884/2758/1884 1925/2807/1925 1882/2756/1882
f 1924/2806/1924 1896/2771/1896 1925/2807/1925
f 1899/2774/1899 1882/2756/1882 1885/2759/1885
f 1896/2771/1896 1924/2806/1924 1926/2808/1926
f 166/2798/166 1920/2800/1920 167/2803/167
f 1893/2768/1893 1890/2765/1890 1889/2764/1889
f 1904/2780/1904 1913/2789/1913 1905/2781/1905
f 1890/2765/1890 1908/2784/1908 1891/2766/1891
f 1918/2796/1918 1904/2780/1904 1906/2782/1906
f 1885/2759/1885 1886/2760/1886 1923/2805/1923
f 1896/2771/1896 1886/2760/1886 1925/2807/1925
f 1918/2796/1918 1920/2800/1920 1888/2762/1888
f 1924/2806/1924 1925/2807/1925 1922/2804/1922
f 1888/2762/1888 1907/2783/1907 1912/2788/1912
f 1882/2756/1882 1925/2807/1925 1886/2760/1886
f 1888/2762/1888 1920/2800/1920 122/2794/122
f 1899/2774/1899 1916/2792/1916 1882/2756/1882
f 1899/2774/1899 1921/2802/1921 1901/2776/1901
f 1920/2800/1920 123/2801/123 122/2794/122
f 1900/2775/1900 1889/2764/1889 1916/2792/1916
f 1884/2758/1884 1917/2793/1917 1894/2769/1894
f 1910/2786/1910 1887/2761/1887 1903/2778/1903
f 1407/2809/1407 1410/2810/1410 1927/2811/1927
f 1928/2812/1928 1929/2813/1929 1930/2814/1930
f 1406/2815/1406 1621/2816/1621 1620/2817/1620
f 1931/2818/1931 1629/2819/1629 1932/2820/1932
f 1933/2821/1933 1934/2822/1934 1935/2823/1935
f 1413/2824/1413 1407/2809/1407 1927/2811/1927
f 1936/2825/1936 1423/2826/1423 1937/2827/1937
f 1626/2828/1626 1930/2814/1930 1639/2829/1639
f 1938/2830/1938 1939/2831/1939 1940/2832/1940
f 1626/2828/1626 1928/2812/1928 1930/2814/1930
f 1941/2833/1941 1942/2834/1942 1928/2812/1928
f 1943/2835/1943 1942/2834/1942 1944/2836/1944
f 1929/2813/1929 1934/2822/1934 1930/2814/1930
f 1428/2837/1428 1398/2838/1398 1945/2839/1945
f 1944/2836/1944 1946/2840/1946 1947/2841/1947
f 1421/2842/1421 1948/2843/1948 1937/2827/1937
f 1930/2814/1930 1934/2822/1934 1639/2829/1639
f 1398/2838/1398 1401/2844/1401 1949/2845/1949
f 1625/2846/1625 1950/2847/1950 1615/2848/1615
f 1639/2829/1639 1934/2822/1934 1640/2849/1640
f 1929/2813/1929 1928/2812/1928 1942/2834/1942
f 1946/2840/1946 1950/2847/1950 1940/2832/1940
f 1429/2850/1429 1951/2851/1951 1421/2842/1421
f 1943/2835/1943 1944/2836/1944 1947/2841/1947
f 1950/2847/1950 1625/2846/1625 1938/2830/1938
f 1947/2841/1947 1946/2840/1946 1940/2832/1940
f 1648/2852/1648 1640/2849/1640 1952/2853/1952
f 1934/2822/1934 1933/2821/1933 1640/2849/1640
f 1649/2854/1649 1648/2852/1648 1952/2853/1952
f 1929/2813/1929 1935/2823/1935 1934/2822/1934
f 1952/2853/1952 1949/2845/1949 1649/2854/1649
f 1950/2847/1950 1938/2830/1938 1940/2832/1940
f 1402/2855/1402 1620/2817/1620 1649/2854/1649
f 1939/2831/1939 1953/2856/1953 1943/2835/1943
f 1640/2849/1640 1949/2845/1949 1952/2853/1952
f 1942/2834/1942 1943/2835/1943 1953/2856/1953
f 1935/2823/1935 1929/2813/1929 1942/2834/1942
f 1403/2857/1403 1402/2855/1402 1649/2854/1649
f 1936/2825/1936 1413/2824/1413 1927/2811/1927
f 1949/2845/1949 1403/2857/1403 1649/2854/1649
f 1941/2833/1941 1928/2812/1928 1931/2818/1931
f 1949/2845/1949 1640/2849/1640 1933/2821/1933
f 1401/2844/1401 1403/2857/1403 1949/2845/1949
f 1945/2839/1945 1933/2821/1933 1935/2823/1935
f 1935/2823/1935 1951/2851/1951 1945/2839/1945
f 1933/2821/1933 1945/2839/1945 1949/2845/1949
f 1938/2830/1938 1413/2824/1413 1936/2825/1936
f 1938/2830/1938 1936/2825/1936 1954/2858/1954
f 1951/2851/1951 1948/2843/1948 1421/2842/1421
f 1955/2859/1955 1953/2856/1953 1939/2831/1939
f 1945/2839/1945 1398/2838/1398 1949/2845/1949
f 1945/2839/1945 1951/2851/1951 1429/2850/1429
f 1931/2818/1931 1630/2860/1630 1629/2819/1629
f 1428/2837/1428 1945/2839/1945 1429/2850/1429
f 1402/2855/1402 1406/2815/1406 1620/2817/1620
f 1942/2834/1942 1953/2856/1953 1935/2823/1935
f 1955/2859/1955 1951/2851/1951 1935/2823/1935
f 1931/2818/1931 1928/2812/1928 1628/2861/1628
f 1940/2832/1940 1939/2831/1939 1943/2835/1943
f 1629/2819/1629 1615/2848/1615 1932/2820/1932
f 1939/2831/1939 1954/2858/1954 1955/2859/1955
f 1932/2820/1932 1946/2840/1946 1944/2836/1944
f 1955/2859/1955 1954/2858/1954 1948/2843/1948
f 1944/2836/1944 1941/2833/1941 1932/2820/1932
f 1932/2820/1932 1615/2848/1615 1946/2840/1946
f 1948/2843/1948 1951/2851/1951 1955/2859/1955
f 1422/2862/1422 1421/2842/1421 1937/2827/1937
f 1937/2827/1937 1423/2826/1423 1422/2862/1422
f 1946/2840/1946 1615/2848/1615 1950/2847/1950
f 1941/2833/1941 1931/2818/1931 1932/2820/1932
f 1628/2861/1628 1928/2812/1928 1626/2828/1626
f 1947/2841/1947 1940/2832/1940 1943/2835/1943
f 1948/2843/1948 1954/2858/1954 1936/2825/1936
f 1630/2860/1630 1931/2818/1931 1628/2861/1628
f 1936/2825/1936 1927/2811/1927 1425/2863/1425
f 1938/2830/1938 1625/2846/1625 1413/2824/1413
f 1953/2856/1953 1955/2859/1955 1935/2823/1935
f 1936/2825/1936 1425/2863/1425 1423/2826/1423
f 1937/2827/1937 1948/2843/1948 1936/2825/1936
f 1942/2834/1942 1941/2833/1941 1944/2836/1944
f 1954/2858/1954 1939/2831/1939 1938/2830/1938
f 1956/2864/1956 1957/2865/1957 1958/2866/1958
f 371/2867/371 366/2868/366 1959/2869/1959
f 1960/2870/1960 1961/2871/1961 1962/2872/1962
f 1394/2873/1394 1963/2874/1963 1964/2875/1964
f 1961/2871/1961 1965/2876/1965 1966/2877/1966
f 1967/2878/1967 1968/2879/1968 86/2880/86
f 1969/2881/1969 1970/2882/1970 1971/2883/1971
f 1964/2875/1964 1967/2878/1967 86/2880/86
f 1414/2884/1414 1412/2885/1412 1965/2876/1965
f 1972/2886/1972 1963/2874/1963 1973/2887/1973
f 1971/2883/1971 1420/2888/1420 1974/2889/1974
f 1927/2890/1927 1410/2891/1410 1975/2892/1975
f 1973/2887/1973 1395/2893/1395 1418/2894/1418
f 371/2867/371 1959/2869/1959 1976/2895/1976
f 1966/2877/1966 1965/2876/1965 1977/2896/1977
f 1978/2897/1978 1970/2882/1970 1979/2898/1979
f 85/2899/85 1394/2873/1394 86/2880/86
f 1973/2887/1973 1978/2897/1978 1972/2886/1972
f 1979/2898/1979 1967/2878/1967 1972/2886/1972
f 1978/2897/1978 1979/2898/1979 1972/2886/1972
f 1968/2879/1968 87/2900/87 86/2880/86
f 1977/2896/1977 1980/2901/1980 1966/2877/1966
f 31/2902/31 369/2903/369 1981/2904/1981
f 1982/2905/1982 1983/2906/1983 1966/2877/1966
f 1983/2906/1983 1960/2870/1960 1962/2872/1962
f 366/2868/366 1984/2907/1984 1959/2869/1959
f 1981/2904/1981 29/2908/29 31/2902/31
f 1968/2879/1968 1985/2909/1985 699/2910/699
f 1986/2911/1986 1982/2905/1982 1987/2912/1987
f 1969/2881/1969 1986/2911/1986 1970/2882/1970
f 1980/2901/1980 1987/2912/1987 1982/2905/1982
f 1980/2901/1980 1982/2905/1982 1966/2877/1966
f 699/2910/699 87/2900/87 1968/2879/1968
f 1965/2876/1965 1988/2913/1988 1977/2896/1977
f 29/2908/29 1981/2904/1981 1412/2885/1412
f 372/2914/372 699/2910/699 1985/2909/1985
f 366/2868/366 363/2915/363 1984/2907/1984
f 1976/2895/1976 1959/2869/1959 1984/2907/1984
f 1956/2864/1956 373/2916/373 372/2914/372
f 1977/2896/1977 1976/2895/1976 1980/2901/1980
f 1968/2879/1968 1979/2898/1979 1985/2909/1985
f 1961/2871/1961 1414/2884/1414 1965/2876/1965
f 1956/2864/1956 372/2914/372 1985/2909/1985
f 1957/2865/1957 1956/2864/1956 1985/2909/1985
f 1963/2874/1963 1394/2873/1394 1395/2893/1395
f 1394/2873/1394 1964/2875/1964 86/2880/86
f 1989/2917/1989 373/2916/373 1956/2864/1956
f 1974/2889/1974 1420/2888/1420 1960/2870/1960
f 1973/2887/1973 1963/2874/1963 1395/2893/1395
f 1961/2871/1961 1966/2877/1966 1962/2872/1962
f 1988/2913/1988 1976/2895/1976 1977/2896/1977
f 1973/2887/1973 1970/2882/1970 1978/2897/1978
f 1425/2918/1425 1975/2892/1975 1960/2870/1960
f 1394/2873/1394 85/2899/85 29/2919/29
f 369/2903/369 1988/2913/1988 1981/2904/1981
f 1412/2885/1412 1988/2913/1988 1965/2876/1965
f 1960/2870/1960 1990/2920/1990 1974/2889/1974
f 1967/2878/1967 1964/2875/1964 1972/2886/1972
f 1980/2901/1980 1976/2895/1976 1984/2907/1984
f 1424/2921/1424 1425/2918/1425 1960/2870/1960
f 1990/2920/1990 1971/2883/1971 1974/2889/1974
f 1967/2878/1967 1979/2898/1979 1968/2879/1968
f 1960/2870/1960 1420/2888/1420 1424/2921/1424
f 1990/2920/1990 1983/2906/1983 1969/2881/1969
f 1976/2895/1976 369/2903/369 371/2867/371
f 1989/2917/1989 1958/2866/1958 1987/2912/1987
f 1960/2870/1960 1975/2892/1975 1961/2871/1961
f 1970/2882/1970 1957/2865/1957 1979/2898/1979
f 1927/2890/1927 1975/2892/1975 1425/2918/1425
f 1983/2906/1983 1990/2920/1990 1960/2870/1960
f 1984/2907/1984 1989/2917/1989 1980/2901/1980
f 1420/2888/1420 1971/2883/1971 1418/2894/1418
f 1969/2881/1969 1983/2906/1983 1982/2905/1982
f 1982/2905/1982 1986/2911/1986 1969/2881/1969
f 373/2916/373 1984/2907/1984 363/2915/363
f 1970/2882/1970 1973/2887/1973 1971/2883/1971
f 1973/2887/1973 1418/2894/1418 1971/2883/1971
f 1975/2892/1975 1410/2891/1410 1414/2884/1414
f 1964/2875/1964 1963/2874/1963 1972/2886/1972
f 1979/2898/1979 1957/2865/1957 1985/2909/1985
f 1969/2881/1969 1971/2883/1971 1990/2920/1990
f 1966/2877/1966 1983/2906/1983 1962/2872/1962
f 1980/2901/1980 1989/2917/1989 1987/2912/1987
f 1414/2884/1414 1961/2871/1961 1975/2892/1975
f 1970/2882/1970 1986/2911/1986 1957/2865/1957
f 1976/2895/1976 1988/2913/1988 369/2903/369
f 1958/2866/1958 1986/2911/1986 1987/2912/1987
f 1958/2866/1958 1957/2865/1957 1986/2911/1986
f 1958/2866/1958 1989/2917/1989 1956/2864/1956
f 1988/2913/1988 1412/2885/1412 1981/2904/1981
f 1989/2917/1989 1984/2907/1984 373/2916/373
f 1272/2922/1272 1271/2923/1271 881/2924/881
f 1991/2925/1991 1992/2926/1992 1993/2927/1993
f 1994/2928/1994 1995/2929/1995 1996/2930/1996
f 873/2931/873 1997/2932/1997 1998/2933/1998
f 876/2934/876 1272/2922/1272 881/2924/881
f 1999/2935/1999 2000/2936/2000 2001/2937/2001
f 2002/2938/2002 924/2939/924 2003/2940/2003
f 978/2941/978 2004/2942/2004 1992/2926/1992
f 2005/2943/2005 2000/2936/2000 2006/2944/2006
f 1991/2925/1991 2007/2945/2007 1992/2926/1992
f 2008/2946/2008 2002/2938/2002 2003/2940/2003
f 1994/2928/1994 2009/2947/2009 2010/2948/2010
f 2008/2946/2008 2003/2940/2003 1996/2930/1996
f 1993/2927/1993 2011/2949/2011 2012/2950/2012
f 1995/2929/1995 964/2951/964 978/2941/978
f 2013/2952/2013 2010/2948/2010 962/2953/962
f 954/2954/954 2014/2955/2014 1271/2923/1271
f 2009/2947/2009 911/2956/911 2015/2957/2015
f 1993/2927/1993 2016/2958/2016 1991/2925/1991
f 2009/2947/2009 2015/2957/2015 2017/2959/2017
f 1994/2928/1994 2010/2948/2010 2013/2952/2013
f 2005/2943/2005 2018/2960/2018 2016/2958/2016
f 1992/2926/1992 2004/2942/2004 1993/2927/1993
f 881/2924/881 1271/2923/1271 872/2961/872
f 2019/2962/2019 2011/2949/2011 2020/2963/2020
f 926/2964/926 924/2939/924 2002/2938/2002
f 2002/2938/2002 2008/2946/2008 2001/2937/2001
f 1992/2926/1992 2021/2965/2021 1995/2929/1995
f 2009/2947/2009 920/2966/920 911/2956/911
f 2021/2965/2021 2007/2945/2007 1996/2930/1996
f 978/2941/978 1992/2926/1992 1995/2929/1995
f 2008/2946/2008 1996/2930/1996 2007/2945/2007
f 2022/2967/2022 2023/2968/2023 1622/2969/1622
f 978/2941/978 977/2970/977 2004/2942/2004
f 2024/2971/2024 977/2970/977 1827/2972/1827
f 1830/2973/1830 1618/2974/1618 2023/2968/2023
f 964/2951/964 1995/2929/1995 2013/2952/2013
f 1994/2928/1994 1996/2930/1996 2003/2940/2003
f 910/2975/910 2015/2957/2015 911/2956/911
f 2004/2942/2004 2020/2963/2020 2011/2949/2011
f 2021/2965/2021 1996/2930/1996 1995/2929/1995
f 2005/2943/2005 2025/2976/2025 2000/2936/2000
f 926/2964/926 2002/2938/2002 2001/2937/2001
f 2007/2945/2007 1999/2935/1999 2008/2946/2008
f 977/2970/977 2020/2963/2020 2004/2942/2004
f 1999/2935/1999 2001/2937/2001 2008/2946/2008
f 1827/2972/1827 2023/2968/2023 2024/2971/2024
f 1827/2972/1827 1830/2973/1830 2023/2968/2023
f 1618/2974/1618 1617/2977/1617 2023/2968/2023
f 2026/2978/2026 2009/2947/2009 2017/2959/2017
f 2019/2962/2019 2027/2979/2027 2011/2949/2011
f 924/2939/924 920/2966/920 2003/2940/2003
f 1999/2935/1999 2006/2944/2006 2000/2936/2000
f 2023/2968/2023 2022/2967/2022 2024/2971/2024
f 1995/2929/1995 1994/2928/1994 2013/2952/2013
f 962/2953/962 2010/2948/2010 961/2980/961
f 926/2964/926 2001/2937/2001 2028/2981/2028
f 962/2953/962 964/2951/964 2013/2952/2013
f 2011/2949/2011 2027/2979/2027 2012/2950/2012
f 2017/2959/2017 1997/2932/1997 2026/2978/2026
f 2006/2944/2006 1991/2925/1991 2018/2960/2018
f 1991/2925/1991 2006/2944/2006 1999/2935/1999
f 2018/2960/2018 2005/2943/2005 2006/2944/2006
f 1271/2923/1271 873/2931/873 872/2961/872
f 910/2975/910 2017/2959/2017 2015/2957/2015
f 1997/2932/1997 2017/2959/2017 1998/2933/1998
f 873/2931/873 1271/2923/1271 2014/2955/2014
f 961/2980/961 1997/2932/1997 2014/2955/2014
f 2018/2960/2018 1991/2925/1991 2016/2958/2016
f 2012/2950/2012 2027/2979/2027 2029/2982/2029
f 1991/2925/1991 1999/2935/1999 2007/2945/2007
f 2021/2965/2021 1992/2926/1992 2007/2945/2007
f 1997/2932/1997 873/2931/873 2014/2955/2014
f 2024/2971/2024 2022/2967/2022 2019/2962/2019
f 1993/2927/1993 2012/2950/2012 2016/2958/2016
f 2019/2962/2019 2020/2963/2020 2024/2971/2024
f 1994/2928/1994 2003/2940/2003 2009/2947/2009
f 954/2954/954 961/2980/961 2014/2955/2014
f 2027/2979/2027 1622/2969/1622 2029/2982/2029
f 1997/2932/1997 2010/2948/2010 2026/2978/2026
f 2027/2979/2027 2019/2962/2019 2022/2967/2022
f 910/2975/910 880/2983/880 1998/2933/1998
f 2028/2981/2028 2000/2936/2000 2025/2976/2025
f 2026/2978/2026 2010/2948/2010 2009/2947/2009
f 873/2931/873 1998/2933/1998 879/2984/879
f 1622/2969/1622 2023/2968/2023 1617/2977/1617
f 880/2983/880 879/2984/879 1998/2933/1998
f 2029/2982/2029 2016/2958/2016 2012/2950/2012
f 2010/2948/2010 1997/2932/1997 961/2980/961
f 2022/2967/2022 1622/2969/1622 2027/2979/2027
f 2011/2949/2011 1993/2927/1993 2004/2942/2004
f 2024/2971/2024 2020/2963/2020 977/2970/977
f 910/2975/910 1998/2933/1998 2017/2959/2017
f 920/2966/920 2009/2947/2009 2003/2940/2003
f 2000/2936/2000 2028/2981/2028 2001/2937/2001
f 2030/2985/2030 2031/2986/2031 2032/2987/2032
f 2033/2988/2033 1096/2989/1096 2034/2990/2034
f 2031/2986/2031 2035/2991/2035 2036/2992/2036
f 2032/2987/2032 2037/2993/2037 2038/2994/2038
f 1073/2995/1073 2034/2990/2034 1096/2989/1096
f 2039/2996/2039 2038/2994/2038 2040/2997/2040
f 2031/2986/2031 2036/2992/2036 2032/2987/2032
f 2041/2998/2041 2035/2991/2035 2031/2986/2031
f 2034/2990/2034 2042/2999/2042 2043/3000/2043
f 2044/3001/2044 2033/2988/2033 2034/2990/2034
f 2045/3002/2045 2030/2985/2030 2044/3001/2044
f 1480/3003/1480 1483/3004/1483 2046/3005/2046
f 2047/3006/2047 2041/2998/2041 2031/2986/2031
f 2048/3007/2048 2049/3008/2049 2050/3009/2050
f 2044/3001/2044 2030/2985/2030 2033/2988/2033
f 2051/3010/2051 2052/3011/2052 2053/3012/2053
f 2033/2988/2033 2030/2985/2030 2054/3013/2054
f 1072/3014/1072 2055/3015/2055 2042/2999/2042
f 2045/3002/2045 2044/3001/2044 2034/2990/2034
f 2056/3016/2056 1470/3017/1470 2057/3018/2057
f 2037/2993/2037 2036/2992/2036 2058/3019/2058
f 2055/3015/2055 2059/3020/2059 2043/3000/2043
f 2060/3021/2060 2047/3006/2047 2045/3002/2045
f 2045/3002/2045 2047/3006/2047 2031/2986/2031
f 2054/3013/2054 2030/2985/2030 2061/3022/2061
f 1471/3023/1471 1470/3017/1470 2056/3016/2056
f 2045/3002/2045 2043/3000/2043 2060/3021/2060
f 2055/3015/2055 1089/3024/1089 2062/3025/2062
f 2032/2987/2032 2038/2994/2038 2063/3026/2063
f 2031/2986/2031 2030/2985/2030 2045/3002/2045
f 1479/3027/1479 2064/3028/2064 2065/3029/2065
f 2066/3030/2066 2067/3031/2067 2068/3032/2068
f 2032/2987/2032 2061/3022/2061 2030/2985/2030
f 2065/3029/2065 2064/3028/2064 2069/3033/2069
f 2070/3034/2070 2069/3033/2069 2050/3009/2050
f 2069/3033/2069 2070/3034/2070 2065/3029/2065
f 2049/3008/2049 2070/3034/2070 2050/3009/2050
f 2071/3035/2071 2061/3022/2061 2032/2987/2032
f 2065/3029/2065 2070/3034/2070 2057/3018/2057
f 2034/2990/2034 1073/2995/1073 2042/2999/2042
f 2049/3008/2049 2072/3036/2072 2070/3034/2070
f 2036/2992/2036 2037/2993/2037 2032/2987/2032
f 2063/3026/2063 2038/2994/2038 2039/2996/2039
f 2073/3037/2073 2051/3010/2051 2059/3020/2059
f 2043/3000/2043 2042/2999/2042 2055/3015/2055
f 2060/3021/2060 2043/3000/2043 2059/3020/2059
f 2060/3021/2060 2072/3036/2072 2047/3006/2047
f 2041/2998/2041 2047/3006/2047 2049/3008/2049
f 1073/2995/1073 1072/3014/1072 2042/2999/2042
f 2036/2992/2036 2035/2991/2035 2058/3019/2058
f 2067/3031/2067 1483/3004/1483 1482/3038/1482
f 2067/3031/2067 2074/3039/2074 2046/3005/2046
f 2034/2990/2034 2043/3000/2043 2045/3002/2045
f 1471/3023/1471 2053/3012/2053 1466/3040/1466
f 2063/3026/2063 2075/3041/2075 2071/3035/2071
f 2071/3035/2071 2075/3041/2075 2061/3022/2061
f 2063/3026/2063 2071/3035/2071 2032/2987/2032
f 2060/3021/2060 2059/3020/2059 2051/3010/2051
f 2072/3036/2072 2060/3021/2060 2051/3010/2051
f 2072/3036/2072 2049/3008/2049 2047/3006/2047
f 2076/3042/2076 2063/3026/2063 2039/2996/2039
f 2041/2998/2041 2077/3043/2077 2035/2991/2035
f 2049/3008/2049 2048/3007/2048 2041/2998/2041
f 2053/3012/2053 2056/3016/2056 2057/3018/2057
f 2067/3031/2067 2046/3005/2046 1483/3004/1483
f 2067/3031/2067 2066/3030/2066 2075/3041/2075
f 2057/3018/2057 1470/3017/1470 2065/3029/2065
f 2075/3041/2075 2063/3026/2063 2067/3031/2067
f 2038/2994/2038 2037/2993/2037 2040/2997/2040
f 2058/3019/2058 2078/3044/2078 2037/2993/2037
f 2063/3026/2063 2074/3039/2074 2067/3031/2067
f 2055/3015/2055 2062/3025/2062 2079/3045/2079
f 2072/3036/2072 2057/3018/2057 2070/3034/2070
f 2053/3012/2053 2072/3036/2072 2051/3010/2051
f 2053/3012/2053 1471/3023/1471 2056/3016/2056
f 2057/3018/2057 2072/3036/2072 2053/3012/2053
f 2052/3011/2052 2073/3037/2073 2079/3045/2079
f 2053/3012/2053 2052/3011/2052 1466/3040/1466
f 1466/3040/1466 2052/3011/2052 1465/3046/1465
f 1479/3027/1479 2065/3029/2065 1470/3017/1470
f 2052/3011/2052 2051/3010/2051 2073/3037/2073
f 2050/3009/2050 2069/3033/2069 2064/3028/2064
f 1090/3047/1090 2062/3025/2062 1089/3024/1089
f 2062/3025/2062 1090/3047/1090 1092/3048/1092
f 2077/3043/2077 2041/2998/2041 2048/3007/2048
f 2059/3020/2059 2055/3015/2055 2079/3045/2079
f 2037/2993/2037 2078/3044/2078 2040/2997/2040
f 1465/3046/1465 2062/3025/2062 1092/3048/1092
f 2074/3039/2074 2063/3026/2063 2076/3042/2076
f 2048/3007/2048 2050/3009/2050 2077/3043/2077
f 2073/3037/2073 2059/3020/2059 2079/3045/2079
f 2079/3045/2079 2062/3025/2062 1465/3046/1465
f 1089/3024/1089 2055/3015/2055 1072/3014/1072
f 1482/3038/1482 2068/3032/2068 2067/3031/2067
f 1465/3046/1465 2052/3011/2052 2079/3045/2079
f 503/3049/503 2080/3050/2080 2081/3051/2081
f 305/3052/305 2082/3053/2082 306/3054/306
f 2080/3050/2080 2083/3055/2083 2084/3056/2084
f 2085/3057/2085 2086/3058/2086 2087/3059/2087
f 2082/3053/2082 305/3052/305 658/3060/658
f 2088/3061/2088 1870/3062/1870 2089/3063/2089
f 2083/3055/2083 506/3064/506 508/3065/508
f 2090/3066/2090 2091/3067/2091 2085/3057/2085
f 2092/3068/2092 2093/3069/2093 2094/3070/2094
f 2095/3071/2095 2096/3072/2096 2088/3061/2088
f 659/3073/659 1869/3074/1869 2097/3075/2097
f 2090/3066/2090 658/3060/658 2098/3076/2098
f 2099/3077/2099 2093/3069/2093 2092/3068/2092
f 2100/3078/2100 2101/3079/2101 2102/3080/2102
f 2086/3058/2086 2085/3057/2085 2103/3081/2103
f 2104/3082/2104 2098/3076/2098 2105/3083/2105
f 2106/3084/2106 2097/3075/2097 1869/3074/1869
f 2094/3070/2094 2091/3067/2091 2104/3082/2104
f 2106/3084/2106 2107/3085/2107 2097/3075/2097
f 2094/3070/2094 2104/3082/2104 2105/3083/2105
f 2108/3086/2108 2086/3058/2086 2109/3087/2109
f 2096/3072/2096 2095/3071/2095 2099/3077/2099
f 2110/3088/2110 2111/3089/2111 2112/3090/2112
f 2094/3070/2094 2105/3083/2105 2113/3091/2113
f 2086/3058/2086 2114/3092/2114 2115/3093/2115
f 2087/3059/2087 2090/3066/2090 2085/3057/2085
f 2116/3094/2116 2117/3095/2117 2099/3077/2099
f 1859/3096/1859 1847/3097/1847 2106/3084/2106
f 2081/3051/2081 2080/3050/2080 2084/3056/2084
f 2108/3086/2108 2109/3087/2109 94/3098/94
f 2097/3075/2097 2098/3076/2098 658/3060/658
f 2110/3088/2110 2116/3094/2116 2099/3077/2099
f 2090/3066/2090 2098/3076/2098 2104/3082/2104
f 2107/3085/2107 2106/3084/2106 2102/3080/2102
f 2090/3066/2090 2104/3082/2104 2091/3067/2091
f 2097/3075/2097 2118/3099/2118 2098/3076/2098
f 2100/3078/2100 2102/3080/2102 1847/3097/1847
f 2091/3067/2091 2103/3081/2103 2085/3057/2085
f 2105/3083/2105 2107/3085/2107 2113/3091/2113
f 2101/3079/2101 2100/3078/2100 2088/3061/2088
f 2083/3055/2083 2080/3050/2080 506/3064/506
f 302/3100/302 301/3101/301 2119/3102/2119
f 659/3073/659 2097/3075/2097 658/3060/658
f 503/3049/503 2081/3051/2081 501/3103/501
f 2108/3086/2108 2119/3102/2119 2086/3058/2086
f 306/3054/306 2082/3053/2082 2119/3102/2119
f 2081/3051/2081 1870/3062/1870 501/3103/501
f 2099/3077/2099 2095/3071/2095 2110/3088/2110
f 2113/3091/2113 2120/3104/2120 2092/3068/2092
f 2121/3105/2121 2122/3106/2122 2123/3107/2123
f 2099/3077/2099 2120/3104/2120 2096/3072/2096
f 1859/3096/1859 2106/3084/2106 1869/3074/1869
f 2089/3063/2089 2122/3106/2122 2095/3071/2095
f 2109/3087/2109 2086/3058/2086 2115/3093/2115
f 2117/3095/2117 2093/3069/2093 2099/3077/2099
f 2089/3063/2089 1870/3062/1870 2081/3051/2081
f 2119/3102/2119 2108/3086/2108 302/3100/302
f 2084/3056/2084 519/3108/519 2123/3107/2123
f 2086/3058/2086 2103/3081/2103 2114/3092/2114
f 2118/3099/2118 2097/3075/2097 2107/3085/2107
f 2095/3071/2095 2111/3089/2111 2110/3088/2110
f 2105/3083/2105 2098/3076/2098 2118/3099/2118
f 2101/3079/2101 2113/3091/2113 2102/3080/2102
f 2124/3109/2124 2094/3070/2094 2093/3069/2093
f 2090/3066/2090 2082/3053/2082 658/3060/658
f 2101/3079/2101 2096/3072/2096 2120/3104/2120
f 2101/3079/2101 2088/3061/2088 2096/3072/2096
f 301/3101/301 306/3054/306 2119/3102/2119
f 2084/3056/2084 2123/3107/2123 2122/3106/2122
f 2122/3106/2122 2081/3051/2081 2084/3056/2084
f 2102/3080/2102 2106/3084/2106 1847/3097/1847
f 2112/3090/2112 2095/3071/2095 2122/3106/2122
f 1870/3062/1870 515/3110/515 501/3103/501
f 2110/3088/2110 2125/3111/2125 2116/3094/2116
f 2112/3090/2112 2122/3106/2122 2121/3105/2121
f 2119/3102/2119 2087/3059/2087 2086/3058/2086
f 2122/3106/2122 2089/3063/2089 2081/3051/2081
f 2112/3090/2112 2125/3111/2125 2110/3088/2110
f 519/3108/519 2084/3056/2084 2083/3055/2083
f 2082/3053/2082 2087/3059/2087 2119/3102/2119
f 2102/3080/2102 2113/3091/2113 2107/3085/2107
f 1870/3062/1870 2088/3061/2088 1866/3112/1866
f 2108/3086/2108 94/3098/94 302/3100/302
f 519/3108/519 2083/3055/2083 508/3065/508
f 2111/3089/2111 2095/3071/2095 2112/3090/2112
f 2087/3059/2087 2082/3053/2082 2090/3066/2090
f 2118/3099/2118 2107/3085/2107 2105/3083/2105
f 2080/3050/2080 503/3049/503 506/3064/506
f 2089/3063/2089 2095/3071/2095 2088/3061/2088
f 2092/3068/2092 2094/3070/2094 2113/3091/2113
f 2094/3070/2094 2124/3109/2124 2091/3067/2091
f 2113/3091/2113 2101/3079/2101 2120/3104/2120
f 1866/3112/1866 2100/3078/2100 1847/3097/1847
f 2092/3068/2092 2120/3104/2120 2099/3077/2099
f 2100/3078/2100 1866/3112/1866 2088/3061/2088
f 2125/3111/2125 2112/3090/2112 2121/3105/2121
f 2126/3113/2126 2127/3114/2127 2128/3115/2128
f 2129/3116/2129 2130/3117/2130 1180/3118/1180
f 1185/3119/1185 90/3120/90 2129/3116/2129
f 2131/3121/2131 1185/3119/1185 124/3122/124
f 2130/3117/2130 2132/3123/2132 1170/3124/1170
f 2129/3116/2129 2133/3125/2133 2134/3126/2134
f 2133/3125/2133 2135/3127/2135 2127/3114/2127
f 2136/3128/2136 2137/3129/2137 2138/3130/2138
f 2139/3131/2139 2136/3128/2136 2140/3132/2140
f 2139/3131/2139 2141/3133/2141 2137/3129/2137
f 2142/3134/2142 2143/3135/2143 2144/3136/2144
f 92/3137/92 90/3120/90 2131/3121/2131
f 2145/3138/2145 2146/3139/2146 2144/3136/2144
f 2141/3133/2141 2139/3131/2139 2147/3140/2147
f 2143/3135/2143 2148/3141/2148 2144/3136/2144
f 90/3120/90 1185/3119/1185 2131/3121/2131
f 2147/3140/2147 2143/3135/2143 2141/3133/2141
f 1503/3142/1503 2145/3138/2145 2149/3143/2149
f 2145/3138/2145 2150/3144/2150 2149/3143/2149
f 2147/3140/2147 2139/3131/2139 2151/3145/2151
f 2149/3143/2149 563/3146/563 1503/3142/1503
f 2138/3130/2138 2140/3132/2140 2136/3128/2136
f 2150/3144/2150 2145/3138/2145 2148/3141/2148
f 2139/3131/2139 128/3147/128 2151/3145/2151
f 2151/3145/2151 2148/3141/2148 2147/3140/2147
f 2152/3148/2152 90/3120/90 89/3149/89
f 124/3122/124 91/3150/91 92/3137/92
f 2152/3148/2152 2135/3127/2135 90/3120/90
f 2135/3127/2135 2128/3115/2128 2127/3114/2127
f 124/3122/124 92/3137/92 2131/3121/2131
f 2135/3127/2135 2152/3148/2152 2128/3115/2128
f 90/3120/90 2133/3125/2133 2129/3116/2129
f 2135/3127/2135 2133/3125/2133 90/3120/90
f 2153/3151/2153 2134/3126/2134 2133/3125/2133
f 2142/3134/2142 2132/3123/2132 2154/3152/2154
f 2137/3129/2137 2142/3134/2142 2154/3152/2154
f 1894/3153/1894 2140/3132/2140 1895/3154/1895
f 1895/3154/1895 2140/3132/2140 2138/3130/2138
f 2154/3152/2154 2153/3151/2153 2155/3155/2155
f 2134/3126/2134 2153/3151/2153 2154/3152/2154
f 2155/3155/2155 2153/3151/2153 2127/3114/2127
f 2156/3156/2156 2138/3130/2138 2154/3152/2154
f 2154/3152/2154 2138/3130/2138 2137/3129/2137
f 2127/3114/2127 2126/3113/2126 2155/3155/2155
f 1924/3157/1924 1895/3154/1895 2156/3156/2156
f 2157/3158/2157 2156/3156/2156 2154/3152/2154
f 2155/3155/2155 2126/3113/2126 2157/3158/2157
f 2157/3158/2157 2154/3152/2154 2155/3155/2155
f 2156/3156/2156 2157/3158/2157 1924/3157/1924
f 1926/3159/1926 2157/3158/2157 2126/3113/2126
f 2130/3117/2130 2129/3116/2129 2132/3123/2132
f 2127/3114/2127 2153/3151/2153 2133/3125/2133
f 1185/3119/1185 2129/3116/2129 1180/3118/1180
f 2129/3116/2129 2134/3126/2134 2132/3123/2132
f 2157/3158/2157 1926/3159/1926 1924/3157/1924
f 2158/3160/2158 2149/3143/2149 2150/3144/2150
f 2154/3152/2154 2132/3123/2132 2134/3126/2134
f 2156/3156/2156 1895/3154/1895 2138/3130/2138
f 561/3161/561 2149/3143/2149 2158/3160/2158
f 1914/3162/1914 2140/3132/2140 1894/3153/1894
f 2142/3134/2142 2137/3129/2137 2141/3133/2141
f 2139/3131/2139 1902/3163/1902 128/3147/128
f 565/3164/565 2159/3165/2159 2160/3166/2160
f 2158/3160/2158 2159/3165/2159 565/3164/565
f 2150/3144/2150 2159/3165/2159 2158/3160/2158
f 2159/3165/2159 2148/3141/2148 2161/3167/2161
f 550/3168/550 561/3161/561 2158/3160/2158
f 2160/3166/2160 2161/3167/2161 2162/3169/2162
f 2137/3129/2137 2136/3128/2136 2139/3131/2139
f 2148/3141/2148 2151/3145/2151 2162/3169/2162
f 2143/3135/2143 2142/3134/2142 2141/3133/2141
f 2162/3169/2162 2151/3145/2151 559/3170/559
f 561/3161/561 563/3146/563 2149/3143/2149
f 565/3164/565 550/3168/550 2158/3160/2158
f 2159/3165/2159 2161/3167/2161 2160/3166/2160
f 2162/3169/2162 559/3170/559 564/3171/564
f 1914/3162/1914 2139/3131/2139 2140/3132/2140
f 2148/3141/2148 2145/3138/2145 2144/3136/2144
f 2148/3141/2148 2159/3165/2159 2150/3144/2150
f 2160/3166/2160 2162/3169/2162 564/3171/564
f 2162/3169/2162 2161/3167/2161 2148/3141/2148
f 2146/3139/2146 2142/3134/2142 2144/3136/2144
f 2147/3140/2147 2148/3141/2148 2143/3135/2143
f 565/3164/565 2160/3166/2160 564/3171/564
f 2151/3145/2151 128/3147/128 559/3170/559
f 1914/3162/1914 1902/3163/1902 2139/3131/2139
f 2163/3172/2163 1503/3142/1503 1187/3173/1187
f 2164/3174/2164 2146/3139/2146 2145/3138/2145
f 2164/3174/2164 2163/3172/2163 1170/3124/1170
f 1171/3175/1171 1170/3124/1170 2163/3172/2163
f 1503/3142/1503 2163/3172/2163 2164/3174/2164
f 2132/3123/2132 2142/3134/2142 2146/3139/2146
f 2145/3138/2145 1503/3142/1503 2164/3174/2164
f 1170/3124/1170 2146/3139/2146 2164/3174/2164
f 1187/3173/1187 1171/3175/1171 2163/3172/2163
f 2146/3139/2146 1170/3124/1170 2132/3123/2132
f 1180/3118/1180 2130/3117/2130 1170/3124/1170
f 2152/3176/2152 2165/3177/2165 2166/3178/2166
f 2167/3179/2167 1923/3180/1923 1897/3181/1897
f 2168/3182/2168 2169/3183/2169 2170/3184/2170
f 2171/3185/2171 1923/3180/1923 2167/3179/2167
f 2172/3186/2172 2173/3187/2173 2174/3188/2174
f 2174/3188/2174 2175/3189/2175 2176/3190/2176
f 2170/3184/2170 2177/3191/2177 2178/3192/2178
f 2169/3183/2169 2179/3193/2179 2167/3179/2167
f 2178/3192/2178 2180/3194/2180 2181/3195/2181
f 2179/3193/2179 1923/3180/1923 2171/3185/2171
f 2182/3196/2182 2181/3195/2181 2180/3194/2180
f 2152/3176/2152 2166/3178/2166 2128/3197/2128
f 2183/3198/2183 2184/3199/2184 2185/3200/2185
f 2173/3187/2173 2186/3201/2186 2174/3188/2174
f 2187/3202/2187 2170/3184/2170 2178/3192/2178
f 2188/3203/2188 2189/3204/2189 2168/3182/2168
f 2169/3183/2169 2177/3191/2177 2170/3184/2170
f 2189/3204/2189 1898/3205/1898 2179/3193/2179
f 2190/3206/2190 2191/3207/2191 2192/3208/2192
f 2178/3192/2178 2177/3191/2177 2180/3194/2180
f 2177/3191/2177 2167/3179/2167 2193/3209/2193
f 2189/3204/2189 2169/3183/2169 2168/3182/2168
f 2194/3210/2194 2195/3211/2195 2192/3208/2192
f 2167/3179/2167 2177/3191/2177 2169/3183/2169
f 2196/3212/2196 2197/3213/2197 2126/3214/2126
f 2170/3184/2170 2188/3203/2188 2168/3182/2168
f 2194/3210/2194 2191/3207/2191 2183/3198/2183
f 1926/3215/1926 2193/3209/2193 1896/3216/1896
f 2198/3217/2198 2185/3200/2185 2176/3190/2176
f 2187/3202/2187 2181/3195/2181 2199/3218/2199
f 1898/3205/1898 2189/3204/2189 1921/3219/1921
f 2183/3198/2183 2078/3220/2078 2184/3199/2184
f 2128/3197/2128 2196/3212/2196 2126/3214/2126
f 2175/3189/2175 2174/3188/2174 2186/3201/2186
f 2185/3200/2185 2184/3199/2184 2174/3188/2174
f 2196/3212/2196 2166/3178/2166 2195/3211/2195
f 2181/3195/2181 2198/3217/2198 2176/3190/2176
f 2200/3221/2200 2201/3222/2201 2186/3201/2186
f 2175/3189/2175 2186/3201/2186 2199/3218/2199
f 2194/3210/2194 2198/3217/2198 2181/3195/2181
f 2182/3196/2182 2195/3211/2195 2194/3210/2194
f 2176/3190/2176 2185/3200/2185 2174/3188/2174
f 2198/3217/2198 2183/3198/2183 2185/3200/2185
f 2173/3187/2173 2202/3223/2202 2186/3201/2186
f 2188/3203/2188 2203/3224/2203 2189/3204/2189
f 2189/3204/2189 2203/3224/2203 1921/3219/1921
f 2167/3179/2167 1896/3216/1896 2193/3209/2193
f 2203/3224/2203 2188/3203/2188 2204/3225/2204
f 2191/3207/2191 2194/3210/2194 2192/3208/2192
f 1893/3226/1893 2205/3227/2205 2206/3228/2206
f 2207/3229/2207 2208/3230/2208 2204/3225/2204
f 2205/3227/2205 1901/3231/1901 1921/3219/1921
f 2204/3225/2204 2208/3230/2208 2203/3224/2203
f 1892/3232/1892 2209/3233/2209 1905/3234/1905
f 1901/3231/1901 2205/3227/2205 1893/3226/1893
f 2176/3190/2176 2199/3218/2199 2181/3195/2181
f 2199/3218/2199 2186/3201/2186 2187/3202/2187
f 2205/3227/2205 1921/3219/1921 2203/3224/2203
f 2182/3196/2182 2196/3212/2196 2195/3211/2195
f 2194/3210/2194 2181/3195/2181 2182/3196/2182
f 2128/3197/2128 2166/3178/2166 2196/3212/2196
f 2205/3227/2205 2203/3224/2203 2208/3230/2208
f 2205/3227/2205 2208/3230/2208 2206/3228/2206
f 2206/3228/2206 2208/3230/2208 2207/3229/2207
f 2200/3221/2200 2186/3201/2186 2202/3223/2202
f 1893/3226/1893 2206/3228/2206 1892/3232/1892
f 2207/3229/2207 2209/3233/2209 2206/3228/2206
f 2170/3184/2170 2187/3202/2187 2210/3235/2210
f 2206/3228/2206 2209/3233/2209 1892/3232/1892
f 2174/3188/2174 2184/3199/2184 2172/3186/2172
f 2165/3177/2165 2190/3206/2190 2195/3211/2195
f 2190/3206/2190 2192/3208/2192 2195/3211/2195
f 2197/3213/2197 2182/3196/2182 2180/3194/2180
f 2176/3190/2176 2175/3189/2175 2199/3218/2199
f 2167/3179/2167 2179/3193/2179 2171/3185/2171
f 2181/3195/2181 2187/3202/2187 2178/3192/2178
f 2196/3212/2196 2182/3196/2182 2197/3213/2197
f 2166/3178/2166 2165/3177/2165 2195/3211/2195
f 2211/3236/2211 2212/3237/2212 2213/3238/2213
f 1923/3180/1923 2179/3193/2179 1898/3205/1898
f 1897/3181/1897 1896/3216/1896 2167/3179/2167
f 2186/3201/2186 2210/3235/2210 2187/3202/2187
f 2207/3229/2207 2204/3225/2204 2214/3239/2214
f 2194/3210/2194 2183/3198/2183 2198/3217/2198
f 2197/3213/2197 2193/3209/2193 1926/3215/1926
f 2179/3193/2179 2169/3183/2169 2189/3204/2189
f 2212/3237/2212 2215/3240/2215 2213/3238/2213
f 2197/3213/2197 2180/3194/2180 2193/3209/2193
f 2126/3214/2126 2197/3213/2197 1926/3215/1926
f 2207/3229/2207 2214/3239/2214 2216/3241/2216
f 2212/3237/2212 2201/3222/2201 2215/3240/2215
f 2212/3237/2212 2186/3201/2186 2201/3222/2201
f 2217/3242/2217 2214/3239/2214 2211/3236/2211
f 2217/3242/2217 2218/3243/2218 2214/3239/2214
f 2170/3184/2170 2211/3236/2211 2188/3203/2188
f 2212/3237/2212 2170/3184/2170 2210/3235/2210
f 2170/3184/2170 2212/3237/2212 2211/3236/2211
f 2211/3236/2211 2213/3238/2213 2217/3242/2217
f 2218/3243/2218 2217/3242/2217 2213/3238/2213
f 2186/3201/2186 2212/3237/2212 2210/3235/2210
f 2180/3194/2180 2177/3191/2177 2193/3209/2193
f 2214/3239/2214 2218/3243/2218 2216/3241/2216
f 2188/3203/2188 2211/3236/2211 2214/3239/2214
f 2214/3239/2214 2204/3225/2204 2188/3203/2188
f 2219/3244/2219 2220/3245/2220 2221/3246/2221
f 2222/3247/2222 2223/3248/2223 790/3249/790
f 2223/3248/2223 2224/3250/2224 2225/3251/2225
f 2219/3244/2219 2221/3246/2221 2226/3252/2226
f 2227/3253/2227 1815/3254/1815 2228/3255/2228
f 2229/3256/2229 2230/3257/2230 2231/3258/2231
f 2224/3250/2224 2232/3259/2232 2225/3251/2225
f 2233/3260/2233 2234/3261/2234 2235/3262/2235
f 780/3263/780 779/3264/779 2236/3265/2236
f 786/3266/786 2237/3267/2237 787/3268/787
f 2231/3258/2231 2238/3269/2238 2229/3256/2229
f 2220/3245/2220 2232/3259/2232 2224/3250/2224
f 2239/3270/2239 2227/3253/2227 2240/3271/2240
f 2226/3252/2226 2221/3246/2221 2229/3256/2229
f 2240/3271/2240 2228/3255/2228 2241/3272/2241
f 2242/3273/2242 2231/3258/2231 2239/3270/2239
f 2228/3255/2228 1788/3274/1788 2243/3275/2243
f 2220/3245/2220 2219/3244/2219 2244/3276/2244
f 2219/3244/2219 2226/3252/2226 2244/3276/2244
f 2245/3277/2245 2246/3278/2246 2247/3279/2247
f 2247/3279/2247 780/3263/780 2236/3265/2236
f 2229/3256/2229 2245/3277/2245 2226/3252/2226
f 1795/3280/1795 2248/3281/2248 2249/3282/2249
f 2250/3283/2250 2242/3273/2242 2240/3271/2240
f 2241/3272/2241 2228/3255/2228 2243/3275/2243
f 790/3249/790 2237/3267/2237 786/3266/786
f 1805/3284/1805 2251/3285/2251 2235/3262/2235
f 2249/3282/2249 2251/3285/2251 1805/3284/1805
f 2234/3261/2234 2252/3286/2252 2253/3287/2253
f 1771/3288/1771 1816/3289/1816 2254/3290/2254
f 2255/3291/2255 2251/3285/2251 2249/3282/2249
f 33/3292/33 2241/3272/2241 169/3293/169
f 2254/3290/2254 104/3294/104 103/3295/103
f 2239/3270/2239 2231/3258/2231 2230/3257/2230
f 2225/3251/2225 2237/3267/2237 2223/3248/2223
f 2256/3296/2256 2257/3297/2257 2258/3298/2258
f 790/3249/790 2223/3248/2223 2237/3267/2237
f 2244/3276/2244 2232/3259/2232 2220/3245/2220
f 2227/3253/2227 2228/3255/2228 2240/3271/2240
f 2244/3276/2244 2236/3265/2236 2232/3259/2232
f 2259/3299/2259 2256/3296/2256 2260/3300/2260
f 169/3293/169 2241/3272/2241 2243/3275/2243
f 2261/3301/2261 104/3294/104 2254/3290/2254
f 790/3249/790 792/3302/792 2222/3247/2222
f 2260/3300/2260 2262/3303/2262 2259/3299/2259
f 2233/3260/2233 2263/3304/2263 2234/3261/2234
f 2242/3273/2242 2264/3305/2264 2265/3306/2265
f 2261/3301/2261 2263/3304/2263 2266/3307/2266
f 1795/3280/1795 1810/3308/1810 2248/3281/2248
f 102/3309/102 169/3293/169 2243/3275/2243
f 2264/3305/2264 2238/3269/2238 2265/3306/2265
f 2267/3310/2267 2238/3269/2238 2264/3305/2264
f 2260/3300/2260 2258/3298/2258 2267/3310/2267
f 2236/3265/2236 2244/3276/2244 2247/3279/2247
f 787/3268/787 2232/3259/2232 779/3264/779
f 2237/3267/2237 2225/3251/2225 787/3268/787
f 2232/3259/2232 2236/3265/2236 779/3264/779
f 2256/3296/2256 2251/3285/2251 2257/3297/2257
f 33/3292/33 2250/3283/2250 2241/3272/2241
f 2264/3305/2264 2242/3273/2242 2250/3283/2250
f 2267/3310/2267 2262/3303/2262 2260/3300/2260
f 75/3311/75 2261/3301/2261 2268/3312/2268
f 2231/3258/2231 2242/3273/2242 2265/3306/2265
f 2262/3303/2262 2267/3310/2267 2264/3305/2264
f 2245/3277/2245 2229/3256/2229 2238/3269/2238
f 2268/3312/2268 2262/3303/2262 2269/3313/2269
f 2230/3257/2230 2229/3256/2229 2221/3246/2221
f 2265/3306/2265 2238/3269/2238 2231/3258/2231
f 1815/3254/1815 1788/3274/1788 2228/3255/2228
f 2244/3276/2244 2245/3277/2245 2247/3279/2247
f 2246/3278/2246 2245/3277/2245 2238/3269/2238
f 2253/3287/2253 2252/3286/2252 1814/3314/1814
f 2226/3252/2226 2245/3277/2245 2244/3276/2244
f 2269/3313/2269 2262/3303/2262 2250/3283/2250
f 2254/3290/2254 103/3295/103 1771/3288/1771
f 32/3315/32 75/3311/75 2268/3312/2268
f 2240/3271/2240 2241/3272/2241 2250/3283/2250
f 32/3315/32 2268/3312/2268 2269/3313/2269
f 2269/3313/2269 2250/3283/2250 33/3292/33
f 2250/3283/2250 2262/3303/2262 2264/3305/2264
f 787/3268/787 2225/3251/2225 2232/3259/2232
f 2269/3313/2269 33/3292/33 32/3315/32
f 2242/3273/2242 2239/3270/2239 2240/3271/2240
f 2257/3297/2257 2251/3285/2251 2255/3291/2255
f 2233/3260/2233 2259/3299/2259 2263/3304/2263
f 2252/3286/2252 1816/3289/1816 1814/3314/1814
f 1817/3316/1817 1805/3284/1805 2235/3262/2235
f 2253/3287/2253 1817/3316/1817 2235/3262/2235
f 2254/3290/2254 2252/3286/2252 2234/3261/2234
f 1816/3289/1816 2252/3286/2252 2254/3290/2254
f 2263/3304/2263 2261/3301/2261 2234/3261/2234
f 1814/3314/1814 1817/3316/1817 2253/3287/2253
f 2234/3261/2234 2261/3301/2261 2254/3290/2254
f 2235/3262/2235 2234/3261/2234 2253/3287/2253
f 2263/3304/2263 2259/3299/2259 2266/3307/2266
f 104/3294/104 2261/3301/2261 75/3311/75
f 2249/3282/2249 1805/3284/1805 1795/3280/1795
f 2251/3285/2251 2233/3260/2233 2235/3262/2235
f 2261/3301/2261 2266/3307/2266 2268/3312/2268
f 2259/3299/2259 2233/3260/2233 2251/3285/2251
f 2262/3303/2262 2268/3312/2268 2266/3307/2266
f 2262/3303/2262 2266/3307/2266 2259/3299/2259
f 2256/3296/2256 2259/3299/2259 2251/3285/2251
f 2258/3298/2258 2260/3300/2260 2256/3296/2256
f 2270/3317/2270 2224/3250/2224 2223/3248/2223
f 2243/3275/2243 1788/3274/1788 100/3318/100
f 1771/3288/1771 103/3295/103 101/3319/101
f 2243/3275/2243 100/3318/100 102/3309/102
f 843/3320/843 1560/3321/1560 860/3322/860
f 842/3323/842 858/3324/858 2271/3325/2271
f 2272/3326/2272 2273/3327/2273 2271/3325/2271
f 2271/3325/2271 858/3324/858 855/3328/855
f 2274/3329/2274 2272/3326/2272 2275/3330/2275
f 2276/3331/2276 2275/3330/2275 2277/3332/2277
f 2278/3333/2278 2279/3334/2279 2280/3335/2280
f 2280/3335/2280 2281/3336/2281 2278/3333/2278
f 2281/3336/2281 2277/3332/2277 2282/3337/2282
f 2281/3336/2281 2282/3337/2282 2278/3333/2278
f 2283/3338/2283 2284/3339/2284 2278/3333/2278
f 2282/3337/2282 859/3340/859 848/3341/848
f 2279/3334/2279 1339/3342/1339 1331/3343/1331
f 1351/3344/1351 2284/3339/2284 2285/3345/2285
f 2284/3339/2284 2283/3338/2283 2285/3345/2285
f 848/3341/848 2286/3346/2286 2282/3337/2282
f 2283/3338/2283 2282/3337/2282 2286/3346/2286
f 1351/3344/1351 2285/3345/2285 1350/3347/1350
f 857/3348/857 848/3341/848 850/3349/850
f 2283/3338/2283 1601/3350/1601 1350/3347/1350
f 2286/3346/2286 857/3348/857 1601/3350/1601
f 1564/3351/1564 2287/3352/2287 1559/3353/1559
f 2284/3339/2284 1351/3344/1351 2279/3334/2279
f 2275/3330/2275 859/3340/859 2282/3337/2282
f 2288/3354/2288 2289/3355/2289 2290/3356/2290
f 2274/3329/2274 2275/3330/2275 2276/3331/2276
f 2283/3338/2283 2286/3346/2286 1601/3350/1601
f 2276/3331/2276 2277/3332/2277 2281/3336/2281
f 1592/3357/1592 1597/3358/1597 2291/3359/2291
f 855/3328/855 839/3360/839 2275/3330/2275
f 2279/3334/2279 1351/3344/1351 1339/3342/1339
f 2272/3326/2272 2274/3329/2274 2273/3327/2273
f 857/3348/857 2286/3346/2286 848/3341/848
f 839/3360/839 859/3340/859 2275/3330/2275
f 2276/3331/2276 2281/3336/2281 2274/3329/2274
f 2278/3333/2278 2282/3337/2282 2283/3338/2283
f 2283/3338/2283 1350/3347/1350 2285/3345/2285
f 2292/3361/2292 2280/3335/2280 2293/3362/2293
f 2271/3325/2271 855/3328/855 2272/3326/2272
f 2294/3363/2294 2280/3335/2280 2295/3364/2295
f 1563/3365/1563 2296/3366/2296 2287/3352/2287
f 2297/3367/2297 2298/3368/2298 2288/3354/2288
f 1595/3369/1595 1559/3353/1559 2287/3352/2287
f 2295/3364/2295 2280/3335/2280 2279/3334/2279
f 2280/3335/2280 2292/3361/2292 2281/3336/2281
f 2299/3370/2299 2298/3368/2298 2297/3367/2297
f 2284/3339/2284 2279/3334/2279 2278/3333/2278
f 1597/3358/1597 1595/3369/1595 2300/3371/2300
f 2294/3363/2294 2301/3372/2301 2297/3367/2297
f 2298/3368/2298 2291/3359/2291 2289/3355/2289
f 2297/3367/2297 2288/3354/2288 2294/3363/2294
f 2291/3359/2291 2300/3371/2300 2289/3355/2289
f 2294/3363/2294 2288/3354/2288 2293/3362/2293
f 2289/3355/2289 2287/3352/2287 2290/3356/2290
f 1591/3373/1591 2299/3370/2299 2302/3374/2302
f 1563/3365/1563 2287/3352/2287 1564/3351/1564
f 2298/3368/2298 2289/3355/2289 2288/3354/2288
f 2287/3352/2287 2296/3366/2296 2290/3356/2290
f 2294/3363/2294 2295/3364/2295 2303/3375/2303
f 2295/3364/2295 2279/3334/2279 2303/3375/2303
f 2280/3335/2280 2294/3363/2294 2293/3362/2293
f 1592/3357/1592 2291/3359/2291 2298/3368/2298
f 1592/3357/1592 2299/3370/2299 1591/3373/1591
f 2301/3372/2301 2304/3376/2304 2302/3374/2302
f 1361/3377/1361 2302/3374/2302 1343/3378/1343
f 2298/3368/2298 2299/3370/2299 1592/3357/1592
f 2288/3354/2288 2292/3361/2292 2293/3362/2293
f 1591/3373/1591 2302/3374/2302 1361/3377/1361
f 2302/3374/2302 2299/3370/2299 2297/3367/2297
f 2272/3326/2272 855/3328/855 2275/3330/2275
f 2274/3329/2274 2281/3336/2281 2292/3361/2292
f 2271/3325/2271 843/3320/843 842/3323/842
f 2300/3371/2300 2287/3352/2287 2289/3355/2289
f 2304/3376/2304 2301/3372/2301 2303/3375/2303
f 1343/3378/1343 2302/3374/2302 2304/3376/2304
f 2277/3332/2277 2275/3330/2275 2282/3337/2282
f 2305/3379/2305 2303/3375/2303 2279/3334/2279
f 2301/3372/2301 2294/3363/2294 2303/3375/2303
f 2288/3354/2288 2290/3356/2290 2306/3380/2306
f 2296/3366/2296 2307/3381/2307 2290/3356/2290
f 2308/3382/2308 2307/3381/2307 2309/3383/2309
f 2300/3371/2300 2291/3359/2291 1597/3358/1597
f 2310/3384/2310 1560/3321/1560 2311/3385/2311
f 2308/3382/2308 843/3320/843 2312/3386/2312
f 2296/3366/2296 2309/3383/2309 2307/3381/2307
f 2273/3327/2273 2292/3361/2292 2313/3387/2313
f 1560/3321/1560 2310/3384/2310 1572/3388/1572
f 2314/3389/2314 2310/3384/2310 2311/3385/2311
f 2312/3386/2312 2307/3381/2307 2308/3382/2308
f 2306/3380/2306 2290/3356/2290 2307/3381/2307
f 2309/3383/2309 2296/3366/2296 2314/3389/2314
f 2314/3389/2314 2296/3366/2296 1575/3390/1575
f 2306/3380/2306 2307/3381/2307 2312/3386/2312
f 2312/3386/2312 2315/3391/2315 2306/3380/2306
f 1575/3390/1575 2296/3366/2296 1563/3365/1563
f 2312/3386/2312 843/3320/843 2271/3325/2271
f 2305/3379/2305 1331/3343/1331 1343/3378/1343
f 2313/3387/2313 2315/3391/2315 2273/3327/2273
f 2312/3386/2312 2271/3325/2271 2315/3391/2315
f 2305/3379/2305 2279/3334/2279 1331/3343/1331
f 2314/3389/2314 1575/3390/1575 2310/3384/2310
f 2310/3384/2310 1575/3390/1575 1572/3388/1572
f 1343/3378/1343 2304/3376/2304 2305/3379/2305
f 2304/3376/2304 2303/3375/2303 2305/3379/2305
f 2314/3389/2314 2311/3385/2311 2309/3383/2309
f 843/3320/843 2308/3382/2308 2309/3383/2309
f 2306/3380/2306 2313/3387/2313 2288/3354/2288
f 2292/3361/2292 2273/3327/2273 2274/3329/2274
f 2302/3374/2302 2297/3367/2297 2301/3372/2301
f 1560/3321/1560 843/3320/843 2311/3385/2311
f 2271/3325/2271 2273/3327/2273 2315/3391/2315
f 843/3320/843 2309/3383/2309 2311/3385/2311
f 2288/3354/2288 2313/3387/2313 2292/3361/2292
f 2287/3352/2287 2300/3371/2300 1595/3369/1595
f 2313/3387/2313 2306/3380/2306 2315/3391/2315
f 2316/3392/2316 154/3393/154 294/3394/294
f 2317/3395/2317 594/3396/594 601/3397/601
f 2318/3398/2318 2319/3399/2319 451/3400/451
f 2318/3398/2318 2320/3401/2320 2321/3402/2321
f 2321/3402/2321 2322/3403/2322 2318/3398/2318
f 2323/3404/2323 2324/3405/2324 2325/3406/2325
f 601/3397/601 588/3407/588 2326/3408/2326
f 294/3394/294 337/3409/337 2322/3403/2322
f 2316/3392/2316 2322/3403/2322 2327/3410/2327
f 2327/3410/2327 151/3411/151 154/3393/154
f 2328/3412/2328 249/3413/249 331/3414/331
f 2328/3412/2328 2329/3415/2329 2330/3416/2330
f 246/3417/246 245/3418/245 2331/3419/2331
f 2321/3402/2321 2320/3401/2320 2332/3420/2332
f 2333/3421/2333 2334/3422/2334 2335/3423/2335
f 2316/3392/2316 2327/3410/2327 154/3393/154
f 2334/3422/2334 2331/3419/2331 249/3413/249
f 2336/3424/2336 2317/3395/2317 2337/3425/2337
f 2326/3408/2326 588/3407/588 155/3426/155
f 337/3427/337 295/3428/295 330/3429/330
f 337/3409/337 2318/3398/2318 2322/3403/2322
f 155/3426/155 151/3411/151 2332/3420/2332
f 454/3430/454 2338/3431/2338 451/3400/451
f 2331/3419/2331 245/3418/245 249/3413/249
f 2328/3412/2328 2339/3432/2339 2334/3422/2334
f 2340/3433/2340 584/3434/584 2341/3435/2341
f 2316/3392/2316 294/3394/294 2322/3403/2322
f 2325/3406/2325 2336/3424/2336 2337/3425/2337
f 2333/3421/2333 2342/3436/2342 2343/3437/2343
f 2317/3395/2317 601/3397/601 2326/3408/2326
f 448/3438/448 2344/3439/2344 455/3440/455
f 598/3441/598 2345/3442/2345 2346/3443/2346
f 2324/3405/2324 2323/3404/2323 2320/3401/2320
f 248/3444/248 2343/3437/2343 448/3438/448
f 584/3434/584 594/3396/594 2317/3395/2317
f 2343/3437/2343 248/3444/248 246/3417/246
f 331/3414/331 2347/3445/2347 2329/3415/2329
f 2344/3439/2344 2348/3446/2348 2349/3447/2349
f 2331/3419/2331 2333/3421/2333 246/3417/246
f 2335/3423/2335 2350/3448/2350 2342/3436/2342
f 2333/3421/2333 2331/3419/2331 2334/3422/2334
f 2335/3423/2335 2334/3422/2334 2339/3432/2339
f 2336/3424/2336 2351/3449/2351 584/3434/584
f 2335/3423/2335 2342/3436/2342 2333/3421/2333
f 2352/3450/2352 2349/3447/2349 2348/3446/2348
f 2342/3436/2342 2353/3451/2353 2354/3452/2354
f 448/3438/448 2343/3437/2343 2348/3446/2348
f 2355/3453/2355 2340/3433/2340 2341/3435/2341
f 2333/3421/2333 2343/3437/2343 246/3417/246
f 2318/3398/2318 451/3400/451 2338/3431/2338
f 2328/3412/2328 331/3414/331 2329/3415/2329
f 1249/3454/1249 2346/3443/2346 2356/3455/2356
f 2348/3446/2348 2343/3437/2343 2354/3452/2354
f 2352/3450/2352 2348/3446/2348 2354/3452/2354
f 2335/3423/2335 2355/3453/2355 2341/3435/2341
f 2338/3431/2338 454/3430/454 2344/3439/2344
f 2341/3435/2341 584/3434/584 2351/3449/2351
f 2338/3431/2338 2324/3405/2324 2318/3398/2318
f 293/3456/293 2347/3445/2347 335/3457/335
f 289/3458/289 2347/3445/2347 293/3456/293
f 289/3458/289 296/3459/296 2347/3445/2347
f 296/3459/296 832/3460/832 2357/3461/2357
f 454/3430/454 455/3440/455 2344/3439/2344
f 2347/3445/2347 331/3414/331 335/3457/335
f 2345/3442/2345 598/3441/598 2340/3433/2340
f 2347/3445/2347 296/3459/296 2357/3461/2357
f 2353/3451/2353 2352/3450/2352 2354/3452/2354
f 832/3460/832 2356/3455/2356 2330/3416/2330
f 2325/3406/2325 2324/3405/2324 2352/3450/2352
f 335/3457/335 330/3429/330 293/3456/293
f 2330/3416/2330 2356/3455/2356 2339/3432/2339
f 2345/3442/2345 2355/3453/2355 2358/3462/2358
f 2357/3461/2357 832/3460/832 2330/3416/2330
f 584/3434/584 2340/3433/2340 585/3463/585
f 2343/3437/2343 2342/3436/2342 2354/3452/2354
f 2357/3461/2357 2329/3415/2329 2347/3445/2347
f 2335/3423/2335 2341/3435/2341 2350/3448/2350
f 2339/3432/2339 2358/3462/2358 2335/3423/2335
f 2329/3415/2329 2357/3461/2357 2330/3416/2330
f 1246/3464/1246 1248/3465/1248 2346/3443/2346
f 598/3441/598 2346/3443/2346 1248/3465/1248
f 585/3463/585 2340/3433/2340 598/3441/598
f 2340/3433/2340 2355/3453/2355 2345/3442/2345
f 2336/3424/2336 584/3434/584 2317/3395/2317
f 2353/3451/2353 2350/3448/2350 2351/3449/2351
f 337/3409/337 452/3466/452 2319/3399/2319
f 2344/3439/2344 2349/3447/2349 2324/3405/2324
f 249/3413/249 2328/3412/2328 2334/3422/2334
f 2326/3408/2326 155/3426/155 2359/3467/2359
f 2344/3439/2344 448/3438/448 2348/3446/2348
f 2352/3450/2352 2324/3405/2324 2349/3447/2349
f 2355/3453/2355 2335/3423/2335 2358/3462/2358
f 2346/3443/2346 1249/3454/1249 1246/3464/1246
f 2352/3450/2352 2353/3451/2353 2325/3406/2325
f 2342/3436/2342 2350/3448/2350 2353/3451/2353
f 2346/3443/2346 2345/3442/2345 2358/3462/2358
f 2351/3449/2351 2350/3448/2350 2341/3435/2341
f 2351/3449/2351 2325/3406/2325 2353/3451/2353
f 2319/3399/2319 2318/3398/2318 337/3409/337
f 2336/3424/2336 2325/3406/2325 2351/3449/2351
f 2324/3405/2324 2320/3401/2320 2318/3398/2318
f 2344/3439/2344 2324/3405/2324 2338/3431/2338
f 2330/3416/2330 2339/3432/2339 2328/3412/2328
f 337/3409/337 294/3394/294 295/3468/295
f 330/3429/330 295/3428/295 293/3456/293
f 2356/3455/2356 2346/3443/2346 2358/3462/2358
f 2323/3404/2323 2359/3467/2359 2320/3401/2320
f 155/3426/155 2332/3420/2332 2359/3467/2359
f 452/3466/452 451/3400/451 2319/3399/2319
f 2359/3467/2359 2332/3420/2332 2320/3401/2320
f 2327/3410/2327 2332/3420/2332 151/3411/151
f 832/3460/832 1249/3454/1249 2356/3455/2356
f 2332/3420/2332 2327/3410/2327 2321/3402/2321
f 2358/3462/2358 2339/3432/2339 2356/3455/2356
f 2323/3404/2323 2325/3406/2325 2337/3425/2337
f 2323/3404/2323 2337/3425/2337 2359/3467/2359
f 2321/3402/2321 2327/3410/2327 2322/3403/2322
f 2317/3395/2317 2326/3408/2326 2337/3425/2337
f 2337/3425/2337 2326/3408/2326 2359/3467/2359
f 78/3469/78 2360/3470/2360 76/3471/76
f 1010/3472/1010 1506/3473/1506 1508/3474/1508
f 2360/3470/2360 78/3469/78 633/3475/633
f 2361/3476/2361 633/3475/633 635/3477/635
f 633/3475/633 2362/3478/2362 2360/3470/2360
f 1010/3472/1010 2361/3476/2361 1506/3473/1506
f 2363/3479/2363 995/3480/995 1004/3481/1004
f 2364/3482/2364 2365/3483/2365 2363/3479/2363
f 2363/3479/2363 2365/3483/2365 995/3480/995
f 2366/3484/2366 2364/3482/2364 2363/3479/2363
f 2361/3476/2361 2367/3485/2367 2362/3478/2362
f 2362/3478/2362 633/3475/633 2361/3476/2361
f 635/3477/635 1506/3473/1506 2361/3476/2361
f 2367/3485/2367 2361/3476/2361 1010/3472/1010
f 1169/3486/1169 1495/3487/1495 2368/3488/2368
f 903/3489/903 132/3490/132 136/3491/136
f 2369/3492/2369 2370/3493/2370 1489/3494/1489
f 2371/3495/2371 2372/3496/2372 1163/3497/1163
f 2370/3493/2370 1510/3498/1510 1489/3494/1489
f 1181/3499/1181 2369/3492/2369 1182/3500/1182
f 2372/3496/2372 2373/3501/2373 1163/3497/1163
f 1179/3502/1179 2373/3501/2373 1172/3503/1172
f 1182/3500/1182 2369/3492/2369 1489/3494/1489
f 2373/3501/2373 1008/3504/1008 2374/3505/2374
f 2373/3501/2373 2370/3493/2370 2369/3492/2369
f 2371/3495/2371 1163/3497/1163 1169/3486/1169
f 2368/3488/2368 2372/3496/2372 2371/3495/2371
f 2371/3495/2371 1169/3486/1169 2368/3488/2368
f 2373/3501/2373 1179/3502/1179 1163/3497/1163
f 992/3506/992 2367/3485/2367 1010/3472/1010
f 1488/3507/1488 2375/3508/2375 1509/3509/1509
f 1008/3504/1008 1001/3510/1001 2376/3511/2376
f 2374/3505/2374 1008/3504/1008 2376/3511/2376
f 1011/3512/1011 1508/3474/1508 1012/3513/1012
f 1005/3514/1005 2376/3511/2376 1001/3510/1001
f 2373/3501/2373 2369/3492/2369 1172/3503/1172
f 2377/3515/2377 2376/3511/2376 1005/3514/1005
f 1512/3516/1512 2370/3493/2370 2374/3505/2374
f 2368/3488/2368 146/3517/146 2372/3496/2372
f 1181/3499/1181 1172/3503/1172 2369/3492/2369
f 2372/3496/2372 1008/3504/1008 2373/3501/2373
f 1510/3498/1510 2370/3493/2370 1512/3516/1512
f 2378/3518/2378 2379/3519/2379 1005/3514/1005
f 1008/3504/1008 2372/3496/2372 146/3517/146
f 2373/3501/2373 2374/3505/2374 2370/3493/2370
f 2380/3520/2380 903/3489/903 2381/3521/2381
f 2366/3484/2366 133/3522/133 2381/3521/2381
f 133/3522/133 2380/3520/2380 2381/3521/2381
f 2379/3519/2379 2377/3515/2377 1005/3514/1005
f 2366/3484/2366 2363/3479/2363 133/3522/133
f 1013/3523/1013 2378/3518/2378 1014/3524/1014
f 2377/3515/2377 2374/3505/2374 2376/3511/2376
f 1005/3514/1005 1002/3525/1002 2378/3518/2378
f 2365/3483/2365 2364/3482/2364 2382/3526/2382
f 1511/3527/1511 2378/3518/2378 1013/3523/1013
f 902/3528/902 2381/3521/2381 903/3489/903
f 2382/3526/2382 2364/3482/2364 2383/3529/2383
f 1013/3523/1013 1012/3513/1012 1508/3474/1508
f 2379/3519/2379 2375/3508/2375 2377/3515/2377
f 2381/3521/2381 902/3528/902 2384/3530/2384
f 2384/3530/2384 2366/3484/2366 2381/3521/2381
f 2375/3508/2375 2379/3519/2379 1509/3509/1509
f 1004/3481/1004 643/3531/643 2363/3479/2363
f 2364/3482/2364 2385/3532/2385 2383/3529/2383
f 902/3528/902 2386/3533/2386 2384/3530/2384
f 1511/3527/1511 2379/3519/2379 2378/3518/2378
f 2385/3532/2385 2366/3484/2366 2384/3530/2384
f 2387/3534/2387 2362/3478/2362 2383/3529/2383
f 1508/3474/1508 1511/3527/1511 1013/3523/1013
f 2385/3532/2385 2388/3535/2388 2383/3529/2383
f 2362/3478/2362 2387/3534/2387 2360/3470/2360
f 2375/3508/2375 1488/3507/1488 2374/3505/2374
f 2389/3536/2389 2388/3535/2388 2385/3532/2385
f 140/3537/140 2390/3538/2390 2391/3539/2391
f 1511/3527/1511 1509/3509/1509 2379/3519/2379
f 896/3540/896 2386/3533/2386 897/3541/897
f 2386/3533/2386 2389/3536/2389 2385/3532/2385
f 2392/3542/2392 2393/3543/2393 2389/3536/2389
f 2394/3544/2394 2360/3470/2360 2387/3534/2387
f 1014/3524/1014 2378/3518/2378 1002/3525/1002
f 2394/3544/2394 2388/3535/2388 2389/3536/2389
f 2392/3542/2392 2386/3533/2386 896/3540/896
f 2388/3535/2388 2394/3544/2394 2387/3534/2387
f 2383/3529/2383 2388/3535/2388 2387/3534/2387
f 140/3537/140 2393/3543/2393 286/3545/286
f 2386/3533/2386 2392/3542/2392 2389/3536/2389
f 1010/3472/1010 1508/3474/1508 1011/3512/1011
f 2385/3532/2385 2384/3530/2384 2386/3533/2386
f 2383/3529/2383 2362/3478/2362 2367/3485/2367
f 76/3471/76 2395/3546/2395 79/3547/79
f 2394/3544/2394 2395/3546/2395 2360/3470/2360
f 2392/3542/2392 896/3540/896 286/3545/286
f 79/3547/79 2396/3548/2396 139/3549/139
f 2395/3546/2395 76/3471/76 2360/3470/2360
f 139/3549/139 2390/3538/2390 140/3537/140
f 2391/3539/2391 79/3547/79 2395/3546/2395
f 2386/3533/2386 902/3528/902 897/3541/897
f 2380/3520/2380 133/3522/133 132/3490/132
f 2382/3526/2382 2383/3529/2383 2367/3485/2367
f 1512/3516/1512 2374/3505/2374 1488/3507/1488
f 2391/3539/2391 2396/3548/2396 79/3547/79
f 2397/3550/2397 2382/3526/2382 2367/3485/2367
f 2377/3515/2377 2375/3508/2375 2374/3505/2374
f 2393/3543/2393 2391/3539/2391 2395/3546/2395
f 2368/3488/2368 1495/3487/1495 147/3551/147
f 2395/3546/2395 2394/3544/2394 2393/3543/2393
f 133/3522/133 2363/3479/2363 642/3552/642
f 2385/3532/2385 2364/3482/2364 2366/3484/2366
f 140/3537/140 2391/3539/2391 2393/3543/2393
f 2368/3488/2368 147/3551/147 146/3517/146
f 2396/3548/2396 2390/3538/2390 139/3549/139
f 286/3545/286 2393/3543/2393 2392/3542/2392
f 2394/3544/2394 2389/3536/2389 2393/3543/2393
f 2390/3538/2390 2396/3548/2396 2391/3539/2391
f 994/3553/994 2397/3550/2397 2367/3485/2367
f 2397/3550/2397 994/3553/994 995/3480/995
f 2363/3479/2363 643/3531/643 642/3552/642
f 2397/3550/2397 2365/3483/2365 2382/3526/2382
f 2365/3483/2365 2397/3550/2397 995/3480/995
f 2380/3520/2380 132/3490/132 903/3489/903
f 2367/3485/2367 992/3506/992 994/3553/994
f 749/3554/749 2398/3555/2398 2399/3556/2399
f 2400/3557/2400 2401/3558/2401 2402/3559/2402
f 2403/3560/2403 2404/3561/2404 2405/3562/2405
f 2406/3563/2406 2407/3564/2407 1250/3565/1250
f 2408/3566/2408 2409/3567/2409 2410/3568/2410
f 2408/3566/2408 2411/3569/2411 2412/3570/2412
f 2406/3563/2406 2402/3559/2402 2407/3564/2407
f 2413/3571/2413 777/3572/777 2414/3573/2414
f 2414/3573/2414 767/3574/767 2413/3571/2413
f 2401/3558/2401 2410/3568/2410 2415/3575/2415
f 2416/3576/2416 2412/3570/2412 2411/3569/2411
f 2409/3567/2409 2408/3566/2408 2412/3570/2412
f 2417/3577/2417 2418/3578/2418 2419/3579/2419
f 1362/3580/1362 694/3581/694 2420/3582/2420
f 1142/3583/1142 1141/3584/1141 479/3585/479
f 2421/3586/2421 2422/3587/2422 2419/3579/2419
f 783/3588/783 2423/3589/2423 777/3572/777
f 2418/3578/2418 2421/3586/2421 2419/3579/2419
f 2424/3590/2424 1154/3591/1154 1153/3592/1153
f 2402/3559/2402 2401/3558/2401 2425/3593/2425
f 2426/3594/2426 1160/3595/1160 773/3596/773
f 2414/3573/2414 777/3572/777 2423/3589/2423
f 2411/3569/2411 2408/3566/2408 2427/3597/2427
f 479/3585/479 403/3598/403 1142/3583/1142
f 2410/3568/2410 2409/3567/2409 2415/3575/2415
f 2247/3599/2247 767/3574/767 2414/3573/2414
f 2428/3600/2428 2416/3576/2416 2398/3555/2398
f 2401/3558/2401 2415/3575/2415 2425/3593/2425
f 747/3601/747 749/3554/749 2399/3556/2399
f 2415/3575/2415 2409/3567/2409 2412/3570/2412
f 1153/3592/1153 2427/3597/2427 2410/3568/2410
f 775/3602/775 777/3572/777 2413/3571/2413
f 2426/3594/2426 775/3602/775 2429/3603/2429
f 2398/3555/2398 2430/3604/2430 2428/3600/2428
f 746/3605/746 2421/3586/2421 2418/3578/2418
f 2427/3597/2427 1153/3592/1153 1160/3595/1160
f 2405/3562/2405 2407/3564/2407 2425/3593/2425
f 2407/3564/2407 1258/3606/1258 1250/3565/1250
f 2426/3594/2426 2427/3597/2427 1160/3595/1160
f 2415/3575/2415 2431/3607/2431 2432/3608/2432
f 2423/3589/2423 780/3609/780 2414/3573/2414
f 2431/3607/2431 2415/3575/2415 2412/3570/2412
f 1265/3610/1265 2405/3562/2405 1266/3611/1266
f 2416/3576/2416 2428/3600/2428 2412/3570/2412
f 2403/3560/2403 2432/3608/2432 2431/3607/2431
f 2414/3573/2414 780/3609/780 2247/3599/2247
f 2433/3612/2433 2430/3604/2430 771/3613/771
f 2403/3560/2403 2405/3562/2405 2432/3608/2432
f 772/3614/772 769/3615/769 2430/3604/2430
f 769/3615/769 771/3613/771 2430/3604/2430
f 2404/3561/2404 1268/3616/1268 1266/3611/1266
f 2434/3617/2434 771/3613/771 768/3618/768
f 1268/3616/1268 2404/3561/2404 2435/3619/2435
f 1149/3620/1149 479/3585/479 1141/3584/1141
f 2436/3621/2436 1149/3620/1149 1154/3591/1154
f 2437/3622/2437 2404/3561/2404 2403/3560/2403
f 2433/3612/2433 771/3613/771 2434/3617/2434
f 2438/3623/2438 2434/3617/2434 2439/3624/2439
f 768/3618/768 763/3625/763 2439/3624/2439
f 2437/3622/2437 2434/3617/2434 2438/3623/2438
f 2412/3570/2412 2428/3600/2428 2433/3612/2433
f 1268/3616/1268 2435/3619/2435 2420/3582/2420
f 2421/3586/2421 746/3605/746 2422/3587/2422
f 2437/3622/2437 2403/3560/2403 2434/3617/2434
f 1265/3610/1265 1258/3606/1258 2407/3564/2407
f 2439/3624/2439 2434/3617/2434 768/3618/768
f 2405/3562/2405 1265/3610/1265 2407/3564/2407
f 2435/3619/2435 2437/3622/2437 2440/3626/2440
f 2427/3597/2427 2426/3594/2426 2411/3569/2411
f 2441/3627/2441 2442/3628/2442 2443/3629/2443
f 2442/3628/2442 483/3630/483 2443/3629/2443
f 483/3630/483 477/3631/477 2443/3629/2443
f 2436/3621/2436 2442/3628/2442 2441/3627/2441
f 1268/3616/1268 2420/3582/2420 695/3632/695
f 487/3633/487 483/3630/483 2442/3628/2442
f 2442/3628/2442 2436/3621/2436 2419/3579/2419
f 2443/3629/2443 477/3631/477 479/3585/479
f 2443/3629/2443 479/3585/479 2441/3627/2441
f 2422/3587/2422 487/3633/487 2442/3628/2442
f 2419/3579/2419 2422/3587/2422 2442/3628/2442
f 2419/3579/2419 2436/3621/2436 2417/3577/2417
f 2436/3621/2436 1154/3591/1154 2424/3590/2424
f 2430/3604/2430 749/3554/749 772/3614/772
f 487/3633/487 2422/3587/2422 746/3605/746
f 746/3605/746 2418/3578/2418 1250/3565/1250
f 2406/3563/2406 2418/3578/2418 2400/3557/2400
f 2399/3556/2399 2398/3555/2398 2416/3576/2416
f 2427/3597/2427 2408/3566/2408 2410/3568/2410
f 2420/3582/2420 2435/3619/2435 2440/3626/2440
f 747/3601/747 2413/3571/2413 767/3574/767
f 1149/3620/1149 2436/3621/2436 2441/3627/2441
f 2400/3557/2400 2424/3590/2424 2401/3558/2401
f 2413/3571/2413 747/3601/747 2399/3556/2399
f 479/3585/479 1149/3620/1149 2441/3627/2441
f 2420/3582/2420 2440/3626/2440 1362/3580/1362
f 1250/3565/1250 2418/3578/2418 2406/3563/2406
f 2400/3557/2400 2402/3559/2402 2406/3563/2406
f 2424/3590/2424 2410/3568/2410 2401/3558/2401
f 2436/3621/2436 2424/3590/2424 2417/3577/2417
f 2416/3576/2416 2411/3569/2411 2399/3556/2399
f 403/3598/403 404/3634/404 1142/3583/1142
f 2424/3590/2424 2400/3557/2400 2417/3577/2417
f 2398/3555/2398 749/3554/749 2430/3604/2430
f 2410/3568/2410 2424/3590/2424 1153/3592/1153
f 2438/3623/2438 763/3625/763 766/3635/766
f 2418/3578/2418 2417/3577/2417 2400/3557/2400
f 2404/3561/2404 2437/3622/2437 2435/3619/2435
f 2432/3608/2432 2405/3562/2405 2425/3593/2425
f 2405/3562/2405 2404/3561/2404 1266/3611/1266
f 2433/3612/2433 2431/3607/2431 2412/3570/2412
f 2399/3556/2399 2429/3603/2429 2413/3571/2413
f 775/3602/775 2426/3594/2426 773/3596/773
f 2399/3556/2399 2411/3569/2411 2429/3603/2429
f 2413/3571/2413 2429/3603/2429 775/3602/775
f 766/3635/766 2440/3626/2440 2438/3623/2438
f 695/3632/695 2420/3582/2420 694/3581/694
f 2438/3623/2438 2439/3624/2439 763/3625/763
f 2431/3607/2431 2433/3612/2433 2403/3560/2403
f 2407/3564/2407 2402/3559/2402 2425/3593/2425
f 2423/3589/2423 783/3588/783 780/3609/780
f 2440/3626/2440 2437/3622/2437 2438/3623/2438
f 2433/3612/2433 2428/3600/2428 2430/3604/2430
f 2415/3575/2415 2432/3608/2432 2425/3593/2425
f 2429/3603/2429 2411/3569/2411 2426/3594/2426
f 2403/3560/2403 2433/3612/2433 2434/3617/2434
f 2444/3636/2444 2445/3637/2445 2446/3638/2446
f 2447/3639/2447 2448/3640/2448 2449/3641/2449
f 2450/3642/2450 2451/3643/2451 2452/3644/2452
f 2077/3645/2077 2452/3644/2452 2453/3646/2453
f 2454/3647/2454 2058/3648/2058 2455/3649/2455
f 2456/3650/2456 2457/3651/2457 2458/3652/2458
f 2064/3653/2064 2450/3642/2450 2050/3654/2050
f 2459/3655/2459 2460/3656/2460 2461/3657/2461
f 2446/3638/2446 2462/3658/2462 2444/3636/2444
f 2035/3659/2035 2077/3645/2077 2453/3646/2453
f 2463/3660/2463 2464/3661/2464 2465/3662/2465
f 2466/3663/2466 2467/3664/2467 2468/3665/2468
f 2469/3666/2469 2454/3647/2454 2470/3667/2470
f 2453/3646/2453 2058/3648/2058 2035/3659/2035
f 2471/3668/2471 2472/3669/2472 2473/3670/2473
f 2474/3671/2474 2475/3672/2475 2476/3673/2476
f 2477/3674/2477 2465/3662/2465 2462/3658/2462
f 2478/3675/2478 2479/3676/2479 2451/3643/2451
f 2480/3677/2480 2481/3678/2481 2482/3679/2482
f 2472/3669/2472 2172/3680/2172 2473/3670/2473
f 2478/3675/2478 2451/3643/2451 2483/3681/2483
f 2484/3682/2484 2485/3683/2485 2486/3684/2486
f 2173/3685/2173 2472/3669/2472 2202/3686/2202
f 2472/3669/2472 2173/3685/2173 2172/3680/2172
f 2487/3687/2487 2488/3688/2488 2489/3689/2489
f 2476/3673/2476 2475/3672/2475 2485/3683/2485
f 2457/3651/2457 2484/3682/2484 2490/3690/2490
f 2491/3691/2491 2487/3687/2487 2492/3692/2492
f 2478/3675/2478 2493/3693/2493 2479/3676/2479
f 2473/3670/2473 2172/3680/2172 2494/3694/2494
f 2483/3681/2483 2491/3691/2491 2492/3692/2492
f 2487/3687/2487 2489/3689/2489 2492/3692/2492
f 2077/3645/2077 2050/3654/2050 2452/3644/2452
f 2466/3663/2466 2468/3665/2468 2451/3643/2451
f 2050/3654/2050 2450/3642/2450 2452/3644/2452
f 2491/3691/2491 2495/3695/2495 2496/3696/2496
f 2497/3697/2497 2464/3661/2464 2463/3660/2463
f 1479/3698/1479 2498/3699/2498 2064/3653/2064
f 2460/3656/2460 2449/3641/2449 2448/3640/2448
f 2499/3700/2499 2492/3692/2492 2489/3689/2489
f 1456/3701/1456 1455/3702/1455 2463/3660/2463
f 2483/3681/2483 2468/3665/2468 2491/3691/2491
f 2484/3682/2484 2486/3684/2486 2500/3703/2500
f 1456/3701/1456 2498/3699/2498 1479/3698/1479
f 2499/3700/2499 2501/3704/2501 2502/3705/2502
f 2456/3650/2456 2476/3673/2476 2503/3706/2503
f 2465/3662/2465 2477/3674/2477 2498/3699/2498
f 2496/3696/2496 2504/3707/2504 2459/3655/2459
f 2477/3674/2477 2462/3658/2462 2505/3708/2505
f 2483/3681/2483 2492/3692/2492 2478/3675/2478
f 2485/3683/2485 2457/3651/2457 2503/3706/2503
f 2455/3649/2455 2453/3646/2453 2493/3693/2493
f 2480/3677/2480 2476/3673/2476 2456/3650/2456
f 2446/3638/2446 2506/3709/2506 2460/3656/2460
f 2479/3676/2479 2453/3646/2453 2452/3644/2452
f 2469/3666/2469 2470/3667/2470 2507/3710/2507
f 2460/3656/2460 2506/3709/2506 2449/3641/2449
f 2464/3661/2464 2444/3636/2444 2462/3658/2462
f 2477/3674/2477 2466/3663/2466 2498/3699/2498
f 2508/3711/2508 2493/3693/2493 2509/3712/2509
f 2470/3667/2470 2502/3705/2502 2507/3710/2507
f 2497/3697/2497 2463/3660/2463 1455/3702/1455
f 2484/3682/2484 2457/3651/2457 2485/3683/2485
f 2505/3708/2505 2466/3663/2466 2477/3674/2477
f 2461/3657/2461 2448/3640/2448 2481/3678/2481
f 2491/3691/2491 2468/3665/2468 2495/3695/2495
f 2453/3646/2453 2455/3649/2455 2058/3648/2058
f 2447/3639/2447 2481/3678/2481 2448/3640/2448
f 2446/3638/2446 2504/3707/2504 2505/3708/2505
f 2449/3641/2449 2506/3709/2506 2510/3713/2510
f 2508/3711/2508 2509/3712/2509 2511/3714/2511
f 2470/3667/2470 2455/3649/2455 2508/3711/2508
f 2508/3711/2508 2455/3649/2455 2493/3693/2493
f 2468/3665/2468 2467/3664/2467 2495/3695/2495
f 2500/3703/2500 2512/3715/2512 2513/3716/2513
f 2481/3678/2481 2480/3677/2480 2461/3657/2461
f 2484/3682/2484 2500/3703/2500 2513/3716/2513
f 2511/3714/2511 2492/3692/2492 2499/3700/2499
f 2464/3661/2464 2462/3658/2462 2465/3662/2465
f 2507/3710/2507 2514/3717/2514 2469/3666/2469
f 2499/3700/2499 2489/3689/2489 2501/3704/2501
f 2493/3693/2493 2453/3646/2453 2479/3676/2479
f 2456/3650/2456 2503/3706/2503 2457/3651/2457
f 2495/3695/2495 2504/3707/2504 2496/3696/2496
f 2448/3640/2448 2461/3657/2461 2460/3656/2460
f 2515/3718/2515 2480/3677/2480 2456/3650/2456
f 2463/3660/2463 2465/3662/2465 1456/3701/1456
f 2458/3652/2458 2488/3688/2488 2456/3650/2456
f 2473/3670/2473 2514/3717/2514 2471/3668/2471
f 2487/3687/2487 2515/3718/2515 2488/3688/2488
f 2473/3670/2473 2469/3666/2469 2514/3717/2514
f 2506/3709/2506 2446/3638/2446 2516/3719/2516
f 2487/3687/2487 2461/3657/2461 2515/3718/2515
f 2495/3695/2495 2467/3664/2467 2504/3707/2504
f 2487/3687/2487 2496/3696/2496 2461/3657/2461
f 2508/3711/2508 2502/3705/2502 2470/3667/2470
f 2447/3639/2447 2482/3679/2482 2481/3678/2481
f 2499/3700/2499 2502/3705/2502 2508/3711/2508
f 2450/3642/2450 2064/3653/2064 2498/3699/2498
f 2509/3712/2509 2493/3693/2493 2478/3675/2478
f 2456/3650/2456 2488/3688/2488 2515/3718/2515
f 2447/3639/2447 2474/3671/2474 2482/3679/2482
f 2508/3711/2508 2511/3714/2511 2499/3700/2499
f 2454/3647/2454 2469/3666/2469 2473/3670/2473
f 1455/3702/1455 1481/3720/1481 2497/3697/2497
f 2459/3655/2459 2504/3707/2504 2460/3656/2460
f 2509/3712/2509 2478/3675/2478 2511/3714/2511
f 2510/3713/2510 2506/3709/2506 2516/3719/2516
f 2491/3691/2491 2496/3696/2496 2487/3687/2487
f 2498/3699/2498 2466/3663/2466 2450/3642/2450
f 2480/3677/2480 2515/3718/2515 2461/3657/2461
f 2504/3707/2504 2446/3638/2446 2460/3656/2460
f 2455/3649/2455 2470/3667/2470 2454/3647/2454
f 2476/3673/2476 2482/3679/2482 2474/3671/2474
f 2479/3676/2479 2452/3644/2452 2451/3643/2451
f 2503/3706/2503 2476/3673/2476 2485/3683/2485
f 2450/3642/2450 2466/3663/2466 2451/3643/2451
f 2466/3663/2466 2505/3708/2505 2467/3664/2467
f 2457/3651/2457 2490/3690/2490 2458/3652/2458
f 2454/3647/2454 2473/3670/2473 2494/3694/2494
f 2478/3675/2478 2492/3692/2492 2511/3714/2511
f 2461/3657/2461 2496/3696/2496 2459/3655/2459
f 2058/3648/2058 2494/3694/2494 2078/3721/2078
f 2184/3722/2184 2078/3721/2078 2494/3694/2494
f 2485/3683/2485 2517/3723/2517 2486/3684/2486
f 2462/3658/2462 2446/3638/2446 2505/3708/2505
f 2476/3673/2476 2480/3677/2480 2482/3679/2482
f 2505/3708/2505 2504/3707/2504 2467/3664/2467
f 2483/3681/2483 2451/3643/2451 2468/3665/2468
f 2494/3694/2494 2058/3648/2058 2454/3647/2454
f 1456/3701/1456 2465/3662/2465 2498/3699/2498
f 2172/3680/2172 2184/3722/2184 2494/3694/2494
f 2475/3672/2475 2517/3723/2517 2485/3683/2485
f 2445/3637/2445 2516/3719/2516 2446/3638/2446
f 2518/3724/2518 2519/3725/2519 2520/3726/2520
f 2521/3727/2521 2522/3728/2522 1358/3729/1358
f 1602/3730/1602 2523/3731/2523 1593/3732/1593
f 2524/3733/2524 2525/3734/2525 2526/3735/2526
f 2527/3736/2527 2528/3737/2528 2529/3738/2529
f 2522/3728/2522 2530/3739/2530 2531/3740/2531
f 2532/3741/2532 2533/3742/2533 2534/3743/2534
f 2535/3744/2535 2536/3745/2536 2519/3725/2519
f 2537/3746/2537 2523/3731/2523 2538/3747/2538
f 1359/3748/1359 2539/3749/2539 1342/3750/1342
f 2536/3745/2536 2540/3751/2540 2519/3725/2519
f 2520/3726/2520 2528/3737/2528 2541/3752/2541
f 1318/3753/1318 1308/3754/1308 2542/3755/2542
f 2543/3756/2543 2523/3731/2523 2527/3736/2527
f 611/3757/611 618/3758/618 2544/3759/2544
f 2545/3760/2545 2537/3746/2537 2538/3747/2538
f 2538/3747/2538 2546/3761/2546 2545/3760/2545
f 2527/3736/2527 2529/3738/2529 262/3762/262
f 2523/3731/2523 2537/3746/2537 2527/3736/2527
f 2530/3739/2530 2518/3724/2518 2531/3740/2531
f 1327/3763/1327 605/3764/605 2547/3765/2547
f 668/3766/668 669/3767/669 2521/3727/2521
f 1318/3753/1318 2542/3755/2542 2548/3768/2548
f 2549/3769/2549 2550/3770/2550 225/3771/225
f 2531/3740/2531 2546/3761/2546 1359/3748/1359
f 2519/3725/2519 2518/3724/2518 2530/3739/2530
f 2528/3737/2528 2527/3736/2527 2537/3746/2537
f 2531/3740/2531 2518/3724/2518 2545/3760/2545
f 2551/3772/2551 2552/3773/2552 2553/3774/2553
f 2545/3760/2545 2541/3752/2541 2528/3737/2528
f 2554/3775/2554 2555/3776/2555 2524/3733/2524
f 2556/3777/2556 2525/3734/2525 2557/3778/2557
f 2558/3779/2558 1307/3780/1307 2559/3781/2559
f 262/3762/262 2543/3756/2543 2527/3736/2527
f 2524/3733/2524 2547/3765/2547 2525/3734/2525
f 2536/3745/2536 2560/3782/2560 2551/3772/2551
f 2531/3740/2531 2545/3760/2545 2546/3761/2546
f 2561/3783/2561 669/3767/669 2562/3784/2562
f 2556/3777/2556 1319/3785/1319 2548/3768/2548
f 2547/3765/2547 2524/3733/2524 2555/3776/2555
f 2533/3742/2533 2520/3726/2520 2534/3743/2534
f 2555/3776/2555 2554/3775/2554 2563/3786/2563
f 2543/3756/2543 262/3762/262 257/3787/257
f 2562/3784/2562 2552/3773/2552 2551/3772/2551
f 609/3788/609 2564/3789/2564 604/3790/604
f 2565/3791/2565 2566/3792/2566 2567/3793/2567
f 2559/3781/2559 1307/3780/1307 2529/3738/2529
f 2548/3768/2548 2568/3794/2568 2567/3793/2567
f 2568/3794/2568 2548/3768/2548 2542/3755/2542
f 2533/3742/2533 2569/3795/2569 2570/3796/2570
f 2534/3743/2534 2520/3726/2520 2519/3725/2519
f 2540/3751/2540 2566/3792/2566 2565/3791/2565
f 2571/3797/2571 2551/3772/2551 2553/3774/2553
f 2567/3793/2567 2566/3792/2566 2556/3777/2556
f 2572/3798/2572 2557/3778/2557 2525/3734/2525
f 2549/3769/2549 1327/3763/1327 2555/3776/2555
f 1319/3785/1319 1318/3753/1318 2548/3768/2548
f 2560/3782/2560 2536/3745/2536 2535/3744/2535
f 1323/3799/1323 2549/3769/2549 225/3771/225
f 2547/3765/2547 2572/3798/2572 2525/3734/2525
f 2553/3774/2553 226/3800/226 2550/3770/2550
f 2540/3751/2540 2571/3797/2571 2566/3792/2566
f 604/3790/604 2564/3789/2564 2572/3798/2572
f 1602/3730/1602 2573/3801/2573 2523/3731/2523
f 2563/3786/2563 2571/3797/2571 2553/3774/2553
f 2572/3798/2572 2547/3765/2547 604/3790/604
f 2528/3737/2528 2520/3726/2520 2533/3742/2533
f 2540/3751/2540 2532/3741/2532 2534/3743/2534
f 262/3762/262 253/3802/253 257/3787/257
f 2529/3738/2529 2570/3796/2570 2559/3781/2559
f 2564/3789/2564 2557/3778/2557 2572/3798/2572
f 226/3800/226 2553/3774/2553 2552/3773/2552
f 2571/3797/2571 2526/3735/2526 2566/3792/2566
f 2573/3801/2573 1335/3803/1335 1338/3804/1338
f 605/3764/605 604/3790/604 2547/3765/2547
f 2573/3801/2573 2574/3805/2574 2523/3731/2523
f 1319/3785/1319 2556/3777/2556 2544/3759/2544
f 618/3758/618 1319/3785/1319 2544/3759/2544
f 2556/3777/2556 2548/3768/2548 2567/3793/2567
f 2570/3796/2570 2542/3755/2542 2559/3781/2559
f 2556/3777/2556 2566/3792/2566 2525/3734/2525
f 2552/3773/2552 2562/3784/2562 226/3800/226
f 2545/3760/2545 2518/3724/2518 2541/3752/2541
f 2542/3755/2542 2558/3779/2558 2559/3781/2559
f 2533/3742/2533 2570/3796/2570 2528/3737/2528
f 2539/3749/2539 2575/3806/2575 1338/3804/1338
f 2528/3737/2528 2570/3796/2570 2529/3738/2529
f 2542/3755/2542 1308/3754/1308 2558/3779/2558
f 2565/3791/2565 2567/3793/2567 2568/3794/2568
f 2532/3741/2532 2569/3795/2569 2533/3742/2533
f 257/3787/257 1593/3732/1593 2543/3756/2543
f 2532/3741/2532 2540/3751/2540 2565/3791/2565
f 2530/3739/2530 2535/3744/2535 2519/3725/2519
f 1593/3732/1593 2523/3731/2523 2543/3756/2543
f 2561/3783/2561 2560/3782/2560 2535/3744/2535
f 2575/3806/2575 2574/3805/2574 1338/3804/1338
f 2525/3734/2525 2566/3792/2566 2526/3735/2526
f 669/3767/669 226/3800/226 2562/3784/2562
f 2571/3797/2571 2563/3786/2563 2554/3775/2554
f 2573/3801/2573 1602/3730/1602 1335/3803/1335
f 1338/3804/1338 1342/3750/1342 2539/3749/2539
f 2535/3744/2535 2522/3728/2522 2521/3727/2521
f 1359/3748/1359 2522/3728/2522 2531/3740/2531
f 2532/3741/2532 2565/3791/2565 2568/3794/2568
f 2522/3728/2522 1359/3748/1359 1358/3729/1358
f 2539/3749/2539 1359/3748/1359 2546/3761/2546
f 668/3766/668 2521/3727/2521 1358/3729/1358
f 2551/3772/2551 2571/3797/2571 2540/3751/2540
f 2544/3759/2544 2556/3777/2556 2557/3778/2557
f 2569/3795/2569 2532/3741/2532 2568/3794/2568
f 2538/3747/2538 2575/3806/2575 2546/3761/2546
f 2536/3745/2536 2551/3772/2551 2540/3751/2540
f 2546/3761/2546 2575/3806/2575 2539/3749/2539
f 2562/3784/2562 2560/3782/2560 2561/3783/2561
f 1327/3763/1327 2549/3769/2549 1323/3799/1323
f 2535/3744/2535 2530/3739/2530 2522/3728/2522
f 2555/3776/2555 2550/3770/2550 2549/3769/2549
f 2519/3725/2519 2540/3751/2540 2534/3743/2534
f 1307/3780/1307 262/3762/262 2529/3738/2529
f 2562/3784/2562 2551/3772/2551 2560/3782/2560
f 2561/3783/2561 2535/3744/2535 669/3767/669
f 1327/3763/1327 2547/3765/2547 2555/3776/2555
f 609/3788/609 2544/3759/2544 2557/3778/2557
f 226/3800/226 225/3771/225 2550/3770/2550
f 1307/3780/1307 2558/3779/2558 1308/3754/1308
f 2574/3805/2574 2573/3801/2573 1338/3804/1338
f 2569/3795/2569 2542/3755/2542 2570/3796/2570
f 2526/3735/2526 2554/3775/2554 2524/3733/2524
f 2557/3778/2557 2564/3789/2564 609/3788/609
f 2537/3746/2537 2545/3760/2545 2528/3737/2528
f 2526/3735/2526 2571/3797/2571 2554/3775/2554
f 2535/3744/2535 2521/3727/2521 669/3767/669
f 2518/3724/2518 2520/3726/2520 2541/3752/2541
f 2523/3731/2523 2574/3805/2574 2538/3747/2538
f 2555/3776/2555 2563/3786/2563 2550/3770/2550
f 2553/3774/2553 2550/3770/2550 2563/3786/2563
f 2569/3795/2569 2568/3794/2568 2542/3755/2542
f 2538/3747/2538 2574/3805/2574 2575/3806/2575
f 609/3788/609 611/3757/611 2544/3759/2544
f 2576/3807/2576 570/3808/570 2577/3809/2577
f 2578/3810/2578 2579/3811/2579 2580/3812/2580
f 381/3813/381 2579/3811/2579 2578/3810/2578
f 2581/3814/2581 2582/3815/2582 2583/3816/2583
f 1737/3817/1737 2583/3816/2583 2584/3818/2584
f 2585/3819/2585 425/3820/425 384/3821/384
f 2584/3818/2584 2586/3822/2586 1737/3817/1737
f 2587/3823/2587 2588/3824/2588 2589/3825/2589
f 2590/3826/2590 2584/3818/2584 2582/3815/2582
f 2589/3825/2589 2591/3827/2591 383/3828/383
f 2586/3822/2586 2592/3829/2592 2577/3809/2577
f 2586/3822/2586 2584/3818/2584 2592/3829/2592
f 2593/3830/2593 2594/3831/2594 2595/3832/2595
f 2594/3831/2594 2596/3833/2596 433/3834/433
f 2591/3827/2591 2585/3819/2585 384/3821/384
f 439/3835/439 2586/3822/2586 2577/3809/2577
f 2595/3832/2595 433/3834/433 423/3836/423
f 2597/3837/2597 383/3828/383 381/3813/381
f 2586/3822/2586 439/3835/439 1728/3838/1728
f 2578/3810/2578 2597/3837/2597 381/3813/381
f 1737/3817/1737 1729/3839/1729 2583/3816/2583
f 2598/3840/2598 2595/3832/2595 423/3836/423
f 2591/3827/2591 2589/3825/2589 2588/3824/2588
f 2595/3832/2595 2594/3831/2594 433/3834/433
f 2577/3809/2577 570/3808/570 439/3835/439
f 2581/3814/2581 2585/3819/2585 2582/3815/2582
f 423/3836/423 2585/3819/2585 2598/3840/2598
f 2585/3819/2585 423/3836/423 2599/3841/2599
f 2592/3829/2592 2584/3818/2584 2576/3807/2576
f 425/3820/425 2599/3841/2599 423/3836/423
f 2587/3823/2587 2589/3825/2589 2597/3837/2597
f 425/3820/425 2585/3819/2585 2599/3841/2599
f 1728/3838/1728 1737/3817/1737 2586/3822/2586
f 2576/3807/2576 2577/3809/2577 2592/3829/2592
f 570/3808/570 2576/3807/2576 2580/3812/2580
f 2582/3815/2582 2584/3818/2584 2583/3816/2583
f 2580/3812/2580 2576/3807/2576 2578/3810/2578
f 2588/3824/2588 2587/3823/2587 2590/3826/2590
f 384/3821/384 383/3828/383 2591/3827/2591
f 2578/3810/2578 2576/3807/2576 2587/3823/2587
f 2584/3818/2584 2590/3826/2590 2576/3807/2576
f 2588/3824/2588 2585/3819/2585 2591/3827/2591
f 2588/3824/2588 2582/3815/2582 2585/3819/2585
f 2597/3837/2597 2578/3810/2578 2587/3823/2587
f 2587/3823/2587 2576/3807/2576 2590/3826/2590
f 383/3828/383 2597/3837/2597 2589/3825/2589
f 2590/3826/2590 2582/3815/2582 2588/3824/2588
f 2596/3833/2596 2594/3831/2594 2600/3842/2600
f 2601/3843/2601 2602/3844/2602 2603/3845/2603
f 2604/3846/2604 2603/3845/2603 2594/3831/2594
f 2601/3843/2601 2604/3846/2604 2605/3847/2605
f 2606/3848/2606 2607/3849/2607 2593/3830/2593
f 2598/3840/2598 2606/3848/2606 2595/3832/2595
f 2593/3830/2593 2595/3832/2595 2606/3848/2606
f 2581/3814/2581 2598/3840/2598 2585/3819/2585
f 2608/3850/2608 2607/3849/2607 2609/3851/2609
f 2581/3814/2581 2609/3851/2609 2598/3840/2598
f 2581/3814/2581 2610/3852/2610 2611/3853/2611
f 2608/3850/2608 2610/3852/2610 2612/3854/2612
f 2611/3853/2611 2609/3851/2609 2581/3814/2581
f 2610/3852/2610 2583/3816/2583 2613/3855/2613
f 2612/3854/2612 2613/3855/2613 2614/3856/2614
f 2598/3840/2598 2609/3851/2609 2606/3848/2606
f 2610/3852/2610 2581/3814/2581 2583/3816/2583
f 1729/3839/1729 1733/3857/1733 2615/3858/2615
f 2615/3858/2615 2583/3816/2583 1729/3839/1729
f 2611/3853/2611 2608/3850/2608 2609/3851/2609
f 2612/3854/2612 2610/3852/2610 2613/3855/2613
f 2604/3846/2604 2616/3859/2616 2605/3847/2605
f 2583/3816/2583 2615/3858/2615 2613/3855/2613
f 1738/3860/1738 2614/3856/2614 2613/3855/2613
f 2605/3847/2605 2616/3859/2616 2617/3861/2617
f 1733/3857/1733 1738/3860/1738 2615/3858/2615
f 1738/3860/1738 2613/3855/2613 2615/3858/2615
f 2605/3847/2605 2618/3862/2618 2601/3843/2601
f 2607/3849/2607 2606/3848/2606 2609/3851/2609
f 2610/3852/2610 2608/3850/2608 2611/3853/2611
f 2619/3863/2619 2616/3859/2616 2620/3864/2620
f 2621/3865/2621 2622/3866/2622 2623/3867/2623
f 2618/3862/2618 2605/3847/2605 2617/3861/2617
f 2624/3868/2624 2625/3869/2625 2626/3870/2626
f 2607/3849/2607 2619/3863/2619 2593/3830/2593
f 2614/3856/2614 2627/3871/2627 2628/3872/2628
f 2626/3870/2626 2621/3865/2621 2623/3867/2623
f 2617/3861/2617 2625/3869/2625 2624/3868/2624
f 2607/3849/2607 2629/3873/2629 2619/3863/2619
f 2629/3873/2629 2625/3869/2625 2617/3861/2617
f 2625/3869/2625 2630/3874/2630 2621/3865/2621
f 2620/3864/2620 2594/3831/2594 2593/3830/2593
f 2622/3866/2622 2621/3865/2621 2630/3874/2630
f 2627/3871/2627 2614/3856/2614 1738/3860/1738
f 2617/3861/2617 2616/3859/2616 2619/3863/2619
f 2629/3873/2629 2630/3874/2630 2625/3869/2625
f 2622/3866/2622 2630/3874/2630 2631/3875/2631
f 2604/3846/2604 2620/3864/2620 2616/3859/2616
f 2603/3845/2603 2600/3842/2600 2594/3831/2594
f 2622/3866/2622 2632/3876/2632 2633/3877/2633
f 2630/3874/2630 2629/3873/2629 2608/3850/2608
f 2628/3872/2628 2632/3876/2632 2631/3875/2631
f 2629/3873/2629 2617/3861/2617 2619/3863/2619
f 1707/3878/1707 2633/3877/2633 2634/3879/2634
f 2622/3866/2622 2631/3875/2631 2632/3876/2632
f 2628/3872/2628 2631/3875/2631 2630/3874/2630
f 2630/3874/2630 2608/3850/2608 2612/3854/2612
f 2603/3845/2603 2604/3846/2604 2601/3843/2601
f 2633/3877/2633 2632/3876/2632 2634/3879/2634
f 2612/3854/2612 2628/3872/2628 2630/3874/2630
f 2619/3863/2619 2620/3864/2620 2593/3830/2593
f 2621/3865/2621 2626/3870/2626 2625/3869/2625
f 2614/3856/2614 2628/3872/2628 2612/3854/2612
f 2594/3831/2594 2620/3864/2620 2604/3846/2604
f 2627/3871/2627 1739/3880/1739 2634/3879/2634
f 2632/3876/2632 2627/3871/2627 2634/3879/2634
f 2618/3862/2618 2617/3861/2617 2624/3868/2624
f 2632/3876/2632 2628/3872/2628 2627/3871/2627
f 2608/3850/2608 2629/3873/2629 2607/3849/2607
f 2627/3871/2627 1738/3860/1738 1739/3880/1739
f 1739/3880/1739 1707/3878/1707 2634/3879/2634
f 2623/3867/2623 2622/3866/2622 2635/3881/2635
f 2636/3882/2636 2601/3843/2601 2618/3862/2618
f 567/3883/567 2635/3881/2635 2633/3877/2633
f 2622/3866/2622 2633/3877/2633 2635/3881/2635
f 577/3884/577 2635/3881/2635 567/3883/567
f 2637/3885/2637 2638/3886/2638 2639/3887/2639
f 575/3888/575 2637/3885/2637 2623/3867/2623
f 575/3888/575 2638/3886/2638 2637/3885/2637
f 2639/3887/2639 2626/3870/2626 2637/3885/2637
f 2637/3885/2637 2626/3870/2626 2623/3867/2623
f 2638/3886/2638 2640/3889/2640 2639/3887/2639
f 2624/3868/2624 2626/3870/2626 2639/3887/2639
f 2641/3890/2641 2639/3887/2639 2640/3889/2640
f 2640/3889/2640 2642/3891/2642 2641/3890/2641
f 2643/3892/2643 2624/3868/2624 2641/3890/2641
f 2644/3893/2644 2636/3882/2636 2643/3892/2643
f 2633/3877/2633 1707/3878/1707 568/3894/568
f 2641/3890/2641 2624/3868/2624 2639/3887/2639
f 2643/3892/2643 2636/3882/2636 2618/3862/2618
f 2643/3892/2643 2642/3891/2642 2644/3893/2644
f 2645/3895/2645 580/3896/580 2579/3811/2579
f 2636/3882/2636 2602/3844/2602 2601/3843/2601
f 568/3894/568 567/3883/567 2633/3877/2633
f 2618/3862/2618 2624/3868/2624 2643/3892/2643
f 2641/3890/2641 2642/3891/2642 2643/3892/2643
f 382/3897/382 2645/3895/2645 2579/3811/2579
f 580/3896/580 2645/3895/2645 581/3898/581
f 576/3899/576 2645/3895/2645 382/3897/382
f 382/3897/382 2579/3811/2579 381/3813/381
f 581/3898/581 2645/3895/2645 576/3899/576
f 577/3884/577 2623/3867/2623 2635/3881/2635
f 2623/3867/2623 577/3884/577 575/3888/575
f 2579/3811/2579 580/3896/580 2580/3812/2580
f 580/3896/580 570/3808/570 2580/3812/2580
f 748/3900/748 764/3901/764 2646/3902/2646
f 2647/3903/2647 2648/3904/2648 2649/3905/2649
f 2650/3906/2650 2651/3907/2651 2652/3908/2652
f 2653/3909/2653 2654/3910/2654 2655/3911/2655
f 2656/3912/2656 2655/3911/2655 2657/3913/2657
f 2658/3914/2658 2659/3915/2659 2649/3905/2649
f 2660/3916/2660 2661/3917/2661 2662/3918/2662
f 764/3901/764 2663/3919/2663 2664/3920/2664
f 2665/3921/2665 752/3922/752 755/3923/755
f 2653/3909/2653 2666/3924/2666 2654/3910/2654
f 2665/3921/2665 2660/3916/2660 752/3922/752
f 2651/3907/2651 2653/3909/2653 2656/3912/2656
f 2664/3920/2664 2258/3925/2258 2257/3926/2257
f 2657/3913/2657 2667/3927/2667 2652/3908/2652
f 2668/3928/2668 2669/3929/2669 2670/3930/2670
f 2247/3931/2247 2246/3932/2246 767/3933/767
f 2671/3934/2671 1810/3935/1810 1801/3936/1801
f 2663/3919/2663 764/3901/764 765/3937/765
f 2653/3909/2653 2651/3907/2651 2666/3924/2666
f 2672/3938/2672 2661/3917/2661 2660/3916/2660
f 2662/3918/2662 2670/3930/2670 2660/3916/2660
f 2660/3916/2660 750/3939/750 752/3922/752
f 2654/3910/2654 2673/3940/2673 2655/3911/2655
f 2666/3924/2666 2651/3907/2651 2650/3906/2650
f 2661/3917/2661 2655/3911/2655 2673/3940/2673
f 2674/3941/2674 2675/3942/2675 2669/3929/2669
f 2662/3918/2662 2668/3928/2668 2670/3930/2670
f 2676/3943/2676 2677/3944/2677 2650/3906/2650
f 2678/3945/2678 2677/3944/2677 2679/3946/2679
f 2650/3906/2650 2659/3915/2659 2680/3947/2680
f 2679/3946/2679 2671/3934/2671 2678/3945/2678
f 2681/3948/2681 2682/3949/2682 2683/3950/2683
f 2676/3943/2676 2679/3946/2679 2677/3944/2677
f 2224/3951/2224 2683/3950/2683 2220/3952/2220
f 2684/3953/2684 2680/3947/2680 2659/3915/2659
f 2679/3946/2679 2676/3943/2676 2680/3947/2680
f 2220/3952/2220 2683/3950/2683 2682/3949/2682
f 2685/3954/2685 2681/3948/2681 2683/3950/2683
f 2683/3950/2683 2686/3955/2686 2685/3954/2685
f 2681/3948/2681 2685/3954/2685 2686/3955/2686
f 2686/3955/2686 2683/3950/2683 2224/3951/2224
f 2659/3915/2659 2658/3914/2658 2684/3953/2684
f 2257/3926/2257 2658/3914/2658 2664/3920/2664
f 2687/3956/2687 2688/3957/2688 2689/3958/2689
f 2680/3947/2680 2684/3953/2684 2679/3946/2679
f 2679/3946/2679 2248/3959/2248 2690/3960/2690
f 2671/3934/2671 2690/3960/2690 1810/3935/1810
f 2255/3961/2255 2249/3962/2249 2684/3953/2684
f 2684/3953/2684 2658/3914/2658 2255/3961/2255
f 2248/3959/2248 2679/3946/2679 2684/3953/2684
f 2682/3949/2682 2691/3963/2691 2692/3964/2692
f 2656/3912/2656 2657/3913/2657 2652/3908/2652
f 765/3937/765 767/3933/767 2246/3932/2246
f 2684/3953/2684 2249/3962/2249 2248/3959/2248
f 2267/3965/2267 2258/3925/2258 2663/3919/2663
f 2692/3964/2692 2239/3966/2239 2230/3967/2230
f 1780/3968/1780 2687/3956/2687 2689/3958/2689
f 2652/3908/2652 2659/3915/2659 2650/3906/2650
f 2246/3932/2246 2663/3919/2663 765/3937/765
f 2675/3942/2675 758/3969/758 2670/3930/2670
f 1782/3970/1782 2687/3956/2687 1780/3968/1780
f 2227/3971/2227 2688/3957/2688 2693/3972/2693
f 2694/3973/2694 2689/3958/2689 2239/3966/2239
f 2661/3917/2661 2657/3913/2657 2655/3911/2655
f 2687/3956/2687 1782/3970/1782 2693/3972/2693
f 2695/3974/2695 2657/3913/2657 2661/3917/2661
f 758/3969/758 2675/3942/2675 759/3975/759
f 750/3939/750 2660/3916/2660 2670/3930/2670
f 2649/3905/2649 2652/3908/2652 2667/3927/2667
f 2667/3927/2667 2695/3974/2695 2647/3903/2647
f 2660/3916/2660 2665/3921/2665 2672/3938/2672
f 2663/3919/2663 2258/3925/2258 2664/3920/2664
f 2693/3972/2693 2688/3957/2688 2687/3956/2687
f 2239/3966/2239 2692/3964/2692 2691/3963/2691
f 2665/3921/2665 2696/3976/2696 2695/3974/2695
f 2227/3971/2227 2693/3972/2693 1815/3977/1815
f 2646/3902/2646 2647/3903/2647 2695/3974/2695
f 748/3900/748 2665/3921/2665 755/3923/755
f 2656/3912/2656 2653/3909/2653 2655/3911/2655
f 2267/3965/2267 2246/3932/2246 2238/3978/2238
f 2688/3957/2688 2239/3966/2239 2689/3958/2689
f 758/3969/758 750/3939/750 2670/3930/2670
f 2648/3904/2648 2664/3920/2664 2658/3914/2658
f 2675/3942/2675 2670/3930/2670 2669/3929/2669
f 1810/3935/1810 2690/3960/2690 2248/3959/2248
f 2696/3976/2696 2646/3902/2646 2695/3974/2695
f 1806/3979/1806 1780/3968/1780 2689/3958/2689
f 2221/3980/2221 2220/3952/2220 2682/3949/2682
f 2668/3928/2668 2662/3918/2662 2673/3940/2673
f 2239/3966/2239 2688/3957/2688 2227/3971/2227
f 2690/3960/2690 2671/3934/2671 2679/3946/2679
f 2658/3914/2658 2649/3905/2649 2648/3904/2648
f 2692/3964/2692 2221/3980/2221 2682/3949/2682
f 1783/3981/1783 1806/3979/1806 2697/3982/2697
f 1802/3983/1802 2698/3984/2698 1801/3936/1801
f 2698/3984/2698 1802/3983/1802 1811/3985/1811
f 1811/3985/1811 1783/3981/1783 2697/3982/2697
f 2699/3986/2699 1811/3985/1811 2697/3982/2697
f 2694/3973/2694 1806/3979/1806 2689/3958/2689
f 2700/3987/2700 2681/3948/2681 2701/3988/2701
f 2698/3984/2698 2699/3986/2699 2702/3989/2702
f 2703/3990/2703 2650/3906/2650 2701/3988/2701
f 2697/3982/2697 2691/3963/2691 2699/3986/2699
f 2704/3991/2704 2702/3989/2702 2699/3986/2699
f 2691/3963/2691 2697/3982/2697 2694/3973/2694
f 2704/3991/2704 2699/3986/2699 2691/3963/2691
f 2678/3945/2678 2671/3934/2671 2700/3987/2700
f 2270/3992/2270 2705/3993/2705 2706/3994/2706
f 2691/3963/2691 2682/3949/2682 2704/3991/2704
f 2678/3945/2678 2700/3987/2700 2677/3944/2677
f 2658/3914/2658 2257/3926/2257 2255/3961/2255
f 2677/3944/2677 2700/3987/2700 2701/3988/2701
f 2661/3917/2661 2672/3938/2672 2665/3921/2665
f 2703/3990/2703 2701/3988/2701 2681/3948/2681
f 2686/3955/2686 2707/3995/2707 2703/3990/2703
f 1801/3936/1801 2698/3984/2698 2671/3934/2671
f 2706/3994/2706 2224/3951/2224 2270/3992/2270
f 2650/3906/2650 2703/3990/2703 2666/3924/2666
f 1806/3979/1806 2694/3973/2694 2697/3982/2697
f 2705/3993/2705 2654/3910/2654 2706/3994/2706
f 2703/3990/2703 2707/3995/2707 2666/3924/2666
f 2686/3955/2686 2706/3994/2706 2707/3995/2707
f 2654/3910/2654 2666/3924/2666 2707/3995/2707
f 2246/3932/2246 2267/3965/2267 2663/3919/2663
f 2682/3949/2682 2700/3987/2700 2704/3991/2704
f 2667/3927/2667 2657/3913/2657 2695/3974/2695
f 2668/3928/2668 2708/3996/2708 2669/3929/2669
f 2671/3934/2671 2698/3984/2698 2702/3989/2702
f 2706/3994/2706 2654/3910/2654 2707/3995/2707
f 2682/3949/2682 2681/3948/2681 2700/3987/2700
f 2709/3997/2709 2710/3998/2710 2669/3929/2669
f 2270/3992/2270 2711/3999/2711 2705/3993/2705
f 2698/3984/2698 1811/3985/1811 2699/3986/2699
f 2686/3955/2686 2224/3951/2224 2706/3994/2706
f 2700/3987/2700 2702/3989/2702 2704/3991/2704
f 2696/3976/2696 2665/3921/2665 748/3900/748
f 2673/3940/2673 2705/3993/2705 2708/3996/2708
f 2677/3944/2677 2701/3988/2701 2650/3906/2650
f 2686/3955/2686 2703/3990/2703 2681/3948/2681
f 2711/3999/2711 2709/3997/2709 2708/3996/2708
f 2710/3998/2710 2674/3941/2674 2669/3929/2669
f 2654/3910/2654 2705/3993/2705 2673/3940/2673
f 2708/3996/2708 2705/3993/2705 2711/3999/2711
f 2708/3996/2708 2709/3997/2709 2669/3929/2669
f 2709/3997/2709 2712/4000/2712 2710/3998/2710
f 2647/3903/2647 2649/3905/2649 2667/3927/2667
f 2712/4000/2712 2709/3997/2709 2711/3999/2711
f 2673/3940/2673 2708/3996/2708 2668/3928/2668
f 2700/3987/2700 2671/3934/2671 2702/3989/2702
f 2270/3992/2270 2712/4000/2712 2711/3999/2711
f 2221/3980/2221 2692/3964/2692 2230/3967/2230
f 764/3901/764 2664/3920/2664 2646/3902/2646
f 2652/3908/2652 2651/3907/2651 2656/3912/2656
f 2648/3904/2648 2647/3903/2647 2646/3902/2646
f 2649/3905/2649 2659/3915/2659 2652/3908/2652
f 2665/3921/2665 2695/3974/2695 2661/3917/2661
f 2650/3906/2650 2680/3947/2680 2676/3943/2676
f 2239/3966/2239 2691/3963/2691 2694/3973/2694
f 2675/3942/2675 2674/3941/2674 759/3975/759
f 2646/3902/2646 2696/3976/2696 748/3900/748
f 2661/3917/2661 2673/3940/2673 2662/3918/2662
f 2646/3902/2646 2664/3920/2664 2648/3904/2648
f 2223/4001/2223 2712/4002/2712 2270/4003/2270
f 2440/4004/2440 2713/4005/2713 1362/4006/1362
f 1381/4007/1381 1380/4008/1380 2713/4005/2713
f 2713/4005/2713 1380/4008/1380 1362/4006/1362
f 2714/4009/2714 1383/4010/1383 1390/4011/1390
f 2715/4012/2715 1378/4013/1378 1377/4014/1377
f 2714/4009/2714 1390/4011/1390 2716/4015/2716
f 1377/4014/1377 1376/4016/1376 2717/4017/2717
f 2718/4018/2718 2717/4017/2717 1376/4016/1376
f 1379/4019/1379 2715/4012/2715 2716/4015/2716
f 1379/4019/1379 1378/4013/1378 2715/4012/2715
f 2717/4017/2717 2715/4012/2715 1377/4014/1377
f 2718/4018/2718 1376/4016/1376 1389/4020/1389
f 1390/4011/1390 1379/4019/1379 2716/4015/2716
f 2719/4021/2719 2720/4022/2720 2721/4023/2721
f 2722/4024/2722 2723/4025/2723 2724/4026/2724
f 2713/4005/2713 2440/4004/2440 766/4027/766
f 2725/4028/2725 2720/4022/2720 2719/4021/2719
f 2726/4029/2726 2727/4030/2727 2728/4031/2728
f 2727/4030/2727 2729/4032/2729 2730/4033/2730
f 2731/4034/2731 2729/4032/2729 760/4035/760
f 756/4036/756 757/4037/757 2732/4038/2732
f 2727/4030/2727 2733/4039/2733 2728/4031/2728
f 2730/4033/2730 2734/4040/2734 2727/4030/2727
f 2735/4041/2735 2724/4026/2724 2730/4033/2730
f 2736/4042/2736 2732/4038/2732 757/4037/757
f 756/4036/756 2732/4038/2732 2737/4043/2737
f 2713/4005/2713 2728/4031/2728 2738/4044/2738
f 2730/4033/2730 2723/4025/2723 2734/4040/2734
f 2731/4034/2731 2737/4043/2737 2739/4045/2739
f 2740/4046/2740 2738/4044/2738 2733/4039/2733
f 2734/4040/2734 2723/4025/2723 2741/4047/2741
f 2742/4048/2742 2739/4045/2739 2743/4049/2743
f 2739/4045/2739 2737/4043/2737 2744/4050/2744
f 2740/4046/2740 2745/4051/2745 2738/4044/2738
f 2741/4047/2741 2745/4051/2745 2740/4046/2740
f 2742/4048/2742 2746/4052/2746 2722/4024/2722
f 2747/4053/2747 2723/4025/2723 2722/4024/2722
f 2743/4049/2743 2739/4045/2739 2744/4050/2744
f 2745/4051/2745 2741/4047/2741 2748/4054/2748
f 2749/4055/2749 2746/4052/2746 2742/4048/2742
f 2750/4056/2750 2743/4049/2743 2744/4050/2744
f 2751/4057/2751 2745/4051/2745 2752/4058/2752
f 2747/4053/2747 2748/4054/2748 2741/4047/2741
f 2748/4054/2748 2747/4053/2747 2753/4059/2753
f 2754/4060/2754 2746/4052/2746 2749/4055/2749
f 2725/4028/2725 2743/4049/2743 2750/4056/2750
f 2728/4031/2728 766/4027/766 2726/4029/2726
f 2755/4061/2755 2751/4057/2751 2752/4058/2752
f 2721/4023/2721 2756/4062/2756 2757/4063/2757
f 2737/4043/2737 760/4035/760 756/4036/756
f 2753/4059/2753 2758/4064/2758 2748/4054/2748
f 2759/4065/2759 2757/4063/2757 2756/4062/2756
f 2754/4060/2754 2753/4059/2753 2746/4052/2746
f 2760/4066/2760 2754/4060/2754 2725/4028/2725
f 2720/4022/2720 2725/4028/2725 2750/4056/2750
f 2750/4056/2750 2761/4067/2761 2720/4022/2720
f 2751/4057/2751 2755/4061/2755 2762/4068/2762
f 2748/4054/2748 2758/4064/2758 2755/4061/2755
f 2751/4057/2751 2762/4068/2762 496/4069/496
f 2734/4040/2734 2740/4046/2740 2733/4039/2733
f 762/4070/762 2727/4030/2727 2726/4029/2726
f 2753/4059/2753 2754/4060/2754 2760/4066/2760
f 2722/4024/2722 2724/4026/2724 2742/4048/2742
f 2763/4071/2763 2758/4064/2758 2764/4072/2764
f 2725/4028/2725 2719/4021/2719 2760/4066/2760
f 2755/4061/2755 2765/4073/2765 2762/4068/2762
f 2758/4064/2758 2766/4074/2766 2755/4061/2755
f 2765/4073/2765 496/4069/496 2762/4068/2762
f 2758/4064/2758 2763/4071/2763 2766/4074/2766
f 2752/4058/2752 2745/4051/2745 2748/4054/2748
f 2744/4050/2744 2732/4038/2732 2767/4075/2767
f 2766/4074/2766 2765/4073/2765 2755/4061/2755
f 2766/4074/2766 2763/4071/2763 2768/4076/2768
f 2763/4071/2763 2769/4077/2769 2768/4076/2768
f 2727/4030/2727 762/4070/762 2729/4032/2729
f 2741/4047/2741 2723/4025/2723 2747/4053/2747
f 2760/4066/2760 2770/4078/2770 2764/4072/2764
f 2764/4072/2764 2771/4079/2771 2769/4077/2769
f 2719/4021/2719 2721/4023/2721 2770/4078/2770
f 2728/4031/2728 2713/4005/2713 766/4027/766
f 2738/4044/2738 2728/4031/2728 2733/4039/2733
f 2727/4030/2727 2734/4040/2734 2733/4039/2733
f 2719/4021/2719 2770/4078/2770 2760/4066/2760
f 760/4035/760 2729/4032/2729 762/4070/762
f 2737/4043/2737 2731/4034/2731 760/4035/760
f 2757/4063/2757 2770/4078/2770 2721/4023/2721
f 2756/4062/2756 2761/4067/2761 2759/4065/2759
f 2756/4062/2756 2721/4023/2721 2761/4067/2761
f 757/4037/757 759/4080/759 2736/4042/2736
f 2742/4048/2742 2731/4034/2731 2739/4045/2739
f 2754/4060/2754 2749/4055/2749 2743/4049/2743
f 2750/4056/2750 2744/4050/2744 2767/4075/2767
f 2743/4049/2743 2725/4028/2725 2754/4060/2754
f 2740/4046/2740 2734/4040/2734 2741/4047/2741
f 2747/4053/2747 2722/4024/2722 2746/4052/2746
f 2737/4043/2737 2732/4038/2732 2744/4050/2744
f 2721/4023/2721 2720/4022/2720 2761/4067/2761
f 2758/4064/2758 2753/4059/2753 2764/4072/2764
f 2735/4041/2735 2731/4034/2731 2724/4026/2724
f 2767/4075/2767 2732/4038/2732 2736/4042/2736
f 2724/4026/2724 2723/4025/2723 2730/4033/2730
f 2745/4051/2745 2751/4057/2751 2738/4044/2738
f 2748/4054/2748 2755/4061/2755 2752/4058/2752
f 2764/4072/2764 2753/4059/2753 2760/4066/2760
f 2726/4029/2726 766/4027/766 762/4070/762
f 2771/4079/2771 2764/4072/2764 2770/4078/2770
f 2735/4041/2735 2729/4032/2729 2731/4034/2731
f 2743/4049/2743 2749/4055/2749 2742/4048/2742
f 2724/4026/2724 2731/4034/2731 2742/4048/2742
f 2765/4073/2765 18/4081/18 496/4069/496
f 2763/4071/2763 2764/4072/2764 2769/4077/2769
f 2747/4053/2747 2746/4052/2746 2753/4059/2753
f 2729/4032/2729 2735/4041/2735 2730/4033/2730
f 2761/4067/2761 2772/4082/2772 2759/4065/2759
f 2773/4083/2773 759/4080/759 2674/4084/2674
f 2736/4042/2736 759/4080/759 2773/4083/2773
f 2773/4083/2773 2674/4084/2674 2710/4085/2710
f 682/4086/682 2774/4087/2774 683/4088/683
f 2712/4002/2712 2223/4001/2223 2775/4089/2775
f 2713/4005/2713 2738/4044/2738 1381/4007/1381
f 1381/4007/1381 2738/4044/2738 2751/4057/2751
f 1387/4090/1387 2774/4087/2774 682/4086/682
f 496/4069/496 1381/4007/1381 2751/4057/2751
f 2776/4091/2776 2712/4002/2712 2775/4089/2775
f 791/4092/791 2774/4087/2774 2777/4093/2777
f 2777/4093/2777 2774/4087/2774 1387/4090/1387
f 2778/4094/2778 1387/4090/1387 1383/4010/1383
f 1383/4010/1383 2714/4009/2714 2778/4094/2778
f 2710/4085/2710 2712/4002/2712 2776/4091/2776
f 2776/4091/2776 2775/4089/2775 2222/4095/2222
f 2710/4085/2710 2776/4091/2776 2773/4083/2773
f 2779/4096/2779 2736/4042/2736 2773/4083/2773
f 2780/4097/2780 2776/4091/2776 2222/4095/2222
f 2781/4098/2781 2780/4097/2780 792/4099/792
f 791/4092/791 2777/4093/2777 792/4099/792
f 2777/4093/2777 2781/4098/2781 792/4099/792
f 2777/4093/2777 1387/4090/1387 2778/4094/2778
f 2716/4015/2716 2782/4100/2782 2714/4009/2714
f 2783/4101/2783 2781/4098/2781 2777/4093/2777
f 2784/4102/2784 2785/4103/2785 2781/4098/2781
f 2784/4102/2784 2783/4101/2783 2782/4100/2782
f 2786/4104/2786 2784/4102/2784 2782/4100/2782
f 2781/4098/2781 2776/4091/2776 2780/4097/2780
f 2736/4042/2736 2779/4096/2779 2787/4105/2787
f 2785/4103/2785 2779/4096/2779 2781/4098/2781
f 2780/4097/2780 2222/4095/2222 792/4099/792
f 2714/4009/2714 2783/4101/2783 2778/4094/2778
f 1389/4020/1389 2788/4106/2788 2718/4018/2718
f 2715/4012/2715 2786/4104/2786 2716/4015/2716
f 2784/4102/2784 2786/4104/2786 2789/4107/2789
f 2736/4042/2736 2787/4105/2787 2767/4075/2767
f 2774/4087/2774 791/4092/791 683/4088/683
f 2785/4103/2785 2784/4102/2784 2789/4107/2789
f 2787/4105/2787 2750/4056/2750 2767/4075/2767
f 2787/4105/2787 2785/4103/2785 2790/4108/2790
f 2772/4082/2772 2788/4106/2788 1389/4020/1389
f 2783/4101/2783 2714/4009/2714 2782/4100/2782
f 2791/4109/2791 2718/4018/2718 2788/4106/2788
f 2789/4107/2789 2715/4012/2715 2717/4017/2717
f 2778/4094/2778 2783/4101/2783 2777/4093/2777
f 2786/4104/2786 2715/4012/2715 2789/4107/2789
f 2785/4103/2785 2789/4107/2789 2790/4108/2790
f 2717/4017/2717 2718/4018/2718 2792/4110/2792
f 2787/4105/2787 2790/4108/2790 2750/4056/2750
f 2761/4067/2761 2791/4109/2791 2772/4082/2772
f 2791/4109/2791 2750/4056/2750 2790/4108/2790
f 2792/4110/2792 2789/4107/2789 2717/4017/2717
f 2790/4108/2790 2789/4107/2789 2792/4110/2792
f 2775/4089/2775 2223/4001/2223 2222/4095/2222
f 2716/4015/2716 2786/4104/2786 2782/4100/2782
f 2784/4102/2784 2781/4098/2781 2783/4101/2783
f 2790/4108/2790 2792/4110/2792 2791/4109/2791
f 2776/4091/2776 2779/4096/2779 2773/4083/2773
f 2791/4109/2791 2792/4110/2792 2718/4018/2718
f 2791/4109/2791 2761/4067/2761 2750/4056/2750
f 2785/4103/2785 2787/4105/2787 2779/4096/2779
f 2772/4082/2772 2791/4109/2791 2788/4106/2788
f 2781/4098/2781 2779/4096/2779 2776/4091/2776
f 2793/4111/2793 1122/4112/1122 1138/4113/1138
f 2794/4114/2794 2795/4115/2795 2796/4116/2796
f 2797/4117/2797 2798/4118/2798 2799/4119/2799
f 2793/4111/2793 2796/4116/2796 2795/4115/2795
f 2800/4120/2800 2801/4121/2801 2802/4122/2802
f 2068/4123/2068 1482/4124/1482 1474/4125/1474
f 1473/4126/1473 2066/4127/2066 2068/4123/2068
f 2066/4127/2066 2803/4128/2803 2804/4129/2804
f 2805/4130/2805 2803/4128/2803 1469/4131/1469
f 2804/4129/2804 2803/4128/2803 2805/4130/2805
f 1469/4131/1469 1074/4132/1074 2805/4130/2805
f 2068/4123/2068 1474/4125/1474 1473/4126/1473
f 2806/4133/2806 2807/4134/2807 2808/4135/2808
f 2805/4130/2805 1074/4132/1074 1067/4136/1067
f 2809/4137/2809 1070/4138/1070 1082/4139/1082
f 1067/4136/1067 1077/4140/1077 2805/4130/2805
f 2810/4141/2810 2809/4137/2809 1082/4139/1082
f 2811/4142/2811 1066/4143/1066 1065/4144/1065
f 1077/4140/1077 2812/4145/2812 2805/4130/2805
f 2813/4146/2813 1095/4147/1095 2811/4142/2811
f 2811/4142/2811 2814/4148/2814 2813/4146/2813
f 2815/4149/2815 2810/4141/2810 2816/4150/2816
f 2817/4151/2817 2812/4145/2812 2818/4152/2818
f 2814/4148/2814 2811/4142/2811 2809/4137/2809
f 2819/4153/2819 2807/4134/2807 2818/4154/2818
f 1076/4155/1076 1095/4147/1095 2818/4154/2818
f 2820/4156/2820 2814/4148/2814 2809/4137/2809
f 2818/4154/2818 1095/4147/1095 2813/4146/2813
f 2819/4153/2819 2818/4154/2818 2813/4146/2813
f 2818/4152/2818 2812/4145/2812 1076/4157/1076
f 2821/4158/2821 2814/4148/2814 2820/4156/2820
f 2808/4135/2808 2807/4134/2807 2819/4153/2819
f 2821/4158/2821 2820/4156/2820 2822/4159/2822
f 2821/4158/2821 2808/4135/2808 2819/4153/2819
f 2823/4160/2823 2822/4159/2822 2820/4156/2820
f 2818/4152/2818 2807/4161/2807 2817/4151/2817
f 1095/4147/1095 1066/4143/1066 2811/4142/2811
f 2807/4161/2807 2806/4162/2806 2817/4151/2817
f 2822/4159/2822 2808/4135/2808 2821/4158/2821
f 2822/4159/2822 2806/4133/2806 2808/4135/2808
f 2823/4160/2823 2824/4163/2824 2825/4164/2825
f 2826/4165/2826 2827/4166/2827 2825/4164/2825
f 1126/4167/1126 1137/4168/1137 2828/4169/2828
f 2827/4170/2827 2829/4171/2829 2806/4162/2806
f 2817/4151/2817 2806/4162/2806 2829/4171/2829
f 2830/4172/2830 2826/4165/2826 2825/4164/2825
f 1126/4173/1126 2830/4172/2830 1127/4174/1127
f 2801/4121/2801 2800/4120/2800 1133/4175/1133
f 2826/4165/2826 2830/4172/2830 1126/4173/1126
f 2823/4160/2823 2815/4149/2815 2816/4150/2816
f 2819/4153/2819 2814/4148/2814 2821/4158/2821
f 2829/4171/2829 2831/4176/2831 2800/4120/2800
f 2832/4177/2832 2833/4178/2833 2831/4176/2831
f 2822/4159/2822 2827/4166/2827 2806/4133/2806
f 1125/4179/1125 1137/4168/1137 1126/4167/1126
f 1126/4167/1126 2828/4169/2828 2826/4180/2826
f 1134/4181/1134 2834/4182/2834 1137/4168/1137
f 2833/4178/2833 2832/4177/2832 2828/4169/2828
f 2826/4180/2826 2829/4171/2829 2827/4170/2827
f 1137/4168/1137 2834/4182/2834 2828/4169/2828
f 2831/4176/2831 2833/4178/2833 2800/4120/2800
f 2833/4178/2833 1131/4183/1131 1133/4175/1133
f 2809/4137/2809 2811/4142/2811 1065/4144/1065
f 2834/4182/2834 2833/4178/2833 2828/4169/2828
f 2825/4164/2825 2827/4166/2827 2822/4159/2822
f 2829/4171/2829 2800/4120/2800 2802/4122/2802
f 2809/4137/2809 1065/4144/1065 1070/4138/1070
f 2833/4178/2833 2834/4182/2834 1131/4183/1131
f 1076/4157/1076 2812/4145/2812 1077/4140/1077
f 1473/4126/1473 1469/4131/1469 2803/4128/2803
f 1133/4175/1133 2800/4120/2800 2833/4178/2833
f 2810/4141/2810 2820/4156/2820 2809/4137/2809
f 2804/4129/2804 2805/4130/2805 2835/4184/2835
f 2820/4156/2820 2815/4149/2815 2823/4160/2823
f 1131/4183/1131 2834/4182/2834 1134/4181/1134
f 2805/4130/2805 2812/4145/2812 2835/4184/2835
f 2825/4164/2825 2822/4159/2822 2823/4160/2823
f 2824/4163/2824 2830/4172/2830 2825/4164/2825
f 2815/4149/2815 2820/4156/2820 2810/4141/2810
f 2831/4176/2831 2826/4180/2826 2832/4177/2832
f 2832/4177/2832 2826/4180/2826 2828/4169/2828
f 2819/4153/2819 2813/4146/2813 2814/4148/2814
f 2829/4171/2829 2826/4180/2826 2831/4176/2831
f 2803/4128/2803 2066/4127/2066 1473/4126/1473
f 2801/4121/2801 1133/4175/1133 1122/4112/1122
f 2054/4185/2054 2836/4186/2836 2837/4187/2837
f 2838/4188/2838 2839/4189/2839 2840/4190/2840
f 2841/4191/2841 2842/4192/2842 2798/4118/2798
f 2838/4188/2838 2842/4192/2842 2839/4189/2839
f 2843/4193/2843 2798/4118/2798 2842/4192/2842
f 2838/4188/2838 2843/4193/2843 2842/4192/2842
f 2798/4118/2798 2843/4193/2843 2799/4119/2799
f 2844/4194/2844 1093/4195/1093 2845/4196/2845
f 2843/4193/2843 2846/4197/2846 2799/4119/2799
f 2847/4198/2847 2846/4197/2846 2843/4193/2843
f 2848/4199/2848 2845/4196/2845 2847/4198/2847
f 1093/4195/1093 1094/4200/1094 2845/4196/2845
f 2799/4119/2799 2846/4197/2846 2849/4201/2849
f 2847/4198/2847 2845/4196/2845 2846/4197/2846
f 2837/4187/2837 2836/4186/2836 2849/4201/2849
f 2841/4191/2841 1129/4202/1129 2842/4192/2842
f 1135/4203/1135 2841/4191/2841 1138/4113/1138
f 2843/4193/2843 2838/4188/2838 2847/4198/2847
f 1135/4203/1135 1129/4202/1129 2841/4191/2841
f 2846/4197/2846 2850/4204/2850 2851/4205/2851
f 1094/4200/1094 1096/4206/1096 2845/4196/2845
f 2846/4197/2846 2845/4196/2845 2850/4204/2850
f 2837/4187/2837 2849/4201/2849 2851/4205/2851
f 2837/4187/2837 2850/4204/2850 2033/4207/2033
f 2845/4196/2845 1096/4206/1096 2850/4204/2850
f 2851/4205/2851 2849/4201/2849 2846/4197/2846
f 2851/4205/2851 2850/4204/2850 2837/4187/2837
f 2837/4187/2837 2033/4207/2033 2054/4185/2054
f 2842/4192/2842 2840/4190/2840 2839/4189/2839
f 2061/4208/2061 2836/4186/2836 2054/4185/2054
f 2844/4194/2844 2845/4196/2845 2848/4199/2848
f 2033/4207/2033 2850/4204/2850 1096/4206/1096
f 2842/4192/2842 1129/4202/1129 2840/4190/2840
f 2852/4209/2852 1088/4210/1088 2844/4194/2844
f 1086/4211/1086 1088/4210/1088 2852/4209/2852
f 2852/4209/2852 2844/4194/2844 2848/4199/2848
f 2852/4209/2852 2810/4141/2810 1086/4211/1086
f 2848/4199/2848 2853/4212/2853 2852/4209/2852
f 2848/4199/2848 2847/4198/2847 2853/4212/2853
f 2853/4212/2853 2847/4198/2847 2854/4213/2854
f 2853/4212/2853 2855/4214/2855 2856/4215/2856
f 2855/4214/2855 2853/4212/2853 2854/4213/2854
f 2854/4213/2854 2847/4198/2847 2838/4188/2838
f 2816/4150/2816 2857/4216/2857 2823/4160/2823
f 2853/4212/2853 2856/4215/2856 2852/4209/2852
f 2858/4217/2858 2840/4190/2840 2859/4218/2859
f 2860/4219/2860 2858/4217/2858 2861/4220/2861
f 2824/4163/2824 2860/4219/2860 2862/4221/2862
f 2862/4221/2862 2860/4219/2860 2861/4220/2861
f 2862/4221/2862 1121/4222/1121 2830/4172/2830
f 2861/4220/2861 1116/4223/1116 1121/4222/1121
f 2861/4220/2861 1129/4202/1129 1120/4224/1120
f 2856/4215/2856 2816/4150/2816 2810/4141/2810
f 1120/4224/1120 1116/4223/1116 2861/4220/2861
f 1127/4174/1127 2830/4172/2830 1121/4222/1121
f 2862/4221/2862 2861/4220/2861 1121/4222/1121
f 2860/4219/2860 2840/4190/2840 2858/4217/2858
f 2855/4214/2855 2854/4213/2854 2857/4216/2857
f 2858/4217/2858 2859/4218/2859 2861/4220/2861
f 1086/4211/1086 2810/4141/2810 1082/4139/1082
f 2859/4218/2859 2840/4190/2840 1129/4202/1129
f 2855/4214/2855 2857/4216/2857 2816/4150/2816
f 2823/4160/2823 2860/4219/2860 2824/4163/2824
f 2840/4190/2840 2857/4216/2857 2854/4213/2854
f 1129/4202/1129 2861/4220/2861 2859/4218/2859
f 2856/4215/2856 2810/4141/2810 2852/4209/2852
f 1093/4195/1093 2844/4194/2844 1091/4225/1091
f 1088/4210/1088 1091/4225/1091 2844/4194/2844
f 2857/4216/2857 2860/4219/2860 2823/4160/2823
f 2856/4215/2856 2855/4214/2855 2816/4150/2816
f 2838/4188/2838 2840/4190/2840 2854/4213/2854
f 2840/4190/2840 2860/4219/2860 2857/4216/2857
f 2830/4172/2830 2824/4163/2824 2862/4221/2862
f 2796/4116/2796 2793/4111/2793 2841/4191/2841
f 2863/4226/2863 2864/4227/2864 2794/4114/2794
f 1122/4112/1122 2793/4111/2793 2801/4121/2801
f 2864/4227/2864 2795/4115/2795 2794/4114/2794
f 2798/4118/2798 2796/4116/2796 2841/4191/2841
f 2796/4116/2796 2798/4118/2798 2797/4117/2797
f 2796/4116/2796 2797/4117/2797 2794/4114/2794
f 2802/4122/2802 2864/4227/2864 2865/4228/2865
f 2795/4115/2795 2802/4122/2802 2801/4121/2801
f 2801/4121/2801 2793/4111/2793 2795/4115/2795
f 2799/4119/2799 2849/4201/2849 2797/4117/2797
f 2797/4117/2797 2849/4201/2849 2794/4114/2794
f 2864/4227/2864 2802/4122/2802 2795/4115/2795
f 2866/4229/2866 2817/4151/2817 2863/4226/2863
f 2793/4111/2793 1138/4113/1138 2841/4191/2841
f 2835/4184/2835 2867/4230/2867 2804/4129/2804
f 2863/4226/2863 2865/4228/2865 2864/4227/2864
f 2867/4230/2867 2794/4114/2794 2849/4201/2849
f 2794/4114/2794 2868/4231/2868 2866/4229/2866
f 2836/4186/2836 2061/4208/2061 2075/4232/2075
f 2794/4114/2794 2866/4229/2866 2863/4226/2863
f 2865/4228/2865 2863/4226/2863 2817/4151/2817
f 2817/4151/2817 2829/4171/2829 2865/4228/2865
f 2794/4114/2794 2867/4230/2867 2868/4231/2868
f 2849/4201/2849 2836/4186/2836 2867/4230/2867
f 2868/4231/2868 2867/4230/2867 2835/4184/2835
f 2836/4186/2836 2869/4233/2869 2867/4230/2867
f 2817/4151/2817 2866/4229/2866 2812/4145/2812
f 2812/4145/2812 2866/4229/2866 2868/4231/2868
f 2868/4231/2868 2835/4184/2835 2812/4145/2812
f 2836/4186/2836 2075/4232/2075 2869/4233/2869
f 2075/4232/2075 2066/4127/2066 2869/4233/2869
f 2869/4233/2869 2066/4127/2066 2804/4129/2804
f 2869/4233/2869 2804/4129/2804 2867/4230/2867
f 2802/4122/2802 2865/4228/2865 2829/4171/2829
f 2870/4234/2870 2871/4235/2871 2872/4236/2872
f 2873/4237/2873 2874/4238/2874 2875/4239/2875
f 2876/4240/2876 2877/4241/2877 2878/4242/2878
f 2879/4243/2879 2874/4238/2874 2873/4237/2873
f 2874/4238/2874 2872/4236/2872 2875/4239/2875
f 2880/4244/2880 2881/4245/2881 2882/4246/2882
f 2883/4247/2883 2884/4248/2884 2885/4249/2885
f 2886/4250/2886 2887/4251/2887 2888/4252/2888
f 2889/4253/2889 2877/4241/2877 2890/4254/2890
f 2891/4255/2891 2892/4256/2892 2882/4246/2882
f 1205/4257/1205 2889/4253/2889 1213/4258/1213
f 1204/4259/1204 2893/4260/2893 2877/4241/2877
f 2894/4261/2894 2895/4262/2895 2896/4263/2896
f 2897/4264/2897 2898/4265/2898 2899/4266/2899
f 1214/4267/1214 2898/4265/2898 418/4268/418
f 2447/4269/2447 2900/4270/2900 2474/4271/2474
f 2879/4243/2879 2901/4272/2901 2902/4273/2902
f 1213/4258/1213 2889/4253/2889 2903/4274/2903
f 2888/4252/2888 2895/4262/2895 2894/4261/2894
f 2904/4275/2904 2878/4242/2878 2905/4276/2905
f 2871/4235/2871 2876/4240/2876 2906/4277/2906
f 2873/4237/2873 2904/4275/2904 2879/4243/2879
f 2895/4262/2895 2870/4234/2870 2872/4236/2872
f 2875/4239/2875 2871/4235/2871 2906/4277/2906
f 2888/4252/2888 2870/4234/2870 2895/4262/2895
f 2903/4274/2903 2889/4253/2889 2890/4254/2890
f 2884/4248/2884 2883/4247/2883 2907/4278/2907
f 2908/4279/2908 2909/4280/2909 2910/4281/2910
f 2910/4281/2910 2870/4234/2870 2888/4252/2888
f 2911/4282/2911 2878/4242/2878 2904/4275/2904
f 2888/4252/2888 2912/4283/2912 2886/4250/2886
f 2870/4234/2870 2876/4240/2876 2871/4235/2871
f 2902/4273/2902 2874/4238/2874 2879/4243/2879
f 2907/4278/2907 2913/4284/2913 2912/4283/2912
f 1193/4285/1193 2914/4286/2914 1210/4287/1210
f 2915/4288/2915 1196/4289/1196 2914/4286/2914
f 2916/4290/2916 2880/4244/2880 2914/4286/2914
f 2915/4288/2915 2882/4246/2882 2917/4291/2917
f 2882/4246/2882 2914/4286/2914 2880/4244/2880
f 1192/4292/1192 2918/4293/2918 2916/4290/2916
f 2916/4290/2916 2919/4294/2919 2880/4244/2880
f 2892/4256/2892 2917/4291/2917 2882/4246/2882
f 2916/4290/2916 2918/4293/2918 2919/4294/2919
f 2920/4295/2920 2921/4296/2921 2922/4297/2922
f 2923/4298/2923 2924/4299/2924 2920/4295/2920
f 2924/4299/2924 2925/4300/2925 2920/4295/2920
f 2924/4299/2924 2894/4261/2894 2896/4263/2896
f 2500/4301/2500 2926/4302/2926 2512/4303/2512
f 2923/4298/2923 2500/4301/2500 2924/4299/2924
f 2512/4303/2512 2926/4302/2926 2927/4304/2927
f 2923/4298/2923 2922/4297/2922 2926/4302/2926
f 2922/4297/2922 2927/4304/2927 2926/4302/2926
f 2928/4305/2928 2881/4245/2881 2919/4294/2919
f 2925/4300/2925 2924/4299/2924 2896/4263/2896
f 2891/4255/2891 2887/4251/2887 2892/4256/2892
f 2929/4306/2929 2930/4307/2930 2931/4308/2931
f 2932/4309/2932 2896/4263/2896 2895/4262/2895
f 2922/4297/2922 2921/4296/2921 2927/4304/2927
f 2933/4310/2933 2934/4311/2934 2929/4306/2929
f 2934/4311/2934 2921/4296/2921 2920/4295/2920
f 2935/4312/2935 2927/4304/2927 2936/4313/2936
f 2936/4313/2936 2927/4304/2927 2921/4296/2921
f 2934/4311/2934 2937/4314/2937 2932/4309/2932
f 2932/4309/2932 2937/4314/2937 2896/4263/2896
f 2936/4313/2936 2933/4310/2933 2938/4315/2938
f 2936/4313/2936 2921/4296/2921 2934/4311/2934
f 2939/4316/2939 2935/4312/2935 2938/4315/2938
f 2929/4306/2929 2901/4272/2901 2930/4307/2930
f 2936/4313/2936 2934/4311/2934 2933/4310/2933
f 2920/4295/2920 2925/4300/2925 2934/4311/2934
f 2923/4298/2923 2920/4295/2920 2922/4297/2922
f 2934/4311/2934 2901/4272/2901 2929/4306/2929
f 2933/4310/2933 2929/4306/2929 2931/4308/2931
f 2934/4311/2934 2932/4309/2932 2901/4272/2901
f 2925/4300/2925 2937/4314/2937 2934/4311/2934
f 2937/4314/2937 2925/4300/2925 2896/4263/2896
f 2935/4312/2935 2936/4313/2936 2938/4315/2938
f 2923/4298/2923 2926/4302/2926 2500/4301/2500
f 2901/4272/2901 2879/4243/2879 2930/4307/2930
f 2931/4308/2931 2930/4307/2930 2879/4243/2879
f 2940/4317/2940 2892/4256/2892 2886/4250/2886
f 2928/4305/2928 2891/4255/2891 2881/4245/2881
f 2919/4294/2919 2910/4281/2910 2928/4305/2928
f 2910/4281/2910 2887/4251/2887 2891/4255/2891
f 2891/4255/2891 2928/4305/2928 2910/4281/2910
f 2883/4247/2883 2940/4317/2940 2913/4284/2913
f 2913/4284/2913 2886/4250/2886 2912/4283/2912
f 2907/4278/2907 2912/4283/2912 2894/4261/2894
f 1203/4318/1203 418/4268/418 2898/4265/2898
f 2898/4265/2898 2897/4264/2897 2905/4319/2905
f 2941/4320/2941 2905/4319/2905 2897/4264/2897
f 2905/4319/2905 1203/4318/1203 2898/4265/2898
f 2904/4275/2904 2905/4276/2905 2941/4321/2941
f 2932/4309/2932 2895/4262/2895 2874/4238/2874
f 2877/4241/2877 2889/4253/2889 1204/4259/1204
f 1204/4259/1204 2889/4253/2889 1205/4257/1205
f 2942/4322/2942 2903/4274/2903 2918/4293/2918
f 2919/4294/2919 2918/4293/2918 2908/4279/2908
f 2884/4248/2884 2943/4323/2943 2944/4324/2944
f 2945/4325/2945 2900/4270/2900 2447/4269/2447
f 2900/4270/2900 2945/4325/2945 2944/4324/2944
f 2944/4324/2944 2943/4323/2943 2900/4270/2900
f 2944/4324/2944 2945/4325/2945 2946/4326/2946
f 2945/4325/2945 2447/4269/2447 2449/4327/2449
f 2510/4328/2510 2945/4325/2945 2449/4327/2449
f 1214/4267/1214 1196/4289/1196 2899/4266/2899
f 2946/4326/2946 2885/4249/2885 2944/4324/2944
f 2945/4325/2945 2947/4329/2947 2946/4326/2946
f 2947/4329/2947 2945/4325/2945 2510/4328/2510
f 2917/4291/2917 2940/4317/2940 2885/4249/2885
f 2944/4324/2944 2885/4249/2885 2884/4248/2884
f 2900/4270/2900 2943/4323/2943 2474/4271/2474
f 2887/4251/2887 2886/4250/2886 2892/4256/2892
f 2947/4329/2947 2510/4328/2510 2948/4330/2948
f 2917/4291/2917 2885/4249/2885 2946/4326/2946
f 2946/4326/2946 2947/4329/2947 2949/4331/2949
f 1192/4292/1192 1194/4332/1194 2942/4322/2942
f 2950/4333/2950 2947/4329/2947 2948/4330/2948
f 2917/4291/2917 2946/4326/2946 2949/4331/2949
f 2950/4333/2950 2949/4331/2949 2947/4329/2947
f 2951/4334/2951 2917/4291/2917 2949/4331/2949
f 2949/4331/2949 2950/4333/2950 2951/4334/2951
f 2915/4288/2915 2917/4291/2917 2951/4334/2951
f 2899/4266/2899 2915/4288/2915 2951/4334/2951
f 2897/4264/2897 2899/4266/2899 2950/4333/2950
f 2899/4266/2899 1196/4289/1196 2915/4288/2915
f 1214/4267/1214 2899/4266/2899 2898/4265/2898
f 2952/4335/2952 2950/4333/2950 2948/4330/2948
f 2510/4336/2510 2953/4337/2953 2954/4338/2954
f 2883/4247/2883 2913/4284/2913 2907/4278/2907
f 2950/4333/2950 2952/4335/2952 2941/4320/2941
f 2919/4294/2919 2881/4245/2881 2880/4244/2880
f 2955/4339/2955 2956/4340/2956 2948/4341/2948
f 2952/4342/2952 2948/4341/2948 2956/4340/2956
f 2956/4340/2956 2931/4308/2931 2952/4342/2952
f 2916/4290/2916 2914/4286/2914 1193/4285/1193
f 2954/4338/2954 2938/4315/2938 2955/4339/2955
f 2953/4337/2953 2938/4315/2938 2954/4338/2954
f 2931/4308/2931 2879/4243/2879 2952/4342/2952
f 2953/4337/2953 2939/4316/2939 2938/4315/2938
f 2948/4341/2948 2954/4338/2954 2955/4339/2955
f 2910/4281/2910 2888/4252/2888 2887/4251/2887
f 2948/4341/2948 2510/4336/2510 2954/4338/2954
f 2931/4308/2931 2956/4340/2956 2933/4310/2933
f 2917/4291/2917 2892/4256/2892 2940/4317/2940
f 1192/4292/1192 2942/4322/2942 2918/4293/2918
f 2897/4264/2897 2950/4333/2950 2941/4320/2941
f 2952/4342/2952 2879/4243/2879 2941/4321/2941
f 2938/4315/2938 2933/4310/2933 2955/4339/2955
f 2956/4340/2956 2955/4339/2955 2933/4310/2933
f 2951/4334/2951 2950/4333/2950 2899/4266/2899
f 2877/4241/2877 2893/4260/2893 2878/4242/2878
f 2903/4274/2903 2942/4322/2942 1213/4258/1213
f 2903/4274/2903 2890/4254/2890 2909/4280/2909
f 2870/4234/2870 2909/4280/2909 2876/4240/2876
f 2911/4282/2911 2876/4240/2876 2878/4242/2878
f 1210/4287/1210 2914/4286/2914 1196/4289/1196
f 2870/4234/2870 2910/4281/2910 2909/4280/2909
f 2941/4321/2941 2879/4243/2879 2904/4275/2904
f 2910/4281/2910 2919/4294/2919 2908/4279/2908
f 2878/4242/2878 2893/4260/2893 2905/4276/2905
f 2894/4261/2894 2912/4283/2912 2888/4252/2888
f 2904/4275/2904 2873/4237/2873 2911/4282/2911
f 2877/4241/2877 2876/4240/2876 2890/4254/2890
f 2916/4290/2916 1193/4285/1193 1192/4292/1192
f 1204/4259/1204 1200/4343/1200 2893/4260/2893
f 2901/4272/2901 2874/4238/2874 2902/4273/2902
f 2932/4309/2932 2874/4238/2874 2901/4272/2901
f 1203/4344/1203 2893/4260/2893 1200/4343/1200
f 1202/4345/1202 2942/4322/2942 1194/4332/1194
f 2911/4282/2911 2873/4237/2873 2875/4239/2875
f 2915/4288/2915 2914/4286/2914 2882/4246/2882
f 2893/4260/2893 1203/4344/1203 2905/4276/2905
f 2908/4279/2908 2918/4293/2918 2903/4274/2903
f 2940/4317/2940 2886/4250/2886 2913/4284/2913
f 2874/4238/2874 2895/4262/2895 2872/4236/2872
f 2908/4279/2908 2903/4274/2903 2909/4280/2909
f 2906/4277/2906 2876/4240/2876 2911/4282/2911
f 2885/4249/2885 2940/4317/2940 2883/4247/2883
f 1213/4258/1213 2942/4322/2942 1202/4345/1202
f 2911/4282/2911 2875/4239/2875 2906/4277/2906
f 2890/4254/2890 2876/4240/2876 2909/4280/2909
f 2871/4235/2871 2875/4239/2875 2872/4236/2872
f 2881/4245/2881 2891/4255/2891 2882/4246/2882
f 2957/4346/2957 2958/4347/2958 2474/4271/2474
f 2500/4301/2500 2959/4348/2959 2924/4299/2924
f 2957/4346/2957 2959/4348/2959 2960/4349/2960
f 2958/4347/2958 2957/4346/2957 2960/4349/2960
f 2961/4350/2961 2962/4351/2962 2907/4278/2907
f 2962/4351/2962 2957/4346/2957 2963/4352/2963
f 2958/4347/2958 2517/4353/2517 2475/4354/2475
f 2517/4353/2517 2958/4347/2958 2960/4349/2960
f 2474/4271/2474 2943/4323/2943 2957/4346/2957
f 2884/4248/2884 2963/4352/2963 2943/4323/2943
f 2884/4248/2884 2907/4278/2907 2962/4351/2962
f 2957/4346/2957 2943/4323/2943 2963/4352/2963
f 2961/4350/2961 2959/4348/2959 2962/4351/2962
f 2961/4350/2961 2964/4355/2964 2959/4348/2959
f 2961/4350/2961 2907/4278/2907 2964/4355/2964
f 2960/4349/2960 2959/4348/2959 2517/4353/2517
f 2963/4352/2963 2884/4248/2884 2962/4351/2962
f 2475/4354/2475 2474/4271/2474 2958/4347/2958
f 2959/4348/2959 2964/4355/2964 2924/4299/2924
f 2486/4356/2486 2517/4353/2517 2959/4348/2959
f 2964/4355/2964 2894/4261/2894 2924/4299/2924
f 2486/4356/2486 2959/4348/2959 2500/4301/2500
f 2964/4355/2964 2907/4278/2907 2894/4261/2894
f 2957/4346/2957 2962/4351/2962 2959/4348/2959
f 2965/4357/2965 2966/4358/2966 2967/4359/2967
f 2968/4360/2968 2969/4361/2969 2970/4362/2970
f 15/4363/15 18/4364/18 2971/4365/2971
f 2972/4366/2972 2973/4367/2973 2974/4368/2974
f 2975/4369/2975 2976/4370/2976 2977/4371/2977
f 2975/4369/2975 2978/4372/2978 2979/4373/2979
f 2980/4374/2980 2981/4375/2981 2982/4376/2982
f 2983/4377/2983 2977/4371/2977 2976/4370/2976
f 2983/4377/2983 2970/4362/2970 2977/4371/2977
f 2757/4378/2757 2984/4379/2984 2985/4380/2985
f 2986/4381/2986 2987/4382/2987 2988/4383/2988
f 2989/4384/2989 2771/4385/2771 2990/4386/2990
f 2981/4375/2981 2991/4387/2991 2992/4388/2992
f 2993/4389/2993 2966/4358/2966 2965/4357/2965
f 2994/4390/2994 2995/4391/2995 2996/4392/2996
f 2997/4393/2997 2995/4391/2995 2994/4390/2994
f 2984/4379/2984 2998/4394/2998 2985/4380/2985
f 2996/4392/2996 2984/4379/2984 2999/4395/2999
f 3000/4396/3000 2990/4386/2990 3001/4397/3001
f 3002/4398/3002 3003/4399/3003 3004/4400/3004
f 3005/4401/3005 2973/4367/2973 2972/4366/2972
f 2976/4370/2976 2975/4369/2975 15/4363/15
f 2987/4382/2987 2986/4381/2986 2979/4373/2979
f 2996/4392/2996 3006/4402/3006 2994/4390/2994
f 2971/4365/2971 3005/4401/3005 2983/4377/2983
f 3001/4397/3001 2990/4386/2990 2967/4359/2967
f 2995/4391/2995 3007/4403/3007 2996/4392/2996
f 174/4404/174 2986/4381/2986 3008/4405/3008
f 2988/4383/2988 3008/4405/3008 2986/4381/2986
f 2644/4406/2644 3008/4405/3008 3009/4407/3009
f 3010/4408/3010 3011/4409/3011 3012/4410/3012
f 3012/4410/3012 3013/4411/3013 3014/4412/3014
f 2982/4376/2982 3015/4413/3015 2980/4374/2980
f 3016/4414/3016 3011/4409/3011 2974/4368/2974
f 3016/4414/3016 2974/4368/2974 3017/4415/3017
f 3005/4401/3005 2970/4362/2970 2983/4377/2983
f 3018/4416/3018 3019/4417/3019 2966/4358/2966
f 2997/4393/2997 3020/4418/3020 3021/4419/3021
f 2642/4420/2642 3008/4405/3008 2644/4406/2644
f 3022/4421/3022 3002/4398/3002 3004/4400/3004
f 3022/4421/3022 3004/4400/3004 3023/4422/3023
f 3024/4423/3024 3022/4421/3022 3023/4422/3023
f 3025/4424/3025 3024/4423/3024 3026/4425/3026
f 3023/4422/3023 3025/4424/3025 3026/4425/3026
f 3024/4423/3024 3023/4422/3023 3026/4425/3026
f 3027/4426/3027 2994/4390/2994 3006/4402/3006
f 3028/4427/3028 3029/4428/3029 3030/4429/3030
f 3012/4410/3012 3011/4409/3011 3031/4430/3031
f 3032/4431/3032 2982/4376/2982 2981/4375/2981
f 3013/4411/3013 2989/4384/2989 3014/4412/3014
f 2757/4378/2757 2759/4432/2759 2984/4379/2984
f 2770/4433/2770 2757/4378/2757 2985/4380/2985
f 3031/4430/3031 3016/4414/3016 2765/4434/2765
f 72/4435/72 2986/4381/2986 174/4404/174
f 3033/4436/3033 3015/4413/3015 3034/4437/3034
f 2971/4365/2971 18/4364/18 3035/4438/3035
f 3007/4403/3007 3036/4439/3036 2984/4379/2984
f 2973/4367/2973 3005/4401/3005 3035/4438/3035
f 3037/4440/3037 3012/4410/3012 3031/4430/3031
f 3005/4401/3005 2971/4365/2971 3035/4438/3035
f 3013/4411/3013 3037/4440/3037 2768/4441/2768
f 72/4435/72 2979/4373/2979 2986/4381/2986
f 3038/4442/3038 3023/4422/3023 2991/4387/2991
f 3006/4402/3006 2996/4392/2996 2999/4395/2999
f 3007/4403/3007 2995/4391/2995 3039/4443/3039
f 2996/4392/2996 3007/4403/3007 2984/4379/2984
f 376/4444/376 2642/4420/2642 377/4445/377
f 1389/4446/1389 3040/4447/3040 2772/4448/2772
f 3037/4440/3037 3031/4430/3031 2766/4449/2766
f 3021/4419/3021 2995/4391/2995 2997/4393/2997
f 3013/4411/3013 2768/4441/2768 2769/4450/2769
f 3037/4440/3037 2766/4449/2766 2768/4441/2768
f 2766/4449/2766 3031/4430/3031 2765/4434/2765
f 3020/4418/3020 2997/4393/2997 2994/4390/2994
f 3006/4402/3006 2999/4395/2999 1388/4451/1388
f 2998/4394/2998 3039/4443/3039 2993/4389/2993
f 3041/4452/3041 3020/4418/3020 3027/4426/3027
f 2602/4453/2602 3042/4454/3042 3043/4455/3043
f 3041/4452/3041 3021/4419/3021 3020/4418/3020
f 3010/4408/3010 3001/4397/3001 3044/4456/3044
f 3017/4415/3017 3035/4438/3035 3016/4414/3016
f 3015/4413/3015 3045/4457/3045 2972/4366/2972
f 380/4458/380 377/4445/377 2640/4459/2640
f 2979/4373/2979 2978/4372/2978 2987/4382/2987
f 3046/4460/3046 3047/4461/3047 2969/4361/2969
f 2969/4361/2969 2968/4360/2968 2982/4376/2982
f 2965/4357/2965 2967/4359/2967 2985/4380/2985
f 3035/4438/3035 3017/4415/3017 2973/4367/2973
f 174/4404/174 3008/4405/3008 376/4444/376
f 2967/4359/2967 3019/4417/3019 3001/4397/3001
f 3042/4454/3042 2644/4406/2644 3009/4407/3009
f 2638/4462/2638 380/4458/380 2640/4459/2640
f 3013/4411/3013 3012/4410/3012 3037/4440/3037
f 3018/4416/3018 2966/4358/2966 2993/4389/2993
f 2970/4362/2970 3005/4401/3005 2972/4366/2972
f 2985/4380/2985 2998/4394/2998 2965/4357/2965
f 2989/4384/2989 3013/4411/3013 2769/4450/2769
f 3003/4399/3003 3048/4463/3048 3049/4464/3049
f 3032/4431/3032 2992/4388/2992 3049/4464/3049
f 3010/4408/3010 3050/4465/3050 2974/4368/2974
f 3001/4397/3001 3014/4412/3014 3000/4396/3000
f 380/4458/380 2638/4462/2638 569/4466/569
f 3039/4443/3039 3036/4439/3036 3007/4403/3007
f 3042/4454/3042 3009/4407/3009 3051/4467/3051
f 3025/4424/3025 2995/4391/2995 3021/4419/3021
f 3047/4461/3047 2978/4372/2978 2975/4369/2975
f 2977/4371/2977 3047/4461/3047 2975/4369/2975
f 569/4466/569 2638/4462/2638 575/4468/575
f 3048/4463/3048 3051/4467/3051 3052/4469/3052
f 2978/4372/2978 3046/4460/3046 2987/4382/2987
f 2998/4394/2998 2993/4389/2993 2965/4357/2965
f 2987/4382/2987 3053/4470/3053 2988/4383/2988
f 2967/4359/2967 2966/4358/2966 3019/4417/3019
f 2992/4388/2992 3023/4422/3023 3004/4400/3004
f 3054/4471/3054 3039/4443/3039 2995/4391/2995
f 3053/4470/3053 3051/4467/3051 3009/4407/3009
f 3048/4463/3048 3055/4472/3055 3043/4455/3043
f 2987/4382/2987 3046/4460/3046 3053/4470/3053
f 2970/4362/2970 2969/4361/2969 2977/4371/2977
f 2978/4372/2978 3047/4461/3047 3046/4460/3046
f 2992/4388/2992 3032/4431/3032 2981/4375/2981
f 2977/4371/2977 2969/4361/2969 3047/4461/3047
f 3056/4473/3056 3038/4442/3038 2991/4387/2991
f 2972/4366/2972 3034/4437/3034 3015/4413/3015
f 3019/4417/3019 3044/4456/3044 3001/4397/3001
f 3003/4399/3003 3002/4398/3002 3030/4429/3030
f 2985/4380/2985 2967/4359/2967 2990/4386/2990
f 2990/4386/2990 2771/4385/2771 2770/4433/2770
f 3057/4474/3057 3056/4473/3056 2980/4374/2980
f 3049/4464/3049 3052/4469/3052 3032/4431/3032
f 2983/4377/2983 2976/4370/2976 2971/4365/2971
f 2984/4379/2984 3040/4447/3040 2999/4395/2999
f 3030/4429/3030 3029/4428/3029 3055/4472/3055
f 3055/4472/3055 3048/4463/3048 3030/4429/3030
f 3040/4447/3040 1388/4451/1388 2999/4395/2999
f 2642/4420/2642 2640/4459/2640 377/4445/377
f 2988/4383/2988 3009/4407/3009 3008/4405/3008
f 3036/4439/3036 2998/4394/2998 2984/4379/2984
f 3035/4438/3035 18/4364/18 3016/4414/3016
f 3056/4473/3056 3044/4456/3044 3018/4416/3018
f 2771/4385/2771 2989/4384/2989 2769/4450/2769
f 3042/4454/3042 2636/4475/2636 2644/4406/2644
f 3033/4436/3033 3050/4465/3050 3010/4408/3010
f 3048/4463/3048 3043/4455/3043 3051/4467/3051
f 3044/4456/3044 3019/4417/3019 3018/4416/3018
f 3054/4471/3054 2995/4391/2995 3025/4424/3025
f 2994/4390/2994 3027/4426/3027 3020/4418/3020
f 2600/4476/2600 2603/4477/2603 3058/4478/3058
f 2602/4453/2602 3058/4478/3058 2603/4477/2603
f 3059/4479/3059 3060/4480/3060 432/4481/432
f 3061/4482/3061 432/4481/432 424/4483/424
f 3062/4484/3062 3061/4482/3061 3063/4485/3063
f 3059/4479/3059 3041/4452/3041 3060/4480/3060
f 433/4486/433 3063/4485/3063 434/4487/434
f 3060/4480/3060 3064/4488/3064 3065/4489/3065
f 3059/4479/3059 3061/4482/3061 3066/4490/3066
f 3008/4405/3008 2642/4420/2642 376/4444/376
f 3066/4490/3066 3041/4452/3041 3059/4479/3059
f 3067/4491/3067 3068/4492/3068 499/4493/499
f 434/4487/434 3063/4485/3063 424/4483/424
f 432/4481/432 3061/4482/3061 3059/4479/3059
f 3069/4494/3069 489/4495/489 428/4496/428
f 3060/4480/3060 427/4497/427 432/4481/432
f 3068/4492/3068 3067/4491/3067 3070/4498/3070
f 2993/4389/2993 3039/4443/3039 3054/4471/3054
f 2596/4499/2596 3063/4485/3063 433/4486/433
f 489/4495/489 3069/4494/3069 490/4500/490
f 3062/4484/3062 3066/4490/3066 3061/4482/3061
f 427/4497/427 3060/4480/3060 3065/4489/3065
f 428/4496/428 427/4497/427 3065/4489/3065
f 3052/4469/3052 3051/4467/3051 3053/4470/3053
f 3065/4489/3065 3069/4494/3069 428/4496/428
f 3070/4498/3070 490/4500/490 3069/4494/3069
f 3041/4452/3041 3064/4488/3064 3060/4480/3060
f 3027/4426/3027 3070/4498/3070 3069/4494/3069
f 3027/4426/3027 3064/4488/3064 3041/4452/3041
f 3027/4426/3027 3069/4494/3069 3064/4488/3064
f 3027/4426/3027 3006/4402/3006 3070/4498/3070
f 497/4501/497 499/4493/499 3068/4492/3068
f 3064/4488/3064 3069/4494/3069 3065/4489/3065
f 3070/4498/3070 3067/4491/3067 490/4500/490
f 3070/4498/3070 3006/4402/3006 3068/4492/3068
f 1388/4451/1388 497/4501/497 3068/4492/3068
f 3036/4439/3036 3039/4443/3039 2998/4394/2998
f 1388/4451/1388 3068/4492/3068 3006/4402/3006
f 3063/4485/3063 3061/4482/3061 424/4483/424
f 2974/4368/2974 3034/4437/3034 2972/4366/2972
f 2969/4361/2969 2982/4376/2982 3071/4502/3071
f 3033/4436/3033 3044/4456/3044 3057/4474/3057
f 3025/4424/3025 3021/4419/3021 3024/4423/3024
f 2984/4379/2984 2759/4432/2759 3040/4447/3040
f 2770/4433/2770 2985/4380/2985 2990/4386/2990
f 3067/4491/3067 499/4493/499 490/4500/490
f 3040/4447/3040 1389/4446/1389 1388/4451/1388
f 2759/4432/2759 2772/4448/2772 3040/4447/3040
f 3029/4428/3029 3028/4427/3028 3072/4503/3072
f 3025/4424/3025 2993/4389/2993 3054/4471/3054
f 3066/4490/3066 3022/4421/3022 3024/4423/3024
f 3066/4490/3066 3021/4419/3021 3041/4452/3041
f 3002/4398/3002 3066/4490/3066 3062/4484/3062
f 3021/4419/3021 3066/4490/3066 3024/4423/3024
f 3002/4398/3002 3022/4421/3022 3066/4490/3066
f 3002/4398/3002 3062/4484/3062 3072/4503/3072
f 3072/4503/3072 3028/4427/3028 3002/4398/3002
f 3030/4429/3030 3002/4398/3002 3028/4427/3028
f 3073/4504/3073 3029/4428/3029 3074/4505/3074
f 3073/4504/3073 2602/4453/2602 3043/4455/3043
f 3072/4503/3072 3063/4485/3063 3075/4506/3075
f 3074/4505/3074 3029/4428/3029 3072/4503/3072
f 3073/4504/3073 3043/4455/3043 3029/4428/3029
f 3058/4478/3058 2602/4453/2602 3073/4504/3073
f 3074/4505/3074 3058/4478/3058 3073/4504/3073
f 3075/4506/3075 3063/4485/3063 2596/4499/2596
f 3058/4478/3058 3075/4506/3075 2600/4476/2600
f 2600/4476/2600 3075/4506/3075 2596/4499/2596
f 3062/4484/3062 3063/4485/3063 3072/4503/3072
f 3058/4478/3058 3074/4505/3074 3075/4506/3075
f 3075/4506/3075 3074/4505/3074 3072/4503/3072
f 3056/4473/3056 2981/4375/2981 2980/4374/2980
f 3034/4437/3034 2974/4368/2974 3050/4465/3050
f 3056/4473/3056 2991/4387/2991 2981/4375/2981
f 3010/4408/3010 3014/4412/3014 3001/4397/3001
f 3044/4456/3044 3033/4436/3033 3010/4408/3010
f 2976/4370/2976 15/4363/15 2971/4365/2971
f 3049/4464/3049 3048/4463/3048 3052/4469/3052
f 3071/4502/3071 2982/4376/2982 3032/4431/3032
f 2975/4369/2975 72/4435/72 15/4363/15
f 3049/4464/3049 2992/4388/2992 3003/4399/3003
f 3038/4442/3038 3056/4473/3056 3018/4416/3018
f 3033/4436/3033 3034/4437/3034 3050/4465/3050
f 3004/4400/3004 3003/4399/3003 2992/4388/2992
f 2970/4362/2970 2972/4366/2972 3045/4457/3045
f 3025/4424/3025 3023/4422/3023 3038/4442/3038
f 3010/4408/3010 2974/4368/2974 3011/4409/3011
f 2969/4361/2969 3071/4502/3071 3046/4460/3046
f 2993/4389/2993 3038/4442/3038 3018/4416/3018
f 3016/4414/3016 18/4364/18 2765/4434/2765
f 3042/4454/3042 3051/4467/3051 3043/4455/3043
f 3033/4436/3033 3057/4474/3057 2980/4374/2980
f 2636/4475/2636 3042/4454/3042 2602/4453/2602
f 3044/4456/3044 3056/4473/3056 3057/4474/3057
f 2968/4360/2968 3015/4413/3015 2982/4376/2982
f 3010/4408/3010 3012/4410/3012 3014/4412/3014
f 3053/4470/3053 3009/4407/3009 2988/4383/2988
f 3052/4469/3052 3053/4470/3053 3046/4460/3046
f 2979/4373/2979 72/4435/72 2975/4369/2975
f 3043/4455/3043 3055/4472/3055 3029/4428/3029
f 3038/4442/3038 2993/4389/2993 3025/4424/3025
f 3033/4436/3033 2980/4374/2980 3015/4413/3015
f 3015/4413/3015 2968/4360/2968 3045/4457/3045
f 3052/4469/3052 3071/4502/3071 3032/4431/3032
f 3000/4396/3000 3014/4412/3014 2989/4384/2989
f 2974/4368/2974 2973/4367/2973 3017/4415/3017
f 3071/4502/3071 3052/4469/3052 3046/4460/3046
f 2992/4388/2992 2991/4387/2991 3023/4422/3023
f 3016/4414/3016 3031/4430/3031 3011/4409/3011
f 2970/4362/2970 3045/4457/3045 2968/4360/2968
f 3000/4396/3000 2989/4384/2989 2990/4386/2990
f 3030/4429/3030 3048/4463/3048 3003/4399/3003
f 3076/4507/3076 1644/4508/1644 3077/4509/3077
f 3078/4510/3078 3079/4511/3079 3080/4512/3080
f 3078/4510/3078 3081/4513/3081 3079/4511/3079
f 3082/4514/3082 3078/4510/3078 3080/4512/3080
f 3083/4515/3083 3084/4516/3084 3085/4517/3085
f 3086/4518/3086 3087/4519/3087 3076/4507/3076
f 3088/4520/3088 3089/4521/3089 3090/4522/3090
f 3091/4523/3091 3083/4515/3083 3092/4524/3092
f 3093/4525/3093 3094/4526/3094 3095/4527/3095
f 3096/4528/3096 3097/4529/3097 3082/4514/3082
f 3098/4530/3098 3099/4531/3099 3100/4532/3100
f 3101/4533/3101 3102/4534/3102 3103/4535/3103
f 3104/4536/3104 3105/4537/3105 3106/4538/3106
f 3107/4539/3107 3108/4540/3108 3109/4541/3109
f 3110/4542/3110 3097/4529/3097 3096/4528/3096
f 3111/4543/3111 3088/4520/3088 3095/4527/3095
f 3112/4544/3112 3093/4525/3093 971/4545/971
f 3113/4546/3113 3102/4534/3102 3105/4537/3105
f 3100/4532/3100 3114/4547/3114 3109/4541/3109
f 3115/4548/3115 3116/4549/3116 3117/4550/3117
f 3118/4551/3118 976/4552/976 3093/4525/3093
f 3119/4553/3119 3114/4547/3114 3099/4531/3099
f 3099/4531/3099 3114/4547/3114 3100/4532/3100
f 3116/4549/3116 3099/4531/3099 3098/4530/3098
f 980/4554/980 3118/4551/3118 1644/4508/1644
f 3093/4525/3093 3095/4527/3095 3118/4551/3118
f 3096/4528/3096 3080/4512/3080 3120/4555/3120
f 3099/4531/3099 3121/4556/3121 3119/4553/3119
f 3113/4546/3113 3104/4536/3104 3115/4548/3115
f 3122/4557/3122 3123/4558/3123 3079/4511/3079
f 3110/4542/3110 3096/4528/3096 3124/4559/3124
f 3112/4544/3112 3122/4557/3122 3111/4543/3111
f 3125/4560/3125 3126/4561/3126 3080/4512/3080
f 3127/4562/3127 3128/4563/3128 3129/4564/3129
f 3130/4565/3130 3131/4566/3131 3092/4524/3092
f 3132/4567/3132 3125/4560/3125 3079/4511/3079
f 3077/4509/3077 3086/4518/3086 3076/4507/3076
f 3120/4555/3120 3080/4512/3080 3126/4561/3126
f 3118/4551/3118 3095/4527/3095 3088/4520/3088
f 3088/4520/3088 3111/4543/3111 3081/4513/3081
f 3102/4534/3102 3113/4546/3113 3103/4535/3103
f 3087/4519/3087 3086/4518/3086 3131/4566/3131
f 3103/4535/3103 3113/4546/3113 3115/4548/3115
f 976/4552/976 3118/4551/3118 979/4568/979
f 3123/4558/3123 3132/4567/3132 3079/4511/3079
f 3112/4544/3112 3133/4569/3133 3122/4557/3122
f 3094/4526/3094 3093/4525/3093 3112/4544/3112
f 3093/4525/3093 976/4552/976 974/4570/974
f 3101/4533/3101 3103/4535/3103 3115/4548/3115
f 3117/4550/3117 3101/4533/3101 3115/4548/3115
f 3122/4557/3122 3133/4569/3133 3134/4571/3134
f 3112/4544/3112 3135/4572/3135 3133/4569/3133
f 3132/4567/3132 61/4573/61 3126/4561/3126
f 971/4545/971 3093/4525/3093 974/4570/974
f 62/4574/62 3123/4558/3123 63/4575/63
f 3132/4567/3132 62/4574/62 61/4573/61
f 967/4576/967 1280/4577/1280 3135/4572/3135
f 3133/4569/3133 1280/4577/1280 1276/4578/1276
f 3104/4536/3104 3116/4549/3116 3115/4548/3115
f 3077/4509/3077 3088/4520/3088 3090/4522/3090
f 3136/4579/3136 3137/4580/3137 3138/4581/3138
f 3097/4529/3097 3110/4542/3110 3139/4582/3139
f 3094/4526/3094 3111/4543/3111 3095/4527/3095
f 3124/4559/3124 3096/4528/3096 3120/4555/3120
f 3090/4522/3090 3089/4521/3089 3091/4523/3091
f 3100/4532/3100 3109/4541/3109 3110/4542/3110
f 3113/4546/3113 3105/4537/3105 3104/4536/3104
f 3140/4583/3140 3119/4553/3119 3121/4556/3121
f 3135/4572/3135 971/4545/971 967/4576/967
f 3085/4517/3085 3107/4539/3107 3083/4515/3083
f 3110/4542/3110 3141/4584/3141 3100/4532/3100
f 3084/4516/3084 3082/4514/3082 3139/4582/3139
f 3133/4569/3133 1276/4578/1276 63/4575/63
f 3114/4547/3114 3107/4539/3107 3109/4541/3109
f 3133/4569/3133 3135/4572/3135 1280/4577/1280
f 3142/4585/3142 3128/4563/3128 3107/4539/3107
f 3143/4586/3143 3087/4519/3087 3127/4562/3127
f 3135/4572/3135 3112/4544/3112 971/4545/971
f 3084/4516/3084 3083/4515/3083 3091/4523/3091
f 3106/4538/3106 3144/4587/3144 3142/4585/3142
f 3125/4560/3125 3080/4512/3080 3079/4511/3079
f 3145/4588/3145 3146/4589/3146 3147/4590/3147
f 3140/4583/3140 3106/4538/3106 3107/4539/3107
f 3148/4591/3148 3149/4592/3149 3150/4593/3150
f 3090/4522/3090 3151/4594/3151 3086/4518/3086
f 3127/4562/3127 3129/4564/3129 3143/4586/3143
f 3139/4582/3139 3110/4542/3110 3108/4540/3108
f 972/4595/972 1280/4577/1280 967/4576/967
f 3118/4551/3118 980/4554/980 979/4568/979
f 3107/4539/3107 3114/4547/3114 3140/4583/3140
f 3089/4521/3089 3088/4520/3088 3081/4513/3081
f 3139/4582/3139 3085/4517/3085 3084/4516/3084
f 3106/4538/3106 3142/4585/3142 3107/4539/3107
f 3152/4596/3152 3153/4597/3153 3154/4598/3154
f 3155/4599/3155 3147/4590/3147 3156/4600/3156
f 3086/4518/3086 3077/4509/3077 3090/4522/3090
f 62/4574/62 3132/4567/3132 3123/4558/3123
f 3101/4533/3101 3157/4601/3157 3138/4581/3138
f 3091/4523/3091 3082/4514/3082 3084/4516/3084
f 3085/4517/3085 3139/4582/3139 3108/4540/3108
f 3096/4528/3096 3082/4514/3082 3080/4512/3080
f 3122/4557/3122 3079/4511/3079 3111/4543/3111
f 3126/4561/3126 3125/4560/3125 3132/4567/3132
f 3119/4553/3119 3140/4583/3140 3114/4547/3114
f 3118/4551/3118 3088/4520/3088 3077/4509/3077
f 3106/4538/3106 3105/4537/3105 3144/4587/3144
f 3143/4586/3143 3158/4602/3158 3159/4603/3159
f 3087/4519/3087 3159/4603/3159 3076/4507/3076
f 3158/4602/3158 3143/4586/3143 3160/4604/3160
f 3159/4603/3159 3087/4519/3087 3143/4586/3143
f 1644/4508/1644 3076/4507/3076 1642/4605/1642
f 3159/4603/3159 3161/4606/3161 3076/4507/3076
f 3161/4606/3161 1642/4605/1642 3076/4507/3076
f 3161/4606/3161 3159/4603/3159 3158/4602/3158
f 61/4573/61 923/4607/923 3162/4608/3162
f 3162/4608/3162 923/4607/923 930/4609/930
f 3163/4610/3163 3164/4611/3164 3147/4590/3147
f 3165/4612/3165 3126/4561/3126 3162/4608/3162
f 930/4609/930 3166/4613/3166 3162/4608/3162
f 3167/4614/3167 3158/4602/3158 3168/4615/3168
f 3092/4524/3092 3151/4594/3151 3090/4522/3090
f 3134/4571/3134 3123/4558/3123 3122/4557/3122
f 3140/4583/3140 3104/4536/3104 3106/4538/3106
f 3090/4522/3090 3091/4523/3091 3092/4524/3092
f 3087/4519/3087 3130/4565/3130 3127/4562/3127
f 3121/4556/3121 3116/4549/3116 3104/4536/3104
f 3104/4536/3104 3140/4583/3140 3121/4556/3121
f 3082/4514/3082 3097/4529/3097 3139/4582/3139
f 3123/4558/3123 3134/4571/3134 63/4575/63
f 519/4616/519 3169/4617/3169 2123/4618/2123
f 3170/4619/3170 3171/4620/3171 3172/4621/3172
f 3173/4622/3173 3169/4617/3169 3174/4623/3174
f 3175/4624/3175 3172/4621/3172 3176/4625/3176
f 3177/4626/3177 3178/4627/3178 3179/4628/3179
f 3180/4629/3180 3181/4630/3181 3182/4631/3182
f 3180/4629/3180 3183/4632/3183 3184/4633/3184
f 2121/4634/2121 3180/4629/3180 3184/4633/3184
f 3185/4635/3185 3180/4629/3180 3170/4619/3170
f 2121/4634/2121 2123/4618/2123 3173/4622/3173
f 3186/4636/3186 3129/4564/3129 3187/4637/3187
f 3188/4638/3188 3189/4639/3189 2115/4640/2115
f 3190/4641/3190 3176/4625/3176 3191/4642/3191
f 3177/4626/3177 3192/4643/3192 3182/4631/3182
f 3193/4644/3193 3192/4643/3192 3102/4534/3102
f 96/4645/96 3194/4646/3194 304/4647/304
f 2114/4648/2114 3195/4649/3195 2115/4640/2115
f 3170/4619/3170 3180/4629/3180 3182/4631/3182
f 3177/4626/3177 3182/4631/3182 3181/4630/3181
f 3196/4650/3196 3197/4651/3197 3175/4624/3175
f 3181/4630/3181 2121/4634/2121 3173/4622/3173
f 3171/4620/3171 3198/4652/3198 3191/4642/3191
f 3199/4653/3199 3144/4587/3144 3105/4537/3105
f 3200/4654/3200 3169/4617/3169 3201/4655/3201
f 3173/4622/3173 3200/4654/3200 3181/4630/3181
f 2103/4656/2103 2091/4657/2091 2114/4648/2114
f 2125/4658/2125 3202/4659/3202 2116/4660/2116
f 3201/4655/3201 3169/4617/3169 3194/4646/3194
f 2117/4661/2117 3183/4632/3183 3172/4621/3172
f 3186/4636/3186 3187/4637/3187 3200/4654/3200
f 2115/4640/2115 3189/4639/3189 2109/4662/2109
f 3172/4621/3172 3183/4632/3183 3185/4635/3185
f 3197/4651/3197 2124/4663/2124 2093/4664/2093
f 3129/4564/3129 3186/4636/3186 3203/4665/3203
f 3144/4587/3144 3204/4666/3204 3142/4585/3142
f 2123/4618/2123 3169/4617/3169 3173/4622/3173
f 3184/4633/3184 2125/4658/2125 2121/4634/2121
f 3174/4623/3174 3169/4617/3169 3200/4654/3200
f 3180/4629/3180 3185/4635/3185 3183/4632/3183
f 3183/4632/3183 3202/4659/3202 3184/4633/3184
f 3144/4587/3144 3199/4653/3199 3204/4666/3204
f 3171/4620/3171 3176/4625/3176 3172/4621/3172
f 3172/4621/3172 3185/4635/3185 3170/4619/3170
f 3205/4667/3205 3102/4534/3102 3101/4533/3101
f 3170/4619/3170 3192/4643/3192 3193/4644/3193
f 3143/4586/3143 3203/4665/3203 3160/4604/3160
f 3195/4649/3195 3188/4638/3188 2115/4640/2115
f 3204/4666/3204 3179/4628/3179 3206/4668/3206
f 3176/4625/3176 3171/4620/3171 3191/4642/3191
f 3179/4628/3179 3187/4637/3187 3206/4668/3206
f 3200/4654/3200 3187/4637/3187 3178/4627/3178
f 3201/4655/3201 3186/4636/3186 3200/4654/3200
f 3171/4620/3171 3170/4619/3170 3193/4644/3193
f 2116/4660/2116 3183/4632/3183 2117/4661/2117
f 3192/4643/3192 3105/4537/3105 3102/4534/3102
f 3187/4637/3187 3179/4628/3179 3178/4627/3178
f 3175/4624/3175 3197/4651/3197 3207/4669/3207
f 3208/4670/3208 3201/4655/3201 3209/4671/3209
f 3194/4646/3194 96/4645/96 3209/4671/3209
f 3194/4646/3194 3169/4617/3169 519/4616/519
f 3199/4653/3199 3177/4626/3177 3179/4628/3179
f 3198/4652/3198 3171/4620/3171 3193/4644/3193
f 3137/4580/3137 3190/4641/3190 3191/4642/3191
f 2125/4658/2125 3184/4633/3184 3202/4659/3202
f 3203/4665/3203 3143/4586/3143 3129/4564/3129
f 3160/4604/3160 3186/4636/3186 3208/4670/3208
f 3142/4585/3142 3204/4666/3204 3128/4563/3128
f 3193/4644/3193 3102/4534/3102 3205/4667/3205
f 3204/4666/3204 3199/4653/3199 3179/4628/3179
f 95/4672/95 3210/4673/3210 96/4645/96
f 3199/4653/3199 3105/4537/3105 3192/4643/3192
f 3160/4604/3160 3203/4665/3203 3186/4636/3186
f 3175/4624/3175 3176/4625/3176 3196/4650/3196
f 2124/4663/2124 3211/4674/3211 3195/4649/3195
f 3137/4580/3137 3198/4652/3198 3205/4667/3205
f 94/4675/94 2109/4662/2109 3212/4676/3212
f 3137/4580/3137 3191/4642/3191 3198/4652/3198
f 3101/4533/3101 3137/4580/3137 3205/4667/3205
f 94/4675/94 3213/4677/3213 95/4678/95
f 2093/4664/2093 2117/4661/2117 3207/4669/3207
f 3207/4669/3207 3197/4651/3197 2093/4664/2093
f 3137/4580/3137 3196/4650/3196 3190/4641/3190
f 3195/4649/3195 2114/4648/2114 2124/4663/2124
f 3129/4564/3129 3128/4563/3128 3206/4668/3206
f 3200/4654/3200 3178/4627/3178 3181/4630/3181
f 3196/4650/3196 3176/4625/3176 3190/4641/3190
f 3198/4652/3198 3193/4644/3193 3205/4667/3205
f 2114/4648/2114 2091/4657/2091 2124/4663/2124
f 3200/4654/3200 3173/4622/3173 3174/4623/3174
f 3204/4666/3204 3206/4668/3206 3128/4563/3128
f 2116/4660/2116 3202/4659/3202 3183/4632/3183
f 3208/4670/3208 3186/4636/3186 3201/4655/3201
f 3181/4630/3181 3178/4627/3178 3177/4626/3177
f 3175/4624/3175 3207/4669/3207 2117/4661/2117
f 3209/4671/3209 3201/4655/3201 3194/4646/3194
f 3199/4653/3199 3192/4643/3192 3177/4626/3177
f 3175/4624/3175 2117/4661/2117 3172/4621/3172
f 3181/4630/3181 3180/4629/3180 2121/4634/2121
f 3182/4631/3182 3192/4643/3192 3170/4619/3170
f 3129/4564/3129 3206/4668/3206 3187/4637/3187
f 3211/4674/3211 2124/4663/2124 3197/4651/3197
f 3196/4650/3196 3211/4674/3211 3197/4651/3197
f 3209/4671/3209 3214/4679/3214 3208/4670/3208
f 3108/4540/3108 3107/4539/3107 3085/4517/3085
f 3081/4513/3081 3078/4510/3078 3082/4514/3082
f 3111/4543/3111 3094/4526/3094 3112/4544/3112
f 3128/4563/3128 3127/4562/3127 3130/4565/3130
f 3166/4613/3166 930/4609/930 926/4680/926
f 3215/4681/3215 3120/4555/3120 3216/4682/3216
f 3120/4555/3120 3126/4561/3126 3217/4683/3217
f 3218/4684/3218 3165/4612/3165 3166/4613/3166
f 3217/4683/3217 3126/4561/3126 3165/4612/3165
f 3166/4613/3166 2028/4685/2028 3218/4684/3218
f 3166/4613/3166 926/4680/926 2028/4685/2028
f 3217/4683/3217 3165/4612/3165 3120/4555/3120
f 3218/4684/3218 3219/4686/3219 3165/4612/3165
f 3165/4612/3165 3216/4682/3216 3120/4555/3120
f 3165/4612/3165 3219/4686/3219 3216/4682/3216
f 3220/4687/3220 3148/4688/3148 3168/4615/3168
f 3221/4689/3221 3222/4690/3222 3218/4684/3218
f 3218/4684/3218 2028/4685/2028 3221/4689/3221
f 3148/4688/3148 3220/4687/3220 3210/4673/3210
f 3164/4691/3164 3223/4692/3223 3224/4693/3224
f 3225/4694/3225 2005/4695/2005 3226/4696/3226
f 2016/4697/2016 2029/4698/2029 3227/4699/3227
f 3168/4615/3168 3158/4602/3158 3214/4679/3214
f 3228/4700/3228 1622/4701/1622 1623/4702/1623
f 3222/4690/3222 3229/4703/3229 3219/4686/3219
f 3229/4703/3229 3215/4681/3215 3216/4682/3216
f 3214/4679/3214 3158/4602/3158 3160/4604/3160
f 2025/4704/2025 3230/4705/3230 3222/4690/3222
f 3168/4615/3168 3214/4679/3214 3220/4687/3220
f 3167/4614/3167 3227/4699/3227 3231/4706/3231
f 3167/4614/3167 3168/4615/3168 3232/4707/3232
f 3216/4682/3216 3219/4686/3219 3229/4703/3229
f 2029/4698/2029 1622/4701/1622 3228/4700/3228
f 3162/4608/3162 3126/4561/3126 61/4573/61
f 3230/4705/3230 3233/4708/3233 3163/4610/3163
f 3230/4705/3230 2025/4704/2025 3233/4708/3233
f 3229/4703/3229 3230/4705/3230 3155/4599/3155
f 2005/4695/2005 2016/4697/2016 3226/4696/3226
f 1623/4702/1623 1642/4605/1642 3228/4700/3228
f 3223/4692/3223 3164/4691/3164 3233/4709/3233
f 3223/4692/3223 3233/4709/3233 3225/4694/3225
f 3221/4689/3221 2028/4685/2028 2025/4704/2025
f 2025/4710/2025 2005/4695/2005 3225/4694/3225
f 3209/4671/3209 3220/4687/3220 3214/4679/3214
f 3218/4684/3218 3222/4690/3222 3219/4686/3219
f 3147/4590/3147 3155/4599/3155 3163/4610/3163
f 3221/4689/3221 2025/4704/2025 3222/4690/3222
f 3164/4691/3164 3224/4693/3224 3150/4711/3150
f 3226/4696/3226 3223/4692/3223 3225/4694/3225
f 3233/4708/3233 3164/4611/3164 3163/4610/3163
f 3231/4706/3231 1642/4605/1642 3161/4606/3161
f 3231/4706/3231 3227/4699/3227 3228/4700/3228
f 3162/4608/3162 3166/4613/3166 3165/4612/3165
f 3155/4599/3155 3215/4681/3215 3229/4703/3229
f 3167/4614/3167 3226/4696/3226 3227/4699/3227
f 3226/4696/3226 2016/4697/2016 3227/4699/3227
f 3220/4687/3220 3209/4671/3209 3210/4673/3210
f 3158/4602/3158 3231/4706/3231 3161/4606/3161
f 3167/4614/3167 3232/4707/3232 3224/4693/3224
f 3222/4690/3222 3230/4705/3230 3229/4703/3229
f 1642/4605/1642 3231/4706/3231 3228/4700/3228
f 2025/4710/2025 3225/4694/3225 3233/4709/3233
f 3224/4693/3224 3226/4696/3226 3167/4614/3167
f 3232/4707/3232 3168/4615/3168 3148/4688/3148
f 3208/4670/3208 3214/4679/3214 3160/4604/3160
f 3147/4590/3147 3164/4611/3164 3150/4593/3150
f 3230/4705/3230 3163/4610/3163 3155/4599/3155
f 3232/4707/3232 3150/4711/3150 3224/4693/3224
f 3224/4693/3224 3223/4692/3223 3226/4696/3226
f 3232/4707/3232 3148/4688/3148 3150/4711/3150
f 3158/4602/3158 3167/4614/3167 3231/4706/3231
f 2029/4698/2029 3228/4700/3228 3227/4699/3227
f 3091/4523/3091 3089/4521/3089 3081/4513/3081
f 1644/4508/1644 3118/4551/3118 3077/4509/3077
f 3130/4565/3130 3107/4539/3107 3128/4563/3128
f 3099/4531/3099 3116/4549/3116 3121/4556/3121
f 3234/4712/3234 3148/4591/3148 3210/4713/3210
f 3081/4513/3081 3111/4543/3111 3079/4511/3079
f 3091/4523/3091 3081/4513/3081 3082/4514/3082
f 3131/4566/3131 3151/4594/3151 3092/4524/3092
f 3109/4541/3109 3108/4540/3108 3110/4542/3110
f 3130/4565/3130 3087/4519/3087 3131/4566/3131
f 3151/4594/3151 3131/4566/3131 3086/4518/3086
f 63/4575/63 3134/4571/3134 3133/4569/3133
f 3130/4565/3130 3092/4524/3092 3083/4515/3083
f 3107/4539/3107 3130/4565/3130 3083/4515/3083
f 3210/4673/3210 3209/4671/3209 96/4645/96
f 3150/4593/3150 3154/4598/3154 3235/4714/3235
f 3236/4715/3236 3188/4638/3188 3211/4674/3211
f 3149/4592/3149 3154/4598/3154 3150/4593/3150
f 3101/4533/3101 3117/4550/3117 3157/4601/3157
f 3152/4596/3152 3237/4716/3237 3116/4549/3116
f 3124/4559/3124 3215/4681/3215 3141/4584/3141
f 3100/4532/3100 3141/4584/3141 3146/4589/3146
f 3212/4676/3212 3234/4712/3234 3213/4677/3213
f 3238/4717/3238 3212/4676/3212 3189/4639/3189
f 3189/4639/3189 3212/4676/3212 2109/4662/2109
f 3188/4638/3188 3236/4715/3236 3189/4639/3189
f 3117/4550/3117 3116/4549/3116 3237/4716/3237
f 3194/4646/3194 519/4616/519 304/4647/304
f 3236/4715/3236 3136/4579/3136 3138/4581/3138
f 3138/4581/3138 3239/4718/3239 3236/4715/3236
f 3154/4598/3154 3240/4719/3240 3152/4596/3152
f 3240/4719/3240 3241/4720/3241 3242/4721/3242
f 3152/4596/3152 3240/4719/3240 3237/4716/3237
f 3146/4589/3146 3098/4530/3098 3100/4532/3100
f 3136/4579/3136 3236/4715/3236 3211/4674/3211
f 3137/4580/3137 3136/4579/3136 3196/4650/3196
f 3157/4601/3157 3239/4718/3239 3138/4581/3138
f 3145/4588/3145 3235/4714/3235 3154/4598/3154
f 3157/4601/3157 3237/4716/3237 3239/4718/3239
f 3154/4598/3154 3153/4597/3153 3145/4588/3145
f 3117/4550/3117 3237/4716/3237 3157/4601/3157
f 3153/4597/3153 3152/4596/3152 3116/4549/3116
f 3146/4589/3146 3153/4597/3153 3098/4530/3098
f 3212/4676/3212 3238/4717/3238 3242/4721/3242
f 3237/4716/3237 3242/4721/3242 3239/4718/3239
f 94/4675/94 3212/4676/3212 3213/4677/3213
f 95/4678/95 3213/4677/3213 3210/4713/3210
f 3098/4530/3098 3153/4597/3153 3116/4549/3116
f 3136/4579/3136 3211/4674/3211 3196/4650/3196
f 3215/4681/3215 3124/4559/3124 3120/4555/3120
f 3234/4712/3234 3210/4713/3210 3213/4677/3213
f 3110/4542/3110 3124/4559/3124 3141/4584/3141
f 3137/4580/3137 3101/4533/3101 3138/4581/3138
f 3149/4592/3149 3241/4720/3241 3240/4719/3240
f 3148/4591/3148 3234/4712/3234 3149/4592/3149
f 3211/4674/3211 3188/4638/3188 3195/4649/3195
f 3145/4588/3145 3147/4590/3147 3235/4714/3235
f 3215/4681/3215 3155/4599/3155 3156/4600/3156
f 3239/4718/3239 3242/4721/3242 3236/4715/3236
f 3241/4720/3241 3234/4712/3234 3212/4676/3212
f 3141/4584/3141 3215/4681/3215 3156/4600/3156
f 3238/4717/3238 3236/4715/3236 3242/4721/3242
f 3234/4712/3234 3241/4720/3241 3149/4592/3149
f 3145/4588/3145 3153/4597/3153 3146/4589/3146
f 3240/4719/3240 3242/4721/3242 3237/4716/3237
f 3235/4714/3235 3147/4590/3147 3150/4593/3150
f 3146/4589/3146 3141/4584/3141 3156/4600/3156
f 3241/4720/3241 3212/4676/3212 3242/4721/3242
f 3238/4717/3238 3189/4639/3189 3236/4715/3236
f 3147/4590/3147 3146/4589/3146 3156/4600/3156
f 3240/4719/3240 3154/4598/3154 3149/4592/3149
f 2490/4722/2490 2484/4723/2484 3243/4724/3243
f 3244/4725/3244 3245/4726/3245 3246/4727/3246
f 3247/4728/3247 3248/4729/3248 3249/4730/3249
f 2490/4722/2490 3243/4724/3243 3250/4731/3250
f 3248/4729/3248 3251/4732/3251 3252/4733/3252
f 3253/4734/3253 3254/4735/3254 3252/4733/3252
f 3255/4736/3255 3256/4737/3256 3257/4738/3257
f 3258/4739/3258 3256/4737/3256 3247/4728/3247
f 3255/4736/3255 3257/4738/3257 3259/4740/3259
f 3260/4741/3260 3255/4736/3255 2074/4742/2074
f 3256/4737/3256 3255/4736/3255 3261/4743/3261
f 3249/4730/3249 3262/4744/3262 3263/4745/3263
f 3263/4745/3263 2464/4746/2464 2497/4747/2497
f 3263/4745/3263 3258/4739/3258 3247/4728/3247
f 3249/4730/3249 3248/4729/3248 3254/4735/3254
f 3245/4726/3245 3264/4748/3264 3265/4749/3265
f 3266/4750/3266 3267/4751/3267 3268/4752/3268
f 3268/4752/3268 3269/4753/3269 3270/4754/3270
f 3271/4755/3271 3272/4756/3272 3273/4757/3273
f 3274/4758/3274 3267/4751/3267 3270/4754/3270
f 3275/4759/3275 3272/4756/3272 3264/4748/3264
f 3243/4724/3243 3275/4759/3275 3250/4731/3250
f 3276/4760/3276 3277/4761/3277 3278/4762/3278
f 3272/4756/3272 3265/4749/3265 3264/4748/3264
f 3270/4754/3270 3269/4753/3269 3279/4763/3279
f 3269/4753/3269 3280/4764/3280 3279/4763/3279
f 2458/4765/2458 2490/4722/2490 3250/4731/3250
f 3280/4764/3280 3269/4753/3269 3281/4766/3281
f 3282/4767/3282 3270/4754/3270 3279/4763/3279
f 3278/4762/3278 3267/4751/3267 3274/4758/3274
f 3279/4763/3279 3280/4764/3280 3283/4768/3283
f 3271/4755/3271 3243/4724/3243 3281/4766/3281
f 3281/4766/3281 3283/4768/3283 3280/4764/3280
f 3282/4767/3282 3284/4769/3284 3274/4758/3274
f 3282/4767/3282 3279/4763/3279 3283/4768/3283
f 3284/4769/3284 3285/4770/3285 3286/4771/3286
f 3243/4724/3243 2484/4723/2484 3281/4766/3281
f 3282/4767/3282 3285/4770/3285 3284/4769/3284
f 3283/4768/3283 3287/4772/3287 3282/4767/3282
f 3276/4760/3276 3288/4773/3288 3277/4761/3277
f 3267/4751/3267 3288/4773/3288 3289/4774/3289
f 3252/4733/3252 3286/4771/3286 3285/4770/3285
f 3281/4766/3281 2484/4723/2484 2513/4775/2513
f 3268/4752/3268 3270/4754/3270 3266/4750/3266
f 3282/4767/3282 3287/4772/3287 3285/4770/3285
f 3290/4776/3290 3291/4777/3291 3287/4772/3287
f 3292/4778/3292 3293/4779/3293 3294/4780/3294
f 3295/4781/3295 3285/4770/3285 3287/4772/3287
f 3271/4755/3271 3269/4753/3269 3268/4752/3268
f 3253/4734/3253 3252/4733/3252 3295/4781/3295
f 3288/4773/3288 3267/4751/3267 3277/4761/3277
f 3296/4782/3296 2939/4783/2939 2953/4784/2953
f 3287/4772/3287 3291/4777/3291 3295/4781/3295
f 2513/4775/2513 2512/4785/2512 3290/4776/3290
f 3263/4745/3263 2497/4747/2497 3258/4739/3258
f 3296/4782/3296 3253/4734/3253 2939/4783/2939
f 3295/4781/3295 2939/4783/2939 3253/4734/3253
f 2074/4742/2074 3259/4740/3259 2046/4786/2046
f 3274/4758/3274 3284/4769/3284 3278/4762/3278
f 3295/4781/3295 3291/4777/3291 3297/4787/3297
f 2927/4788/2927 3291/4777/3291 2512/4785/2512
f 3298/4789/3298 3299/4790/3299 3300/4791/3300
f 3301/4792/3301 3302/4793/3302 3298/4789/3298
f 2953/4784/2953 2510/4794/2510 3296/4782/3296
f 3303/4795/3303 3304/4796/3304 3305/4797/3305
f 3306/4798/3306 3307/4799/3307 3308/4800/3308
f 1782/4801/1782 3309/4802/3309 2693/4803/2693
f 3307/4799/3307 3300/4791/3300 3310/4804/3310
f 3297/4787/3297 2939/4783/2939 3295/4781/3295
f 3305/4797/3305 3311/4805/3311 3306/4798/3306
f 1781/4806/1781 3310/4804/3310 3299/4790/3299
f 3312/4807/3312 3313/4808/3313 3314/4809/3314
f 3310/4804/3310 3300/4791/3300 3299/4790/3299
f 3307/4799/3307 3315/4810/3315 3308/4800/3308
f 1782/4801/1782 3299/4790/3299 3309/4802/3309
f 3310/4804/3310 3316/4811/3316 3315/4810/3315
f 3299/4790/3299 3317/4812/3317 3309/4802/3309
f 3287/4772/3287 3283/4768/3283 3290/4776/3290
f 3318/4813/3318 3319/4814/3319 3304/4796/3304
f 3303/4795/3303 3320/4815/3320 3304/4796/3304
f 3311/4805/3311 3321/4816/3321 3306/4798/3306
f 3320/4815/3320 3308/4800/3308 3304/4796/3304
f 3301/4792/3301 3300/4791/3300 3307/4799/3307
f 3322/4817/3322 3323/4818/3323 3302/4793/3302
f 3299/4790/3299 3298/4789/3298 3317/4812/3317
f 3298/4789/3298 3300/4791/3300 3301/4792/3301
f 3321/4816/3321 3307/4799/3307 3306/4798/3306
f 3302/4793/3302 3301/4792/3301 3322/4817/3322
f 3320/4815/3320 3306/4798/3306 3308/4800/3308
f 3304/4796/3304 3319/4814/3319 3305/4797/3305
f 3318/4813/3318 3324/4819/3324 3319/4814/3319
f 3321/4816/3321 3311/4805/3311 3322/4817/3322
f 3305/4797/3305 3319/4814/3319 3325/4820/3325
f 3326/4821/3326 3327/4822/3327 3323/4818/3323
f 3309/4802/3309 3317/4812/3317 2693/4803/2693
f 3321/4816/3321 3301/4792/3301 3307/4799/3307
f 3307/4799/3307 3310/4804/3310 3315/4810/3315
f 3323/4818/3323 3327/4822/3327 3302/4793/3302
f 3306/4798/3306 3320/4815/3320 3305/4797/3305
f 3321/4816/3321 3322/4817/3322 3301/4792/3301
f 3322/4817/3322 3326/4821/3326 3323/4818/3323
f 1782/4801/1782 1781/4806/1781 3299/4790/3299
f 3291/4777/3291 2927/4788/2927 3297/4787/3297
f 3305/4797/3305 3320/4815/3320 3303/4795/3303
f 3326/4821/3326 3322/4817/3322 3311/4805/3311
f 3328/4823/3328 3257/4738/3257 3329/4824/3329
f 2935/4825/2935 3297/4787/3297 2927/4788/2927
f 3330/4826/3330 3331/4827/3331 3332/4828/3332
f 3329/4824/3329 1481/4829/1481 1460/4830/1460
f 3333/4831/3333 2191/4832/2191 3334/4833/3334
f 3333/4831/3333 3335/4834/3335 3336/4835/3336
f 3254/4735/3254 2445/4836/2445 3249/4730/3249
f 3329/4824/3329 3257/4738/3257 3256/4737/3256
f 3282/4767/3282 3274/4758/3274 3270/4754/3270
f 3337/4837/3337 3338/4838/3338 3339/4839/3339
f 3340/4840/3340 3341/4841/3341 3342/4842/3342
f 3258/4739/3258 2497/4747/2497 3343/4843/3343
f 3344/4844/3344 3248/4729/3248 3247/4728/3247
f 3345/4845/3345 2165/4846/2165 2152/4847/2152
f 3343/4843/3343 1481/4829/1481 3329/4824/3329
f 3256/4737/3256 3261/4743/3261 3346/4848/3346
f 3347/4849/3347 3331/4827/3331 3330/4826/3330
f 3329/4824/3329 1460/4830/1460 3328/4823/3328
f 2471/4850/2471 3348/4851/3348 2472/4852/2472
f 2497/4747/2497 1481/4829/1481 3343/4843/3343
f 3332/4828/3332 3349/4853/3349 2040/4854/2040
f 3330/4826/3330 3332/4828/3332 2040/4854/2040
f 3291/4777/3291 3290/4776/3290 2512/4785/2512
f 3290/4776/3290 3283/4768/3283 2513/4775/2513
f 3314/4809/3314 3313/4808/3313 3350/4855/3350
f 2935/4825/2935 2939/4783/2939 3297/4787/3297
f 3351/4856/3351 3352/4857/3352 3312/4807/3312
f 2183/4858/2183 2191/4832/2191 3336/4835/3336
f 3334/4833/3334 3353/4859/3353 3333/4831/3333
f 1480/4860/1480 2046/4786/2046 3328/4823/3328
f 3259/4740/3259 3257/4738/3257 3328/4823/3328
f 2445/4836/2445 3354/4861/3354 2516/4862/2516
f 2040/4854/2040 2078/4863/2078 3330/4826/3330
f 3355/4864/3355 3356/4865/3356 3357/4866/3357
f 3358/4867/3358 3359/4868/3359 3348/4851/3348
f 2040/4854/2040 3349/4853/3349 2039/4869/2039
f 3360/4870/3360 3314/4809/3314 3350/4855/3350
f 3361/4871/3361 3353/4859/3353 3362/4872/3362
f 3283/4768/3283 3281/4766/3281 2513/4775/2513
f 1480/4860/1480 3328/4823/3328 1460/4830/1460
f 2076/4873/2076 3260/4741/3260 2074/4742/2074
f 3268/4752/3268 3289/4774/3289 3271/4755/3271
f 2078/4863/2078 2183/4858/2183 3336/4835/3336
f 165/4874/165 3338/4838/3338 3357/4866/3357
f 2078/4863/2078 3335/4834/3335 3330/4826/3330
f 3349/4853/3349 3260/4741/3260 2039/4869/2039
f 3255/4736/3255 3259/4740/3259 2074/4742/2074
f 3253/4734/3253 2445/4836/2445 3254/4735/3254
f 3269/4753/3269 3271/4755/3271 3281/4766/3281
f 2046/4786/2046 3259/4740/3259 3328/4823/3328
f 3248/4729/3248 3252/4733/3252 3254/4735/3254
f 3270/4754/3270 3267/4751/3267 3266/4750/3266
f 3330/4826/3330 3353/4859/3353 3347/4849/3347
f 3335/4834/3335 2078/4863/2078 3336/4835/3336
f 3295/4781/3295 3252/4733/3252 3285/4770/3285
f 3356/4865/3356 3345/4845/3345 3357/4866/3357
f 3354/4861/3354 3253/4734/3253 3296/4782/3296
f 3329/4824/3329 3258/4739/3258 3343/4843/3343
f 3353/4859/3353 3330/4826/3330 3335/4834/3335
f 2190/4875/2190 2165/4846/2165 3356/4865/3356
f 3334/4833/3334 2191/4832/2191 3363/4876/3363
f 3335/4834/3335 3333/4831/3333 3353/4859/3353
f 89/4877/89 3345/4845/3345 2152/4847/2152
f 3364/4878/3364 3344/4844/3344 3331/4827/3331
f 3338/4838/3338 3337/4837/3337 3355/4864/3355
f 89/4877/89 91/4879/91 3357/4866/3357
f 3249/4730/3249 2445/4836/2445 3262/4744/3262
f 3268/4752/3268 3267/4751/3267 3289/4774/3289
f 3345/4845/3345 89/4877/89 3357/4866/3357
f 3337/4837/3337 3365/4880/3365 3355/4864/3355
f 3267/4751/3267 3278/4762/3278 3277/4761/3277
f 3355/4864/3355 3357/4866/3357 3338/4838/3338
f 3338/4838/3338 165/4874/165 167/4881/167
f 3357/4866/3357 91/4879/91 165/4874/165
f 3346/4848/3346 3261/4743/3261 3332/4828/3332
f 3353/4859/3353 3334/4833/3334 3362/4872/3362
f 3334/4833/3334 3366/4882/3366 3367/4883/3367
f 2502/4884/2502 3368/4885/3368 2507/4886/2507
f 3341/4841/3341 3360/4870/3360 3342/4842/3342
f 2190/4875/2190 3355/4864/3355 3363/4876/3363
f 3339/4839/3339 3338/4838/3338 167/4881/167
f 3369/4887/3369 3367/4883/3367 3366/4882/3366
f 3370/4888/3370 3371/4889/3371 3372/4890/3372
f 3244/4725/3244 3373/4891/3373 3342/4842/3342
f 3369/4887/3369 3361/4871/3361 3367/4883/3367
f 3334/4833/3334 3367/4883/3367 3362/4872/3362
f 2191/4832/2191 3333/4831/3333 3336/4835/3336
f 3351/4856/3351 3374/4892/3374 3352/4857/3352
f 3356/4865/3356 2165/4846/2165 3345/4845/3345
f 3362/4872/3362 3367/4883/3367 3361/4871/3361
f 2489/4893/2489 3375/4894/3375 2501/4895/2501
f 3363/4876/3363 2191/4832/2191 2190/4875/2190
f 3339/4839/3339 3365/4880/3365 3337/4837/3337
f 3359/4868/3359 3342/4842/3342 3292/4778/3292
f 3376/4896/3376 3377/4897/3377 3378/4898/3378
f 3363/4876/3363 3366/4882/3366 3334/4833/3334
f 3366/4882/3366 3363/4876/3363 3365/4880/3365
f 3379/4899/3379 3380/4900/3380 3381/4901/3381
f 3331/4827/3331 3347/4849/3347 3364/4878/3364
f 3382/4902/3382 3383/4903/3383 3384/4904/3384
f 3363/4876/3363 3355/4864/3355 3365/4880/3365
f 3356/4865/3356 3355/4864/3355 2190/4875/2190
f 3385/4905/3385 3386/4906/3386 3387/4907/3387
f 3387/4907/3387 3383/4903/3383 3385/4905/3385
f 3388/4908/3388 3387/4907/3387 3386/4906/3386
f 3381/4901/3381 3388/4908/3388 3389/4909/3389
f 3390/4910/3390 3391/4911/3391 3392/4912/3392
f 3389/4909/3389 3386/4906/3386 3393/4913/3393
f 3394/4914/3394 3395/4915/3395 3396/4916/3396
f 3369/4887/3369 3397/4917/3397 3384/4904/3384
f 3398/4918/3398 3387/4907/3387 3388/4908/3388
f 3381/4901/3381 3389/4909/3389 3399/4919/3399
f 3385/4905/3385 3400/4920/3400 3386/4906/3386
f 3398/4918/3398 3392/4912/3392 3401/4921/3401
f 3402/4922/3402 3393/4913/3393 3386/4906/3386
f 3403/4923/3403 3404/4924/3404 3390/4910/3390
f 3398/4918/3398 3384/4904/3384 3383/4903/3383
f 3395/4915/3395 3394/4914/3394 3405/4925/3405
f 3393/4913/3393 3399/4919/3399 3389/4909/3389
f 3381/4901/3381 3380/4900/3380 3388/4908/3388
f 3400/4920/3400 3406/4926/3406 3402/4922/3402
f 3383/4903/3383 3382/4902/3382 3385/4905/3385
f 3382/4902/3382 3407/4927/3407 3395/4915/3395
f 3382/4902/3382 3395/4915/3395 3385/4905/3385
f 3402/4922/3402 3386/4906/3386 3400/4920/3400
f 3380/4900/3380 3379/4899/3379 3398/4918/3398
f 3385/4905/3385 3395/4915/3395 3400/4920/3400
f 3408/4928/3408 3403/4923/3403 3409/4929/3409
f 3399/4919/3399 3403/4923/3403 3381/4901/3381
f 3366/4882/3366 3397/4917/3397 3369/4887/3369
f 3384/4904/3384 3398/4918/3398 3401/4921/3401
f 3410/4930/3410 3411/4931/3411 3412/4932/3412
f 3392/4912/3392 3398/4918/3398 3379/4899/3379
f 3405/4925/3405 3406/4926/3406 3400/4920/3400
f 3382/4902/3382 3384/4904/3384 3397/4917/3397
f 3381/4901/3381 3403/4923/3403 3379/4899/3379
f 3369/4887/3369 3384/4904/3384 3401/4921/3401
f 3387/4907/3387 3398/4918/3398 3383/4903/3383
f 3409/4929/3409 3403/4923/3403 3399/4919/3399
f 3380/4900/3380 3398/4918/3398 3388/4908/3388
f 3394/4914/3394 3413/4933/3413 3414/4934/3414
f 3390/4910/3390 3392/4912/3392 3379/4899/3379
f 3414/4934/3414 3405/4925/3405 3394/4914/3394
f 3415/4935/3415 3416/4936/3416 3417/4937/3417
f 3407/4927/3407 3418/4938/3418 3395/4915/3395
f 3405/4925/3405 3414/4934/3414 3327/4822/3327
f 3417/4937/3417 3416/4936/3416 3410/4930/3410
f 3407/4927/3407 3382/4902/3382 3397/4917/3397
f 3371/4889/3371 3419/4939/3419 3420/4940/3420
f 3359/4868/3359 3294/4780/3294 2200/4941/2200
f 3421/4942/3421 3422/4943/3422 3423/4944/3423
f 3424/4945/3424 3313/4808/3313 3425/4946/3425
f 3390/4910/3390 3379/4899/3379 3403/4923/3403
f 3394/4914/3394 3396/4916/3396 3413/4933/3413
f 3395/4915/3395 3405/4925/3405 3400/4920/3400
f 3389/4909/3389 3388/4908/3388 3386/4906/3386
f 3396/4916/3396 3395/4915/3395 3418/4938/3418
f 3415/4935/3415 3426/4947/3426 3416/4936/3416
f 3427/4948/3427 3418/4938/3418 3407/4927/3407
f 3397/4917/3397 3427/4948/3427 3407/4927/3407
f 3403/4923/3403 3408/4928/3408 3404/4924/3404
f 3414/4934/3414 3428/4949/3428 3327/4822/3327
f 3413/4933/3413 3302/4793/3302 3428/4949/3428
f 3428/4949/3428 3414/4934/3414 3413/4933/3413
f 3423/4950/3423 3413/4933/3413 3396/4916/3396
f 3418/4938/3418 3412/4932/3412 3396/4916/3396
f 3427/4948/3427 3415/4935/3415 3418/4938/3418
f 3397/4917/3397 3366/4882/3366 3427/4948/3427
f 3428/4949/3428 3302/4793/3302 3327/4822/3327
f 3396/4916/3396 3412/4932/3412 3423/4950/3423
f 3417/4937/3417 3412/4932/3412 3418/4938/3418
f 3417/4937/3417 3418/4938/3418 3415/4935/3415
f 3427/4948/3427 3426/4947/3426 3415/4935/3415
f 3366/4882/3366 3365/4880/3365 3427/4948/3427
f 3412/4932/3412 3417/4937/3417 3410/4930/3410
f 3426/4947/3426 3427/4948/3427 3365/4880/3365
f 3429/4951/3429 3391/4911/3391 3390/4910/3390
f 3430/4952/3430 3391/4911/3391 3431/4953/3431
f 3432/4954/3432 3391/4911/3391 3429/4951/3429
f 3286/4771/3286 3433/4955/3433 3284/4769/3284
f 3432/4954/3432 3429/4951/3429 3276/4760/3276
f 3278/4762/3278 3434/4956/3434 3276/4760/3276
f 3435/4957/3435 3251/4732/3251 3364/4878/3364
f 3436/4958/3436 3430/4952/3430 3431/4953/3431
f 3276/4760/3276 3434/4956/3434 3432/4954/3432
f 3432/4954/3432 3434/4956/3434 3437/4959/3437
f 3433/4955/3433 3278/4762/3278 3284/4769/3284
f 3436/4958/3436 3432/4954/3432 3437/4959/3437
f 3437/4959/3437 3433/4955/3433 3438/4960/3438
f 3434/4956/3434 3433/4955/3433 3437/4959/3437
f 3391/4911/3391 3432/4954/3432 3431/4953/3431
f 3435/4957/3435 3286/4771/3286 3251/4732/3251
f 3251/4732/3251 3286/4771/3286 3252/4733/3252
f 3438/4960/3438 3347/4849/3347 3437/4959/3437
f 3435/4957/3435 3433/4955/3433 3286/4771/3286
f 3431/4953/3431 3432/4954/3432 3436/4958/3436
f 3434/4956/3434 3278/4762/3278 3433/4955/3433
f 3437/4959/3437 3347/4849/3347 3436/4958/3436
f 3364/4878/3364 3347/4849/3347 3438/4960/3438
f 3438/4960/3438 3433/4955/3433 3435/4957/3435
f 3435/4957/3435 3364/4878/3364 3438/4960/3438
f 3416/4936/3416 3426/4947/3426 3339/4839/3339
f 3426/4947/3426 3365/4880/3365 3339/4839/3339
f 3439/4961/3439 3410/4930/3410 3416/4936/3416
f 3339/4839/3339 3439/4961/3439 3416/4936/3416
f 3353/4859/3353 3440/4962/3440 3347/4849/3347
f 3430/4952/3430 3436/4958/3436 3440/4962/3440
f 3391/4911/3391 3430/4952/3430 3441/4963/3441
f 3430/4952/3430 3361/4871/3361 3441/4963/3441
f 3392/4912/3392 3391/4911/3391 3441/4963/3441
f 3436/4958/3436 3347/4849/3347 3440/4962/3440
f 3361/4871/3361 3430/4952/3430 3440/4962/3440
f 3401/4921/3401 3392/4912/3392 3441/4963/3441
f 3361/4871/3361 3369/4887/3369 3441/4963/3441
f 3440/4962/3440 3353/4859/3353 3361/4871/3361
f 3401/4921/3401 3441/4963/3441 3369/4887/3369
f 167/4881/167 3439/4961/3439 3339/4839/3339
f 3439/4961/3439 167/4881/167 1919/4964/1919
f 3245/4726/3245 3442/4965/3442 3264/4748/3264
f 3412/4932/3412 3411/4931/3411 3423/4950/3423
f 3443/4966/3443 3442/4965/3442 3244/4725/3244
f 3370/4888/3370 3372/4890/3372 3444/4967/3444
f 3375/4894/3375 2489/4893/2489 3445/4968/3445
f 3350/4855/3350 3342/4842/3342 3360/4870/3360
f 3352/4857/3352 3413/4969/3413 3446/4970/3446
f 3246/4727/3246 3245/4726/3245 3447/4971/3447
f 3443/4966/3443 3368/4885/3368 2501/4895/2501
f 3373/4891/3373 3244/4725/3244 3246/4727/3246
f 2501/4895/2501 3448/4972/3448 3443/4966/3443
f 3406/4926/3406 3449/4973/3449 3450/4974/3450
f 3451/4975/3451 3452/4976/3452 3453/4977/3453
f 3454/4978/3454 3455/4979/3455 3456/4980/3456
f 3457/4981/3457 3458/4982/3458 3459/4983/3459
f 3449/4973/3449 3405/4925/3405 3327/4822/3327
f 3408/4928/3408 3409/4929/3409 3460/4984/3460
f 3461/4985/3461 3462/4986/3462 3463/4987/3463
f 3450/4974/3450 3457/4981/3457 3459/4983/3459
f 3449/4973/3449 3406/4926/3406 3405/4925/3405
f 3406/4926/3406 3458/4982/3458 3402/4922/3402
f 3464/4988/3464 3447/4971/3447 3265/4749/3265
f 3327/4822/3327 3326/4821/3326 3465/4989/3465
f 3452/4976/3452 3466/4990/3466 3453/4977/3453
f 3465/4989/3465 3449/4973/3449 3327/4822/3327
f 3459/4983/3459 3458/4982/3458 3406/4926/3406
f 3453/4977/3453 3466/4990/3466 3324/4819/3324
f 3458/4982/3458 3467/4991/3467 3402/4922/3402
f 3468/4992/3468 3450/4974/3450 3311/4805/3311
f 3311/4805/3311 3450/4974/3450 3465/4989/3465
f 3469/4993/3469 3457/4981/3457 3470/4994/3470
f 3471/4995/3471 3454/4978/3454 3463/4987/3463
f 3468/4992/3468 3457/4981/3457 3450/4974/3450
f 3469/4993/3469 3472/4996/3472 3467/4991/3467
f 3468/4992/3468 3311/4805/3311 3305/4797/3305
f 3450/4974/3450 3459/4983/3459 3406/4926/3406
f 3461/4985/3461 3451/4975/3451 3462/4986/3462
f 3325/4820/3325 3473/4997/3473 3470/4994/3470
f 3461/4985/3461 3393/4913/3393 3467/4991/3467
f 3467/4991/3467 3458/4982/3458 3469/4993/3469
f 3467/4991/3467 3393/4913/3393 3402/4922/3402
f 3474/4998/3474 3471/4995/3471 3463/4987/3463
f 3475/4999/3475 3476/5000/3476 3477/5001/3477
f 3473/4997/3473 3452/4976/3452 3470/4994/3470
f 3456/4980/3456 3399/4919/3399 3478/5002/3478
f 3325/4820/3325 3468/4992/3468 3305/4797/3305
f 3456/4980/3456 3455/4979/3455 3460/4984/3460
f 3399/4919/3399 3461/4985/3461 3478/5002/3478
f 3265/4749/3265 3289/4774/3289 3479/5003/3479
f 3399/4919/3399 3393/4913/3393 3461/4985/3461
f 3472/4996/3472 3452/4976/3452 3451/4975/3451
f 3456/4980/3456 3460/4984/3460 3409/4929/3409
f 3452/4976/3452 3473/4997/3473 3466/4990/3466
f 3461/4985/3461 3480/5004/3480 3478/5002/3478
f 3467/4991/3467 3472/4996/3472 3461/4985/3461
f 3477/5001/3477 3276/4760/3276 3481/5005/3481
f 3451/4975/3451 3461/4985/3461 3472/4996/3472
f 3456/4980/3456 3478/5002/3478 3480/5004/3480
f 3477/5001/3477 3476/5000/3476 3479/5003/3479
f 3325/4820/3325 3324/4819/3324 3466/4990/3466
f 3480/5004/3480 3461/4985/3461 3463/4987/3463
f 3451/4975/3451 3453/4977/3453 3462/4986/3462
f 3464/4988/3464 3476/5000/3476 3455/4979/3455
f 3474/4998/3474 3462/4986/3462 3420/4940/3420
f 3462/4986/3462 3482/5006/3482 3420/4940/3420
f 3420/4940/3420 3482/5006/3482 3371/4889/3371
f 3371/4889/3371 3482/5006/3482 3372/4890/3372
f 3453/4977/3453 3372/4890/3372 3482/5006/3482
f 3453/4977/3453 3482/5006/3482 3462/4986/3462
f 3470/4994/3470 3457/4981/3457 3468/4992/3468
f 3454/4978/3454 3456/4980/3456 3480/5004/3480
f 3465/4989/3465 3450/4974/3450 3449/4973/3449
f 3456/4980/3456 3409/4929/3409 3399/4919/3399
f 3325/4820/3325 3319/4814/3319 3324/4819/3324
f 3483/5007/3483 3455/4979/3455 3454/4978/3454
f 3311/4805/3311 3465/4989/3465 3326/4821/3326
f 3476/5000/3476 3408/4928/3408 3460/4984/3460
f 3475/4999/3475 3404/4924/3404 3408/4928/3408
f 3483/5007/3483 3464/4988/3464 3455/4979/3455
f 3472/4996/3472 3469/4993/3469 3452/4976/3452
f 3325/4820/3325 3466/4990/3466 3473/4997/3473
f 3475/4999/3475 3429/4951/3429 3404/4924/3404
f 3408/4928/3408 3476/5000/3476 3475/4999/3475
f 3462/4986/3462 3474/4998/3474 3463/4987/3463
f 3464/4988/3464 3483/5007/3483 3447/4971/3447
f 3481/5005/3481 3475/4999/3475 3477/5001/3477
f 3276/4760/3276 3477/5001/3477 3288/4773/3288
f 3464/4988/3464 3479/5003/3479 3476/5000/3476
f 3475/4999/3475 3481/5005/3481 3429/4951/3429
f 3479/5003/3479 3288/4773/3288 3477/5001/3477
f 3463/4987/3463 3454/4978/3454 3480/5004/3480
f 3471/4995/3471 3483/5007/3483 3454/4978/3454
f 3390/4910/3390 3404/4924/3404 3429/4951/3429
f 3468/4992/3468 3325/4820/3325 3470/4994/3470
f 3460/4984/3460 3455/4979/3455 3476/5000/3476
f 3470/4994/3470 3452/4976/3452 3469/4993/3469
f 3469/4993/3469 3458/4982/3458 3457/4981/3457
f 3464/4988/3464 3265/4749/3265 3479/5003/3479
f 3288/4773/3288 3479/5003/3479 3289/4774/3289
f 3481/5005/3481 3276/4760/3276 3429/4951/3429
f 3484/5008/3484 3340/4840/3340 3246/4727/3246
f 3373/4891/3373 3246/4727/3246 3340/4840/3340
f 2471/4850/2471 3358/4867/3358 3348/4851/3348
f 3350/4855/3350 3292/4778/3292 3342/4842/3342
f 3413/4969/3413 3485/5009/3485 3486/5010/3486
f 3487/5011/3487 3488/5012/3488 3486/5010/3486
f 3489/5013/3489 3490/5014/3490 3491/5015/3491
f 3491/5015/3491 1775/5016/1775 1773/5017/1773
f 3489/5013/3489 3491/5015/3491 3492/5018/3492
f 3490/5014/3490 3489/5013/3489 3487/5011/3487
f 3490/5014/3490 1775/5016/1775 3491/5015/3491
f 3487/5011/3487 3489/5013/3489 3488/5012/3488
f 3486/5010/3486 3485/5009/3485 3487/5011/3487
f 3488/5012/3488 3489/5013/3489 3492/5018/3492
f 1774/5019/1774 3492/5018/3492 1773/5017/1773
f 3491/5015/3491 1773/5017/1773 3492/5018/3492
f 3340/4840/3340 3419/4939/3419 3341/4841/3341
f 3370/4888/3370 3312/4807/3312 3493/5020/3493
f 3425/4946/3425 3494/5021/3494 3424/4945/3424
f 3294/4780/3294 3293/4779/3293 3495/5022/3495
f 3294/4780/3294 2201/5023/2201 2200/4941/2200
f 1775/5016/1775 3496/5024/3496 3497/5025/3497
f 3246/4727/3246 3447/4971/3447 3484/5008/3484
f 3448/4972/3448 3442/4965/3442 3443/4966/3443
f 3424/4945/3424 3293/4779/3293 3313/4808/3313
f 3485/5009/3485 3374/4892/3374 3498/5026/3498
f 3314/4809/3314 3360/4870/3360 3493/5020/3493
f 3360/4870/3360 3341/4841/3341 3493/5020/3493
f 3499/5027/3499 3264/4748/3264 3442/4965/3442
f 3500/5028/3500 3490/5014/3490 3501/5029/3501
f 2209/5030/2209 3422/4943/3422 3421/4942/3421
f 3502/5031/3502 3495/5022/3495 3293/4779/3293
f 3503/5032/3503 3419/4939/3419 3340/4840/3340
f 2215/5033/2215 2201/5023/2201 3294/4780/3294
f 3503/5032/3503 3340/4840/3340 3484/5008/3484
f 3419/4939/3419 3493/5020/3493 3341/4841/3341
f 3504/5034/3504 1776/5035/1776 3505/5036/3505
f 3506/5037/3506 3507/5038/3507 3508/5039/3508
f 3509/5040/3509 3318/4813/3318 3304/4796/3304
f 3447/4971/3447 3483/5007/3483 3484/5008/3484
f 3510/5041/3510 1778/5042/1778 1809/5043/1809
f 3511/5044/3511 3304/4796/3304 3512/5045/3512
f 1778/5042/1778 3510/5041/3510 1776/5035/1776
f 3493/5020/3493 3312/4807/3312 3314/4809/3314
f 1776/5035/1776 3504/5034/3504 1781/4806/1781
f 3501/5029/3501 3498/5026/3498 3513/5046/3513
f 3425/4946/3425 3313/4808/3313 3312/4807/3312
f 3510/5041/3510 3507/5038/3507 3514/5047/3514
f 3505/5036/3505 3514/5047/3514 3315/4810/3315
f 3515/5048/3515 2218/5049/2218 3516/5050/3516
f 3514/5047/3514 3505/5036/3505 1776/5035/1776
f 3474/4998/3474 3419/4939/3419 3503/5032/3503
f 3509/5040/3509 3304/4796/3304 3511/5044/3511
f 3512/5045/3512 3315/4810/3315 3514/5047/3514
f 3516/5050/3516 3495/5022/3495 3502/5031/3502
f 3495/5022/3495 3517/5051/3517 2215/5033/2215
f 3315/4810/3315 3512/5045/3512 3308/4800/3308
f 3507/5038/3507 3518/5052/3518 3514/5047/3514
f 3308/4800/3308 3512/5045/3512 3304/4796/3304
f 3310/4804/3310 1781/4806/1781 3504/5034/3504
f 3510/5041/3510 3514/5047/3514 1776/5035/1776
f 3368/4885/3368 2502/4884/2502 2501/4895/2501
f 3519/5053/3519 3512/5045/3512 3514/5047/3514
f 3315/4810/3315 3316/4811/3316 3505/5036/3505
f 3519/5053/3519 3514/5047/3514 3518/5052/3518
f 3519/5053/3519 3511/5044/3511 3512/5045/3512
f 3316/4811/3316 3504/5034/3504 3505/5036/3505
f 3374/4892/3374 3413/4969/3413 3352/4857/3352
f 3504/5034/3504 3316/4811/3316 3310/4804/3310
f 3423/4944/3423 3422/4943/3422 3515/5048/3515
f 3351/4856/3351 3520/5054/3520 3521/5055/3521
f 3484/5008/3484 3471/4995/3471 3503/5032/3503
f 3493/5020/3493 3419/4939/3419 3371/4889/3371
f 3500/5028/3500 3513/5046/3513 3522/5056/3522
f 3523/5057/3523 3524/5058/3524 3525/5059/3525
f 3471/4995/3471 3484/5008/3484 3483/5007/3483
f 3498/5026/3498 3501/5029/3501 3487/5011/3487
f 3425/4946/3425 3312/4807/3312 3352/4857/3352
f 3502/5031/3502 3424/4945/3424 3494/5021/3494
f 3517/5051/3517 3495/5022/3495 3516/5050/3516
f 3502/5031/3502 3494/5021/3494 3516/5050/3516
f 3517/5051/3517 2213/5060/2213 2215/5033/2215
f 3471/4995/3471 3474/4998/3474 3503/5032/3503
f 3420/4940/3420 3419/4939/3419 3474/4998/3474
f 3371/4889/3371 3370/4888/3370 3493/5020/3493
f 3526/5061/3526 1813/5062/1813 3497/5025/3497
f 3425/4946/3425 3352/4857/3352 3446/4970/3446
f 3527/5063/3527 3444/4967/3444 3372/4890/3372
f 3526/5061/3526 1809/5043/1809 1813/5062/1813
f 3446/4970/3446 3494/5021/3494 3425/4946/3425
f 3527/5063/3527 3372/4890/3372 3453/4977/3453
f 3516/5050/3516 2218/5049/2218 3517/5051/3517
f 2501/4895/2501 3375/4894/3375 3448/4972/3448
f 2218/5049/2218 2213/5060/2213 3517/5051/3517
f 3350/4855/3350 3313/4808/3313 3292/4778/3292
f 3444/4967/3444 3520/5054/3520 3370/4888/3370
f 3515/5048/3515 3494/5021/3494 3446/4970/3446
f 3378/4898/3378 3528/5064/3528 3529/5065/3529
f 3528/5064/3528 3513/5046/3513 3498/5026/3498
f 3421/4942/3421 3423/4944/3423 3411/5066/3411
f 3525/5059/3525 3520/5054/3520 3444/4967/3444
f 3529/5065/3529 3521/5055/3521 3524/5058/3524
f 3423/4944/3423 3446/4970/3446 3413/4969/3413
f 3446/4970/3446 3423/4944/3423 3515/5048/3515
f 3496/5024/3496 1775/5016/1775 3490/5014/3490
f 3422/4943/3422 2218/5049/2218 3515/5048/3515
f 2218/5049/2218 3422/4943/3422 2216/5067/2216
f 3515/5048/3515 3516/5050/3516 3494/5021/3494
f 3521/5055/3521 3374/4892/3374 3351/4856/3351
f 3375/4894/3375 3499/5027/3499 3448/4972/3448
f 3525/5059/3525 3444/4967/3444 3527/5063/3527
f 3313/4808/3313 3293/4779/3293 3292/4778/3292
f 3525/5059/3525 3521/5055/3521 3520/5054/3520
f 3312/4807/3312 3370/4888/3370 3520/5054/3520
f 3312/4807/3312 3520/5054/3520 3351/4856/3351
f 3422/4943/3422 2207/5068/2207 2216/5067/2216
f 3498/5026/3498 3487/5011/3487 3485/5009/3485
f 3495/5022/3495 2215/5033/2215 3294/4780/3294
f 3374/4892/3374 3528/5064/3528 3498/5026/3498
f 3378/4898/3378 3513/5046/3513 3528/5064/3528
f 3530/5069/3530 3378/4898/3378 3529/5065/3529
f 3411/5066/3411 2209/5030/2209 3421/4942/3421
f 3530/5069/3530 3523/5057/3523 3378/4898/3378
f 3376/4896/3376 3523/5057/3523 3318/4813/3318
f 3487/5011/3487 3501/5029/3501 3490/5014/3490
f 3513/5046/3513 3378/4898/3378 3531/5070/3531
f 3378/4898/3378 3523/5057/3523 3376/4896/3376
f 3509/5040/3509 3376/4896/3376 3318/4813/3318
f 3501/5029/3501 3513/5046/3513 3500/5028/3500
f 3531/5070/3531 3378/4898/3378 3377/4897/3377
f 3513/5046/3513 3531/5070/3531 3532/5071/3532
f 3377/4897/3377 3376/4896/3376 3509/5040/3509
f 3490/5014/3490 3500/5028/3500 3496/5024/3496
f 3531/5070/3531 3377/4897/3377 3532/5071/3532
f 3533/5072/3533 3519/5053/3519 3518/5052/3518
f 3534/5073/3534 3513/5046/3513 3532/5071/3532
f 3511/5044/3511 3377/4897/3377 3509/5040/3509
f 3513/5046/3513 3534/5073/3534 3522/5056/3522
f 3511/5044/3511 3532/5071/3532 3377/4897/3377
f 3532/5071/3532 3519/5053/3519 3534/5073/3534
f 3496/5024/3496 3522/5056/3522 3506/5037/3506
f 3535/5074/3535 3522/5056/3522 3534/5073/3534
f 3534/5073/3534 3519/5053/3519 3533/5072/3533
f 3522/5056/3522 3535/5074/3535 3506/5037/3506
f 3506/5037/3506 3497/5025/3497 3496/5024/3496
f 3534/5073/3534 3533/5072/3533 3535/5074/3535
f 3507/5038/3507 3506/5037/3506 3535/5074/3535
f 3508/5039/3508 3497/5025/3497 3506/5037/3506
f 3533/5072/3533 3518/5052/3518 3535/5074/3535
f 1813/5062/1813 1767/5075/1767 3497/5025/3497
f 3518/5052/3518 3507/5038/3507 3535/5074/3535
f 3508/5039/3508 3526/5061/3526 3497/5025/3497
f 3508/5039/3508 3510/5041/3510 3526/5061/3526
f 3511/5044/3511 3519/5053/3519 3532/5071/3532
f 3527/5063/3527 3324/4819/3324 3523/5057/3523
f 1809/5043/1809 3526/5061/3526 3510/5041/3510
f 3499/5027/3499 3442/4965/3442 3448/4972/3448
f 3250/4731/3250 3275/4759/3275 3499/5027/3499
f 3527/5063/3527 3453/4977/3453 3324/4819/3324
f 3375/4894/3375 3445/4968/3445 3250/4731/3250
f 3502/5031/3502 3293/4779/3293 3424/4945/3424
f 2489/4893/2489 2488/5076/2488 3445/4968/3445
f 2209/5030/2209 2207/5068/2207 3422/4943/3422
f 3496/5024/3496 3500/5028/3500 3522/5056/3522
f 3368/4885/3368 3443/4966/3443 3342/4842/3342
f 3250/4731/3250 3499/5027/3499 3375/4894/3375
f 3275/4759/3275 3264/4748/3264 3499/5027/3499
f 3521/5055/3521 3529/5065/3529 3374/4892/3374
f 3524/5058/3524 3521/5055/3521 3525/5059/3525
f 3523/5057/3523 3324/4819/3324 3318/4813/3318
f 2514/5077/2514 3368/4885/3368 3358/4867/3358
f 2507/4886/2507 3368/4885/3368 2514/5077/2514
f 3523/5057/3523 3525/5059/3525 3527/5063/3527
f 2471/4850/2471 2514/5077/2514 3358/4867/3358
f 3524/5058/3524 3523/5057/3523 3530/5069/3530
f 3262/4744/3262 2445/4836/2445 2444/5078/2444
f 2444/5078/2444 2464/4746/2464 3262/4744/3262
f 3342/4842/3342 3443/4966/3443 3244/4725/3244
f 3497/5025/3497 1767/5075/1767 1775/5016/1775
f 2464/4746/2464 3263/4745/3263 3262/4744/3262
f 3359/4868/3359 3368/4885/3368 3342/4842/3342
f 3348/4851/3348 2200/4941/2200 2202/5079/2202
f 3250/4731/3250 3445/4968/3445 2488/5076/2488
f 3265/4749/3265 3447/4971/3447 3245/4726/3245
f 3374/4892/3374 3485/5009/3485 3413/4969/3413
f 3528/5064/3528 3374/4892/3374 3529/5065/3529
f 3536/5080/3536 3411/4931/3411 3410/4930/3410
f 3439/4961/3439 1905/5081/1905 3536/5080/3536
f 1905/5082/1905 2209/5030/2209 3411/5066/3411
f 1906/5083/1906 1905/5081/1905 3439/4961/3439
f 3411/4931/3411 3536/5080/3536 1905/5081/1905
f 3439/4961/3439 3536/5080/3536 3410/4930/3410
f 1789/5084/1789 3492/5018/3492 1774/5019/1774
f 3488/5012/3488 3492/5018/3492 3537/5085/3537
f 3486/5010/3486 3488/5012/3488 3538/5086/3538
f 3492/5018/3492 1789/5084/1789 3537/5085/3537
f 3488/5012/3488 1789/5084/1789 3538/5086/3538
f 1789/5084/1789 3488/5012/3488 3537/5085/3537
f 1906/5083/1906 3439/4961/3439 1919/4964/1919
f 2472/4852/2472 3348/4851/3348 2202/5079/2202
f 3344/4844/3344 3364/4878/3364 3251/4732/3251
f 3368/4885/3368 3359/4868/3359 3358/4867/3358
f 3256/4737/3256 3258/4739/3258 3329/4824/3329
f 3508/5039/3508 3507/5038/3507 3510/5041/3510
f 3331/4827/3331 3346/4848/3346 3332/4828/3332
f 3263/4745/3263 3247/4728/3247 3249/4730/3249
f 3530/5069/3530 3529/5065/3529 3524/5058/3524
f 3244/4725/3244 3442/4965/3442 3245/4726/3245
f 3354/4861/3354 3296/4782/3296 2510/4794/2510
f 3359/4868/3359 3292/4778/3292 3294/4780/3294
f 3354/4861/3354 2510/4794/2510 2516/4862/2516
f 3247/4728/3247 3256/4737/3256 3344/4844/3344
f 3261/4743/3261 3260/4741/3260 3349/4853/3349
f 3348/4851/3348 3359/4868/3359 2200/4941/2200
f 3344/4844/3344 3346/4848/3346 3331/4827/3331
f 3289/4774/3289 3265/4749/3265 3272/4756/3272
f 3289/4774/3289 3272/4756/3272 3271/4755/3271
f 3342/4842/3342 3373/4891/3373 3340/4840/3340
f 3275/4759/3275 3273/4757/3273 3272/4756/3272
f 3354/4861/3354 2445/4836/2445 3253/4734/3253
f 3261/4743/3261 3349/4853/3349 3332/4828/3332
f 3251/4732/3251 3248/4729/3248 3344/4844/3344
f 3256/4737/3256 3346/4848/3346 3344/4844/3344
f 3273/4757/3273 3275/4759/3275 3243/4724/3243
f 3255/4736/3255 3260/4741/3260 3261/4743/3261
f 2458/4765/2458 3250/4731/3250 2488/5076/2488
f 3271/4755/3271 3273/4757/3273 3243/4724/3243
f 3539/5087/3539 3302/4793/3302 3540/5088/3540
f 3298/4789/3298 3539/5087/3539 3317/4812/3317
f 3298/4789/3298 3302/4793/3302 3539/5087/3539
f 3539/5087/3539 3538/5089/3538 1789/5090/1789
f 1815/5091/1815 2693/4803/2693 3317/4812/3317
f 3317/4812/3317 3539/5087/3539 1789/5090/1789
f 3317/4812/3317 1789/5090/1789 1815/5091/1815
f 3538/5089/3538 3539/5087/3539 3486/5092/3486
f 3540/5088/3540 3486/5092/3486 3539/5087/3539
f 3540/5088/3540 3302/4793/3302 3413/4933/3413
f 3540/5088/3540 3413/4933/3413 3486/5092/3486
f 2039/4869/2039 3260/4741/3260 2076/4873/2076
s off